"prolific_pid","time_observed","question_observed","success_observed","question_evaluated","success_evaluated"
"66293da691cec8862619b1dc","SlowFast","2_1",1,"1_1",1
"66293da691cec8862619b1dc","SlowFast","2_1",1,"1_2",1
"66293da691cec8862619b1dc","SlowFast","2_1",1,"1_3",1
"66293da691cec8862619b1dc","SlowFast","2_1",1,"1_4",0
"66293da691cec8862619b1dc","SlowFast","2_1",1,"1_5",0
"66293da691cec8862619b1dc","SlowFast","2_2",1,"1_1",1
"66293da691cec8862619b1dc","SlowFast","2_2",1,"1_2",1
"66293da691cec8862619b1dc","SlowFast","2_2",1,"1_3",1
"66293da691cec8862619b1dc","SlowFast","2_2",1,"1_4",0
"66293da691cec8862619b1dc","SlowFast","2_2",1,"1_5",0
"66293da691cec8862619b1dc","SlowFast","2_3",1,"1_1",1
"66293da691cec8862619b1dc","SlowFast","2_3",1,"1_2",1
"66293da691cec8862619b1dc","SlowFast","2_3",1,"1_3",1
"66293da691cec8862619b1dc","SlowFast","2_3",1,"1_4",0
"66293da691cec8862619b1dc","SlowFast","2_3",1,"1_5",0
"66293da691cec8862619b1dc","SlowFast","2_4",0,"1_1",1
"66293da691cec8862619b1dc","SlowFast","2_4",0,"1_2",1
"66293da691cec8862619b1dc","SlowFast","2_4",0,"1_3",1
"66293da691cec8862619b1dc","SlowFast","2_4",0,"1_4",0
"66293da691cec8862619b1dc","SlowFast","2_4",0,"1_5",0
"66293da691cec8862619b1dc","SlowFast","2_5",0,"1_1",1
"66293da691cec8862619b1dc","SlowFast","2_5",0,"1_2",1
"66293da691cec8862619b1dc","SlowFast","2_5",0,"1_3",1
"66293da691cec8862619b1dc","SlowFast","2_5",0,"1_4",0
"66293da691cec8862619b1dc","SlowFast","2_5",0,"1_5",0
"6537fbfa80bf977dd6954d58","SlowFast","2_1",1,"1_1",1
"6537fbfa80bf977dd6954d58","SlowFast","2_1",1,"1_2",0
"6537fbfa80bf977dd6954d58","SlowFast","2_1",1,"1_3",0
"6537fbfa80bf977dd6954d58","SlowFast","2_1",1,"1_4",0
"6537fbfa80bf977dd6954d58","SlowFast","2_1",1,"1_5",0
"6537fbfa80bf977dd6954d58","SlowFast","2_2",0,"1_1",1
"6537fbfa80bf977dd6954d58","SlowFast","2_2",0,"1_2",0
"6537fbfa80bf977dd6954d58","SlowFast","2_2",0,"1_3",0
"6537fbfa80bf977dd6954d58","SlowFast","2_2",0,"1_4",0
"6537fbfa80bf977dd6954d58","SlowFast","2_2",0,"1_5",0
"6537fbfa80bf977dd6954d58","SlowFast","2_3",0,"1_1",1
"6537fbfa80bf977dd6954d58","SlowFast","2_3",0,"1_2",0
"6537fbfa80bf977dd6954d58","SlowFast","2_3",0,"1_3",0
"6537fbfa80bf977dd6954d58","SlowFast","2_3",0,"1_4",0
"6537fbfa80bf977dd6954d58","SlowFast","2_3",0,"1_5",0
"6537fbfa80bf977dd6954d58","SlowFast","2_4",0,"1_1",1
"6537fbfa80bf977dd6954d58","SlowFast","2_4",0,"1_2",0
"6537fbfa80bf977dd6954d58","SlowFast","2_4",0,"1_3",0
"6537fbfa80bf977dd6954d58","SlowFast","2_4",0,"1_4",0
"6537fbfa80bf977dd6954d58","SlowFast","2_4",0,"1_5",0
"6537fbfa80bf977dd6954d58","SlowFast","2_5",0,"1_1",1
"6537fbfa80bf977dd6954d58","SlowFast","2_5",0,"1_2",0
"6537fbfa80bf977dd6954d58","SlowFast","2_5",0,"1_3",0
"6537fbfa80bf977dd6954d58","SlowFast","2_5",0,"1_4",0
"6537fbfa80bf977dd6954d58","SlowFast","2_5",0,"1_5",0
"67816ff917d513a66eaadd01","SlowFast","2_1",1,"1_1",1
"67816ff917d513a66eaadd01","SlowFast","2_1",1,"1_2",0
"67816ff917d513a66eaadd01","SlowFast","2_1",1,"1_3",1
"67816ff917d513a66eaadd01","SlowFast","2_1",1,"1_4",0
"67816ff917d513a66eaadd01","SlowFast","2_1",1,"1_5",0
"67816ff917d513a66eaadd01","SlowFast","2_2",0,"1_1",1
"67816ff917d513a66eaadd01","SlowFast","2_2",0,"1_2",0
"67816ff917d513a66eaadd01","SlowFast","2_2",0,"1_3",1
"67816ff917d513a66eaadd01","SlowFast","2_2",0,"1_4",0
"67816ff917d513a66eaadd01","SlowFast","2_2",0,"1_5",0
"67816ff917d513a66eaadd01","SlowFast","2_3",1,"1_1",1
"67816ff917d513a66eaadd01","SlowFast","2_3",1,"1_2",0
"67816ff917d513a66eaadd01","SlowFast","2_3",1,"1_3",1
"67816ff917d513a66eaadd01","SlowFast","2_3",1,"1_4",0
"67816ff917d513a66eaadd01","SlowFast","2_3",1,"1_5",0
"67816ff917d513a66eaadd01","SlowFast","2_4",0,"1_1",1
"67816ff917d513a66eaadd01","SlowFast","2_4",0,"1_2",0
"67816ff917d513a66eaadd01","SlowFast","2_4",0,"1_3",1
"67816ff917d513a66eaadd01","SlowFast","2_4",0,"1_4",0
"67816ff917d513a66eaadd01","SlowFast","2_4",0,"1_5",0
"67816ff917d513a66eaadd01","SlowFast","2_5",0,"1_1",1
"67816ff917d513a66eaadd01","SlowFast","2_5",0,"1_2",0
"67816ff917d513a66eaadd01","SlowFast","2_5",0,"1_3",1
"67816ff917d513a66eaadd01","SlowFast","2_5",0,"1_4",0
"67816ff917d513a66eaadd01","SlowFast","2_5",0,"1_5",0
"67d1f6824f74bd16996512c0","FastSlow","2_1",1,"1_1",0
"67d1f6824f74bd16996512c0","FastSlow","2_1",1,"1_2",1
"67d1f6824f74bd16996512c0","FastSlow","2_1",1,"1_3",0
"67d1f6824f74bd16996512c0","FastSlow","2_1",1,"1_4",0
"67d1f6824f74bd16996512c0","FastSlow","2_1",1,"1_5",0
"67d1f6824f74bd16996512c0","FastSlow","2_2",0,"1_1",0
"67d1f6824f74bd16996512c0","FastSlow","2_2",0,"1_2",1
"67d1f6824f74bd16996512c0","FastSlow","2_2",0,"1_3",0
"67d1f6824f74bd16996512c0","FastSlow","2_2",0,"1_4",0
"67d1f6824f74bd16996512c0","FastSlow","2_2",0,"1_5",0
"67d1f6824f74bd16996512c0","FastSlow","2_3",0,"1_1",0
"67d1f6824f74bd16996512c0","FastSlow","2_3",0,"1_2",1
"67d1f6824f74bd16996512c0","FastSlow","2_3",0,"1_3",0
"67d1f6824f74bd16996512c0","FastSlow","2_3",0,"1_4",0
"67d1f6824f74bd16996512c0","FastSlow","2_3",0,"1_5",0
"67d1f6824f74bd16996512c0","FastSlow","2_4",0,"1_1",0
"67d1f6824f74bd16996512c0","FastSlow","2_4",0,"1_2",1
"67d1f6824f74bd16996512c0","FastSlow","2_4",0,"1_3",0
"67d1f6824f74bd16996512c0","FastSlow","2_4",0,"1_4",0
"67d1f6824f74bd16996512c0","FastSlow","2_4",0,"1_5",0
"67d1f6824f74bd16996512c0","FastSlow","2_5",0,"1_1",0
"67d1f6824f74bd16996512c0","FastSlow","2_5",0,"1_2",1
"67d1f6824f74bd16996512c0","FastSlow","2_5",0,"1_3",0
"67d1f6824f74bd16996512c0","FastSlow","2_5",0,"1_4",0
"67d1f6824f74bd16996512c0","FastSlow","2_5",0,"1_5",0
"66ad1e08076381b48ffb7d79","SlowFast","2_1",0,"1_1",1
"66ad1e08076381b48ffb7d79","SlowFast","2_1",0,"1_2",0
"66ad1e08076381b48ffb7d79","SlowFast","2_1",0,"1_3",0
"66ad1e08076381b48ffb7d79","SlowFast","2_1",0,"1_4",0
"66ad1e08076381b48ffb7d79","SlowFast","2_1",0,"1_5",0
"66ad1e08076381b48ffb7d79","SlowFast","2_2",0,"1_1",1
"66ad1e08076381b48ffb7d79","SlowFast","2_2",0,"1_2",0
"66ad1e08076381b48ffb7d79","SlowFast","2_2",0,"1_3",0
"66ad1e08076381b48ffb7d79","SlowFast","2_2",0,"1_4",0
"66ad1e08076381b48ffb7d79","SlowFast","2_2",0,"1_5",0
"66ad1e08076381b48ffb7d79","SlowFast","2_3",0,"1_1",1
"66ad1e08076381b48ffb7d79","SlowFast","2_3",0,"1_2",0
"66ad1e08076381b48ffb7d79","SlowFast","2_3",0,"1_3",0
"66ad1e08076381b48ffb7d79","SlowFast","2_3",0,"1_4",0
"66ad1e08076381b48ffb7d79","SlowFast","2_3",0,"1_5",0
"66ad1e08076381b48ffb7d79","SlowFast","2_4",0,"1_1",1
"66ad1e08076381b48ffb7d79","SlowFast","2_4",0,"1_2",0
"66ad1e08076381b48ffb7d79","SlowFast","2_4",0,"1_3",0
"66ad1e08076381b48ffb7d79","SlowFast","2_4",0,"1_4",0
"66ad1e08076381b48ffb7d79","SlowFast","2_4",0,"1_5",0
"66ad1e08076381b48ffb7d79","SlowFast","2_5",0,"1_1",1
"66ad1e08076381b48ffb7d79","SlowFast","2_5",0,"1_2",0
"66ad1e08076381b48ffb7d79","SlowFast","2_5",0,"1_3",0
"66ad1e08076381b48ffb7d79","SlowFast","2_5",0,"1_4",0
"66ad1e08076381b48ffb7d79","SlowFast","2_5",0,"1_5",0
"5aa838354eecca0001de0a20","FastSlow","2_1",0,"1_1",1
"5aa838354eecca0001de0a20","FastSlow","2_1",0,"1_2",0
"5aa838354eecca0001de0a20","FastSlow","2_1",0,"1_3",0
"5aa838354eecca0001de0a20","FastSlow","2_1",0,"1_4",0
"5aa838354eecca0001de0a20","FastSlow","2_1",0,"1_5",0
"5aa838354eecca0001de0a20","FastSlow","2_2",0,"1_1",1
"5aa838354eecca0001de0a20","FastSlow","2_2",0,"1_2",0
"5aa838354eecca0001de0a20","FastSlow","2_2",0,"1_3",0
"5aa838354eecca0001de0a20","FastSlow","2_2",0,"1_4",0
"5aa838354eecca0001de0a20","FastSlow","2_2",0,"1_5",0
"5aa838354eecca0001de0a20","FastSlow","2_3",0,"1_1",1
"5aa838354eecca0001de0a20","FastSlow","2_3",0,"1_2",0
"5aa838354eecca0001de0a20","FastSlow","2_3",0,"1_3",0
"5aa838354eecca0001de0a20","FastSlow","2_3",0,"1_4",0
"5aa838354eecca0001de0a20","FastSlow","2_3",0,"1_5",0
"5aa838354eecca0001de0a20","FastSlow","2_4",0,"1_1",1
"5aa838354eecca0001de0a20","FastSlow","2_4",0,"1_2",0
"5aa838354eecca0001de0a20","FastSlow","2_4",0,"1_3",0
"5aa838354eecca0001de0a20","FastSlow","2_4",0,"1_4",0
"5aa838354eecca0001de0a20","FastSlow","2_4",0,"1_5",0
"5aa838354eecca0001de0a20","FastSlow","2_5",0,"1_1",1
"5aa838354eecca0001de0a20","FastSlow","2_5",0,"1_2",0
"5aa838354eecca0001de0a20","FastSlow","2_5",0,"1_3",0
"5aa838354eecca0001de0a20","FastSlow","2_5",0,"1_4",0
"5aa838354eecca0001de0a20","FastSlow","2_5",0,"1_5",0
"661c5d9450ded976adbd5b24","SlowFast","2_1",1,"1_1",0
"661c5d9450ded976adbd5b24","SlowFast","2_1",1,"1_2",0
"661c5d9450ded976adbd5b24","SlowFast","2_1",1,"1_3",1
"661c5d9450ded976adbd5b24","SlowFast","2_1",1,"1_4",1
"661c5d9450ded976adbd5b24","SlowFast","2_1",1,"1_5",0
"661c5d9450ded976adbd5b24","SlowFast","2_2",1,"1_1",0
"661c5d9450ded976adbd5b24","SlowFast","2_2",1,"1_2",0
"661c5d9450ded976adbd5b24","SlowFast","2_2",1,"1_3",1
"661c5d9450ded976adbd5b24","SlowFast","2_2",1,"1_4",1
"661c5d9450ded976adbd5b24","SlowFast","2_2",1,"1_5",0
"661c5d9450ded976adbd5b24","SlowFast","2_3",1,"1_1",0
"661c5d9450ded976adbd5b24","SlowFast","2_3",1,"1_2",0
"661c5d9450ded976adbd5b24","SlowFast","2_3",1,"1_3",1
"661c5d9450ded976adbd5b24","SlowFast","2_3",1,"1_4",1
"661c5d9450ded976adbd5b24","SlowFast","2_3",1,"1_5",0
"661c5d9450ded976adbd5b24","SlowFast","2_4",1,"1_1",0
"661c5d9450ded976adbd5b24","SlowFast","2_4",1,"1_2",0
"661c5d9450ded976adbd5b24","SlowFast","2_4",1,"1_3",1
"661c5d9450ded976adbd5b24","SlowFast","2_4",1,"1_4",1
"661c5d9450ded976adbd5b24","SlowFast","2_4",1,"1_5",0
"661c5d9450ded976adbd5b24","SlowFast","2_5",0,"1_1",0
"661c5d9450ded976adbd5b24","SlowFast","2_5",0,"1_2",0
"661c5d9450ded976adbd5b24","SlowFast","2_5",0,"1_3",1
"661c5d9450ded976adbd5b24","SlowFast","2_5",0,"1_4",1
"661c5d9450ded976adbd5b24","SlowFast","2_5",0,"1_5",0
"5b7df1f09fcd3c00011904a4","FastSlow","2_1",0,"1_1",1
"5b7df1f09fcd3c00011904a4","FastSlow","2_1",0,"1_2",1
"5b7df1f09fcd3c00011904a4","FastSlow","2_1",0,"1_3",0
"5b7df1f09fcd3c00011904a4","FastSlow","2_1",0,"1_4",0
"5b7df1f09fcd3c00011904a4","FastSlow","2_1",0,"1_5",0
"5b7df1f09fcd3c00011904a4","FastSlow","2_2",1,"1_1",1
"5b7df1f09fcd3c00011904a4","FastSlow","2_2",1,"1_2",1
"5b7df1f09fcd3c00011904a4","FastSlow","2_2",1,"1_3",0
"5b7df1f09fcd3c00011904a4","FastSlow","2_2",1,"1_4",0
"5b7df1f09fcd3c00011904a4","FastSlow","2_2",1,"1_5",0
"5b7df1f09fcd3c00011904a4","FastSlow","2_3",0,"1_1",1
"5b7df1f09fcd3c00011904a4","FastSlow","2_3",0,"1_2",1
"5b7df1f09fcd3c00011904a4","FastSlow","2_3",0,"1_3",0
"5b7df1f09fcd3c00011904a4","FastSlow","2_3",0,"1_4",0
"5b7df1f09fcd3c00011904a4","FastSlow","2_3",0,"1_5",0
"5b7df1f09fcd3c00011904a4","FastSlow","2_4",0,"1_1",1
"5b7df1f09fcd3c00011904a4","FastSlow","2_4",0,"1_2",1
"5b7df1f09fcd3c00011904a4","FastSlow","2_4",0,"1_3",0
"5b7df1f09fcd3c00011904a4","FastSlow","2_4",0,"1_4",0
"5b7df1f09fcd3c00011904a4","FastSlow","2_4",0,"1_5",0
"5b7df1f09fcd3c00011904a4","FastSlow","2_5",0,"1_1",1
"5b7df1f09fcd3c00011904a4","FastSlow","2_5",0,"1_2",1
"5b7df1f09fcd3c00011904a4","FastSlow","2_5",0,"1_3",0
"5b7df1f09fcd3c00011904a4","FastSlow","2_5",0,"1_4",0
"5b7df1f09fcd3c00011904a4","FastSlow","2_5",0,"1_5",0
"6672d841976c5e0961cc8883","SlowFast","2_1",1,"1_1",1
"6672d841976c5e0961cc8883","SlowFast","2_1",1,"1_2",1
"6672d841976c5e0961cc8883","SlowFast","2_1",1,"1_3",0
"6672d841976c5e0961cc8883","SlowFast","2_1",1,"1_4",1
"6672d841976c5e0961cc8883","SlowFast","2_1",1,"1_5",0
"6672d841976c5e0961cc8883","SlowFast","2_2",1,"1_1",1
"6672d841976c5e0961cc8883","SlowFast","2_2",1,"1_2",1
"6672d841976c5e0961cc8883","SlowFast","2_2",1,"1_3",0
"6672d841976c5e0961cc8883","SlowFast","2_2",1,"1_4",1
"6672d841976c5e0961cc8883","SlowFast","2_2",1,"1_5",0
"6672d841976c5e0961cc8883","SlowFast","2_3",1,"1_1",1
"6672d841976c5e0961cc8883","SlowFast","2_3",1,"1_2",1
"6672d841976c5e0961cc8883","SlowFast","2_3",1,"1_3",0
"6672d841976c5e0961cc8883","SlowFast","2_3",1,"1_4",1
"6672d841976c5e0961cc8883","SlowFast","2_3",1,"1_5",0
"6672d841976c5e0961cc8883","SlowFast","2_4",1,"1_1",1
"6672d841976c5e0961cc8883","SlowFast","2_4",1,"1_2",1
"6672d841976c5e0961cc8883","SlowFast","2_4",1,"1_3",0
"6672d841976c5e0961cc8883","SlowFast","2_4",1,"1_4",1
"6672d841976c5e0961cc8883","SlowFast","2_4",1,"1_5",0
"6672d841976c5e0961cc8883","SlowFast","2_5",1,"1_1",1
"6672d841976c5e0961cc8883","SlowFast","2_5",1,"1_2",1
"6672d841976c5e0961cc8883","SlowFast","2_5",1,"1_3",0
"6672d841976c5e0961cc8883","SlowFast","2_5",1,"1_4",1
"6672d841976c5e0961cc8883","SlowFast","2_5",1,"1_5",0
"6782b152b9f7ae9d753eebea","SlowFast","2_1",1,"1_1",1
"6782b152b9f7ae9d753eebea","SlowFast","2_1",1,"1_2",0
"6782b152b9f7ae9d753eebea","SlowFast","2_1",1,"1_3",1
"6782b152b9f7ae9d753eebea","SlowFast","2_1",1,"1_4",0
"6782b152b9f7ae9d753eebea","SlowFast","2_1",1,"1_5",0
"6782b152b9f7ae9d753eebea","SlowFast","2_2",0,"1_1",1
"6782b152b9f7ae9d753eebea","SlowFast","2_2",0,"1_2",0
"6782b152b9f7ae9d753eebea","SlowFast","2_2",0,"1_3",1
"6782b152b9f7ae9d753eebea","SlowFast","2_2",0,"1_4",0
"6782b152b9f7ae9d753eebea","SlowFast","2_2",0,"1_5",0
"6782b152b9f7ae9d753eebea","SlowFast","2_3",1,"1_1",1
"6782b152b9f7ae9d753eebea","SlowFast","2_3",1,"1_2",0
"6782b152b9f7ae9d753eebea","SlowFast","2_3",1,"1_3",1
"6782b152b9f7ae9d753eebea","SlowFast","2_3",1,"1_4",0
"6782b152b9f7ae9d753eebea","SlowFast","2_3",1,"1_5",0
"6782b152b9f7ae9d753eebea","SlowFast","2_4",1,"1_1",1
"6782b152b9f7ae9d753eebea","SlowFast","2_4",1,"1_2",0
"6782b152b9f7ae9d753eebea","SlowFast","2_4",1,"1_3",1
"6782b152b9f7ae9d753eebea","SlowFast","2_4",1,"1_4",0
"6782b152b9f7ae9d753eebea","SlowFast","2_4",1,"1_5",0
"6782b152b9f7ae9d753eebea","SlowFast","2_5",0,"1_1",1
"6782b152b9f7ae9d753eebea","SlowFast","2_5",0,"1_2",0
"6782b152b9f7ae9d753eebea","SlowFast","2_5",0,"1_3",1
"6782b152b9f7ae9d753eebea","SlowFast","2_5",0,"1_4",0
"6782b152b9f7ae9d753eebea","SlowFast","2_5",0,"1_5",0
"654180b5d949b32a76c3b5fe","SlowFast","2_1",1,"1_1",1
"654180b5d949b32a76c3b5fe","SlowFast","2_1",1,"1_2",1
"654180b5d949b32a76c3b5fe","SlowFast","2_1",1,"1_3",1
"654180b5d949b32a76c3b5fe","SlowFast","2_1",1,"1_4",0
"654180b5d949b32a76c3b5fe","SlowFast","2_1",1,"1_5",0
"654180b5d949b32a76c3b5fe","SlowFast","2_2",1,"1_1",1
"654180b5d949b32a76c3b5fe","SlowFast","2_2",1,"1_2",1
"654180b5d949b32a76c3b5fe","SlowFast","2_2",1,"1_3",1
"654180b5d949b32a76c3b5fe","SlowFast","2_2",1,"1_4",0
"654180b5d949b32a76c3b5fe","SlowFast","2_2",1,"1_5",0
"654180b5d949b32a76c3b5fe","SlowFast","2_3",0,"1_1",1
"654180b5d949b32a76c3b5fe","SlowFast","2_3",0,"1_2",1
"654180b5d949b32a76c3b5fe","SlowFast","2_3",0,"1_3",1
"654180b5d949b32a76c3b5fe","SlowFast","2_3",0,"1_4",0
"654180b5d949b32a76c3b5fe","SlowFast","2_3",0,"1_5",0
"654180b5d949b32a76c3b5fe","SlowFast","2_4",0,"1_1",1
"654180b5d949b32a76c3b5fe","SlowFast","2_4",0,"1_2",1
"654180b5d949b32a76c3b5fe","SlowFast","2_4",0,"1_3",1
"654180b5d949b32a76c3b5fe","SlowFast","2_4",0,"1_4",0
"654180b5d949b32a76c3b5fe","SlowFast","2_4",0,"1_5",0
"654180b5d949b32a76c3b5fe","SlowFast","2_5",0,"1_1",1
"654180b5d949b32a76c3b5fe","SlowFast","2_5",0,"1_2",1
"654180b5d949b32a76c3b5fe","SlowFast","2_5",0,"1_3",1
"654180b5d949b32a76c3b5fe","SlowFast","2_5",0,"1_4",0
"654180b5d949b32a76c3b5fe","SlowFast","2_5",0,"1_5",0
"68116e00179b99f42ab53257","SlowFast","2_1",1,"1_1",1
"68116e00179b99f42ab53257","SlowFast","2_1",1,"1_2",1
"68116e00179b99f42ab53257","SlowFast","2_1",1,"1_3",1
"68116e00179b99f42ab53257","SlowFast","2_1",1,"1_4",1
"68116e00179b99f42ab53257","SlowFast","2_1",1,"1_5",0
"68116e00179b99f42ab53257","SlowFast","2_2",1,"1_1",1
"68116e00179b99f42ab53257","SlowFast","2_2",1,"1_2",1
"68116e00179b99f42ab53257","SlowFast","2_2",1,"1_3",1
"68116e00179b99f42ab53257","SlowFast","2_2",1,"1_4",1
"68116e00179b99f42ab53257","SlowFast","2_2",1,"1_5",0
"68116e00179b99f42ab53257","SlowFast","2_3",1,"1_1",1
"68116e00179b99f42ab53257","SlowFast","2_3",1,"1_2",1
"68116e00179b99f42ab53257","SlowFast","2_3",1,"1_3",1
"68116e00179b99f42ab53257","SlowFast","2_3",1,"1_4",1
"68116e00179b99f42ab53257","SlowFast","2_3",1,"1_5",0
"68116e00179b99f42ab53257","SlowFast","2_4",1,"1_1",1
"68116e00179b99f42ab53257","SlowFast","2_4",1,"1_2",1
"68116e00179b99f42ab53257","SlowFast","2_4",1,"1_3",1
"68116e00179b99f42ab53257","SlowFast","2_4",1,"1_4",1
"68116e00179b99f42ab53257","SlowFast","2_4",1,"1_5",0
"68116e00179b99f42ab53257","SlowFast","2_5",0,"1_1",1
"68116e00179b99f42ab53257","SlowFast","2_5",0,"1_2",1
"68116e00179b99f42ab53257","SlowFast","2_5",0,"1_3",1
"68116e00179b99f42ab53257","SlowFast","2_5",0,"1_4",1
"68116e00179b99f42ab53257","SlowFast","2_5",0,"1_5",0
"672a4909b6dfbe6ba024ddeb","FastSlow","2_1",1,"1_1",1
"672a4909b6dfbe6ba024ddeb","FastSlow","2_1",1,"1_2",1
"672a4909b6dfbe6ba024ddeb","FastSlow","2_1",1,"1_3",1
"672a4909b6dfbe6ba024ddeb","FastSlow","2_1",1,"1_4",0
"672a4909b6dfbe6ba024ddeb","FastSlow","2_1",1,"1_5",0
"672a4909b6dfbe6ba024ddeb","FastSlow","2_2",1,"1_1",1
"672a4909b6dfbe6ba024ddeb","FastSlow","2_2",1,"1_2",1
"672a4909b6dfbe6ba024ddeb","FastSlow","2_2",1,"1_3",1
"672a4909b6dfbe6ba024ddeb","FastSlow","2_2",1,"1_4",0
"672a4909b6dfbe6ba024ddeb","FastSlow","2_2",1,"1_5",0
"672a4909b6dfbe6ba024ddeb","FastSlow","2_3",1,"1_1",1
"672a4909b6dfbe6ba024ddeb","FastSlow","2_3",1,"1_2",1
"672a4909b6dfbe6ba024ddeb","FastSlow","2_3",1,"1_3",1
"672a4909b6dfbe6ba024ddeb","FastSlow","2_3",1,"1_4",0
"672a4909b6dfbe6ba024ddeb","FastSlow","2_3",1,"1_5",0
"672a4909b6dfbe6ba024ddeb","FastSlow","2_4",0,"1_1",1
"672a4909b6dfbe6ba024ddeb","FastSlow","2_4",0,"1_2",1
"672a4909b6dfbe6ba024ddeb","FastSlow","2_4",0,"1_3",1
"672a4909b6dfbe6ba024ddeb","FastSlow","2_4",0,"1_4",0
"672a4909b6dfbe6ba024ddeb","FastSlow","2_4",0,"1_5",0
"672a4909b6dfbe6ba024ddeb","FastSlow","2_5",0,"1_1",1
"672a4909b6dfbe6ba024ddeb","FastSlow","2_5",0,"1_2",1
"672a4909b6dfbe6ba024ddeb","FastSlow","2_5",0,"1_3",1
"672a4909b6dfbe6ba024ddeb","FastSlow","2_5",0,"1_4",0
"672a4909b6dfbe6ba024ddeb","FastSlow","2_5",0,"1_5",0
"5c0595bb1a20110001e9f1e1","FastSlow","2_1",1,"1_1",1
"5c0595bb1a20110001e9f1e1","FastSlow","2_1",1,"1_2",1
"5c0595bb1a20110001e9f1e1","FastSlow","2_1",1,"1_3",0
"5c0595bb1a20110001e9f1e1","FastSlow","2_1",1,"1_4",0
"5c0595bb1a20110001e9f1e1","FastSlow","2_1",1,"1_5",0
"5c0595bb1a20110001e9f1e1","FastSlow","2_2",0,"1_1",1
"5c0595bb1a20110001e9f1e1","FastSlow","2_2",0,"1_2",1
"5c0595bb1a20110001e9f1e1","FastSlow","2_2",0,"1_3",0
"5c0595bb1a20110001e9f1e1","FastSlow","2_2",0,"1_4",0
"5c0595bb1a20110001e9f1e1","FastSlow","2_2",0,"1_5",0
"5c0595bb1a20110001e9f1e1","FastSlow","2_3",0,"1_1",1
"5c0595bb1a20110001e9f1e1","FastSlow","2_3",0,"1_2",1
"5c0595bb1a20110001e9f1e1","FastSlow","2_3",0,"1_3",0
"5c0595bb1a20110001e9f1e1","FastSlow","2_3",0,"1_4",0
"5c0595bb1a20110001e9f1e1","FastSlow","2_3",0,"1_5",0
"5c0595bb1a20110001e9f1e1","FastSlow","2_4",0,"1_1",1
"5c0595bb1a20110001e9f1e1","FastSlow","2_4",0,"1_2",1
"5c0595bb1a20110001e9f1e1","FastSlow","2_4",0,"1_3",0
"5c0595bb1a20110001e9f1e1","FastSlow","2_4",0,"1_4",0
"5c0595bb1a20110001e9f1e1","FastSlow","2_4",0,"1_5",0
"5c0595bb1a20110001e9f1e1","FastSlow","2_5",0,"1_1",1
"5c0595bb1a20110001e9f1e1","FastSlow","2_5",0,"1_2",1
"5c0595bb1a20110001e9f1e1","FastSlow","2_5",0,"1_3",0
"5c0595bb1a20110001e9f1e1","FastSlow","2_5",0,"1_4",0
"5c0595bb1a20110001e9f1e1","FastSlow","2_5",0,"1_5",0
"65ea41d8c31c744b580de3ee","FastSlow","2_1",1,"1_1",1
"65ea41d8c31c744b580de3ee","FastSlow","2_1",1,"1_2",0
"65ea41d8c31c744b580de3ee","FastSlow","2_1",1,"1_3",1
"65ea41d8c31c744b580de3ee","FastSlow","2_1",1,"1_4",0
"65ea41d8c31c744b580de3ee","FastSlow","2_1",1,"1_5",0
"65ea41d8c31c744b580de3ee","FastSlow","2_2",1,"1_1",1
"65ea41d8c31c744b580de3ee","FastSlow","2_2",1,"1_2",0
"65ea41d8c31c744b580de3ee","FastSlow","2_2",1,"1_3",1
"65ea41d8c31c744b580de3ee","FastSlow","2_2",1,"1_4",0
"65ea41d8c31c744b580de3ee","FastSlow","2_2",1,"1_5",0
"65ea41d8c31c744b580de3ee","FastSlow","2_3",1,"1_1",1
"65ea41d8c31c744b580de3ee","FastSlow","2_3",1,"1_2",0
"65ea41d8c31c744b580de3ee","FastSlow","2_3",1,"1_3",1
"65ea41d8c31c744b580de3ee","FastSlow","2_3",1,"1_4",0
"65ea41d8c31c744b580de3ee","FastSlow","2_3",1,"1_5",0
"65ea41d8c31c744b580de3ee","FastSlow","2_4",0,"1_1",1
"65ea41d8c31c744b580de3ee","FastSlow","2_4",0,"1_2",0
"65ea41d8c31c744b580de3ee","FastSlow","2_4",0,"1_3",1
"65ea41d8c31c744b580de3ee","FastSlow","2_4",0,"1_4",0
"65ea41d8c31c744b580de3ee","FastSlow","2_4",0,"1_5",0
"65ea41d8c31c744b580de3ee","FastSlow","2_5",0,"1_1",1
"65ea41d8c31c744b580de3ee","FastSlow","2_5",0,"1_2",0
"65ea41d8c31c744b580de3ee","FastSlow","2_5",0,"1_3",1
"65ea41d8c31c744b580de3ee","FastSlow","2_5",0,"1_4",0
"65ea41d8c31c744b580de3ee","FastSlow","2_5",0,"1_5",0
"6938b8bae3f68aa762420d64","SlowFast","2_1",1,"1_1",1
"6938b8bae3f68aa762420d64","SlowFast","2_1",1,"1_2",0
"6938b8bae3f68aa762420d64","SlowFast","2_1",1,"1_3",1
"6938b8bae3f68aa762420d64","SlowFast","2_1",1,"1_4",1
"6938b8bae3f68aa762420d64","SlowFast","2_1",1,"1_5",0
"6938b8bae3f68aa762420d64","SlowFast","2_2",0,"1_1",1
"6938b8bae3f68aa762420d64","SlowFast","2_2",0,"1_2",0
"6938b8bae3f68aa762420d64","SlowFast","2_2",0,"1_3",1
"6938b8bae3f68aa762420d64","SlowFast","2_2",0,"1_4",1
"6938b8bae3f68aa762420d64","SlowFast","2_2",0,"1_5",0
"6938b8bae3f68aa762420d64","SlowFast","2_3",1,"1_1",1
"6938b8bae3f68aa762420d64","SlowFast","2_3",1,"1_2",0
"6938b8bae3f68aa762420d64","SlowFast","2_3",1,"1_3",1
"6938b8bae3f68aa762420d64","SlowFast","2_3",1,"1_4",1
"6938b8bae3f68aa762420d64","SlowFast","2_3",1,"1_5",0
"6938b8bae3f68aa762420d64","SlowFast","2_4",1,"1_1",1
"6938b8bae3f68aa762420d64","SlowFast","2_4",1,"1_2",0
"6938b8bae3f68aa762420d64","SlowFast","2_4",1,"1_3",1
"6938b8bae3f68aa762420d64","SlowFast","2_4",1,"1_4",1
"6938b8bae3f68aa762420d64","SlowFast","2_4",1,"1_5",0
"6938b8bae3f68aa762420d64","SlowFast","2_5",0,"1_1",1
"6938b8bae3f68aa762420d64","SlowFast","2_5",0,"1_2",0
"6938b8bae3f68aa762420d64","SlowFast","2_5",0,"1_3",1
"6938b8bae3f68aa762420d64","SlowFast","2_5",0,"1_4",1
"6938b8bae3f68aa762420d64","SlowFast","2_5",0,"1_5",0
"650d9e7cc7ca0c04a4530515","SlowFast","2_1",1,"1_1",1
"650d9e7cc7ca0c04a4530515","SlowFast","2_1",1,"1_2",1
"650d9e7cc7ca0c04a4530515","SlowFast","2_1",1,"1_3",1
"650d9e7cc7ca0c04a4530515","SlowFast","2_1",1,"1_4",1
"650d9e7cc7ca0c04a4530515","SlowFast","2_1",1,"1_5",1
"650d9e7cc7ca0c04a4530515","SlowFast","2_2",1,"1_1",1
"650d9e7cc7ca0c04a4530515","SlowFast","2_2",1,"1_2",1
"650d9e7cc7ca0c04a4530515","SlowFast","2_2",1,"1_3",1
"650d9e7cc7ca0c04a4530515","SlowFast","2_2",1,"1_4",1
"650d9e7cc7ca0c04a4530515","SlowFast","2_2",1,"1_5",1
"650d9e7cc7ca0c04a4530515","SlowFast","2_3",1,"1_1",1
"650d9e7cc7ca0c04a4530515","SlowFast","2_3",1,"1_2",1
"650d9e7cc7ca0c04a4530515","SlowFast","2_3",1,"1_3",1
"650d9e7cc7ca0c04a4530515","SlowFast","2_3",1,"1_4",1
"650d9e7cc7ca0c04a4530515","SlowFast","2_3",1,"1_5",1
"650d9e7cc7ca0c04a4530515","SlowFast","2_4",1,"1_1",1
"650d9e7cc7ca0c04a4530515","SlowFast","2_4",1,"1_2",1
"650d9e7cc7ca0c04a4530515","SlowFast","2_4",1,"1_3",1
"650d9e7cc7ca0c04a4530515","SlowFast","2_4",1,"1_4",1
"650d9e7cc7ca0c04a4530515","SlowFast","2_4",1,"1_5",1
"650d9e7cc7ca0c04a4530515","SlowFast","2_5",1,"1_1",1
"650d9e7cc7ca0c04a4530515","SlowFast","2_5",1,"1_2",1
"650d9e7cc7ca0c04a4530515","SlowFast","2_5",1,"1_3",1
"650d9e7cc7ca0c04a4530515","SlowFast","2_5",1,"1_4",1
"650d9e7cc7ca0c04a4530515","SlowFast","2_5",1,"1_5",1
"60fdc72e09443e94b6697b62","FastSlow","2_1",1,"1_1",1
"60fdc72e09443e94b6697b62","FastSlow","2_1",1,"1_2",1
"60fdc72e09443e94b6697b62","FastSlow","2_1",1,"1_3",1
"60fdc72e09443e94b6697b62","FastSlow","2_1",1,"1_4",0
"60fdc72e09443e94b6697b62","FastSlow","2_1",1,"1_5",0
"60fdc72e09443e94b6697b62","FastSlow","2_2",0,"1_1",1
"60fdc72e09443e94b6697b62","FastSlow","2_2",0,"1_2",1
"60fdc72e09443e94b6697b62","FastSlow","2_2",0,"1_3",1
"60fdc72e09443e94b6697b62","FastSlow","2_2",0,"1_4",0
"60fdc72e09443e94b6697b62","FastSlow","2_2",0,"1_5",0
"60fdc72e09443e94b6697b62","FastSlow","2_3",0,"1_1",1
"60fdc72e09443e94b6697b62","FastSlow","2_3",0,"1_2",1
"60fdc72e09443e94b6697b62","FastSlow","2_3",0,"1_3",1
"60fdc72e09443e94b6697b62","FastSlow","2_3",0,"1_4",0
"60fdc72e09443e94b6697b62","FastSlow","2_3",0,"1_5",0
"60fdc72e09443e94b6697b62","FastSlow","2_4",1,"1_1",1
"60fdc72e09443e94b6697b62","FastSlow","2_4",1,"1_2",1
"60fdc72e09443e94b6697b62","FastSlow","2_4",1,"1_3",1
"60fdc72e09443e94b6697b62","FastSlow","2_4",1,"1_4",0
"60fdc72e09443e94b6697b62","FastSlow","2_4",1,"1_5",0
"60fdc72e09443e94b6697b62","FastSlow","2_5",0,"1_1",1
"60fdc72e09443e94b6697b62","FastSlow","2_5",0,"1_2",1
"60fdc72e09443e94b6697b62","FastSlow","2_5",0,"1_3",1
"60fdc72e09443e94b6697b62","FastSlow","2_5",0,"1_4",0
"60fdc72e09443e94b6697b62","FastSlow","2_5",0,"1_5",0
"677ad06ebf62b45f68bc3ed4","FastSlow","2_1",1,"1_1",1
"677ad06ebf62b45f68bc3ed4","FastSlow","2_1",1,"1_2",1
"677ad06ebf62b45f68bc3ed4","FastSlow","2_1",1,"1_3",1
"677ad06ebf62b45f68bc3ed4","FastSlow","2_1",1,"1_4",1
"677ad06ebf62b45f68bc3ed4","FastSlow","2_1",1,"1_5",0
"677ad06ebf62b45f68bc3ed4","FastSlow","2_2",1,"1_1",1
"677ad06ebf62b45f68bc3ed4","FastSlow","2_2",1,"1_2",1
"677ad06ebf62b45f68bc3ed4","FastSlow","2_2",1,"1_3",1
"677ad06ebf62b45f68bc3ed4","FastSlow","2_2",1,"1_4",1
"677ad06ebf62b45f68bc3ed4","FastSlow","2_2",1,"1_5",0
"677ad06ebf62b45f68bc3ed4","FastSlow","2_3",1,"1_1",1
"677ad06ebf62b45f68bc3ed4","FastSlow","2_3",1,"1_2",1
"677ad06ebf62b45f68bc3ed4","FastSlow","2_3",1,"1_3",1
"677ad06ebf62b45f68bc3ed4","FastSlow","2_3",1,"1_4",1
"677ad06ebf62b45f68bc3ed4","FastSlow","2_3",1,"1_5",0
"677ad06ebf62b45f68bc3ed4","FastSlow","2_4",0,"1_1",1
"677ad06ebf62b45f68bc3ed4","FastSlow","2_4",0,"1_2",1
"677ad06ebf62b45f68bc3ed4","FastSlow","2_4",0,"1_3",1
"677ad06ebf62b45f68bc3ed4","FastSlow","2_4",0,"1_4",1
"677ad06ebf62b45f68bc3ed4","FastSlow","2_4",0,"1_5",0
"677ad06ebf62b45f68bc3ed4","FastSlow","2_5",0,"1_1",1
"677ad06ebf62b45f68bc3ed4","FastSlow","2_5",0,"1_2",1
"677ad06ebf62b45f68bc3ed4","FastSlow","2_5",0,"1_3",1
"677ad06ebf62b45f68bc3ed4","FastSlow","2_5",0,"1_4",1
"677ad06ebf62b45f68bc3ed4","FastSlow","2_5",0,"1_5",0
"67a577bd526d53b904219c1d","FastSlow","2_1",1,"1_1",1
"67a577bd526d53b904219c1d","FastSlow","2_1",1,"1_2",0
"67a577bd526d53b904219c1d","FastSlow","2_1",1,"1_3",1
"67a577bd526d53b904219c1d","FastSlow","2_1",1,"1_4",0
"67a577bd526d53b904219c1d","FastSlow","2_1",1,"1_5",0
"67a577bd526d53b904219c1d","FastSlow","2_2",0,"1_1",1
"67a577bd526d53b904219c1d","FastSlow","2_2",0,"1_2",0
"67a577bd526d53b904219c1d","FastSlow","2_2",0,"1_3",1
"67a577bd526d53b904219c1d","FastSlow","2_2",0,"1_4",0
"67a577bd526d53b904219c1d","FastSlow","2_2",0,"1_5",0
"67a577bd526d53b904219c1d","FastSlow","2_3",1,"1_1",1
"67a577bd526d53b904219c1d","FastSlow","2_3",1,"1_2",0
"67a577bd526d53b904219c1d","FastSlow","2_3",1,"1_3",1
"67a577bd526d53b904219c1d","FastSlow","2_3",1,"1_4",0
"67a577bd526d53b904219c1d","FastSlow","2_3",1,"1_5",0
"67a577bd526d53b904219c1d","FastSlow","2_4",0,"1_1",1
"67a577bd526d53b904219c1d","FastSlow","2_4",0,"1_2",0
"67a577bd526d53b904219c1d","FastSlow","2_4",0,"1_3",1
"67a577bd526d53b904219c1d","FastSlow","2_4",0,"1_4",0
"67a577bd526d53b904219c1d","FastSlow","2_4",0,"1_5",0
"67a577bd526d53b904219c1d","FastSlow","2_5",0,"1_1",1
"67a577bd526d53b904219c1d","FastSlow","2_5",0,"1_2",0
"67a577bd526d53b904219c1d","FastSlow","2_5",0,"1_3",1
"67a577bd526d53b904219c1d","FastSlow","2_5",0,"1_4",0
"67a577bd526d53b904219c1d","FastSlow","2_5",0,"1_5",0
"67018ddda66fca6195d1070f","FastSlow","2_1",1,"1_1",1
"67018ddda66fca6195d1070f","FastSlow","2_1",1,"1_2",0
"67018ddda66fca6195d1070f","FastSlow","2_1",1,"1_3",0
"67018ddda66fca6195d1070f","FastSlow","2_1",1,"1_4",0
"67018ddda66fca6195d1070f","FastSlow","2_1",1,"1_5",0
"67018ddda66fca6195d1070f","FastSlow","2_2",0,"1_1",1
"67018ddda66fca6195d1070f","FastSlow","2_2",0,"1_2",0
"67018ddda66fca6195d1070f","FastSlow","2_2",0,"1_3",0
"67018ddda66fca6195d1070f","FastSlow","2_2",0,"1_4",0
"67018ddda66fca6195d1070f","FastSlow","2_2",0,"1_5",0
"67018ddda66fca6195d1070f","FastSlow","2_3",0,"1_1",1
"67018ddda66fca6195d1070f","FastSlow","2_3",0,"1_2",0
"67018ddda66fca6195d1070f","FastSlow","2_3",0,"1_3",0
"67018ddda66fca6195d1070f","FastSlow","2_3",0,"1_4",0
"67018ddda66fca6195d1070f","FastSlow","2_3",0,"1_5",0
"67018ddda66fca6195d1070f","FastSlow","2_4",0,"1_1",1
"67018ddda66fca6195d1070f","FastSlow","2_4",0,"1_2",0
"67018ddda66fca6195d1070f","FastSlow","2_4",0,"1_3",0
"67018ddda66fca6195d1070f","FastSlow","2_4",0,"1_4",0
"67018ddda66fca6195d1070f","FastSlow","2_4",0,"1_5",0
"67018ddda66fca6195d1070f","FastSlow","2_5",0,"1_1",1
"67018ddda66fca6195d1070f","FastSlow","2_5",0,"1_2",0
"67018ddda66fca6195d1070f","FastSlow","2_5",0,"1_3",0
"67018ddda66fca6195d1070f","FastSlow","2_5",0,"1_4",0
"67018ddda66fca6195d1070f","FastSlow","2_5",0,"1_5",0
"678f46cd0f21903076471f34","SlowFast","2_1",1,"1_1",1
"678f46cd0f21903076471f34","SlowFast","2_1",1,"1_2",0
"678f46cd0f21903076471f34","SlowFast","2_1",1,"1_3",1
"678f46cd0f21903076471f34","SlowFast","2_1",1,"1_4",0
"678f46cd0f21903076471f34","SlowFast","2_1",1,"1_5",0
"678f46cd0f21903076471f34","SlowFast","2_2",0,"1_1",1
"678f46cd0f21903076471f34","SlowFast","2_2",0,"1_2",0
"678f46cd0f21903076471f34","SlowFast","2_2",0,"1_3",1
"678f46cd0f21903076471f34","SlowFast","2_2",0,"1_4",0
"678f46cd0f21903076471f34","SlowFast","2_2",0,"1_5",0
"678f46cd0f21903076471f34","SlowFast","2_3",1,"1_1",1
"678f46cd0f21903076471f34","SlowFast","2_3",1,"1_2",0
"678f46cd0f21903076471f34","SlowFast","2_3",1,"1_3",1
"678f46cd0f21903076471f34","SlowFast","2_3",1,"1_4",0
"678f46cd0f21903076471f34","SlowFast","2_3",1,"1_5",0
"678f46cd0f21903076471f34","SlowFast","2_4",1,"1_1",1
"678f46cd0f21903076471f34","SlowFast","2_4",1,"1_2",0
"678f46cd0f21903076471f34","SlowFast","2_4",1,"1_3",1
"678f46cd0f21903076471f34","SlowFast","2_4",1,"1_4",0
"678f46cd0f21903076471f34","SlowFast","2_4",1,"1_5",0
"678f46cd0f21903076471f34","SlowFast","2_5",0,"1_1",1
"678f46cd0f21903076471f34","SlowFast","2_5",0,"1_2",0
"678f46cd0f21903076471f34","SlowFast","2_5",0,"1_3",1
"678f46cd0f21903076471f34","SlowFast","2_5",0,"1_4",0
"678f46cd0f21903076471f34","SlowFast","2_5",0,"1_5",0
"66c30398cfdcf65e1ef278bf","SlowFast","2_1",1,"1_1",0
"66c30398cfdcf65e1ef278bf","SlowFast","2_1",1,"1_2",0
"66c30398cfdcf65e1ef278bf","SlowFast","2_1",1,"1_3",1
"66c30398cfdcf65e1ef278bf","SlowFast","2_1",1,"1_4",0
"66c30398cfdcf65e1ef278bf","SlowFast","2_1",1,"1_5",0
"66c30398cfdcf65e1ef278bf","SlowFast","2_2",0,"1_1",0
"66c30398cfdcf65e1ef278bf","SlowFast","2_2",0,"1_2",0
"66c30398cfdcf65e1ef278bf","SlowFast","2_2",0,"1_3",1
"66c30398cfdcf65e1ef278bf","SlowFast","2_2",0,"1_4",0
"66c30398cfdcf65e1ef278bf","SlowFast","2_2",0,"1_5",0
"66c30398cfdcf65e1ef278bf","SlowFast","2_3",1,"1_1",0
"66c30398cfdcf65e1ef278bf","SlowFast","2_3",1,"1_2",0
"66c30398cfdcf65e1ef278bf","SlowFast","2_3",1,"1_3",1
"66c30398cfdcf65e1ef278bf","SlowFast","2_3",1,"1_4",0
"66c30398cfdcf65e1ef278bf","SlowFast","2_3",1,"1_5",0
"66c30398cfdcf65e1ef278bf","SlowFast","2_4",0,"1_1",0
"66c30398cfdcf65e1ef278bf","SlowFast","2_4",0,"1_2",0
"66c30398cfdcf65e1ef278bf","SlowFast","2_4",0,"1_3",1
"66c30398cfdcf65e1ef278bf","SlowFast","2_4",0,"1_4",0
"66c30398cfdcf65e1ef278bf","SlowFast","2_4",0,"1_5",0
"66c30398cfdcf65e1ef278bf","SlowFast","2_5",0,"1_1",0
"66c30398cfdcf65e1ef278bf","SlowFast","2_5",0,"1_2",0
"66c30398cfdcf65e1ef278bf","SlowFast","2_5",0,"1_3",1
"66c30398cfdcf65e1ef278bf","SlowFast","2_5",0,"1_4",0
"66c30398cfdcf65e1ef278bf","SlowFast","2_5",0,"1_5",0
"6610ca6d1c7fe8e3861d0de2","FastSlow","2_1",1,"1_1",1
"6610ca6d1c7fe8e3861d0de2","FastSlow","2_1",1,"1_2",0
"6610ca6d1c7fe8e3861d0de2","FastSlow","2_1",1,"1_3",0
"6610ca6d1c7fe8e3861d0de2","FastSlow","2_1",1,"1_4",1
"6610ca6d1c7fe8e3861d0de2","FastSlow","2_1",1,"1_5",0
"6610ca6d1c7fe8e3861d0de2","FastSlow","2_2",0,"1_1",1
"6610ca6d1c7fe8e3861d0de2","FastSlow","2_2",0,"1_2",0
"6610ca6d1c7fe8e3861d0de2","FastSlow","2_2",0,"1_3",0
"6610ca6d1c7fe8e3861d0de2","FastSlow","2_2",0,"1_4",1
"6610ca6d1c7fe8e3861d0de2","FastSlow","2_2",0,"1_5",0
"6610ca6d1c7fe8e3861d0de2","FastSlow","2_3",0,"1_1",1
"6610ca6d1c7fe8e3861d0de2","FastSlow","2_3",0,"1_2",0
"6610ca6d1c7fe8e3861d0de2","FastSlow","2_3",0,"1_3",0
"6610ca6d1c7fe8e3861d0de2","FastSlow","2_3",0,"1_4",1
"6610ca6d1c7fe8e3861d0de2","FastSlow","2_3",0,"1_5",0
"6610ca6d1c7fe8e3861d0de2","FastSlow","2_4",0,"1_1",1
"6610ca6d1c7fe8e3861d0de2","FastSlow","2_4",0,"1_2",0
"6610ca6d1c7fe8e3861d0de2","FastSlow","2_4",0,"1_3",0
"6610ca6d1c7fe8e3861d0de2","FastSlow","2_4",0,"1_4",1
"6610ca6d1c7fe8e3861d0de2","FastSlow","2_4",0,"1_5",0
"6610ca6d1c7fe8e3861d0de2","FastSlow","2_5",0,"1_1",1
"6610ca6d1c7fe8e3861d0de2","FastSlow","2_5",0,"1_2",0
"6610ca6d1c7fe8e3861d0de2","FastSlow","2_5",0,"1_3",0
"6610ca6d1c7fe8e3861d0de2","FastSlow","2_5",0,"1_4",1
"6610ca6d1c7fe8e3861d0de2","FastSlow","2_5",0,"1_5",0
"6560d73f80824412a8a74260","FastSlow","2_1",1,"1_1",1
"6560d73f80824412a8a74260","FastSlow","2_1",1,"1_2",0
"6560d73f80824412a8a74260","FastSlow","2_1",1,"1_3",0
"6560d73f80824412a8a74260","FastSlow","2_1",1,"1_4",0
"6560d73f80824412a8a74260","FastSlow","2_1",1,"1_5",0
"6560d73f80824412a8a74260","FastSlow","2_2",0,"1_1",1
"6560d73f80824412a8a74260","FastSlow","2_2",0,"1_2",0
"6560d73f80824412a8a74260","FastSlow","2_2",0,"1_3",0
"6560d73f80824412a8a74260","FastSlow","2_2",0,"1_4",0
"6560d73f80824412a8a74260","FastSlow","2_2",0,"1_5",0
"6560d73f80824412a8a74260","FastSlow","2_3",0,"1_1",1
"6560d73f80824412a8a74260","FastSlow","2_3",0,"1_2",0
"6560d73f80824412a8a74260","FastSlow","2_3",0,"1_3",0
"6560d73f80824412a8a74260","FastSlow","2_3",0,"1_4",0
"6560d73f80824412a8a74260","FastSlow","2_3",0,"1_5",0
"6560d73f80824412a8a74260","FastSlow","2_4",0,"1_1",1
"6560d73f80824412a8a74260","FastSlow","2_4",0,"1_2",0
"6560d73f80824412a8a74260","FastSlow","2_4",0,"1_3",0
"6560d73f80824412a8a74260","FastSlow","2_4",0,"1_4",0
"6560d73f80824412a8a74260","FastSlow","2_4",0,"1_5",0
"6560d73f80824412a8a74260","FastSlow","2_5",0,"1_1",1
"6560d73f80824412a8a74260","FastSlow","2_5",0,"1_2",0
"6560d73f80824412a8a74260","FastSlow","2_5",0,"1_3",0
"6560d73f80824412a8a74260","FastSlow","2_5",0,"1_4",0
"6560d73f80824412a8a74260","FastSlow","2_5",0,"1_5",0
"662aa4644d318829d42496b7","SlowFast","2_1",0,"1_1",0
"662aa4644d318829d42496b7","SlowFast","2_1",0,"1_2",0
"662aa4644d318829d42496b7","SlowFast","2_1",0,"1_3",0
"662aa4644d318829d42496b7","SlowFast","2_1",0,"1_4",0
"662aa4644d318829d42496b7","SlowFast","2_1",0,"1_5",0
"662aa4644d318829d42496b7","SlowFast","2_2",0,"1_1",0
"662aa4644d318829d42496b7","SlowFast","2_2",0,"1_2",0
"662aa4644d318829d42496b7","SlowFast","2_2",0,"1_3",0
"662aa4644d318829d42496b7","SlowFast","2_2",0,"1_4",0
"662aa4644d318829d42496b7","SlowFast","2_2",0,"1_5",0
"662aa4644d318829d42496b7","SlowFast","2_3",0,"1_1",0
"662aa4644d318829d42496b7","SlowFast","2_3",0,"1_2",0
"662aa4644d318829d42496b7","SlowFast","2_3",0,"1_3",0
"662aa4644d318829d42496b7","SlowFast","2_3",0,"1_4",0
"662aa4644d318829d42496b7","SlowFast","2_3",0,"1_5",0
"662aa4644d318829d42496b7","SlowFast","2_4",0,"1_1",0
"662aa4644d318829d42496b7","SlowFast","2_4",0,"1_2",0
"662aa4644d318829d42496b7","SlowFast","2_4",0,"1_3",0
"662aa4644d318829d42496b7","SlowFast","2_4",0,"1_4",0
"662aa4644d318829d42496b7","SlowFast","2_4",0,"1_5",0
"662aa4644d318829d42496b7","SlowFast","2_5",0,"1_1",0
"662aa4644d318829d42496b7","SlowFast","2_5",0,"1_2",0
"662aa4644d318829d42496b7","SlowFast","2_5",0,"1_3",0
"662aa4644d318829d42496b7","SlowFast","2_5",0,"1_4",0
"662aa4644d318829d42496b7","SlowFast","2_5",0,"1_5",0
"5aa2dcf36219a30001f57b7e","FastSlow","2_1",1,"1_1",1
"5aa2dcf36219a30001f57b7e","FastSlow","2_1",1,"1_2",0
"5aa2dcf36219a30001f57b7e","FastSlow","2_1",1,"1_3",1
"5aa2dcf36219a30001f57b7e","FastSlow","2_1",1,"1_4",0
"5aa2dcf36219a30001f57b7e","FastSlow","2_1",1,"1_5",0
"5aa2dcf36219a30001f57b7e","FastSlow","2_2",0,"1_1",1
"5aa2dcf36219a30001f57b7e","FastSlow","2_2",0,"1_2",0
"5aa2dcf36219a30001f57b7e","FastSlow","2_2",0,"1_3",1
"5aa2dcf36219a30001f57b7e","FastSlow","2_2",0,"1_4",0
"5aa2dcf36219a30001f57b7e","FastSlow","2_2",0,"1_5",0
"5aa2dcf36219a30001f57b7e","FastSlow","2_3",0,"1_1",1
"5aa2dcf36219a30001f57b7e","FastSlow","2_3",0,"1_2",0
"5aa2dcf36219a30001f57b7e","FastSlow","2_3",0,"1_3",1
"5aa2dcf36219a30001f57b7e","FastSlow","2_3",0,"1_4",0
"5aa2dcf36219a30001f57b7e","FastSlow","2_3",0,"1_5",0
"5aa2dcf36219a30001f57b7e","FastSlow","2_4",0,"1_1",1
"5aa2dcf36219a30001f57b7e","FastSlow","2_4",0,"1_2",0
"5aa2dcf36219a30001f57b7e","FastSlow","2_4",0,"1_3",1
"5aa2dcf36219a30001f57b7e","FastSlow","2_4",0,"1_4",0
"5aa2dcf36219a30001f57b7e","FastSlow","2_4",0,"1_5",0
"5aa2dcf36219a30001f57b7e","FastSlow","2_5",0,"1_1",1
"5aa2dcf36219a30001f57b7e","FastSlow","2_5",0,"1_2",0
"5aa2dcf36219a30001f57b7e","FastSlow","2_5",0,"1_3",1
"5aa2dcf36219a30001f57b7e","FastSlow","2_5",0,"1_4",0
"5aa2dcf36219a30001f57b7e","FastSlow","2_5",0,"1_5",0
"6914e0900c27e175798f4983","SlowFast","2_1",1,"1_1",1
"6914e0900c27e175798f4983","SlowFast","2_1",1,"1_2",1
"6914e0900c27e175798f4983","SlowFast","2_1",1,"1_3",1
"6914e0900c27e175798f4983","SlowFast","2_1",1,"1_4",1
"6914e0900c27e175798f4983","SlowFast","2_1",1,"1_5",0
"6914e0900c27e175798f4983","SlowFast","2_2",1,"1_1",1
"6914e0900c27e175798f4983","SlowFast","2_2",1,"1_2",1
"6914e0900c27e175798f4983","SlowFast","2_2",1,"1_3",1
"6914e0900c27e175798f4983","SlowFast","2_2",1,"1_4",1
"6914e0900c27e175798f4983","SlowFast","2_2",1,"1_5",0
"6914e0900c27e175798f4983","SlowFast","2_3",1,"1_1",1
"6914e0900c27e175798f4983","SlowFast","2_3",1,"1_2",1
"6914e0900c27e175798f4983","SlowFast","2_3",1,"1_3",1
"6914e0900c27e175798f4983","SlowFast","2_3",1,"1_4",1
"6914e0900c27e175798f4983","SlowFast","2_3",1,"1_5",0
"6914e0900c27e175798f4983","SlowFast","2_4",1,"1_1",1
"6914e0900c27e175798f4983","SlowFast","2_4",1,"1_2",1
"6914e0900c27e175798f4983","SlowFast","2_4",1,"1_3",1
"6914e0900c27e175798f4983","SlowFast","2_4",1,"1_4",1
"6914e0900c27e175798f4983","SlowFast","2_4",1,"1_5",0
"6914e0900c27e175798f4983","SlowFast","2_5",0,"1_1",1
"6914e0900c27e175798f4983","SlowFast","2_5",0,"1_2",1
"6914e0900c27e175798f4983","SlowFast","2_5",0,"1_3",1
"6914e0900c27e175798f4983","SlowFast","2_5",0,"1_4",1
"6914e0900c27e175798f4983","SlowFast","2_5",0,"1_5",0
"6728c6de354d8cf555f41110","FastSlow","2_1",1,"1_1",1
"6728c6de354d8cf555f41110","FastSlow","2_1",1,"1_2",1
"6728c6de354d8cf555f41110","FastSlow","2_1",1,"1_3",1
"6728c6de354d8cf555f41110","FastSlow","2_1",1,"1_4",0
"6728c6de354d8cf555f41110","FastSlow","2_1",1,"1_5",0
"6728c6de354d8cf555f41110","FastSlow","2_2",1,"1_1",1
"6728c6de354d8cf555f41110","FastSlow","2_2",1,"1_2",1
"6728c6de354d8cf555f41110","FastSlow","2_2",1,"1_3",1
"6728c6de354d8cf555f41110","FastSlow","2_2",1,"1_4",0
"6728c6de354d8cf555f41110","FastSlow","2_2",1,"1_5",0
"6728c6de354d8cf555f41110","FastSlow","2_3",1,"1_1",1
"6728c6de354d8cf555f41110","FastSlow","2_3",1,"1_2",1
"6728c6de354d8cf555f41110","FastSlow","2_3",1,"1_3",1
"6728c6de354d8cf555f41110","FastSlow","2_3",1,"1_4",0
"6728c6de354d8cf555f41110","FastSlow","2_3",1,"1_5",0
"6728c6de354d8cf555f41110","FastSlow","2_4",0,"1_1",1
"6728c6de354d8cf555f41110","FastSlow","2_4",0,"1_2",1
"6728c6de354d8cf555f41110","FastSlow","2_4",0,"1_3",1
"6728c6de354d8cf555f41110","FastSlow","2_4",0,"1_4",0
"6728c6de354d8cf555f41110","FastSlow","2_4",0,"1_5",0
"6728c6de354d8cf555f41110","FastSlow","2_5",0,"1_1",1
"6728c6de354d8cf555f41110","FastSlow","2_5",0,"1_2",1
"6728c6de354d8cf555f41110","FastSlow","2_5",0,"1_3",1
"6728c6de354d8cf555f41110","FastSlow","2_5",0,"1_4",0
"6728c6de354d8cf555f41110","FastSlow","2_5",0,"1_5",0
"5ec7e8a712268326deae8d87","SlowFast","2_1",1,"1_1",1
"5ec7e8a712268326deae8d87","SlowFast","2_1",1,"1_2",1
"5ec7e8a712268326deae8d87","SlowFast","2_1",1,"1_3",0
"5ec7e8a712268326deae8d87","SlowFast","2_1",1,"1_4",1
"5ec7e8a712268326deae8d87","SlowFast","2_1",1,"1_5",0
"5ec7e8a712268326deae8d87","SlowFast","2_2",1,"1_1",1
"5ec7e8a712268326deae8d87","SlowFast","2_2",1,"1_2",1
"5ec7e8a712268326deae8d87","SlowFast","2_2",1,"1_3",0
"5ec7e8a712268326deae8d87","SlowFast","2_2",1,"1_4",1
"5ec7e8a712268326deae8d87","SlowFast","2_2",1,"1_5",0
"5ec7e8a712268326deae8d87","SlowFast","2_3",0,"1_1",1
"5ec7e8a712268326deae8d87","SlowFast","2_3",0,"1_2",1
"5ec7e8a712268326deae8d87","SlowFast","2_3",0,"1_3",0
"5ec7e8a712268326deae8d87","SlowFast","2_3",0,"1_4",1
"5ec7e8a712268326deae8d87","SlowFast","2_3",0,"1_5",0
"5ec7e8a712268326deae8d87","SlowFast","2_4",1,"1_1",1
"5ec7e8a712268326deae8d87","SlowFast","2_4",1,"1_2",1
"5ec7e8a712268326deae8d87","SlowFast","2_4",1,"1_3",0
"5ec7e8a712268326deae8d87","SlowFast","2_4",1,"1_4",1
"5ec7e8a712268326deae8d87","SlowFast","2_4",1,"1_5",0
"5ec7e8a712268326deae8d87","SlowFast","2_5",0,"1_1",1
"5ec7e8a712268326deae8d87","SlowFast","2_5",0,"1_2",1
"5ec7e8a712268326deae8d87","SlowFast","2_5",0,"1_3",0
"5ec7e8a712268326deae8d87","SlowFast","2_5",0,"1_4",1
"5ec7e8a712268326deae8d87","SlowFast","2_5",0,"1_5",0
"66fdadbaa3ff5e732278ad0e","SlowFast","2_1",1,"1_1",1
"66fdadbaa3ff5e732278ad0e","SlowFast","2_1",1,"1_2",1
"66fdadbaa3ff5e732278ad0e","SlowFast","2_1",1,"1_3",1
"66fdadbaa3ff5e732278ad0e","SlowFast","2_1",1,"1_4",0
"66fdadbaa3ff5e732278ad0e","SlowFast","2_1",1,"1_5",0
"66fdadbaa3ff5e732278ad0e","SlowFast","2_2",1,"1_1",1
"66fdadbaa3ff5e732278ad0e","SlowFast","2_2",1,"1_2",1
"66fdadbaa3ff5e732278ad0e","SlowFast","2_2",1,"1_3",1
"66fdadbaa3ff5e732278ad0e","SlowFast","2_2",1,"1_4",0
"66fdadbaa3ff5e732278ad0e","SlowFast","2_2",1,"1_5",0
"66fdadbaa3ff5e732278ad0e","SlowFast","2_3",1,"1_1",1
"66fdadbaa3ff5e732278ad0e","SlowFast","2_3",1,"1_2",1
"66fdadbaa3ff5e732278ad0e","SlowFast","2_3",1,"1_3",1
"66fdadbaa3ff5e732278ad0e","SlowFast","2_3",1,"1_4",0
"66fdadbaa3ff5e732278ad0e","SlowFast","2_3",1,"1_5",0
"66fdadbaa3ff5e732278ad0e","SlowFast","2_4",1,"1_1",1
"66fdadbaa3ff5e732278ad0e","SlowFast","2_4",1,"1_2",1
"66fdadbaa3ff5e732278ad0e","SlowFast","2_4",1,"1_3",1
"66fdadbaa3ff5e732278ad0e","SlowFast","2_4",1,"1_4",0
"66fdadbaa3ff5e732278ad0e","SlowFast","2_4",1,"1_5",0
"66fdadbaa3ff5e732278ad0e","SlowFast","2_5",0,"1_1",1
"66fdadbaa3ff5e732278ad0e","SlowFast","2_5",0,"1_2",1
"66fdadbaa3ff5e732278ad0e","SlowFast","2_5",0,"1_3",1
"66fdadbaa3ff5e732278ad0e","SlowFast","2_5",0,"1_4",0
"66fdadbaa3ff5e732278ad0e","SlowFast","2_5",0,"1_5",0
"67858bcf2e9aa77b0e98dbb7","FastSlow","2_1",0,"1_1",1
"67858bcf2e9aa77b0e98dbb7","FastSlow","2_1",0,"1_2",1
"67858bcf2e9aa77b0e98dbb7","FastSlow","2_1",0,"1_3",0
"67858bcf2e9aa77b0e98dbb7","FastSlow","2_1",0,"1_4",0
"67858bcf2e9aa77b0e98dbb7","FastSlow","2_1",0,"1_5",0
"67858bcf2e9aa77b0e98dbb7","FastSlow","2_2",0,"1_1",1
"67858bcf2e9aa77b0e98dbb7","FastSlow","2_2",0,"1_2",1
"67858bcf2e9aa77b0e98dbb7","FastSlow","2_2",0,"1_3",0
"67858bcf2e9aa77b0e98dbb7","FastSlow","2_2",0,"1_4",0
"67858bcf2e9aa77b0e98dbb7","FastSlow","2_2",0,"1_5",0
"67858bcf2e9aa77b0e98dbb7","FastSlow","2_3",1,"1_1",1
"67858bcf2e9aa77b0e98dbb7","FastSlow","2_3",1,"1_2",1
"67858bcf2e9aa77b0e98dbb7","FastSlow","2_3",1,"1_3",0
"67858bcf2e9aa77b0e98dbb7","FastSlow","2_3",1,"1_4",0
"67858bcf2e9aa77b0e98dbb7","FastSlow","2_3",1,"1_5",0
"67858bcf2e9aa77b0e98dbb7","FastSlow","2_4",1,"1_1",1
"67858bcf2e9aa77b0e98dbb7","FastSlow","2_4",1,"1_2",1
"67858bcf2e9aa77b0e98dbb7","FastSlow","2_4",1,"1_3",0
"67858bcf2e9aa77b0e98dbb7","FastSlow","2_4",1,"1_4",0
"67858bcf2e9aa77b0e98dbb7","FastSlow","2_4",1,"1_5",0
"67858bcf2e9aa77b0e98dbb7","FastSlow","2_5",0,"1_1",1
"67858bcf2e9aa77b0e98dbb7","FastSlow","2_5",0,"1_2",1
"67858bcf2e9aa77b0e98dbb7","FastSlow","2_5",0,"1_3",0
"67858bcf2e9aa77b0e98dbb7","FastSlow","2_5",0,"1_4",0
"67858bcf2e9aa77b0e98dbb7","FastSlow","2_5",0,"1_5",0
"67731108dbba1f283636d0e6","FastSlow","2_1",1,"1_1",1
"67731108dbba1f283636d0e6","FastSlow","2_1",1,"1_2",0
"67731108dbba1f283636d0e6","FastSlow","2_1",1,"1_3",1
"67731108dbba1f283636d0e6","FastSlow","2_1",1,"1_4",1
"67731108dbba1f283636d0e6","FastSlow","2_1",1,"1_5",0
"67731108dbba1f283636d0e6","FastSlow","2_2",0,"1_1",1
"67731108dbba1f283636d0e6","FastSlow","2_2",0,"1_2",0
"67731108dbba1f283636d0e6","FastSlow","2_2",0,"1_3",1
"67731108dbba1f283636d0e6","FastSlow","2_2",0,"1_4",1
"67731108dbba1f283636d0e6","FastSlow","2_2",0,"1_5",0
"67731108dbba1f283636d0e6","FastSlow","2_3",0,"1_1",1
"67731108dbba1f283636d0e6","FastSlow","2_3",0,"1_2",0
"67731108dbba1f283636d0e6","FastSlow","2_3",0,"1_3",1
"67731108dbba1f283636d0e6","FastSlow","2_3",0,"1_4",1
"67731108dbba1f283636d0e6","FastSlow","2_3",0,"1_5",0
"67731108dbba1f283636d0e6","FastSlow","2_4",1,"1_1",1
"67731108dbba1f283636d0e6","FastSlow","2_4",1,"1_2",0
"67731108dbba1f283636d0e6","FastSlow","2_4",1,"1_3",1
"67731108dbba1f283636d0e6","FastSlow","2_4",1,"1_4",1
"67731108dbba1f283636d0e6","FastSlow","2_4",1,"1_5",0
"67731108dbba1f283636d0e6","FastSlow","2_5",0,"1_1",1
"67731108dbba1f283636d0e6","FastSlow","2_5",0,"1_2",0
"67731108dbba1f283636d0e6","FastSlow","2_5",0,"1_3",1
"67731108dbba1f283636d0e6","FastSlow","2_5",0,"1_4",1
"67731108dbba1f283636d0e6","FastSlow","2_5",0,"1_5",0
"66be4c98197a6d1a726134d4","SlowFast","2_1",1,"1_1",1
"66be4c98197a6d1a726134d4","SlowFast","2_1",1,"1_2",0
"66be4c98197a6d1a726134d4","SlowFast","2_1",1,"1_3",1
"66be4c98197a6d1a726134d4","SlowFast","2_1",1,"1_4",1
"66be4c98197a6d1a726134d4","SlowFast","2_1",1,"1_5",0
"66be4c98197a6d1a726134d4","SlowFast","2_2",0,"1_1",1
"66be4c98197a6d1a726134d4","SlowFast","2_2",0,"1_2",0
"66be4c98197a6d1a726134d4","SlowFast","2_2",0,"1_3",1
"66be4c98197a6d1a726134d4","SlowFast","2_2",0,"1_4",1
"66be4c98197a6d1a726134d4","SlowFast","2_2",0,"1_5",0
"66be4c98197a6d1a726134d4","SlowFast","2_3",1,"1_1",1
"66be4c98197a6d1a726134d4","SlowFast","2_3",1,"1_2",0
"66be4c98197a6d1a726134d4","SlowFast","2_3",1,"1_3",1
"66be4c98197a6d1a726134d4","SlowFast","2_3",1,"1_4",1
"66be4c98197a6d1a726134d4","SlowFast","2_3",1,"1_5",0
"66be4c98197a6d1a726134d4","SlowFast","2_4",1,"1_1",1
"66be4c98197a6d1a726134d4","SlowFast","2_4",1,"1_2",0
"66be4c98197a6d1a726134d4","SlowFast","2_4",1,"1_3",1
"66be4c98197a6d1a726134d4","SlowFast","2_4",1,"1_4",1
"66be4c98197a6d1a726134d4","SlowFast","2_4",1,"1_5",0
"66be4c98197a6d1a726134d4","SlowFast","2_5",0,"1_1",1
"66be4c98197a6d1a726134d4","SlowFast","2_5",0,"1_2",0
"66be4c98197a6d1a726134d4","SlowFast","2_5",0,"1_3",1
"66be4c98197a6d1a726134d4","SlowFast","2_5",0,"1_4",1
"66be4c98197a6d1a726134d4","SlowFast","2_5",0,"1_5",0
"6122f332c9f0e8bb1209dc7d","SlowFast","2_1",1,"1_1",1
"6122f332c9f0e8bb1209dc7d","SlowFast","2_1",1,"1_2",0
"6122f332c9f0e8bb1209dc7d","SlowFast","2_1",1,"1_3",1
"6122f332c9f0e8bb1209dc7d","SlowFast","2_1",1,"1_4",1
"6122f332c9f0e8bb1209dc7d","SlowFast","2_1",1,"1_5",0
"6122f332c9f0e8bb1209dc7d","SlowFast","2_2",1,"1_1",1
"6122f332c9f0e8bb1209dc7d","SlowFast","2_2",1,"1_2",0
"6122f332c9f0e8bb1209dc7d","SlowFast","2_2",1,"1_3",1
"6122f332c9f0e8bb1209dc7d","SlowFast","2_2",1,"1_4",1
"6122f332c9f0e8bb1209dc7d","SlowFast","2_2",1,"1_5",0
"6122f332c9f0e8bb1209dc7d","SlowFast","2_3",1,"1_1",1
"6122f332c9f0e8bb1209dc7d","SlowFast","2_3",1,"1_2",0
"6122f332c9f0e8bb1209dc7d","SlowFast","2_3",1,"1_3",1
"6122f332c9f0e8bb1209dc7d","SlowFast","2_3",1,"1_4",1
"6122f332c9f0e8bb1209dc7d","SlowFast","2_3",1,"1_5",0
"6122f332c9f0e8bb1209dc7d","SlowFast","2_4",0,"1_1",1
"6122f332c9f0e8bb1209dc7d","SlowFast","2_4",0,"1_2",0
"6122f332c9f0e8bb1209dc7d","SlowFast","2_4",0,"1_3",1
"6122f332c9f0e8bb1209dc7d","SlowFast","2_4",0,"1_4",1
"6122f332c9f0e8bb1209dc7d","SlowFast","2_4",0,"1_5",0
"6122f332c9f0e8bb1209dc7d","SlowFast","2_5",0,"1_1",1
"6122f332c9f0e8bb1209dc7d","SlowFast","2_5",0,"1_2",0
"6122f332c9f0e8bb1209dc7d","SlowFast","2_5",0,"1_3",1
"6122f332c9f0e8bb1209dc7d","SlowFast","2_5",0,"1_4",1
"6122f332c9f0e8bb1209dc7d","SlowFast","2_5",0,"1_5",0
"666253e8c992de971c27b622","FastSlow","2_1",1,"1_1",1
"666253e8c992de971c27b622","FastSlow","2_1",1,"1_2",1
"666253e8c992de971c27b622","FastSlow","2_1",1,"1_3",0
"666253e8c992de971c27b622","FastSlow","2_1",1,"1_4",0
"666253e8c992de971c27b622","FastSlow","2_1",1,"1_5",0
"666253e8c992de971c27b622","FastSlow","2_2",0,"1_1",1
"666253e8c992de971c27b622","FastSlow","2_2",0,"1_2",1
"666253e8c992de971c27b622","FastSlow","2_2",0,"1_3",0
"666253e8c992de971c27b622","FastSlow","2_2",0,"1_4",0
"666253e8c992de971c27b622","FastSlow","2_2",0,"1_5",0
"666253e8c992de971c27b622","FastSlow","2_3",0,"1_1",1
"666253e8c992de971c27b622","FastSlow","2_3",0,"1_2",1
"666253e8c992de971c27b622","FastSlow","2_3",0,"1_3",0
"666253e8c992de971c27b622","FastSlow","2_3",0,"1_4",0
"666253e8c992de971c27b622","FastSlow","2_3",0,"1_5",0
"666253e8c992de971c27b622","FastSlow","2_4",0,"1_1",1
"666253e8c992de971c27b622","FastSlow","2_4",0,"1_2",1
"666253e8c992de971c27b622","FastSlow","2_4",0,"1_3",0
"666253e8c992de971c27b622","FastSlow","2_4",0,"1_4",0
"666253e8c992de971c27b622","FastSlow","2_4",0,"1_5",0
"666253e8c992de971c27b622","FastSlow","2_5",0,"1_1",1
"666253e8c992de971c27b622","FastSlow","2_5",0,"1_2",1
"666253e8c992de971c27b622","FastSlow","2_5",0,"1_3",0
"666253e8c992de971c27b622","FastSlow","2_5",0,"1_4",0
"666253e8c992de971c27b622","FastSlow","2_5",0,"1_5",0
"671bbd54132abb33bed4a541","FastSlow","2_1",1,"1_1",1
"671bbd54132abb33bed4a541","FastSlow","2_1",1,"1_2",1
"671bbd54132abb33bed4a541","FastSlow","2_1",1,"1_3",1
"671bbd54132abb33bed4a541","FastSlow","2_1",1,"1_4",1
"671bbd54132abb33bed4a541","FastSlow","2_1",1,"1_5",0
"671bbd54132abb33bed4a541","FastSlow","2_2",1,"1_1",1
"671bbd54132abb33bed4a541","FastSlow","2_2",1,"1_2",1
"671bbd54132abb33bed4a541","FastSlow","2_2",1,"1_3",1
"671bbd54132abb33bed4a541","FastSlow","2_2",1,"1_4",1
"671bbd54132abb33bed4a541","FastSlow","2_2",1,"1_5",0
"671bbd54132abb33bed4a541","FastSlow","2_3",1,"1_1",1
"671bbd54132abb33bed4a541","FastSlow","2_3",1,"1_2",1
"671bbd54132abb33bed4a541","FastSlow","2_3",1,"1_3",1
"671bbd54132abb33bed4a541","FastSlow","2_3",1,"1_4",1
"671bbd54132abb33bed4a541","FastSlow","2_3",1,"1_5",0
"671bbd54132abb33bed4a541","FastSlow","2_4",1,"1_1",1
"671bbd54132abb33bed4a541","FastSlow","2_4",1,"1_2",1
"671bbd54132abb33bed4a541","FastSlow","2_4",1,"1_3",1
"671bbd54132abb33bed4a541","FastSlow","2_4",1,"1_4",1
"671bbd54132abb33bed4a541","FastSlow","2_4",1,"1_5",0
"671bbd54132abb33bed4a541","FastSlow","2_5",0,"1_1",1
"671bbd54132abb33bed4a541","FastSlow","2_5",0,"1_2",1
"671bbd54132abb33bed4a541","FastSlow","2_5",0,"1_3",1
"671bbd54132abb33bed4a541","FastSlow","2_5",0,"1_4",1
"671bbd54132abb33bed4a541","FastSlow","2_5",0,"1_5",0
"67ad00ff0c1efab54a3a8c53","SlowFast","2_1",0,"1_1",1
"67ad00ff0c1efab54a3a8c53","SlowFast","2_1",0,"1_2",0
"67ad00ff0c1efab54a3a8c53","SlowFast","2_1",0,"1_3",0
"67ad00ff0c1efab54a3a8c53","SlowFast","2_1",0,"1_4",0
"67ad00ff0c1efab54a3a8c53","SlowFast","2_1",0,"1_5",0
"67ad00ff0c1efab54a3a8c53","SlowFast","2_2",1,"1_1",1
"67ad00ff0c1efab54a3a8c53","SlowFast","2_2",1,"1_2",0
"67ad00ff0c1efab54a3a8c53","SlowFast","2_2",1,"1_3",0
"67ad00ff0c1efab54a3a8c53","SlowFast","2_2",1,"1_4",0
"67ad00ff0c1efab54a3a8c53","SlowFast","2_2",1,"1_5",0
"67ad00ff0c1efab54a3a8c53","SlowFast","2_3",0,"1_1",1
"67ad00ff0c1efab54a3a8c53","SlowFast","2_3",0,"1_2",0
"67ad00ff0c1efab54a3a8c53","SlowFast","2_3",0,"1_3",0
"67ad00ff0c1efab54a3a8c53","SlowFast","2_3",0,"1_4",0
"67ad00ff0c1efab54a3a8c53","SlowFast","2_3",0,"1_5",0
"67ad00ff0c1efab54a3a8c53","SlowFast","2_4",1,"1_1",1
"67ad00ff0c1efab54a3a8c53","SlowFast","2_4",1,"1_2",0
"67ad00ff0c1efab54a3a8c53","SlowFast","2_4",1,"1_3",0
"67ad00ff0c1efab54a3a8c53","SlowFast","2_4",1,"1_4",0
"67ad00ff0c1efab54a3a8c53","SlowFast","2_4",1,"1_5",0
"67ad00ff0c1efab54a3a8c53","SlowFast","2_5",0,"1_1",1
"67ad00ff0c1efab54a3a8c53","SlowFast","2_5",0,"1_2",0
"67ad00ff0c1efab54a3a8c53","SlowFast","2_5",0,"1_3",0
"67ad00ff0c1efab54a3a8c53","SlowFast","2_5",0,"1_4",0
"67ad00ff0c1efab54a3a8c53","SlowFast","2_5",0,"1_5",0
"673658d3f472f26f74885fe7","FastSlow","2_1",1,"1_1",1
"673658d3f472f26f74885fe7","FastSlow","2_1",1,"1_2",0
"673658d3f472f26f74885fe7","FastSlow","2_1",1,"1_3",0
"673658d3f472f26f74885fe7","FastSlow","2_1",1,"1_4",0
"673658d3f472f26f74885fe7","FastSlow","2_1",1,"1_5",0
"673658d3f472f26f74885fe7","FastSlow","2_2",0,"1_1",1
"673658d3f472f26f74885fe7","FastSlow","2_2",0,"1_2",0
"673658d3f472f26f74885fe7","FastSlow","2_2",0,"1_3",0
"673658d3f472f26f74885fe7","FastSlow","2_2",0,"1_4",0
"673658d3f472f26f74885fe7","FastSlow","2_2",0,"1_5",0
"673658d3f472f26f74885fe7","FastSlow","2_3",0,"1_1",1
"673658d3f472f26f74885fe7","FastSlow","2_3",0,"1_2",0
"673658d3f472f26f74885fe7","FastSlow","2_3",0,"1_3",0
"673658d3f472f26f74885fe7","FastSlow","2_3",0,"1_4",0
"673658d3f472f26f74885fe7","FastSlow","2_3",0,"1_5",0
"673658d3f472f26f74885fe7","FastSlow","2_4",0,"1_1",1
"673658d3f472f26f74885fe7","FastSlow","2_4",0,"1_2",0
"673658d3f472f26f74885fe7","FastSlow","2_4",0,"1_3",0
"673658d3f472f26f74885fe7","FastSlow","2_4",0,"1_4",0
"673658d3f472f26f74885fe7","FastSlow","2_4",0,"1_5",0
"673658d3f472f26f74885fe7","FastSlow","2_5",0,"1_1",1
"673658d3f472f26f74885fe7","FastSlow","2_5",0,"1_2",0
"673658d3f472f26f74885fe7","FastSlow","2_5",0,"1_3",0
"673658d3f472f26f74885fe7","FastSlow","2_5",0,"1_4",0
"673658d3f472f26f74885fe7","FastSlow","2_5",0,"1_5",0
"6727af89081bd9f0e0d0973d","FastSlow","2_1",1,"1_1",1
"6727af89081bd9f0e0d0973d","FastSlow","2_1",1,"1_2",0
"6727af89081bd9f0e0d0973d","FastSlow","2_1",1,"1_3",1
"6727af89081bd9f0e0d0973d","FastSlow","2_1",1,"1_4",0
"6727af89081bd9f0e0d0973d","FastSlow","2_1",1,"1_5",0
"6727af89081bd9f0e0d0973d","FastSlow","2_2",0,"1_1",1
"6727af89081bd9f0e0d0973d","FastSlow","2_2",0,"1_2",0
"6727af89081bd9f0e0d0973d","FastSlow","2_2",0,"1_3",1
"6727af89081bd9f0e0d0973d","FastSlow","2_2",0,"1_4",0
"6727af89081bd9f0e0d0973d","FastSlow","2_2",0,"1_5",0
"6727af89081bd9f0e0d0973d","FastSlow","2_3",1,"1_1",1
"6727af89081bd9f0e0d0973d","FastSlow","2_3",1,"1_2",0
"6727af89081bd9f0e0d0973d","FastSlow","2_3",1,"1_3",1
"6727af89081bd9f0e0d0973d","FastSlow","2_3",1,"1_4",0
"6727af89081bd9f0e0d0973d","FastSlow","2_3",1,"1_5",0
"6727af89081bd9f0e0d0973d","FastSlow","2_4",0,"1_1",1
"6727af89081bd9f0e0d0973d","FastSlow","2_4",0,"1_2",0
"6727af89081bd9f0e0d0973d","FastSlow","2_4",0,"1_3",1
"6727af89081bd9f0e0d0973d","FastSlow","2_4",0,"1_4",0
"6727af89081bd9f0e0d0973d","FastSlow","2_4",0,"1_5",0
"6727af89081bd9f0e0d0973d","FastSlow","2_5",0,"1_1",1
"6727af89081bd9f0e0d0973d","FastSlow","2_5",0,"1_2",0
"6727af89081bd9f0e0d0973d","FastSlow","2_5",0,"1_3",1
"6727af89081bd9f0e0d0973d","FastSlow","2_5",0,"1_4",0
"6727af89081bd9f0e0d0973d","FastSlow","2_5",0,"1_5",0
"67e1cbba03e8e106c4823742","SlowFast","2_1",1,"1_1",1
"67e1cbba03e8e106c4823742","SlowFast","2_1",1,"1_2",1
"67e1cbba03e8e106c4823742","SlowFast","2_1",1,"1_3",0
"67e1cbba03e8e106c4823742","SlowFast","2_1",1,"1_4",0
"67e1cbba03e8e106c4823742","SlowFast","2_1",1,"1_5",0
"67e1cbba03e8e106c4823742","SlowFast","2_2",1,"1_1",1
"67e1cbba03e8e106c4823742","SlowFast","2_2",1,"1_2",1
"67e1cbba03e8e106c4823742","SlowFast","2_2",1,"1_3",0
"67e1cbba03e8e106c4823742","SlowFast","2_2",1,"1_4",0
"67e1cbba03e8e106c4823742","SlowFast","2_2",1,"1_5",0
"67e1cbba03e8e106c4823742","SlowFast","2_3",0,"1_1",1
"67e1cbba03e8e106c4823742","SlowFast","2_3",0,"1_2",1
"67e1cbba03e8e106c4823742","SlowFast","2_3",0,"1_3",0
"67e1cbba03e8e106c4823742","SlowFast","2_3",0,"1_4",0
"67e1cbba03e8e106c4823742","SlowFast","2_3",0,"1_5",0
"67e1cbba03e8e106c4823742","SlowFast","2_4",0,"1_1",1
"67e1cbba03e8e106c4823742","SlowFast","2_4",0,"1_2",1
"67e1cbba03e8e106c4823742","SlowFast","2_4",0,"1_3",0
"67e1cbba03e8e106c4823742","SlowFast","2_4",0,"1_4",0
"67e1cbba03e8e106c4823742","SlowFast","2_4",0,"1_5",0
"67e1cbba03e8e106c4823742","SlowFast","2_5",0,"1_1",1
"67e1cbba03e8e106c4823742","SlowFast","2_5",0,"1_2",1
"67e1cbba03e8e106c4823742","SlowFast","2_5",0,"1_3",0
"67e1cbba03e8e106c4823742","SlowFast","2_5",0,"1_4",0
"67e1cbba03e8e106c4823742","SlowFast","2_5",0,"1_5",0
"66585ecc44201efc39f333bc","FastSlow","2_1",0,"1_1",1
"66585ecc44201efc39f333bc","FastSlow","2_1",0,"1_2",0
"66585ecc44201efc39f333bc","FastSlow","2_1",0,"1_3",1
"66585ecc44201efc39f333bc","FastSlow","2_1",0,"1_4",0
"66585ecc44201efc39f333bc","FastSlow","2_1",0,"1_5",0
"66585ecc44201efc39f333bc","FastSlow","2_2",0,"1_1",1
"66585ecc44201efc39f333bc","FastSlow","2_2",0,"1_2",0
"66585ecc44201efc39f333bc","FastSlow","2_2",0,"1_3",1
"66585ecc44201efc39f333bc","FastSlow","2_2",0,"1_4",0
"66585ecc44201efc39f333bc","FastSlow","2_2",0,"1_5",0
"66585ecc44201efc39f333bc","FastSlow","2_3",0,"1_1",1
"66585ecc44201efc39f333bc","FastSlow","2_3",0,"1_2",0
"66585ecc44201efc39f333bc","FastSlow","2_3",0,"1_3",1
"66585ecc44201efc39f333bc","FastSlow","2_3",0,"1_4",0
"66585ecc44201efc39f333bc","FastSlow","2_3",0,"1_5",0
"66585ecc44201efc39f333bc","FastSlow","2_4",0,"1_1",1
"66585ecc44201efc39f333bc","FastSlow","2_4",0,"1_2",0
"66585ecc44201efc39f333bc","FastSlow","2_4",0,"1_3",1
"66585ecc44201efc39f333bc","FastSlow","2_4",0,"1_4",0
"66585ecc44201efc39f333bc","FastSlow","2_4",0,"1_5",0
"66585ecc44201efc39f333bc","FastSlow","2_5",0,"1_1",1
"66585ecc44201efc39f333bc","FastSlow","2_5",0,"1_2",0
"66585ecc44201efc39f333bc","FastSlow","2_5",0,"1_3",1
"66585ecc44201efc39f333bc","FastSlow","2_5",0,"1_4",0
"66585ecc44201efc39f333bc","FastSlow","2_5",0,"1_5",0
"66fc681e947d5e7b1267b9bd","SlowFast","2_1",1,"1_1",1
"66fc681e947d5e7b1267b9bd","SlowFast","2_1",1,"1_2",1
"66fc681e947d5e7b1267b9bd","SlowFast","2_1",1,"1_3",0
"66fc681e947d5e7b1267b9bd","SlowFast","2_1",1,"1_4",1
"66fc681e947d5e7b1267b9bd","SlowFast","2_1",1,"1_5",0
"66fc681e947d5e7b1267b9bd","SlowFast","2_2",1,"1_1",1
"66fc681e947d5e7b1267b9bd","SlowFast","2_2",1,"1_2",1
"66fc681e947d5e7b1267b9bd","SlowFast","2_2",1,"1_3",0
"66fc681e947d5e7b1267b9bd","SlowFast","2_2",1,"1_4",1
"66fc681e947d5e7b1267b9bd","SlowFast","2_2",1,"1_5",0
"66fc681e947d5e7b1267b9bd","SlowFast","2_3",1,"1_1",1
"66fc681e947d5e7b1267b9bd","SlowFast","2_3",1,"1_2",1
"66fc681e947d5e7b1267b9bd","SlowFast","2_3",1,"1_3",0
"66fc681e947d5e7b1267b9bd","SlowFast","2_3",1,"1_4",1
"66fc681e947d5e7b1267b9bd","SlowFast","2_3",1,"1_5",0
"66fc681e947d5e7b1267b9bd","SlowFast","2_4",0,"1_1",1
"66fc681e947d5e7b1267b9bd","SlowFast","2_4",0,"1_2",1
"66fc681e947d5e7b1267b9bd","SlowFast","2_4",0,"1_3",0
"66fc681e947d5e7b1267b9bd","SlowFast","2_4",0,"1_4",1
"66fc681e947d5e7b1267b9bd","SlowFast","2_4",0,"1_5",0
"66fc681e947d5e7b1267b9bd","SlowFast","2_5",0,"1_1",1
"66fc681e947d5e7b1267b9bd","SlowFast","2_5",0,"1_2",1
"66fc681e947d5e7b1267b9bd","SlowFast","2_5",0,"1_3",0
"66fc681e947d5e7b1267b9bd","SlowFast","2_5",0,"1_4",1
"66fc681e947d5e7b1267b9bd","SlowFast","2_5",0,"1_5",0
"675ce427f72ea526d6083376","FastSlow","2_1",1,"1_1",1
"675ce427f72ea526d6083376","FastSlow","2_1",1,"1_2",1
"675ce427f72ea526d6083376","FastSlow","2_1",1,"1_3",0
"675ce427f72ea526d6083376","FastSlow","2_1",1,"1_4",1
"675ce427f72ea526d6083376","FastSlow","2_1",1,"1_5",0
"675ce427f72ea526d6083376","FastSlow","2_2",0,"1_1",1
"675ce427f72ea526d6083376","FastSlow","2_2",0,"1_2",1
"675ce427f72ea526d6083376","FastSlow","2_2",0,"1_3",0
"675ce427f72ea526d6083376","FastSlow","2_2",0,"1_4",1
"675ce427f72ea526d6083376","FastSlow","2_2",0,"1_5",0
"675ce427f72ea526d6083376","FastSlow","2_3",1,"1_1",1
"675ce427f72ea526d6083376","FastSlow","2_3",1,"1_2",1
"675ce427f72ea526d6083376","FastSlow","2_3",1,"1_3",0
"675ce427f72ea526d6083376","FastSlow","2_3",1,"1_4",1
"675ce427f72ea526d6083376","FastSlow","2_3",1,"1_5",0
"675ce427f72ea526d6083376","FastSlow","2_4",0,"1_1",1
"675ce427f72ea526d6083376","FastSlow","2_4",0,"1_2",1
"675ce427f72ea526d6083376","FastSlow","2_4",0,"1_3",0
"675ce427f72ea526d6083376","FastSlow","2_4",0,"1_4",1
"675ce427f72ea526d6083376","FastSlow","2_4",0,"1_5",0
"675ce427f72ea526d6083376","FastSlow","2_5",0,"1_1",1
"675ce427f72ea526d6083376","FastSlow","2_5",0,"1_2",1
"675ce427f72ea526d6083376","FastSlow","2_5",0,"1_3",0
"675ce427f72ea526d6083376","FastSlow","2_5",0,"1_4",1
"675ce427f72ea526d6083376","FastSlow","2_5",0,"1_5",0
"66294f63f8c6d8b938395572","FastSlow","2_1",1,"1_1",1
"66294f63f8c6d8b938395572","FastSlow","2_1",1,"1_2",0
"66294f63f8c6d8b938395572","FastSlow","2_1",1,"1_3",1
"66294f63f8c6d8b938395572","FastSlow","2_1",1,"1_4",0
"66294f63f8c6d8b938395572","FastSlow","2_1",1,"1_5",1
"66294f63f8c6d8b938395572","FastSlow","2_2",1,"1_1",1
"66294f63f8c6d8b938395572","FastSlow","2_2",1,"1_2",0
"66294f63f8c6d8b938395572","FastSlow","2_2",1,"1_3",1
"66294f63f8c6d8b938395572","FastSlow","2_2",1,"1_4",0
"66294f63f8c6d8b938395572","FastSlow","2_2",1,"1_5",1
"66294f63f8c6d8b938395572","FastSlow","2_3",1,"1_1",1
"66294f63f8c6d8b938395572","FastSlow","2_3",1,"1_2",0
"66294f63f8c6d8b938395572","FastSlow","2_3",1,"1_3",1
"66294f63f8c6d8b938395572","FastSlow","2_3",1,"1_4",0
"66294f63f8c6d8b938395572","FastSlow","2_3",1,"1_5",1
"66294f63f8c6d8b938395572","FastSlow","2_4",0,"1_1",1
"66294f63f8c6d8b938395572","FastSlow","2_4",0,"1_2",0
"66294f63f8c6d8b938395572","FastSlow","2_4",0,"1_3",1
"66294f63f8c6d8b938395572","FastSlow","2_4",0,"1_4",0
"66294f63f8c6d8b938395572","FastSlow","2_4",0,"1_5",1
"66294f63f8c6d8b938395572","FastSlow","2_5",0,"1_1",1
"66294f63f8c6d8b938395572","FastSlow","2_5",0,"1_2",0
"66294f63f8c6d8b938395572","FastSlow","2_5",0,"1_3",1
"66294f63f8c6d8b938395572","FastSlow","2_5",0,"1_4",0
"66294f63f8c6d8b938395572","FastSlow","2_5",0,"1_5",1
"63d475f2b52ddc6fbab9ce52","SlowFast","2_1",0,"1_1",1
"63d475f2b52ddc6fbab9ce52","SlowFast","2_1",0,"1_2",0
"63d475f2b52ddc6fbab9ce52","SlowFast","2_1",0,"1_3",0
"63d475f2b52ddc6fbab9ce52","SlowFast","2_1",0,"1_4",0
"63d475f2b52ddc6fbab9ce52","SlowFast","2_1",0,"1_5",0
"63d475f2b52ddc6fbab9ce52","SlowFast","2_2",0,"1_1",1
"63d475f2b52ddc6fbab9ce52","SlowFast","2_2",0,"1_2",0
"63d475f2b52ddc6fbab9ce52","SlowFast","2_2",0,"1_3",0
"63d475f2b52ddc6fbab9ce52","SlowFast","2_2",0,"1_4",0
"63d475f2b52ddc6fbab9ce52","SlowFast","2_2",0,"1_5",0
"63d475f2b52ddc6fbab9ce52","SlowFast","2_3",1,"1_1",1
"63d475f2b52ddc6fbab9ce52","SlowFast","2_3",1,"1_2",0
"63d475f2b52ddc6fbab9ce52","SlowFast","2_3",1,"1_3",0
"63d475f2b52ddc6fbab9ce52","SlowFast","2_3",1,"1_4",0
"63d475f2b52ddc6fbab9ce52","SlowFast","2_3",1,"1_5",0
"63d475f2b52ddc6fbab9ce52","SlowFast","2_4",0,"1_1",1
"63d475f2b52ddc6fbab9ce52","SlowFast","2_4",0,"1_2",0
"63d475f2b52ddc6fbab9ce52","SlowFast","2_4",0,"1_3",0
"63d475f2b52ddc6fbab9ce52","SlowFast","2_4",0,"1_4",0
"63d475f2b52ddc6fbab9ce52","SlowFast","2_4",0,"1_5",0
"63d475f2b52ddc6fbab9ce52","SlowFast","2_5",0,"1_1",1
"63d475f2b52ddc6fbab9ce52","SlowFast","2_5",0,"1_2",0
"63d475f2b52ddc6fbab9ce52","SlowFast","2_5",0,"1_3",0
"63d475f2b52ddc6fbab9ce52","SlowFast","2_5",0,"1_4",0
"63d475f2b52ddc6fbab9ce52","SlowFast","2_5",0,"1_5",0
"66999b706aa1ff4d31fa559a","SlowFast","2_1",1,"1_1",1
"66999b706aa1ff4d31fa559a","SlowFast","2_1",1,"1_2",1
"66999b706aa1ff4d31fa559a","SlowFast","2_1",1,"1_3",1
"66999b706aa1ff4d31fa559a","SlowFast","2_1",1,"1_4",0
"66999b706aa1ff4d31fa559a","SlowFast","2_1",1,"1_5",0
"66999b706aa1ff4d31fa559a","SlowFast","2_2",1,"1_1",1
"66999b706aa1ff4d31fa559a","SlowFast","2_2",1,"1_2",1
"66999b706aa1ff4d31fa559a","SlowFast","2_2",1,"1_3",1
"66999b706aa1ff4d31fa559a","SlowFast","2_2",1,"1_4",0
"66999b706aa1ff4d31fa559a","SlowFast","2_2",1,"1_5",0
"66999b706aa1ff4d31fa559a","SlowFast","2_3",1,"1_1",1
"66999b706aa1ff4d31fa559a","SlowFast","2_3",1,"1_2",1
"66999b706aa1ff4d31fa559a","SlowFast","2_3",1,"1_3",1
"66999b706aa1ff4d31fa559a","SlowFast","2_3",1,"1_4",0
"66999b706aa1ff4d31fa559a","SlowFast","2_3",1,"1_5",0
"66999b706aa1ff4d31fa559a","SlowFast","2_4",0,"1_1",1
"66999b706aa1ff4d31fa559a","SlowFast","2_4",0,"1_2",1
"66999b706aa1ff4d31fa559a","SlowFast","2_4",0,"1_3",1
"66999b706aa1ff4d31fa559a","SlowFast","2_4",0,"1_4",0
"66999b706aa1ff4d31fa559a","SlowFast","2_4",0,"1_5",0
"66999b706aa1ff4d31fa559a","SlowFast","2_5",1,"1_1",1
"66999b706aa1ff4d31fa559a","SlowFast","2_5",1,"1_2",1
"66999b706aa1ff4d31fa559a","SlowFast","2_5",1,"1_3",1
"66999b706aa1ff4d31fa559a","SlowFast","2_5",1,"1_4",0
"66999b706aa1ff4d31fa559a","SlowFast","2_5",1,"1_5",0
"664f69a84a5c11cd7be673de","SlowFast","2_1",1,"1_1",0
"664f69a84a5c11cd7be673de","SlowFast","2_1",1,"1_2",0
"664f69a84a5c11cd7be673de","SlowFast","2_1",1,"1_3",0
"664f69a84a5c11cd7be673de","SlowFast","2_1",1,"1_4",0
"664f69a84a5c11cd7be673de","SlowFast","2_1",1,"1_5",0
"664f69a84a5c11cd7be673de","SlowFast","2_2",1,"1_1",0
"664f69a84a5c11cd7be673de","SlowFast","2_2",1,"1_2",0
"664f69a84a5c11cd7be673de","SlowFast","2_2",1,"1_3",0
"664f69a84a5c11cd7be673de","SlowFast","2_2",1,"1_4",0
"664f69a84a5c11cd7be673de","SlowFast","2_2",1,"1_5",0
"664f69a84a5c11cd7be673de","SlowFast","2_3",0,"1_1",0
"664f69a84a5c11cd7be673de","SlowFast","2_3",0,"1_2",0
"664f69a84a5c11cd7be673de","SlowFast","2_3",0,"1_3",0
"664f69a84a5c11cd7be673de","SlowFast","2_3",0,"1_4",0
"664f69a84a5c11cd7be673de","SlowFast","2_3",0,"1_5",0
"664f69a84a5c11cd7be673de","SlowFast","2_4",0,"1_1",0
"664f69a84a5c11cd7be673de","SlowFast","2_4",0,"1_2",0
"664f69a84a5c11cd7be673de","SlowFast","2_4",0,"1_3",0
"664f69a84a5c11cd7be673de","SlowFast","2_4",0,"1_4",0
"664f69a84a5c11cd7be673de","SlowFast","2_4",0,"1_5",0
"664f69a84a5c11cd7be673de","SlowFast","2_5",0,"1_1",0
"664f69a84a5c11cd7be673de","SlowFast","2_5",0,"1_2",0
"664f69a84a5c11cd7be673de","SlowFast","2_5",0,"1_3",0
"664f69a84a5c11cd7be673de","SlowFast","2_5",0,"1_4",0
"664f69a84a5c11cd7be673de","SlowFast","2_5",0,"1_5",0
"67aa52dcb66d138fca70a211","FastSlow","2_1",1,"1_1",1
"67aa52dcb66d138fca70a211","FastSlow","2_1",1,"1_2",1
"67aa52dcb66d138fca70a211","FastSlow","2_1",1,"1_3",1
"67aa52dcb66d138fca70a211","FastSlow","2_1",1,"1_4",1
"67aa52dcb66d138fca70a211","FastSlow","2_1",1,"1_5",0
"67aa52dcb66d138fca70a211","FastSlow","2_2",1,"1_1",1
"67aa52dcb66d138fca70a211","FastSlow","2_2",1,"1_2",1
"67aa52dcb66d138fca70a211","FastSlow","2_2",1,"1_3",1
"67aa52dcb66d138fca70a211","FastSlow","2_2",1,"1_4",1
"67aa52dcb66d138fca70a211","FastSlow","2_2",1,"1_5",0
"67aa52dcb66d138fca70a211","FastSlow","2_3",1,"1_1",1
"67aa52dcb66d138fca70a211","FastSlow","2_3",1,"1_2",1
"67aa52dcb66d138fca70a211","FastSlow","2_3",1,"1_3",1
"67aa52dcb66d138fca70a211","FastSlow","2_3",1,"1_4",1
"67aa52dcb66d138fca70a211","FastSlow","2_3",1,"1_5",0
"67aa52dcb66d138fca70a211","FastSlow","2_4",1,"1_1",1
"67aa52dcb66d138fca70a211","FastSlow","2_4",1,"1_2",1
"67aa52dcb66d138fca70a211","FastSlow","2_4",1,"1_3",1
"67aa52dcb66d138fca70a211","FastSlow","2_4",1,"1_4",1
"67aa52dcb66d138fca70a211","FastSlow","2_4",1,"1_5",0
"67aa52dcb66d138fca70a211","FastSlow","2_5",0,"1_1",1
"67aa52dcb66d138fca70a211","FastSlow","2_5",0,"1_2",1
"67aa52dcb66d138fca70a211","FastSlow","2_5",0,"1_3",1
"67aa52dcb66d138fca70a211","FastSlow","2_5",0,"1_4",1
"67aa52dcb66d138fca70a211","FastSlow","2_5",0,"1_5",0
"61094de0a1e19ace0ab9d34e","FastSlow","2_1",1,"1_1",1
"61094de0a1e19ace0ab9d34e","FastSlow","2_1",1,"1_2",1
"61094de0a1e19ace0ab9d34e","FastSlow","2_1",1,"1_3",1
"61094de0a1e19ace0ab9d34e","FastSlow","2_1",1,"1_4",1
"61094de0a1e19ace0ab9d34e","FastSlow","2_1",1,"1_5",0
"61094de0a1e19ace0ab9d34e","FastSlow","2_2",1,"1_1",1
"61094de0a1e19ace0ab9d34e","FastSlow","2_2",1,"1_2",1
"61094de0a1e19ace0ab9d34e","FastSlow","2_2",1,"1_3",1
"61094de0a1e19ace0ab9d34e","FastSlow","2_2",1,"1_4",1
"61094de0a1e19ace0ab9d34e","FastSlow","2_2",1,"1_5",0
"61094de0a1e19ace0ab9d34e","FastSlow","2_3",1,"1_1",1
"61094de0a1e19ace0ab9d34e","FastSlow","2_3",1,"1_2",1
"61094de0a1e19ace0ab9d34e","FastSlow","2_3",1,"1_3",1
"61094de0a1e19ace0ab9d34e","FastSlow","2_3",1,"1_4",1
"61094de0a1e19ace0ab9d34e","FastSlow","2_3",1,"1_5",0
"61094de0a1e19ace0ab9d34e","FastSlow","2_4",1,"1_1",1
"61094de0a1e19ace0ab9d34e","FastSlow","2_4",1,"1_2",1
"61094de0a1e19ace0ab9d34e","FastSlow","2_4",1,"1_3",1
"61094de0a1e19ace0ab9d34e","FastSlow","2_4",1,"1_4",1
"61094de0a1e19ace0ab9d34e","FastSlow","2_4",1,"1_5",0
"61094de0a1e19ace0ab9d34e","FastSlow","2_5",0,"1_1",1
"61094de0a1e19ace0ab9d34e","FastSlow","2_5",0,"1_2",1
"61094de0a1e19ace0ab9d34e","FastSlow","2_5",0,"1_3",1
"61094de0a1e19ace0ab9d34e","FastSlow","2_5",0,"1_4",1
"61094de0a1e19ace0ab9d34e","FastSlow","2_5",0,"1_5",0
"67f2b914d702155cbc0a3a2c","SlowFast","2_1",1,"1_1",1
"67f2b914d702155cbc0a3a2c","SlowFast","2_1",1,"1_2",0
"67f2b914d702155cbc0a3a2c","SlowFast","2_1",1,"1_3",1
"67f2b914d702155cbc0a3a2c","SlowFast","2_1",1,"1_4",0
"67f2b914d702155cbc0a3a2c","SlowFast","2_1",1,"1_5",0
"67f2b914d702155cbc0a3a2c","SlowFast","2_2",1,"1_1",1
"67f2b914d702155cbc0a3a2c","SlowFast","2_2",1,"1_2",0
"67f2b914d702155cbc0a3a2c","SlowFast","2_2",1,"1_3",1
"67f2b914d702155cbc0a3a2c","SlowFast","2_2",1,"1_4",0
"67f2b914d702155cbc0a3a2c","SlowFast","2_2",1,"1_5",0
"67f2b914d702155cbc0a3a2c","SlowFast","2_3",1,"1_1",1
"67f2b914d702155cbc0a3a2c","SlowFast","2_3",1,"1_2",0
"67f2b914d702155cbc0a3a2c","SlowFast","2_3",1,"1_3",1
"67f2b914d702155cbc0a3a2c","SlowFast","2_3",1,"1_4",0
"67f2b914d702155cbc0a3a2c","SlowFast","2_3",1,"1_5",0
"67f2b914d702155cbc0a3a2c","SlowFast","2_4",0,"1_1",1
"67f2b914d702155cbc0a3a2c","SlowFast","2_4",0,"1_2",0
"67f2b914d702155cbc0a3a2c","SlowFast","2_4",0,"1_3",1
"67f2b914d702155cbc0a3a2c","SlowFast","2_4",0,"1_4",0
"67f2b914d702155cbc0a3a2c","SlowFast","2_4",0,"1_5",0
"67f2b914d702155cbc0a3a2c","SlowFast","2_5",0,"1_1",1
"67f2b914d702155cbc0a3a2c","SlowFast","2_5",0,"1_2",0
"67f2b914d702155cbc0a3a2c","SlowFast","2_5",0,"1_3",1
"67f2b914d702155cbc0a3a2c","SlowFast","2_5",0,"1_4",0
"67f2b914d702155cbc0a3a2c","SlowFast","2_5",0,"1_5",0
"678fb27da761658c9c8f2bd5","FastSlow","2_1",1,"1_1",1
"678fb27da761658c9c8f2bd5","FastSlow","2_1",1,"1_2",1
"678fb27da761658c9c8f2bd5","FastSlow","2_1",1,"1_3",0
"678fb27da761658c9c8f2bd5","FastSlow","2_1",1,"1_4",0
"678fb27da761658c9c8f2bd5","FastSlow","2_1",1,"1_5",0
"678fb27da761658c9c8f2bd5","FastSlow","2_2",1,"1_1",1
"678fb27da761658c9c8f2bd5","FastSlow","2_2",1,"1_2",1
"678fb27da761658c9c8f2bd5","FastSlow","2_2",1,"1_3",0
"678fb27da761658c9c8f2bd5","FastSlow","2_2",1,"1_4",0
"678fb27da761658c9c8f2bd5","FastSlow","2_2",1,"1_5",0
"678fb27da761658c9c8f2bd5","FastSlow","2_3",1,"1_1",1
"678fb27da761658c9c8f2bd5","FastSlow","2_3",1,"1_2",1
"678fb27da761658c9c8f2bd5","FastSlow","2_3",1,"1_3",0
"678fb27da761658c9c8f2bd5","FastSlow","2_3",1,"1_4",0
"678fb27da761658c9c8f2bd5","FastSlow","2_3",1,"1_5",0
"678fb27da761658c9c8f2bd5","FastSlow","2_4",0,"1_1",1
"678fb27da761658c9c8f2bd5","FastSlow","2_4",0,"1_2",1
"678fb27da761658c9c8f2bd5","FastSlow","2_4",0,"1_3",0
"678fb27da761658c9c8f2bd5","FastSlow","2_4",0,"1_4",0
"678fb27da761658c9c8f2bd5","FastSlow","2_4",0,"1_5",0
"678fb27da761658c9c8f2bd5","FastSlow","2_5",0,"1_1",1
"678fb27da761658c9c8f2bd5","FastSlow","2_5",0,"1_2",1
"678fb27da761658c9c8f2bd5","FastSlow","2_5",0,"1_3",0
"678fb27da761658c9c8f2bd5","FastSlow","2_5",0,"1_4",0
"678fb27da761658c9c8f2bd5","FastSlow","2_5",0,"1_5",0
"672952039185e26840dba650","FastSlow","2_1",1,"1_1",1
"672952039185e26840dba650","FastSlow","2_1",1,"1_2",1
"672952039185e26840dba650","FastSlow","2_1",1,"1_3",0
"672952039185e26840dba650","FastSlow","2_1",1,"1_4",0
"672952039185e26840dba650","FastSlow","2_1",1,"1_5",0
"672952039185e26840dba650","FastSlow","2_2",0,"1_1",1
"672952039185e26840dba650","FastSlow","2_2",0,"1_2",1
"672952039185e26840dba650","FastSlow","2_2",0,"1_3",0
"672952039185e26840dba650","FastSlow","2_2",0,"1_4",0
"672952039185e26840dba650","FastSlow","2_2",0,"1_5",0
"672952039185e26840dba650","FastSlow","2_3",0,"1_1",1
"672952039185e26840dba650","FastSlow","2_3",0,"1_2",1
"672952039185e26840dba650","FastSlow","2_3",0,"1_3",0
"672952039185e26840dba650","FastSlow","2_3",0,"1_4",0
"672952039185e26840dba650","FastSlow","2_3",0,"1_5",0
"672952039185e26840dba650","FastSlow","2_4",0,"1_1",1
"672952039185e26840dba650","FastSlow","2_4",0,"1_2",1
"672952039185e26840dba650","FastSlow","2_4",0,"1_3",0
"672952039185e26840dba650","FastSlow","2_4",0,"1_4",0
"672952039185e26840dba650","FastSlow","2_4",0,"1_5",0
"672952039185e26840dba650","FastSlow","2_5",0,"1_1",1
"672952039185e26840dba650","FastSlow","2_5",0,"1_2",1
"672952039185e26840dba650","FastSlow","2_5",0,"1_3",0
"672952039185e26840dba650","FastSlow","2_5",0,"1_4",0
"672952039185e26840dba650","FastSlow","2_5",0,"1_5",0
"666bb3c2a3d285b44af2b25d","SlowFast","2_1",1,"1_1",1
"666bb3c2a3d285b44af2b25d","SlowFast","2_1",1,"1_2",1
"666bb3c2a3d285b44af2b25d","SlowFast","2_1",1,"1_3",1
"666bb3c2a3d285b44af2b25d","SlowFast","2_1",1,"1_4",0
"666bb3c2a3d285b44af2b25d","SlowFast","2_1",1,"1_5",0
"666bb3c2a3d285b44af2b25d","SlowFast","2_2",1,"1_1",1
"666bb3c2a3d285b44af2b25d","SlowFast","2_2",1,"1_2",1
"666bb3c2a3d285b44af2b25d","SlowFast","2_2",1,"1_3",1
"666bb3c2a3d285b44af2b25d","SlowFast","2_2",1,"1_4",0
"666bb3c2a3d285b44af2b25d","SlowFast","2_2",1,"1_5",0
"666bb3c2a3d285b44af2b25d","SlowFast","2_3",1,"1_1",1
"666bb3c2a3d285b44af2b25d","SlowFast","2_3",1,"1_2",1
"666bb3c2a3d285b44af2b25d","SlowFast","2_3",1,"1_3",1
"666bb3c2a3d285b44af2b25d","SlowFast","2_3",1,"1_4",0
"666bb3c2a3d285b44af2b25d","SlowFast","2_3",1,"1_5",0
"666bb3c2a3d285b44af2b25d","SlowFast","2_4",0,"1_1",1
"666bb3c2a3d285b44af2b25d","SlowFast","2_4",0,"1_2",1
"666bb3c2a3d285b44af2b25d","SlowFast","2_4",0,"1_3",1
"666bb3c2a3d285b44af2b25d","SlowFast","2_4",0,"1_4",0
"666bb3c2a3d285b44af2b25d","SlowFast","2_4",0,"1_5",0
"666bb3c2a3d285b44af2b25d","SlowFast","2_5",0,"1_1",1
"666bb3c2a3d285b44af2b25d","SlowFast","2_5",0,"1_2",1
"666bb3c2a3d285b44af2b25d","SlowFast","2_5",0,"1_3",1
"666bb3c2a3d285b44af2b25d","SlowFast","2_5",0,"1_4",0
"666bb3c2a3d285b44af2b25d","SlowFast","2_5",0,"1_5",0
"664493c2f8a40a43beacc839","SlowFast","2_1",0,"1_1",0
"664493c2f8a40a43beacc839","SlowFast","2_1",0,"1_2",0
"664493c2f8a40a43beacc839","SlowFast","2_1",0,"1_3",0
"664493c2f8a40a43beacc839","SlowFast","2_1",0,"1_4",0
"664493c2f8a40a43beacc839","SlowFast","2_1",0,"1_5",0
"664493c2f8a40a43beacc839","SlowFast","2_2",0,"1_1",0
"664493c2f8a40a43beacc839","SlowFast","2_2",0,"1_2",0
"664493c2f8a40a43beacc839","SlowFast","2_2",0,"1_3",0
"664493c2f8a40a43beacc839","SlowFast","2_2",0,"1_4",0
"664493c2f8a40a43beacc839","SlowFast","2_2",0,"1_5",0
"664493c2f8a40a43beacc839","SlowFast","2_3",0,"1_1",0
"664493c2f8a40a43beacc839","SlowFast","2_3",0,"1_2",0
"664493c2f8a40a43beacc839","SlowFast","2_3",0,"1_3",0
"664493c2f8a40a43beacc839","SlowFast","2_3",0,"1_4",0
"664493c2f8a40a43beacc839","SlowFast","2_3",0,"1_5",0
"664493c2f8a40a43beacc839","SlowFast","2_4",0,"1_1",0
"664493c2f8a40a43beacc839","SlowFast","2_4",0,"1_2",0
"664493c2f8a40a43beacc839","SlowFast","2_4",0,"1_3",0
"664493c2f8a40a43beacc839","SlowFast","2_4",0,"1_4",0
"664493c2f8a40a43beacc839","SlowFast","2_4",0,"1_5",0
"664493c2f8a40a43beacc839","SlowFast","2_5",0,"1_1",0
"664493c2f8a40a43beacc839","SlowFast","2_5",0,"1_2",0
"664493c2f8a40a43beacc839","SlowFast","2_5",0,"1_3",0
"664493c2f8a40a43beacc839","SlowFast","2_5",0,"1_4",0
"664493c2f8a40a43beacc839","SlowFast","2_5",0,"1_5",0
"672a6f5fc7bda7ce7ce814a7","SlowFast","2_1",1,"1_1",1
"672a6f5fc7bda7ce7ce814a7","SlowFast","2_1",1,"1_2",1
"672a6f5fc7bda7ce7ce814a7","SlowFast","2_1",1,"1_3",0
"672a6f5fc7bda7ce7ce814a7","SlowFast","2_1",1,"1_4",1
"672a6f5fc7bda7ce7ce814a7","SlowFast","2_1",1,"1_5",0
"672a6f5fc7bda7ce7ce814a7","SlowFast","2_2",1,"1_1",1
"672a6f5fc7bda7ce7ce814a7","SlowFast","2_2",1,"1_2",1
"672a6f5fc7bda7ce7ce814a7","SlowFast","2_2",1,"1_3",0
"672a6f5fc7bda7ce7ce814a7","SlowFast","2_2",1,"1_4",1
"672a6f5fc7bda7ce7ce814a7","SlowFast","2_2",1,"1_5",0
"672a6f5fc7bda7ce7ce814a7","SlowFast","2_3",0,"1_1",1
"672a6f5fc7bda7ce7ce814a7","SlowFast","2_3",0,"1_2",1
"672a6f5fc7bda7ce7ce814a7","SlowFast","2_3",0,"1_3",0
"672a6f5fc7bda7ce7ce814a7","SlowFast","2_3",0,"1_4",1
"672a6f5fc7bda7ce7ce814a7","SlowFast","2_3",0,"1_5",0
"672a6f5fc7bda7ce7ce814a7","SlowFast","2_4",1,"1_1",1
"672a6f5fc7bda7ce7ce814a7","SlowFast","2_4",1,"1_2",1
"672a6f5fc7bda7ce7ce814a7","SlowFast","2_4",1,"1_3",0
"672a6f5fc7bda7ce7ce814a7","SlowFast","2_4",1,"1_4",1
"672a6f5fc7bda7ce7ce814a7","SlowFast","2_4",1,"1_5",0
"672a6f5fc7bda7ce7ce814a7","SlowFast","2_5",0,"1_1",1
"672a6f5fc7bda7ce7ce814a7","SlowFast","2_5",0,"1_2",1
"672a6f5fc7bda7ce7ce814a7","SlowFast","2_5",0,"1_3",0
"672a6f5fc7bda7ce7ce814a7","SlowFast","2_5",0,"1_4",1
"672a6f5fc7bda7ce7ce814a7","SlowFast","2_5",0,"1_5",0
"665a234c97c127c4605a9be1","FastSlow","2_1",1,"1_1",1
"665a234c97c127c4605a9be1","FastSlow","2_1",1,"1_2",0
"665a234c97c127c4605a9be1","FastSlow","2_1",1,"1_3",1
"665a234c97c127c4605a9be1","FastSlow","2_1",1,"1_4",1
"665a234c97c127c4605a9be1","FastSlow","2_1",1,"1_5",0
"665a234c97c127c4605a9be1","FastSlow","2_2",1,"1_1",1
"665a234c97c127c4605a9be1","FastSlow","2_2",1,"1_2",0
"665a234c97c127c4605a9be1","FastSlow","2_2",1,"1_3",1
"665a234c97c127c4605a9be1","FastSlow","2_2",1,"1_4",1
"665a234c97c127c4605a9be1","FastSlow","2_2",1,"1_5",0
"665a234c97c127c4605a9be1","FastSlow","2_3",1,"1_1",1
"665a234c97c127c4605a9be1","FastSlow","2_3",1,"1_2",0
"665a234c97c127c4605a9be1","FastSlow","2_3",1,"1_3",1
"665a234c97c127c4605a9be1","FastSlow","2_3",1,"1_4",1
"665a234c97c127c4605a9be1","FastSlow","2_3",1,"1_5",0
"665a234c97c127c4605a9be1","FastSlow","2_4",0,"1_1",1
"665a234c97c127c4605a9be1","FastSlow","2_4",0,"1_2",0
"665a234c97c127c4605a9be1","FastSlow","2_4",0,"1_3",1
"665a234c97c127c4605a9be1","FastSlow","2_4",0,"1_4",1
"665a234c97c127c4605a9be1","FastSlow","2_4",0,"1_5",0
"665a234c97c127c4605a9be1","FastSlow","2_5",0,"1_1",1
"665a234c97c127c4605a9be1","FastSlow","2_5",0,"1_2",0
"665a234c97c127c4605a9be1","FastSlow","2_5",0,"1_3",1
"665a234c97c127c4605a9be1","FastSlow","2_5",0,"1_4",1
"665a234c97c127c4605a9be1","FastSlow","2_5",0,"1_5",0
"66d40e332be72e1fc3f10994","FastSlow","2_1",0,"1_1",0
"66d40e332be72e1fc3f10994","FastSlow","2_1",0,"1_2",0
"66d40e332be72e1fc3f10994","FastSlow","2_1",0,"1_3",1
"66d40e332be72e1fc3f10994","FastSlow","2_1",0,"1_4",0
"66d40e332be72e1fc3f10994","FastSlow","2_1",0,"1_5",0
"66d40e332be72e1fc3f10994","FastSlow","2_2",0,"1_1",0
"66d40e332be72e1fc3f10994","FastSlow","2_2",0,"1_2",0
"66d40e332be72e1fc3f10994","FastSlow","2_2",0,"1_3",1
"66d40e332be72e1fc3f10994","FastSlow","2_2",0,"1_4",0
"66d40e332be72e1fc3f10994","FastSlow","2_2",0,"1_5",0
"66d40e332be72e1fc3f10994","FastSlow","2_3",0,"1_1",0
"66d40e332be72e1fc3f10994","FastSlow","2_3",0,"1_2",0
"66d40e332be72e1fc3f10994","FastSlow","2_3",0,"1_3",1
"66d40e332be72e1fc3f10994","FastSlow","2_3",0,"1_4",0
"66d40e332be72e1fc3f10994","FastSlow","2_3",0,"1_5",0
"66d40e332be72e1fc3f10994","FastSlow","2_4",0,"1_1",0
"66d40e332be72e1fc3f10994","FastSlow","2_4",0,"1_2",0
"66d40e332be72e1fc3f10994","FastSlow","2_4",0,"1_3",1
"66d40e332be72e1fc3f10994","FastSlow","2_4",0,"1_4",0
"66d40e332be72e1fc3f10994","FastSlow","2_4",0,"1_5",0
"66d40e332be72e1fc3f10994","FastSlow","2_5",0,"1_1",0
"66d40e332be72e1fc3f10994","FastSlow","2_5",0,"1_2",0
"66d40e332be72e1fc3f10994","FastSlow","2_5",0,"1_3",1
"66d40e332be72e1fc3f10994","FastSlow","2_5",0,"1_4",0
"66d40e332be72e1fc3f10994","FastSlow","2_5",0,"1_5",0
"671dda0e45e76f35ce05de62","SlowFast","2_1",0,"1_1",0
"671dda0e45e76f35ce05de62","SlowFast","2_1",0,"1_2",0
"671dda0e45e76f35ce05de62","SlowFast","2_1",0,"1_3",0
"671dda0e45e76f35ce05de62","SlowFast","2_1",0,"1_4",0
"671dda0e45e76f35ce05de62","SlowFast","2_1",0,"1_5",0
"671dda0e45e76f35ce05de62","SlowFast","2_2",0,"1_1",0
"671dda0e45e76f35ce05de62","SlowFast","2_2",0,"1_2",0
"671dda0e45e76f35ce05de62","SlowFast","2_2",0,"1_3",0
"671dda0e45e76f35ce05de62","SlowFast","2_2",0,"1_4",0
"671dda0e45e76f35ce05de62","SlowFast","2_2",0,"1_5",0
"671dda0e45e76f35ce05de62","SlowFast","2_3",0,"1_1",0
"671dda0e45e76f35ce05de62","SlowFast","2_3",0,"1_2",0
"671dda0e45e76f35ce05de62","SlowFast","2_3",0,"1_3",0
"671dda0e45e76f35ce05de62","SlowFast","2_3",0,"1_4",0
"671dda0e45e76f35ce05de62","SlowFast","2_3",0,"1_5",0
"671dda0e45e76f35ce05de62","SlowFast","2_4",0,"1_1",0
"671dda0e45e76f35ce05de62","SlowFast","2_4",0,"1_2",0
"671dda0e45e76f35ce05de62","SlowFast","2_4",0,"1_3",0
"671dda0e45e76f35ce05de62","SlowFast","2_4",0,"1_4",0
"671dda0e45e76f35ce05de62","SlowFast","2_4",0,"1_5",0
"671dda0e45e76f35ce05de62","SlowFast","2_5",0,"1_1",0
"671dda0e45e76f35ce05de62","SlowFast","2_5",0,"1_2",0
"671dda0e45e76f35ce05de62","SlowFast","2_5",0,"1_3",0
"671dda0e45e76f35ce05de62","SlowFast","2_5",0,"1_4",0
"671dda0e45e76f35ce05de62","SlowFast","2_5",0,"1_5",0
"667041824bfac26003bcc3cd","SlowFast","2_1",1,"1_1",1
"667041824bfac26003bcc3cd","SlowFast","2_1",1,"1_2",0
"667041824bfac26003bcc3cd","SlowFast","2_1",1,"1_3",0
"667041824bfac26003bcc3cd","SlowFast","2_1",1,"1_4",0
"667041824bfac26003bcc3cd","SlowFast","2_1",1,"1_5",0
"667041824bfac26003bcc3cd","SlowFast","2_2",0,"1_1",1
"667041824bfac26003bcc3cd","SlowFast","2_2",0,"1_2",0
"667041824bfac26003bcc3cd","SlowFast","2_2",0,"1_3",0
"667041824bfac26003bcc3cd","SlowFast","2_2",0,"1_4",0
"667041824bfac26003bcc3cd","SlowFast","2_2",0,"1_5",0
"667041824bfac26003bcc3cd","SlowFast","2_3",1,"1_1",1
"667041824bfac26003bcc3cd","SlowFast","2_3",1,"1_2",0
"667041824bfac26003bcc3cd","SlowFast","2_3",1,"1_3",0
"667041824bfac26003bcc3cd","SlowFast","2_3",1,"1_4",0
"667041824bfac26003bcc3cd","SlowFast","2_3",1,"1_5",0
"667041824bfac26003bcc3cd","SlowFast","2_4",0,"1_1",1
"667041824bfac26003bcc3cd","SlowFast","2_4",0,"1_2",0
"667041824bfac26003bcc3cd","SlowFast","2_4",0,"1_3",0
"667041824bfac26003bcc3cd","SlowFast","2_4",0,"1_4",0
"667041824bfac26003bcc3cd","SlowFast","2_4",0,"1_5",0
"667041824bfac26003bcc3cd","SlowFast","2_5",0,"1_1",1
"667041824bfac26003bcc3cd","SlowFast","2_5",0,"1_2",0
"667041824bfac26003bcc3cd","SlowFast","2_5",0,"1_3",0
"667041824bfac26003bcc3cd","SlowFast","2_5",0,"1_4",0
"667041824bfac26003bcc3cd","SlowFast","2_5",0,"1_5",0
"677454d2ffb9721d9469456a","FastSlow","2_1",1,"1_1",1
"677454d2ffb9721d9469456a","FastSlow","2_1",1,"1_2",1
"677454d2ffb9721d9469456a","FastSlow","2_1",1,"1_3",1
"677454d2ffb9721d9469456a","FastSlow","2_1",1,"1_4",1
"677454d2ffb9721d9469456a","FastSlow","2_1",1,"1_5",0
"677454d2ffb9721d9469456a","FastSlow","2_2",1,"1_1",1
"677454d2ffb9721d9469456a","FastSlow","2_2",1,"1_2",1
"677454d2ffb9721d9469456a","FastSlow","2_2",1,"1_3",1
"677454d2ffb9721d9469456a","FastSlow","2_2",1,"1_4",1
"677454d2ffb9721d9469456a","FastSlow","2_2",1,"1_5",0
"677454d2ffb9721d9469456a","FastSlow","2_3",1,"1_1",1
"677454d2ffb9721d9469456a","FastSlow","2_3",1,"1_2",1
"677454d2ffb9721d9469456a","FastSlow","2_3",1,"1_3",1
"677454d2ffb9721d9469456a","FastSlow","2_3",1,"1_4",1
"677454d2ffb9721d9469456a","FastSlow","2_3",1,"1_5",0
"677454d2ffb9721d9469456a","FastSlow","2_4",1,"1_1",1
"677454d2ffb9721d9469456a","FastSlow","2_4",1,"1_2",1
"677454d2ffb9721d9469456a","FastSlow","2_4",1,"1_3",1
"677454d2ffb9721d9469456a","FastSlow","2_4",1,"1_4",1
"677454d2ffb9721d9469456a","FastSlow","2_4",1,"1_5",0
"677454d2ffb9721d9469456a","FastSlow","2_5",0,"1_1",1
"677454d2ffb9721d9469456a","FastSlow","2_5",0,"1_2",1
"677454d2ffb9721d9469456a","FastSlow","2_5",0,"1_3",1
"677454d2ffb9721d9469456a","FastSlow","2_5",0,"1_4",1
"677454d2ffb9721d9469456a","FastSlow","2_5",0,"1_5",0
"6929d6581f54fd39c4c59891","FastSlow","2_1",1,"1_1",1
"6929d6581f54fd39c4c59891","FastSlow","2_1",1,"1_2",1
"6929d6581f54fd39c4c59891","FastSlow","2_1",1,"1_3",1
"6929d6581f54fd39c4c59891","FastSlow","2_1",1,"1_4",1
"6929d6581f54fd39c4c59891","FastSlow","2_1",1,"1_5",0
"6929d6581f54fd39c4c59891","FastSlow","2_2",0,"1_1",1
"6929d6581f54fd39c4c59891","FastSlow","2_2",0,"1_2",1
"6929d6581f54fd39c4c59891","FastSlow","2_2",0,"1_3",1
"6929d6581f54fd39c4c59891","FastSlow","2_2",0,"1_4",1
"6929d6581f54fd39c4c59891","FastSlow","2_2",0,"1_5",0
"6929d6581f54fd39c4c59891","FastSlow","2_3",1,"1_1",1
"6929d6581f54fd39c4c59891","FastSlow","2_3",1,"1_2",1
"6929d6581f54fd39c4c59891","FastSlow","2_3",1,"1_3",1
"6929d6581f54fd39c4c59891","FastSlow","2_3",1,"1_4",1
"6929d6581f54fd39c4c59891","FastSlow","2_3",1,"1_5",0
"6929d6581f54fd39c4c59891","FastSlow","2_4",0,"1_1",1
"6929d6581f54fd39c4c59891","FastSlow","2_4",0,"1_2",1
"6929d6581f54fd39c4c59891","FastSlow","2_4",0,"1_3",1
"6929d6581f54fd39c4c59891","FastSlow","2_4",0,"1_4",1
"6929d6581f54fd39c4c59891","FastSlow","2_4",0,"1_5",0
"6929d6581f54fd39c4c59891","FastSlow","2_5",0,"1_1",1
"6929d6581f54fd39c4c59891","FastSlow","2_5",0,"1_2",1
"6929d6581f54fd39c4c59891","FastSlow","2_5",0,"1_3",1
"6929d6581f54fd39c4c59891","FastSlow","2_5",0,"1_4",1
"6929d6581f54fd39c4c59891","FastSlow","2_5",0,"1_5",0
"5e98e245aa25c6120f522a40","SlowFast","2_1",1,"1_1",1
"5e98e245aa25c6120f522a40","SlowFast","2_1",1,"1_2",0
"5e98e245aa25c6120f522a40","SlowFast","2_1",1,"1_3",1
"5e98e245aa25c6120f522a40","SlowFast","2_1",1,"1_4",0
"5e98e245aa25c6120f522a40","SlowFast","2_1",1,"1_5",0
"5e98e245aa25c6120f522a40","SlowFast","2_2",1,"1_1",1
"5e98e245aa25c6120f522a40","SlowFast","2_2",1,"1_2",0
"5e98e245aa25c6120f522a40","SlowFast","2_2",1,"1_3",1
"5e98e245aa25c6120f522a40","SlowFast","2_2",1,"1_4",0
"5e98e245aa25c6120f522a40","SlowFast","2_2",1,"1_5",0
"5e98e245aa25c6120f522a40","SlowFast","2_3",1,"1_1",1
"5e98e245aa25c6120f522a40","SlowFast","2_3",1,"1_2",0
"5e98e245aa25c6120f522a40","SlowFast","2_3",1,"1_3",1
"5e98e245aa25c6120f522a40","SlowFast","2_3",1,"1_4",0
"5e98e245aa25c6120f522a40","SlowFast","2_3",1,"1_5",0
"5e98e245aa25c6120f522a40","SlowFast","2_4",0,"1_1",1
"5e98e245aa25c6120f522a40","SlowFast","2_4",0,"1_2",0
"5e98e245aa25c6120f522a40","SlowFast","2_4",0,"1_3",1
"5e98e245aa25c6120f522a40","SlowFast","2_4",0,"1_4",0
"5e98e245aa25c6120f522a40","SlowFast","2_4",0,"1_5",0
"5e98e245aa25c6120f522a40","SlowFast","2_5",0,"1_1",1
"5e98e245aa25c6120f522a40","SlowFast","2_5",0,"1_2",0
"5e98e245aa25c6120f522a40","SlowFast","2_5",0,"1_3",1
"5e98e245aa25c6120f522a40","SlowFast","2_5",0,"1_4",0
"5e98e245aa25c6120f522a40","SlowFast","2_5",0,"1_5",0
"67ba6209a0c1d8cdbc36fe90","SlowFast","2_1",1,"1_1",1
"67ba6209a0c1d8cdbc36fe90","SlowFast","2_1",1,"1_2",1
"67ba6209a0c1d8cdbc36fe90","SlowFast","2_1",1,"1_3",1
"67ba6209a0c1d8cdbc36fe90","SlowFast","2_1",1,"1_4",0
"67ba6209a0c1d8cdbc36fe90","SlowFast","2_1",1,"1_5",0
"67ba6209a0c1d8cdbc36fe90","SlowFast","2_2",1,"1_1",1
"67ba6209a0c1d8cdbc36fe90","SlowFast","2_2",1,"1_2",1
"67ba6209a0c1d8cdbc36fe90","SlowFast","2_2",1,"1_3",1
"67ba6209a0c1d8cdbc36fe90","SlowFast","2_2",1,"1_4",0
"67ba6209a0c1d8cdbc36fe90","SlowFast","2_2",1,"1_5",0
"67ba6209a0c1d8cdbc36fe90","SlowFast","2_3",1,"1_1",1
"67ba6209a0c1d8cdbc36fe90","SlowFast","2_3",1,"1_2",1
"67ba6209a0c1d8cdbc36fe90","SlowFast","2_3",1,"1_3",1
"67ba6209a0c1d8cdbc36fe90","SlowFast","2_3",1,"1_4",0
"67ba6209a0c1d8cdbc36fe90","SlowFast","2_3",1,"1_5",0
"67ba6209a0c1d8cdbc36fe90","SlowFast","2_4",1,"1_1",1
"67ba6209a0c1d8cdbc36fe90","SlowFast","2_4",1,"1_2",1
"67ba6209a0c1d8cdbc36fe90","SlowFast","2_4",1,"1_3",1
"67ba6209a0c1d8cdbc36fe90","SlowFast","2_4",1,"1_4",0
"67ba6209a0c1d8cdbc36fe90","SlowFast","2_4",1,"1_5",0
"67ba6209a0c1d8cdbc36fe90","SlowFast","2_5",1,"1_1",1
"67ba6209a0c1d8cdbc36fe90","SlowFast","2_5",1,"1_2",1
"67ba6209a0c1d8cdbc36fe90","SlowFast","2_5",1,"1_3",1
"67ba6209a0c1d8cdbc36fe90","SlowFast","2_5",1,"1_4",0
"67ba6209a0c1d8cdbc36fe90","SlowFast","2_5",1,"1_5",0
"65c10da7fa8fd299fde6c305","SlowFast","2_1",1,"1_1",1
"65c10da7fa8fd299fde6c305","SlowFast","2_1",1,"1_2",1
"65c10da7fa8fd299fde6c305","SlowFast","2_1",1,"1_3",0
"65c10da7fa8fd299fde6c305","SlowFast","2_1",1,"1_4",1
"65c10da7fa8fd299fde6c305","SlowFast","2_1",1,"1_5",0
"65c10da7fa8fd299fde6c305","SlowFast","2_2",1,"1_1",1
"65c10da7fa8fd299fde6c305","SlowFast","2_2",1,"1_2",1
"65c10da7fa8fd299fde6c305","SlowFast","2_2",1,"1_3",0
"65c10da7fa8fd299fde6c305","SlowFast","2_2",1,"1_4",1
"65c10da7fa8fd299fde6c305","SlowFast","2_2",1,"1_5",0
"65c10da7fa8fd299fde6c305","SlowFast","2_3",1,"1_1",1
"65c10da7fa8fd299fde6c305","SlowFast","2_3",1,"1_2",1
"65c10da7fa8fd299fde6c305","SlowFast","2_3",1,"1_3",0
"65c10da7fa8fd299fde6c305","SlowFast","2_3",1,"1_4",1
"65c10da7fa8fd299fde6c305","SlowFast","2_3",1,"1_5",0
"65c10da7fa8fd299fde6c305","SlowFast","2_4",1,"1_1",1
"65c10da7fa8fd299fde6c305","SlowFast","2_4",1,"1_2",1
"65c10da7fa8fd299fde6c305","SlowFast","2_4",1,"1_3",0
"65c10da7fa8fd299fde6c305","SlowFast","2_4",1,"1_4",1
"65c10da7fa8fd299fde6c305","SlowFast","2_4",1,"1_5",0
"65c10da7fa8fd299fde6c305","SlowFast","2_5",0,"1_1",1
"65c10da7fa8fd299fde6c305","SlowFast","2_5",0,"1_2",1
"65c10da7fa8fd299fde6c305","SlowFast","2_5",0,"1_3",0
"65c10da7fa8fd299fde6c305","SlowFast","2_5",0,"1_4",1
"65c10da7fa8fd299fde6c305","SlowFast","2_5",0,"1_5",0
"65da8418470cd3b65bb2a415","SlowFast","2_1",0,"1_1",1
"65da8418470cd3b65bb2a415","SlowFast","2_1",0,"1_2",0
"65da8418470cd3b65bb2a415","SlowFast","2_1",0,"1_3",0
"65da8418470cd3b65bb2a415","SlowFast","2_1",0,"1_4",0
"65da8418470cd3b65bb2a415","SlowFast","2_1",0,"1_5",0
"65da8418470cd3b65bb2a415","SlowFast","2_2",0,"1_1",1
"65da8418470cd3b65bb2a415","SlowFast","2_2",0,"1_2",0
"65da8418470cd3b65bb2a415","SlowFast","2_2",0,"1_3",0
"65da8418470cd3b65bb2a415","SlowFast","2_2",0,"1_4",0
"65da8418470cd3b65bb2a415","SlowFast","2_2",0,"1_5",0
"65da8418470cd3b65bb2a415","SlowFast","2_3",0,"1_1",1
"65da8418470cd3b65bb2a415","SlowFast","2_3",0,"1_2",0
"65da8418470cd3b65bb2a415","SlowFast","2_3",0,"1_3",0
"65da8418470cd3b65bb2a415","SlowFast","2_3",0,"1_4",0
"65da8418470cd3b65bb2a415","SlowFast","2_3",0,"1_5",0
"65da8418470cd3b65bb2a415","SlowFast","2_4",0,"1_1",1
"65da8418470cd3b65bb2a415","SlowFast","2_4",0,"1_2",0
"65da8418470cd3b65bb2a415","SlowFast","2_4",0,"1_3",0
"65da8418470cd3b65bb2a415","SlowFast","2_4",0,"1_4",0
"65da8418470cd3b65bb2a415","SlowFast","2_4",0,"1_5",0
"65da8418470cd3b65bb2a415","SlowFast","2_5",0,"1_1",1
"65da8418470cd3b65bb2a415","SlowFast","2_5",0,"1_2",0
"65da8418470cd3b65bb2a415","SlowFast","2_5",0,"1_3",0
"65da8418470cd3b65bb2a415","SlowFast","2_5",0,"1_4",0
"65da8418470cd3b65bb2a415","SlowFast","2_5",0,"1_5",0
"60fdca90f099eae5d18ad2ef","FastSlow","2_1",0,"1_1",1
"60fdca90f099eae5d18ad2ef","FastSlow","2_1",0,"1_2",0
"60fdca90f099eae5d18ad2ef","FastSlow","2_1",0,"1_3",1
"60fdca90f099eae5d18ad2ef","FastSlow","2_1",0,"1_4",0
"60fdca90f099eae5d18ad2ef","FastSlow","2_1",0,"1_5",0
"60fdca90f099eae5d18ad2ef","FastSlow","2_2",1,"1_1",1
"60fdca90f099eae5d18ad2ef","FastSlow","2_2",1,"1_2",0
"60fdca90f099eae5d18ad2ef","FastSlow","2_2",1,"1_3",1
"60fdca90f099eae5d18ad2ef","FastSlow","2_2",1,"1_4",0
"60fdca90f099eae5d18ad2ef","FastSlow","2_2",1,"1_5",0
"60fdca90f099eae5d18ad2ef","FastSlow","2_3",1,"1_1",1
"60fdca90f099eae5d18ad2ef","FastSlow","2_3",1,"1_2",0
"60fdca90f099eae5d18ad2ef","FastSlow","2_3",1,"1_3",1
"60fdca90f099eae5d18ad2ef","FastSlow","2_3",1,"1_4",0
"60fdca90f099eae5d18ad2ef","FastSlow","2_3",1,"1_5",0
"60fdca90f099eae5d18ad2ef","FastSlow","2_4",0,"1_1",1
"60fdca90f099eae5d18ad2ef","FastSlow","2_4",0,"1_2",0
"60fdca90f099eae5d18ad2ef","FastSlow","2_4",0,"1_3",1
"60fdca90f099eae5d18ad2ef","FastSlow","2_4",0,"1_4",0
"60fdca90f099eae5d18ad2ef","FastSlow","2_4",0,"1_5",0
"60fdca90f099eae5d18ad2ef","FastSlow","2_5",0,"1_1",1
"60fdca90f099eae5d18ad2ef","FastSlow","2_5",0,"1_2",0
"60fdca90f099eae5d18ad2ef","FastSlow","2_5",0,"1_3",1
"60fdca90f099eae5d18ad2ef","FastSlow","2_5",0,"1_4",0
"60fdca90f099eae5d18ad2ef","FastSlow","2_5",0,"1_5",0
"66734cd5a99b7d4c18928ded","SlowFast","2_1",1,"1_1",1
"66734cd5a99b7d4c18928ded","SlowFast","2_1",1,"1_2",1
"66734cd5a99b7d4c18928ded","SlowFast","2_1",1,"1_3",1
"66734cd5a99b7d4c18928ded","SlowFast","2_1",1,"1_4",0
"66734cd5a99b7d4c18928ded","SlowFast","2_1",1,"1_5",0
"66734cd5a99b7d4c18928ded","SlowFast","2_2",1,"1_1",1
"66734cd5a99b7d4c18928ded","SlowFast","2_2",1,"1_2",1
"66734cd5a99b7d4c18928ded","SlowFast","2_2",1,"1_3",1
"66734cd5a99b7d4c18928ded","SlowFast","2_2",1,"1_4",0
"66734cd5a99b7d4c18928ded","SlowFast","2_2",1,"1_5",0
"66734cd5a99b7d4c18928ded","SlowFast","2_3",1,"1_1",1
"66734cd5a99b7d4c18928ded","SlowFast","2_3",1,"1_2",1
"66734cd5a99b7d4c18928ded","SlowFast","2_3",1,"1_3",1
"66734cd5a99b7d4c18928ded","SlowFast","2_3",1,"1_4",0
"66734cd5a99b7d4c18928ded","SlowFast","2_3",1,"1_5",0
"66734cd5a99b7d4c18928ded","SlowFast","2_4",1,"1_1",1
"66734cd5a99b7d4c18928ded","SlowFast","2_4",1,"1_2",1
"66734cd5a99b7d4c18928ded","SlowFast","2_4",1,"1_3",1
"66734cd5a99b7d4c18928ded","SlowFast","2_4",1,"1_4",0
"66734cd5a99b7d4c18928ded","SlowFast","2_4",1,"1_5",0
"66734cd5a99b7d4c18928ded","SlowFast","2_5",1,"1_1",1
"66734cd5a99b7d4c18928ded","SlowFast","2_5",1,"1_2",1
"66734cd5a99b7d4c18928ded","SlowFast","2_5",1,"1_3",1
"66734cd5a99b7d4c18928ded","SlowFast","2_5",1,"1_4",0
"66734cd5a99b7d4c18928ded","SlowFast","2_5",1,"1_5",0
"66cb4f58e9880a1fcf7bf516","FastSlow","2_1",1,"1_1",1
"66cb4f58e9880a1fcf7bf516","FastSlow","2_1",1,"1_2",1
"66cb4f58e9880a1fcf7bf516","FastSlow","2_1",1,"1_3",1
"66cb4f58e9880a1fcf7bf516","FastSlow","2_1",1,"1_4",0
"66cb4f58e9880a1fcf7bf516","FastSlow","2_1",1,"1_5",0
"66cb4f58e9880a1fcf7bf516","FastSlow","2_2",1,"1_1",1
"66cb4f58e9880a1fcf7bf516","FastSlow","2_2",1,"1_2",1
"66cb4f58e9880a1fcf7bf516","FastSlow","2_2",1,"1_3",1
"66cb4f58e9880a1fcf7bf516","FastSlow","2_2",1,"1_4",0
"66cb4f58e9880a1fcf7bf516","FastSlow","2_2",1,"1_5",0
"66cb4f58e9880a1fcf7bf516","FastSlow","2_3",0,"1_1",1
"66cb4f58e9880a1fcf7bf516","FastSlow","2_3",0,"1_2",1
"66cb4f58e9880a1fcf7bf516","FastSlow","2_3",0,"1_3",1
"66cb4f58e9880a1fcf7bf516","FastSlow","2_3",0,"1_4",0
"66cb4f58e9880a1fcf7bf516","FastSlow","2_3",0,"1_5",0
"66cb4f58e9880a1fcf7bf516","FastSlow","2_4",0,"1_1",1
"66cb4f58e9880a1fcf7bf516","FastSlow","2_4",0,"1_2",1
"66cb4f58e9880a1fcf7bf516","FastSlow","2_4",0,"1_3",1
"66cb4f58e9880a1fcf7bf516","FastSlow","2_4",0,"1_4",0
"66cb4f58e9880a1fcf7bf516","FastSlow","2_4",0,"1_5",0
"66cb4f58e9880a1fcf7bf516","FastSlow","2_5",0,"1_1",1
"66cb4f58e9880a1fcf7bf516","FastSlow","2_5",0,"1_2",1
"66cb4f58e9880a1fcf7bf516","FastSlow","2_5",0,"1_3",1
"66cb4f58e9880a1fcf7bf516","FastSlow","2_5",0,"1_4",0
"66cb4f58e9880a1fcf7bf516","FastSlow","2_5",0,"1_5",0
"663c96417cf7568733cd1b96","FastSlow","2_1",0,"1_1",0
"663c96417cf7568733cd1b96","FastSlow","2_1",0,"1_2",0
"663c96417cf7568733cd1b96","FastSlow","2_1",0,"1_3",0
"663c96417cf7568733cd1b96","FastSlow","2_1",0,"1_4",0
"663c96417cf7568733cd1b96","FastSlow","2_1",0,"1_5",0
"663c96417cf7568733cd1b96","FastSlow","2_2",0,"1_1",0
"663c96417cf7568733cd1b96","FastSlow","2_2",0,"1_2",0
"663c96417cf7568733cd1b96","FastSlow","2_2",0,"1_3",0
"663c96417cf7568733cd1b96","FastSlow","2_2",0,"1_4",0
"663c96417cf7568733cd1b96","FastSlow","2_2",0,"1_5",0
"663c96417cf7568733cd1b96","FastSlow","2_3",0,"1_1",0
"663c96417cf7568733cd1b96","FastSlow","2_3",0,"1_2",0
"663c96417cf7568733cd1b96","FastSlow","2_3",0,"1_3",0
"663c96417cf7568733cd1b96","FastSlow","2_3",0,"1_4",0
"663c96417cf7568733cd1b96","FastSlow","2_3",0,"1_5",0
"663c96417cf7568733cd1b96","FastSlow","2_4",0,"1_1",0
"663c96417cf7568733cd1b96","FastSlow","2_4",0,"1_2",0
"663c96417cf7568733cd1b96","FastSlow","2_4",0,"1_3",0
"663c96417cf7568733cd1b96","FastSlow","2_4",0,"1_4",0
"663c96417cf7568733cd1b96","FastSlow","2_4",0,"1_5",0
"663c96417cf7568733cd1b96","FastSlow","2_5",0,"1_1",0
"663c96417cf7568733cd1b96","FastSlow","2_5",0,"1_2",0
"663c96417cf7568733cd1b96","FastSlow","2_5",0,"1_3",0
"663c96417cf7568733cd1b96","FastSlow","2_5",0,"1_4",0
"663c96417cf7568733cd1b96","FastSlow","2_5",0,"1_5",0
"67b795fcea3a1dba350ab9b4","SlowFast","2_1",1,"1_1",1
"67b795fcea3a1dba350ab9b4","SlowFast","2_1",1,"1_2",0
"67b795fcea3a1dba350ab9b4","SlowFast","2_1",1,"1_3",1
"67b795fcea3a1dba350ab9b4","SlowFast","2_1",1,"1_4",1
"67b795fcea3a1dba350ab9b4","SlowFast","2_1",1,"1_5",0
"67b795fcea3a1dba350ab9b4","SlowFast","2_2",1,"1_1",1
"67b795fcea3a1dba350ab9b4","SlowFast","2_2",1,"1_2",0
"67b795fcea3a1dba350ab9b4","SlowFast","2_2",1,"1_3",1
"67b795fcea3a1dba350ab9b4","SlowFast","2_2",1,"1_4",1
"67b795fcea3a1dba350ab9b4","SlowFast","2_2",1,"1_5",0
"67b795fcea3a1dba350ab9b4","SlowFast","2_3",1,"1_1",1
"67b795fcea3a1dba350ab9b4","SlowFast","2_3",1,"1_2",0
"67b795fcea3a1dba350ab9b4","SlowFast","2_3",1,"1_3",1
"67b795fcea3a1dba350ab9b4","SlowFast","2_3",1,"1_4",1
"67b795fcea3a1dba350ab9b4","SlowFast","2_3",1,"1_5",0
"67b795fcea3a1dba350ab9b4","SlowFast","2_4",1,"1_1",1
"67b795fcea3a1dba350ab9b4","SlowFast","2_4",1,"1_2",0
"67b795fcea3a1dba350ab9b4","SlowFast","2_4",1,"1_3",1
"67b795fcea3a1dba350ab9b4","SlowFast","2_4",1,"1_4",1
"67b795fcea3a1dba350ab9b4","SlowFast","2_4",1,"1_5",0
"67b795fcea3a1dba350ab9b4","SlowFast","2_5",0,"1_1",1
"67b795fcea3a1dba350ab9b4","SlowFast","2_5",0,"1_2",0
"67b795fcea3a1dba350ab9b4","SlowFast","2_5",0,"1_3",1
"67b795fcea3a1dba350ab9b4","SlowFast","2_5",0,"1_4",1
"67b795fcea3a1dba350ab9b4","SlowFast","2_5",0,"1_5",0
"66a7cfbe34912bdc644b6bf5","SlowFast","2_1",1,"1_1",1
"66a7cfbe34912bdc644b6bf5","SlowFast","2_1",1,"1_2",0
"66a7cfbe34912bdc644b6bf5","SlowFast","2_1",1,"1_3",0
"66a7cfbe34912bdc644b6bf5","SlowFast","2_1",1,"1_4",0
"66a7cfbe34912bdc644b6bf5","SlowFast","2_1",1,"1_5",0
"66a7cfbe34912bdc644b6bf5","SlowFast","2_2",0,"1_1",1
"66a7cfbe34912bdc644b6bf5","SlowFast","2_2",0,"1_2",0
"66a7cfbe34912bdc644b6bf5","SlowFast","2_2",0,"1_3",0
"66a7cfbe34912bdc644b6bf5","SlowFast","2_2",0,"1_4",0
"66a7cfbe34912bdc644b6bf5","SlowFast","2_2",0,"1_5",0
"66a7cfbe34912bdc644b6bf5","SlowFast","2_3",0,"1_1",1
"66a7cfbe34912bdc644b6bf5","SlowFast","2_3",0,"1_2",0
"66a7cfbe34912bdc644b6bf5","SlowFast","2_3",0,"1_3",0
"66a7cfbe34912bdc644b6bf5","SlowFast","2_3",0,"1_4",0
"66a7cfbe34912bdc644b6bf5","SlowFast","2_3",0,"1_5",0
"66a7cfbe34912bdc644b6bf5","SlowFast","2_4",0,"1_1",1
"66a7cfbe34912bdc644b6bf5","SlowFast","2_4",0,"1_2",0
"66a7cfbe34912bdc644b6bf5","SlowFast","2_4",0,"1_3",0
"66a7cfbe34912bdc644b6bf5","SlowFast","2_4",0,"1_4",0
"66a7cfbe34912bdc644b6bf5","SlowFast","2_4",0,"1_5",0
"66a7cfbe34912bdc644b6bf5","SlowFast","2_5",0,"1_1",1
"66a7cfbe34912bdc644b6bf5","SlowFast","2_5",0,"1_2",0
"66a7cfbe34912bdc644b6bf5","SlowFast","2_5",0,"1_3",0
"66a7cfbe34912bdc644b6bf5","SlowFast","2_5",0,"1_4",0
"66a7cfbe34912bdc644b6bf5","SlowFast","2_5",0,"1_5",0
"671725ffff36a50355a52513","SlowFast","2_1",1,"1_1",1
"671725ffff36a50355a52513","SlowFast","2_1",1,"1_2",1
"671725ffff36a50355a52513","SlowFast","2_1",1,"1_3",0
"671725ffff36a50355a52513","SlowFast","2_1",1,"1_4",0
"671725ffff36a50355a52513","SlowFast","2_1",1,"1_5",0
"671725ffff36a50355a52513","SlowFast","2_2",1,"1_1",1
"671725ffff36a50355a52513","SlowFast","2_2",1,"1_2",1
"671725ffff36a50355a52513","SlowFast","2_2",1,"1_3",0
"671725ffff36a50355a52513","SlowFast","2_2",1,"1_4",0
"671725ffff36a50355a52513","SlowFast","2_2",1,"1_5",0
"671725ffff36a50355a52513","SlowFast","2_3",1,"1_1",1
"671725ffff36a50355a52513","SlowFast","2_3",1,"1_2",1
"671725ffff36a50355a52513","SlowFast","2_3",1,"1_3",0
"671725ffff36a50355a52513","SlowFast","2_3",1,"1_4",0
"671725ffff36a50355a52513","SlowFast","2_3",1,"1_5",0
"671725ffff36a50355a52513","SlowFast","2_4",0,"1_1",1
"671725ffff36a50355a52513","SlowFast","2_4",0,"1_2",1
"671725ffff36a50355a52513","SlowFast","2_4",0,"1_3",0
"671725ffff36a50355a52513","SlowFast","2_4",0,"1_4",0
"671725ffff36a50355a52513","SlowFast","2_4",0,"1_5",0
"671725ffff36a50355a52513","SlowFast","2_5",0,"1_1",1
"671725ffff36a50355a52513","SlowFast","2_5",0,"1_2",1
"671725ffff36a50355a52513","SlowFast","2_5",0,"1_3",0
"671725ffff36a50355a52513","SlowFast","2_5",0,"1_4",0
"671725ffff36a50355a52513","SlowFast","2_5",0,"1_5",0
"67dec78617088acfae7e4475","FastSlow","2_1",0,"1_1",1
"67dec78617088acfae7e4475","FastSlow","2_1",0,"1_2",1
"67dec78617088acfae7e4475","FastSlow","2_1",0,"1_3",1
"67dec78617088acfae7e4475","FastSlow","2_1",0,"1_4",0
"67dec78617088acfae7e4475","FastSlow","2_1",0,"1_5",1
"67dec78617088acfae7e4475","FastSlow","2_2",0,"1_1",1
"67dec78617088acfae7e4475","FastSlow","2_2",0,"1_2",1
"67dec78617088acfae7e4475","FastSlow","2_2",0,"1_3",1
"67dec78617088acfae7e4475","FastSlow","2_2",0,"1_4",0
"67dec78617088acfae7e4475","FastSlow","2_2",0,"1_5",1
"67dec78617088acfae7e4475","FastSlow","2_3",0,"1_1",1
"67dec78617088acfae7e4475","FastSlow","2_3",0,"1_2",1
"67dec78617088acfae7e4475","FastSlow","2_3",0,"1_3",1
"67dec78617088acfae7e4475","FastSlow","2_3",0,"1_4",0
"67dec78617088acfae7e4475","FastSlow","2_3",0,"1_5",1
"67dec78617088acfae7e4475","FastSlow","2_4",0,"1_1",1
"67dec78617088acfae7e4475","FastSlow","2_4",0,"1_2",1
"67dec78617088acfae7e4475","FastSlow","2_4",0,"1_3",1
"67dec78617088acfae7e4475","FastSlow","2_4",0,"1_4",0
"67dec78617088acfae7e4475","FastSlow","2_4",0,"1_5",1
"67dec78617088acfae7e4475","FastSlow","2_5",0,"1_1",1
"67dec78617088acfae7e4475","FastSlow","2_5",0,"1_2",1
"67dec78617088acfae7e4475","FastSlow","2_5",0,"1_3",1
"67dec78617088acfae7e4475","FastSlow","2_5",0,"1_4",0
"67dec78617088acfae7e4475","FastSlow","2_5",0,"1_5",1
"67acd1abc7d32f21a3f7e58e","FastSlow","2_1",1,"1_1",1
"67acd1abc7d32f21a3f7e58e","FastSlow","2_1",1,"1_2",1
"67acd1abc7d32f21a3f7e58e","FastSlow","2_1",1,"1_3",0
"67acd1abc7d32f21a3f7e58e","FastSlow","2_1",1,"1_4",1
"67acd1abc7d32f21a3f7e58e","FastSlow","2_1",1,"1_5",0
"67acd1abc7d32f21a3f7e58e","FastSlow","2_2",0,"1_1",1
"67acd1abc7d32f21a3f7e58e","FastSlow","2_2",0,"1_2",1
"67acd1abc7d32f21a3f7e58e","FastSlow","2_2",0,"1_3",0
"67acd1abc7d32f21a3f7e58e","FastSlow","2_2",0,"1_4",1
"67acd1abc7d32f21a3f7e58e","FastSlow","2_2",0,"1_5",0
"67acd1abc7d32f21a3f7e58e","FastSlow","2_3",1,"1_1",1
"67acd1abc7d32f21a3f7e58e","FastSlow","2_3",1,"1_2",1
"67acd1abc7d32f21a3f7e58e","FastSlow","2_3",1,"1_3",0
"67acd1abc7d32f21a3f7e58e","FastSlow","2_3",1,"1_4",1
"67acd1abc7d32f21a3f7e58e","FastSlow","2_3",1,"1_5",0
"67acd1abc7d32f21a3f7e58e","FastSlow","2_4",0,"1_1",1
"67acd1abc7d32f21a3f7e58e","FastSlow","2_4",0,"1_2",1
"67acd1abc7d32f21a3f7e58e","FastSlow","2_4",0,"1_3",0
"67acd1abc7d32f21a3f7e58e","FastSlow","2_4",0,"1_4",1
"67acd1abc7d32f21a3f7e58e","FastSlow","2_4",0,"1_5",0
"67acd1abc7d32f21a3f7e58e","FastSlow","2_5",0,"1_1",1
"67acd1abc7d32f21a3f7e58e","FastSlow","2_5",0,"1_2",1
"67acd1abc7d32f21a3f7e58e","FastSlow","2_5",0,"1_3",0
"67acd1abc7d32f21a3f7e58e","FastSlow","2_5",0,"1_4",1
"67acd1abc7d32f21a3f7e58e","FastSlow","2_5",0,"1_5",0
"666a11d046107a56965a98f5","FastSlow","2_1",1,"1_1",1
"666a11d046107a56965a98f5","FastSlow","2_1",1,"1_2",0
"666a11d046107a56965a98f5","FastSlow","2_1",1,"1_3",1
"666a11d046107a56965a98f5","FastSlow","2_1",1,"1_4",0
"666a11d046107a56965a98f5","FastSlow","2_1",1,"1_5",0
"666a11d046107a56965a98f5","FastSlow","2_2",0,"1_1",1
"666a11d046107a56965a98f5","FastSlow","2_2",0,"1_2",0
"666a11d046107a56965a98f5","FastSlow","2_2",0,"1_3",1
"666a11d046107a56965a98f5","FastSlow","2_2",0,"1_4",0
"666a11d046107a56965a98f5","FastSlow","2_2",0,"1_5",0
"666a11d046107a56965a98f5","FastSlow","2_3",0,"1_1",1
"666a11d046107a56965a98f5","FastSlow","2_3",0,"1_2",0
"666a11d046107a56965a98f5","FastSlow","2_3",0,"1_3",1
"666a11d046107a56965a98f5","FastSlow","2_3",0,"1_4",0
"666a11d046107a56965a98f5","FastSlow","2_3",0,"1_5",0
"666a11d046107a56965a98f5","FastSlow","2_4",0,"1_1",1
"666a11d046107a56965a98f5","FastSlow","2_4",0,"1_2",0
"666a11d046107a56965a98f5","FastSlow","2_4",0,"1_3",1
"666a11d046107a56965a98f5","FastSlow","2_4",0,"1_4",0
"666a11d046107a56965a98f5","FastSlow","2_4",0,"1_5",0
"666a11d046107a56965a98f5","FastSlow","2_5",0,"1_1",1
"666a11d046107a56965a98f5","FastSlow","2_5",0,"1_2",0
"666a11d046107a56965a98f5","FastSlow","2_5",0,"1_3",1
"666a11d046107a56965a98f5","FastSlow","2_5",0,"1_4",0
"666a11d046107a56965a98f5","FastSlow","2_5",0,"1_5",0
"667bd5012a43ab2c51a565ce","SlowFast","2_1",0,"1_1",0
"667bd5012a43ab2c51a565ce","SlowFast","2_1",0,"1_2",0
"667bd5012a43ab2c51a565ce","SlowFast","2_1",0,"1_3",0
"667bd5012a43ab2c51a565ce","SlowFast","2_1",0,"1_4",0
"667bd5012a43ab2c51a565ce","SlowFast","2_1",0,"1_5",0
"667bd5012a43ab2c51a565ce","SlowFast","2_2",0,"1_1",0
"667bd5012a43ab2c51a565ce","SlowFast","2_2",0,"1_2",0
"667bd5012a43ab2c51a565ce","SlowFast","2_2",0,"1_3",0
"667bd5012a43ab2c51a565ce","SlowFast","2_2",0,"1_4",0
"667bd5012a43ab2c51a565ce","SlowFast","2_2",0,"1_5",0
"667bd5012a43ab2c51a565ce","SlowFast","2_3",0,"1_1",0
"667bd5012a43ab2c51a565ce","SlowFast","2_3",0,"1_2",0
"667bd5012a43ab2c51a565ce","SlowFast","2_3",0,"1_3",0
"667bd5012a43ab2c51a565ce","SlowFast","2_3",0,"1_4",0
"667bd5012a43ab2c51a565ce","SlowFast","2_3",0,"1_5",0
"667bd5012a43ab2c51a565ce","SlowFast","2_4",0,"1_1",0
"667bd5012a43ab2c51a565ce","SlowFast","2_4",0,"1_2",0
"667bd5012a43ab2c51a565ce","SlowFast","2_4",0,"1_3",0
"667bd5012a43ab2c51a565ce","SlowFast","2_4",0,"1_4",0
"667bd5012a43ab2c51a565ce","SlowFast","2_4",0,"1_5",0
"667bd5012a43ab2c51a565ce","SlowFast","2_5",0,"1_1",0
"667bd5012a43ab2c51a565ce","SlowFast","2_5",0,"1_2",0
"667bd5012a43ab2c51a565ce","SlowFast","2_5",0,"1_3",0
"667bd5012a43ab2c51a565ce","SlowFast","2_5",0,"1_4",0
"667bd5012a43ab2c51a565ce","SlowFast","2_5",0,"1_5",0
"6740b01583cadef1afebeb9d","SlowFast","2_1",1,"1_1",1
"6740b01583cadef1afebeb9d","SlowFast","2_1",1,"1_2",0
"6740b01583cadef1afebeb9d","SlowFast","2_1",1,"1_3",1
"6740b01583cadef1afebeb9d","SlowFast","2_1",1,"1_4",1
"6740b01583cadef1afebeb9d","SlowFast","2_1",1,"1_5",0
"6740b01583cadef1afebeb9d","SlowFast","2_2",1,"1_1",1
"6740b01583cadef1afebeb9d","SlowFast","2_2",1,"1_2",0
"6740b01583cadef1afebeb9d","SlowFast","2_2",1,"1_3",1
"6740b01583cadef1afebeb9d","SlowFast","2_2",1,"1_4",1
"6740b01583cadef1afebeb9d","SlowFast","2_2",1,"1_5",0
"6740b01583cadef1afebeb9d","SlowFast","2_3",1,"1_1",1
"6740b01583cadef1afebeb9d","SlowFast","2_3",1,"1_2",0
"6740b01583cadef1afebeb9d","SlowFast","2_3",1,"1_3",1
"6740b01583cadef1afebeb9d","SlowFast","2_3",1,"1_4",1
"6740b01583cadef1afebeb9d","SlowFast","2_3",1,"1_5",0
"6740b01583cadef1afebeb9d","SlowFast","2_4",1,"1_1",1
"6740b01583cadef1afebeb9d","SlowFast","2_4",1,"1_2",0
"6740b01583cadef1afebeb9d","SlowFast","2_4",1,"1_3",1
"6740b01583cadef1afebeb9d","SlowFast","2_4",1,"1_4",1
"6740b01583cadef1afebeb9d","SlowFast","2_4",1,"1_5",0
"6740b01583cadef1afebeb9d","SlowFast","2_5",1,"1_1",1
"6740b01583cadef1afebeb9d","SlowFast","2_5",1,"1_2",0
"6740b01583cadef1afebeb9d","SlowFast","2_5",1,"1_3",1
"6740b01583cadef1afebeb9d","SlowFast","2_5",1,"1_4",1
"6740b01583cadef1afebeb9d","SlowFast","2_5",1,"1_5",0
"663cca6f32da191e05406d21","FastSlow","2_1",0,"1_1",1
"663cca6f32da191e05406d21","FastSlow","2_1",0,"1_2",1
"663cca6f32da191e05406d21","FastSlow","2_1",0,"1_3",1
"663cca6f32da191e05406d21","FastSlow","2_1",0,"1_4",1
"663cca6f32da191e05406d21","FastSlow","2_1",0,"1_5",0
"663cca6f32da191e05406d21","FastSlow","2_2",0,"1_1",1
"663cca6f32da191e05406d21","FastSlow","2_2",0,"1_2",1
"663cca6f32da191e05406d21","FastSlow","2_2",0,"1_3",1
"663cca6f32da191e05406d21","FastSlow","2_2",0,"1_4",1
"663cca6f32da191e05406d21","FastSlow","2_2",0,"1_5",0
"663cca6f32da191e05406d21","FastSlow","2_3",0,"1_1",1
"663cca6f32da191e05406d21","FastSlow","2_3",0,"1_2",1
"663cca6f32da191e05406d21","FastSlow","2_3",0,"1_3",1
"663cca6f32da191e05406d21","FastSlow","2_3",0,"1_4",1
"663cca6f32da191e05406d21","FastSlow","2_3",0,"1_5",0
"663cca6f32da191e05406d21","FastSlow","2_4",0,"1_1",1
"663cca6f32da191e05406d21","FastSlow","2_4",0,"1_2",1
"663cca6f32da191e05406d21","FastSlow","2_4",0,"1_3",1
"663cca6f32da191e05406d21","FastSlow","2_4",0,"1_4",1
"663cca6f32da191e05406d21","FastSlow","2_4",0,"1_5",0
"663cca6f32da191e05406d21","FastSlow","2_5",0,"1_1",1
"663cca6f32da191e05406d21","FastSlow","2_5",0,"1_2",1
"663cca6f32da191e05406d21","FastSlow","2_5",0,"1_3",1
"663cca6f32da191e05406d21","FastSlow","2_5",0,"1_4",1
"663cca6f32da191e05406d21","FastSlow","2_5",0,"1_5",0
"65de86c4043910f19026eff9","SlowFast","2_1",1,"1_1",0
"65de86c4043910f19026eff9","SlowFast","2_1",1,"1_2",0
"65de86c4043910f19026eff9","SlowFast","2_1",1,"1_3",0
"65de86c4043910f19026eff9","SlowFast","2_1",1,"1_4",0
"65de86c4043910f19026eff9","SlowFast","2_1",1,"1_5",0
"65de86c4043910f19026eff9","SlowFast","2_2",0,"1_1",0
"65de86c4043910f19026eff9","SlowFast","2_2",0,"1_2",0
"65de86c4043910f19026eff9","SlowFast","2_2",0,"1_3",0
"65de86c4043910f19026eff9","SlowFast","2_2",0,"1_4",0
"65de86c4043910f19026eff9","SlowFast","2_2",0,"1_5",0
"65de86c4043910f19026eff9","SlowFast","2_3",0,"1_1",0
"65de86c4043910f19026eff9","SlowFast","2_3",0,"1_2",0
"65de86c4043910f19026eff9","SlowFast","2_3",0,"1_3",0
"65de86c4043910f19026eff9","SlowFast","2_3",0,"1_4",0
"65de86c4043910f19026eff9","SlowFast","2_3",0,"1_5",0
"65de86c4043910f19026eff9","SlowFast","2_4",0,"1_1",0
"65de86c4043910f19026eff9","SlowFast","2_4",0,"1_2",0
"65de86c4043910f19026eff9","SlowFast","2_4",0,"1_3",0
"65de86c4043910f19026eff9","SlowFast","2_4",0,"1_4",0
"65de86c4043910f19026eff9","SlowFast","2_4",0,"1_5",0
"65de86c4043910f19026eff9","SlowFast","2_5",0,"1_1",0
"65de86c4043910f19026eff9","SlowFast","2_5",0,"1_2",0
"65de86c4043910f19026eff9","SlowFast","2_5",0,"1_3",0
"65de86c4043910f19026eff9","SlowFast","2_5",0,"1_4",0
"65de86c4043910f19026eff9","SlowFast","2_5",0,"1_5",0
"5b9056617b384b0001d13167","SlowFast","2_1",1,"1_1",1
"5b9056617b384b0001d13167","SlowFast","2_1",1,"1_2",1
"5b9056617b384b0001d13167","SlowFast","2_1",1,"1_3",1
"5b9056617b384b0001d13167","SlowFast","2_1",1,"1_4",1
"5b9056617b384b0001d13167","SlowFast","2_1",1,"1_5",0
"5b9056617b384b0001d13167","SlowFast","2_2",1,"1_1",1
"5b9056617b384b0001d13167","SlowFast","2_2",1,"1_2",1
"5b9056617b384b0001d13167","SlowFast","2_2",1,"1_3",1
"5b9056617b384b0001d13167","SlowFast","2_2",1,"1_4",1
"5b9056617b384b0001d13167","SlowFast","2_2",1,"1_5",0
"5b9056617b384b0001d13167","SlowFast","2_3",1,"1_1",1
"5b9056617b384b0001d13167","SlowFast","2_3",1,"1_2",1
"5b9056617b384b0001d13167","SlowFast","2_3",1,"1_3",1
"5b9056617b384b0001d13167","SlowFast","2_3",1,"1_4",1
"5b9056617b384b0001d13167","SlowFast","2_3",1,"1_5",0
"5b9056617b384b0001d13167","SlowFast","2_4",1,"1_1",1
"5b9056617b384b0001d13167","SlowFast","2_4",1,"1_2",1
"5b9056617b384b0001d13167","SlowFast","2_4",1,"1_3",1
"5b9056617b384b0001d13167","SlowFast","2_4",1,"1_4",1
"5b9056617b384b0001d13167","SlowFast","2_4",1,"1_5",0
"5b9056617b384b0001d13167","SlowFast","2_5",0,"1_1",1
"5b9056617b384b0001d13167","SlowFast","2_5",0,"1_2",1
"5b9056617b384b0001d13167","SlowFast","2_5",0,"1_3",1
"5b9056617b384b0001d13167","SlowFast","2_5",0,"1_4",1
"5b9056617b384b0001d13167","SlowFast","2_5",0,"1_5",0
"63e548d24319702eba4fc949","FastSlow","2_1",1,"1_1",1
"63e548d24319702eba4fc949","FastSlow","2_1",1,"1_2",1
"63e548d24319702eba4fc949","FastSlow","2_1",1,"1_3",0
"63e548d24319702eba4fc949","FastSlow","2_1",1,"1_4",1
"63e548d24319702eba4fc949","FastSlow","2_1",1,"1_5",0
"63e548d24319702eba4fc949","FastSlow","2_2",1,"1_1",1
"63e548d24319702eba4fc949","FastSlow","2_2",1,"1_2",1
"63e548d24319702eba4fc949","FastSlow","2_2",1,"1_3",0
"63e548d24319702eba4fc949","FastSlow","2_2",1,"1_4",1
"63e548d24319702eba4fc949","FastSlow","2_2",1,"1_5",0
"63e548d24319702eba4fc949","FastSlow","2_3",1,"1_1",1
"63e548d24319702eba4fc949","FastSlow","2_3",1,"1_2",1
"63e548d24319702eba4fc949","FastSlow","2_3",1,"1_3",0
"63e548d24319702eba4fc949","FastSlow","2_3",1,"1_4",1
"63e548d24319702eba4fc949","FastSlow","2_3",1,"1_5",0
"63e548d24319702eba4fc949","FastSlow","2_4",1,"1_1",1
"63e548d24319702eba4fc949","FastSlow","2_4",1,"1_2",1
"63e548d24319702eba4fc949","FastSlow","2_4",1,"1_3",0
"63e548d24319702eba4fc949","FastSlow","2_4",1,"1_4",1
"63e548d24319702eba4fc949","FastSlow","2_4",1,"1_5",0
"63e548d24319702eba4fc949","FastSlow","2_5",0,"1_1",1
"63e548d24319702eba4fc949","FastSlow","2_5",0,"1_2",1
"63e548d24319702eba4fc949","FastSlow","2_5",0,"1_3",0
"63e548d24319702eba4fc949","FastSlow","2_5",0,"1_4",1
"63e548d24319702eba4fc949","FastSlow","2_5",0,"1_5",0
"65e092624fd67570ea7e4c36","FastSlow","2_1",0,"1_1",0
"65e092624fd67570ea7e4c36","FastSlow","2_1",0,"1_2",1
"65e092624fd67570ea7e4c36","FastSlow","2_1",0,"1_3",0
"65e092624fd67570ea7e4c36","FastSlow","2_1",0,"1_4",1
"65e092624fd67570ea7e4c36","FastSlow","2_1",0,"1_5",0
"65e092624fd67570ea7e4c36","FastSlow","2_2",0,"1_1",0
"65e092624fd67570ea7e4c36","FastSlow","2_2",0,"1_2",1
"65e092624fd67570ea7e4c36","FastSlow","2_2",0,"1_3",0
"65e092624fd67570ea7e4c36","FastSlow","2_2",0,"1_4",1
"65e092624fd67570ea7e4c36","FastSlow","2_2",0,"1_5",0
"65e092624fd67570ea7e4c36","FastSlow","2_3",0,"1_1",0
"65e092624fd67570ea7e4c36","FastSlow","2_3",0,"1_2",1
"65e092624fd67570ea7e4c36","FastSlow","2_3",0,"1_3",0
"65e092624fd67570ea7e4c36","FastSlow","2_3",0,"1_4",1
"65e092624fd67570ea7e4c36","FastSlow","2_3",0,"1_5",0
"65e092624fd67570ea7e4c36","FastSlow","2_4",0,"1_1",0
"65e092624fd67570ea7e4c36","FastSlow","2_4",0,"1_2",1
"65e092624fd67570ea7e4c36","FastSlow","2_4",0,"1_3",0
"65e092624fd67570ea7e4c36","FastSlow","2_4",0,"1_4",1
"65e092624fd67570ea7e4c36","FastSlow","2_4",0,"1_5",0
"65e092624fd67570ea7e4c36","FastSlow","2_5",0,"1_1",0
"65e092624fd67570ea7e4c36","FastSlow","2_5",0,"1_2",1
"65e092624fd67570ea7e4c36","FastSlow","2_5",0,"1_3",0
"65e092624fd67570ea7e4c36","FastSlow","2_5",0,"1_4",1
"65e092624fd67570ea7e4c36","FastSlow","2_5",0,"1_5",0
"64011cde71c318c6af604b63","SlowFast","2_1",1,"1_1",1
"64011cde71c318c6af604b63","SlowFast","2_1",1,"1_2",0
"64011cde71c318c6af604b63","SlowFast","2_1",1,"1_3",0
"64011cde71c318c6af604b63","SlowFast","2_1",1,"1_4",0
"64011cde71c318c6af604b63","SlowFast","2_1",1,"1_5",0
"64011cde71c318c6af604b63","SlowFast","2_2",1,"1_1",1
"64011cde71c318c6af604b63","SlowFast","2_2",1,"1_2",0
"64011cde71c318c6af604b63","SlowFast","2_2",1,"1_3",0
"64011cde71c318c6af604b63","SlowFast","2_2",1,"1_4",0
"64011cde71c318c6af604b63","SlowFast","2_2",1,"1_5",0
"64011cde71c318c6af604b63","SlowFast","2_3",1,"1_1",1
"64011cde71c318c6af604b63","SlowFast","2_3",1,"1_2",0
"64011cde71c318c6af604b63","SlowFast","2_3",1,"1_3",0
"64011cde71c318c6af604b63","SlowFast","2_3",1,"1_4",0
"64011cde71c318c6af604b63","SlowFast","2_3",1,"1_5",0
"64011cde71c318c6af604b63","SlowFast","2_4",0,"1_1",1
"64011cde71c318c6af604b63","SlowFast","2_4",0,"1_2",0
"64011cde71c318c6af604b63","SlowFast","2_4",0,"1_3",0
"64011cde71c318c6af604b63","SlowFast","2_4",0,"1_4",0
"64011cde71c318c6af604b63","SlowFast","2_4",0,"1_5",0
"64011cde71c318c6af604b63","SlowFast","2_5",0,"1_1",1
"64011cde71c318c6af604b63","SlowFast","2_5",0,"1_2",0
"64011cde71c318c6af604b63","SlowFast","2_5",0,"1_3",0
"64011cde71c318c6af604b63","SlowFast","2_5",0,"1_4",0
"64011cde71c318c6af604b63","SlowFast","2_5",0,"1_5",0
"66315ae414ac11ed5a57e464","FastSlow","2_1",0,"1_1",1
"66315ae414ac11ed5a57e464","FastSlow","2_1",0,"1_2",0
"66315ae414ac11ed5a57e464","FastSlow","2_1",0,"1_3",0
"66315ae414ac11ed5a57e464","FastSlow","2_1",0,"1_4",0
"66315ae414ac11ed5a57e464","FastSlow","2_1",0,"1_5",0
"66315ae414ac11ed5a57e464","FastSlow","2_2",0,"1_1",1
"66315ae414ac11ed5a57e464","FastSlow","2_2",0,"1_2",0
"66315ae414ac11ed5a57e464","FastSlow","2_2",0,"1_3",0
"66315ae414ac11ed5a57e464","FastSlow","2_2",0,"1_4",0
"66315ae414ac11ed5a57e464","FastSlow","2_2",0,"1_5",0
"66315ae414ac11ed5a57e464","FastSlow","2_3",0,"1_1",1
"66315ae414ac11ed5a57e464","FastSlow","2_3",0,"1_2",0
"66315ae414ac11ed5a57e464","FastSlow","2_3",0,"1_3",0
"66315ae414ac11ed5a57e464","FastSlow","2_3",0,"1_4",0
"66315ae414ac11ed5a57e464","FastSlow","2_3",0,"1_5",0
"66315ae414ac11ed5a57e464","FastSlow","2_4",0,"1_1",1
"66315ae414ac11ed5a57e464","FastSlow","2_4",0,"1_2",0
"66315ae414ac11ed5a57e464","FastSlow","2_4",0,"1_3",0
"66315ae414ac11ed5a57e464","FastSlow","2_4",0,"1_4",0
"66315ae414ac11ed5a57e464","FastSlow","2_4",0,"1_5",0
"66315ae414ac11ed5a57e464","FastSlow","2_5",0,"1_1",1
"66315ae414ac11ed5a57e464","FastSlow","2_5",0,"1_2",0
"66315ae414ac11ed5a57e464","FastSlow","2_5",0,"1_3",0
"66315ae414ac11ed5a57e464","FastSlow","2_5",0,"1_4",0
"66315ae414ac11ed5a57e464","FastSlow","2_5",0,"1_5",0
"68d47ceef9cefe423772219f","FastSlow","2_1",1,"1_1",1
"68d47ceef9cefe423772219f","FastSlow","2_1",1,"1_2",1
"68d47ceef9cefe423772219f","FastSlow","2_1",1,"1_3",1
"68d47ceef9cefe423772219f","FastSlow","2_1",1,"1_4",0
"68d47ceef9cefe423772219f","FastSlow","2_1",1,"1_5",0
"68d47ceef9cefe423772219f","FastSlow","2_2",0,"1_1",1
"68d47ceef9cefe423772219f","FastSlow","2_2",0,"1_2",1
"68d47ceef9cefe423772219f","FastSlow","2_2",0,"1_3",1
"68d47ceef9cefe423772219f","FastSlow","2_2",0,"1_4",0
"68d47ceef9cefe423772219f","FastSlow","2_2",0,"1_5",0
"68d47ceef9cefe423772219f","FastSlow","2_3",0,"1_1",1
"68d47ceef9cefe423772219f","FastSlow","2_3",0,"1_2",1
"68d47ceef9cefe423772219f","FastSlow","2_3",0,"1_3",1
"68d47ceef9cefe423772219f","FastSlow","2_3",0,"1_4",0
"68d47ceef9cefe423772219f","FastSlow","2_3",0,"1_5",0
"68d47ceef9cefe423772219f","FastSlow","2_4",0,"1_1",1
"68d47ceef9cefe423772219f","FastSlow","2_4",0,"1_2",1
"68d47ceef9cefe423772219f","FastSlow","2_4",0,"1_3",1
"68d47ceef9cefe423772219f","FastSlow","2_4",0,"1_4",0
"68d47ceef9cefe423772219f","FastSlow","2_4",0,"1_5",0
"68d47ceef9cefe423772219f","FastSlow","2_5",0,"1_1",1
"68d47ceef9cefe423772219f","FastSlow","2_5",0,"1_2",1
"68d47ceef9cefe423772219f","FastSlow","2_5",0,"1_3",1
"68d47ceef9cefe423772219f","FastSlow","2_5",0,"1_4",0
"68d47ceef9cefe423772219f","FastSlow","2_5",0,"1_5",0
"67cb00c68ccef3da73b3cb06","FastSlow","2_1",1,"1_1",1
"67cb00c68ccef3da73b3cb06","FastSlow","2_1",1,"1_2",0
"67cb00c68ccef3da73b3cb06","FastSlow","2_1",1,"1_3",1
"67cb00c68ccef3da73b3cb06","FastSlow","2_1",1,"1_4",1
"67cb00c68ccef3da73b3cb06","FastSlow","2_1",1,"1_5",0
"67cb00c68ccef3da73b3cb06","FastSlow","2_2",1,"1_1",1
"67cb00c68ccef3da73b3cb06","FastSlow","2_2",1,"1_2",0
"67cb00c68ccef3da73b3cb06","FastSlow","2_2",1,"1_3",1
"67cb00c68ccef3da73b3cb06","FastSlow","2_2",1,"1_4",1
"67cb00c68ccef3da73b3cb06","FastSlow","2_2",1,"1_5",0
"67cb00c68ccef3da73b3cb06","FastSlow","2_3",1,"1_1",1
"67cb00c68ccef3da73b3cb06","FastSlow","2_3",1,"1_2",0
"67cb00c68ccef3da73b3cb06","FastSlow","2_3",1,"1_3",1
"67cb00c68ccef3da73b3cb06","FastSlow","2_3",1,"1_4",1
"67cb00c68ccef3da73b3cb06","FastSlow","2_3",1,"1_5",0
"67cb00c68ccef3da73b3cb06","FastSlow","2_4",0,"1_1",1
"67cb00c68ccef3da73b3cb06","FastSlow","2_4",0,"1_2",0
"67cb00c68ccef3da73b3cb06","FastSlow","2_4",0,"1_3",1
"67cb00c68ccef3da73b3cb06","FastSlow","2_4",0,"1_4",1
"67cb00c68ccef3da73b3cb06","FastSlow","2_4",0,"1_5",0
"67cb00c68ccef3da73b3cb06","FastSlow","2_5",0,"1_1",1
"67cb00c68ccef3da73b3cb06","FastSlow","2_5",0,"1_2",0
"67cb00c68ccef3da73b3cb06","FastSlow","2_5",0,"1_3",1
"67cb00c68ccef3da73b3cb06","FastSlow","2_5",0,"1_4",1
"67cb00c68ccef3da73b3cb06","FastSlow","2_5",0,"1_5",0
"617452347986aeaf4d2e5278","SlowFast","2_1",1,"1_1",1
"617452347986aeaf4d2e5278","SlowFast","2_1",1,"1_2",0
"617452347986aeaf4d2e5278","SlowFast","2_1",1,"1_3",0
"617452347986aeaf4d2e5278","SlowFast","2_1",1,"1_4",0
"617452347986aeaf4d2e5278","SlowFast","2_1",1,"1_5",0
"617452347986aeaf4d2e5278","SlowFast","2_2",0,"1_1",1
"617452347986aeaf4d2e5278","SlowFast","2_2",0,"1_2",0
"617452347986aeaf4d2e5278","SlowFast","2_2",0,"1_3",0
"617452347986aeaf4d2e5278","SlowFast","2_2",0,"1_4",0
"617452347986aeaf4d2e5278","SlowFast","2_2",0,"1_5",0
"617452347986aeaf4d2e5278","SlowFast","2_3",0,"1_1",1
"617452347986aeaf4d2e5278","SlowFast","2_3",0,"1_2",0
"617452347986aeaf4d2e5278","SlowFast","2_3",0,"1_3",0
"617452347986aeaf4d2e5278","SlowFast","2_3",0,"1_4",0
"617452347986aeaf4d2e5278","SlowFast","2_3",0,"1_5",0
"617452347986aeaf4d2e5278","SlowFast","2_4",0,"1_1",1
"617452347986aeaf4d2e5278","SlowFast","2_4",0,"1_2",0
"617452347986aeaf4d2e5278","SlowFast","2_4",0,"1_3",0
"617452347986aeaf4d2e5278","SlowFast","2_4",0,"1_4",0
"617452347986aeaf4d2e5278","SlowFast","2_4",0,"1_5",0
"617452347986aeaf4d2e5278","SlowFast","2_5",0,"1_1",1
"617452347986aeaf4d2e5278","SlowFast","2_5",0,"1_2",0
"617452347986aeaf4d2e5278","SlowFast","2_5",0,"1_3",0
"617452347986aeaf4d2e5278","SlowFast","2_5",0,"1_4",0
"617452347986aeaf4d2e5278","SlowFast","2_5",0,"1_5",0
"67e051d5736da524dbe7a0c1","FastSlow","2_1",0,"1_1",1
"67e051d5736da524dbe7a0c1","FastSlow","2_1",0,"1_2",1
"67e051d5736da524dbe7a0c1","FastSlow","2_1",0,"1_3",1
"67e051d5736da524dbe7a0c1","FastSlow","2_1",0,"1_4",0
"67e051d5736da524dbe7a0c1","FastSlow","2_1",0,"1_5",0
"67e051d5736da524dbe7a0c1","FastSlow","2_2",0,"1_1",1
"67e051d5736da524dbe7a0c1","FastSlow","2_2",0,"1_2",1
"67e051d5736da524dbe7a0c1","FastSlow","2_2",0,"1_3",1
"67e051d5736da524dbe7a0c1","FastSlow","2_2",0,"1_4",0
"67e051d5736da524dbe7a0c1","FastSlow","2_2",0,"1_5",0
"67e051d5736da524dbe7a0c1","FastSlow","2_3",0,"1_1",1
"67e051d5736da524dbe7a0c1","FastSlow","2_3",0,"1_2",1
"67e051d5736da524dbe7a0c1","FastSlow","2_3",0,"1_3",1
"67e051d5736da524dbe7a0c1","FastSlow","2_3",0,"1_4",0
"67e051d5736da524dbe7a0c1","FastSlow","2_3",0,"1_5",0
"67e051d5736da524dbe7a0c1","FastSlow","2_4",0,"1_1",1
"67e051d5736da524dbe7a0c1","FastSlow","2_4",0,"1_2",1
"67e051d5736da524dbe7a0c1","FastSlow","2_4",0,"1_3",1
"67e051d5736da524dbe7a0c1","FastSlow","2_4",0,"1_4",0
"67e051d5736da524dbe7a0c1","FastSlow","2_4",0,"1_5",0
"67e051d5736da524dbe7a0c1","FastSlow","2_5",0,"1_1",1
"67e051d5736da524dbe7a0c1","FastSlow","2_5",0,"1_2",1
"67e051d5736da524dbe7a0c1","FastSlow","2_5",0,"1_3",1
"67e051d5736da524dbe7a0c1","FastSlow","2_5",0,"1_4",0
"67e051d5736da524dbe7a0c1","FastSlow","2_5",0,"1_5",0
"669d8b26896ecc9457727c9f","SlowFast","2_1",0,"1_1",1
"669d8b26896ecc9457727c9f","SlowFast","2_1",0,"1_2",0
"669d8b26896ecc9457727c9f","SlowFast","2_1",0,"1_3",0
"669d8b26896ecc9457727c9f","SlowFast","2_1",0,"1_4",0
"669d8b26896ecc9457727c9f","SlowFast","2_1",0,"1_5",0
"669d8b26896ecc9457727c9f","SlowFast","2_2",0,"1_1",1
"669d8b26896ecc9457727c9f","SlowFast","2_2",0,"1_2",0
"669d8b26896ecc9457727c9f","SlowFast","2_2",0,"1_3",0
"669d8b26896ecc9457727c9f","SlowFast","2_2",0,"1_4",0
"669d8b26896ecc9457727c9f","SlowFast","2_2",0,"1_5",0
"669d8b26896ecc9457727c9f","SlowFast","2_3",0,"1_1",1
"669d8b26896ecc9457727c9f","SlowFast","2_3",0,"1_2",0
"669d8b26896ecc9457727c9f","SlowFast","2_3",0,"1_3",0
"669d8b26896ecc9457727c9f","SlowFast","2_3",0,"1_4",0
"669d8b26896ecc9457727c9f","SlowFast","2_3",0,"1_5",0
"669d8b26896ecc9457727c9f","SlowFast","2_4",0,"1_1",1
"669d8b26896ecc9457727c9f","SlowFast","2_4",0,"1_2",0
"669d8b26896ecc9457727c9f","SlowFast","2_4",0,"1_3",0
"669d8b26896ecc9457727c9f","SlowFast","2_4",0,"1_4",0
"669d8b26896ecc9457727c9f","SlowFast","2_4",0,"1_5",0
"669d8b26896ecc9457727c9f","SlowFast","2_5",0,"1_1",1
"669d8b26896ecc9457727c9f","SlowFast","2_5",0,"1_2",0
"669d8b26896ecc9457727c9f","SlowFast","2_5",0,"1_3",0
"669d8b26896ecc9457727c9f","SlowFast","2_5",0,"1_4",0
"669d8b26896ecc9457727c9f","SlowFast","2_5",0,"1_5",0
"66be86562465d56fd953fba2","SlowFast","2_1",1,"1_1",1
"66be86562465d56fd953fba2","SlowFast","2_1",1,"1_2",1
"66be86562465d56fd953fba2","SlowFast","2_1",1,"1_3",0
"66be86562465d56fd953fba2","SlowFast","2_1",1,"1_4",1
"66be86562465d56fd953fba2","SlowFast","2_1",1,"1_5",0
"66be86562465d56fd953fba2","SlowFast","2_2",1,"1_1",1
"66be86562465d56fd953fba2","SlowFast","2_2",1,"1_2",1
"66be86562465d56fd953fba2","SlowFast","2_2",1,"1_3",0
"66be86562465d56fd953fba2","SlowFast","2_2",1,"1_4",1
"66be86562465d56fd953fba2","SlowFast","2_2",1,"1_5",0
"66be86562465d56fd953fba2","SlowFast","2_3",0,"1_1",1
"66be86562465d56fd953fba2","SlowFast","2_3",0,"1_2",1
"66be86562465d56fd953fba2","SlowFast","2_3",0,"1_3",0
"66be86562465d56fd953fba2","SlowFast","2_3",0,"1_4",1
"66be86562465d56fd953fba2","SlowFast","2_3",0,"1_5",0
"66be86562465d56fd953fba2","SlowFast","2_4",1,"1_1",1
"66be86562465d56fd953fba2","SlowFast","2_4",1,"1_2",1
"66be86562465d56fd953fba2","SlowFast","2_4",1,"1_3",0
"66be86562465d56fd953fba2","SlowFast","2_4",1,"1_4",1
"66be86562465d56fd953fba2","SlowFast","2_4",1,"1_5",0
"66be86562465d56fd953fba2","SlowFast","2_5",1,"1_1",1
"66be86562465d56fd953fba2","SlowFast","2_5",1,"1_2",1
"66be86562465d56fd953fba2","SlowFast","2_5",1,"1_3",0
"66be86562465d56fd953fba2","SlowFast","2_5",1,"1_4",1
"66be86562465d56fd953fba2","SlowFast","2_5",1,"1_5",0
"60ff23ed41f1414de8b3856b","SlowFast","2_1",1,"1_1",1
"60ff23ed41f1414de8b3856b","SlowFast","2_1",1,"1_2",1
"60ff23ed41f1414de8b3856b","SlowFast","2_1",1,"1_3",1
"60ff23ed41f1414de8b3856b","SlowFast","2_1",1,"1_4",1
"60ff23ed41f1414de8b3856b","SlowFast","2_1",1,"1_5",0
"60ff23ed41f1414de8b3856b","SlowFast","2_2",1,"1_1",1
"60ff23ed41f1414de8b3856b","SlowFast","2_2",1,"1_2",1
"60ff23ed41f1414de8b3856b","SlowFast","2_2",1,"1_3",1
"60ff23ed41f1414de8b3856b","SlowFast","2_2",1,"1_4",1
"60ff23ed41f1414de8b3856b","SlowFast","2_2",1,"1_5",0
"60ff23ed41f1414de8b3856b","SlowFast","2_3",1,"1_1",1
"60ff23ed41f1414de8b3856b","SlowFast","2_3",1,"1_2",1
"60ff23ed41f1414de8b3856b","SlowFast","2_3",1,"1_3",1
"60ff23ed41f1414de8b3856b","SlowFast","2_3",1,"1_4",1
"60ff23ed41f1414de8b3856b","SlowFast","2_3",1,"1_5",0
"60ff23ed41f1414de8b3856b","SlowFast","2_4",1,"1_1",1
"60ff23ed41f1414de8b3856b","SlowFast","2_4",1,"1_2",1
"60ff23ed41f1414de8b3856b","SlowFast","2_4",1,"1_3",1
"60ff23ed41f1414de8b3856b","SlowFast","2_4",1,"1_4",1
"60ff23ed41f1414de8b3856b","SlowFast","2_4",1,"1_5",0
"60ff23ed41f1414de8b3856b","SlowFast","2_5",1,"1_1",1
"60ff23ed41f1414de8b3856b","SlowFast","2_5",1,"1_2",1
"60ff23ed41f1414de8b3856b","SlowFast","2_5",1,"1_3",1
"60ff23ed41f1414de8b3856b","SlowFast","2_5",1,"1_4",1
"60ff23ed41f1414de8b3856b","SlowFast","2_5",1,"1_5",0
"6650ecda2657647b60a302eb","SlowFast","2_1",1,"1_1",1
"6650ecda2657647b60a302eb","SlowFast","2_1",1,"1_2",0
"6650ecda2657647b60a302eb","SlowFast","2_1",1,"1_3",1
"6650ecda2657647b60a302eb","SlowFast","2_1",1,"1_4",0
"6650ecda2657647b60a302eb","SlowFast","2_1",1,"1_5",0
"6650ecda2657647b60a302eb","SlowFast","2_2",1,"1_1",1
"6650ecda2657647b60a302eb","SlowFast","2_2",1,"1_2",0
"6650ecda2657647b60a302eb","SlowFast","2_2",1,"1_3",1
"6650ecda2657647b60a302eb","SlowFast","2_2",1,"1_4",0
"6650ecda2657647b60a302eb","SlowFast","2_2",1,"1_5",0
"6650ecda2657647b60a302eb","SlowFast","2_3",0,"1_1",1
"6650ecda2657647b60a302eb","SlowFast","2_3",0,"1_2",0
"6650ecda2657647b60a302eb","SlowFast","2_3",0,"1_3",1
"6650ecda2657647b60a302eb","SlowFast","2_3",0,"1_4",0
"6650ecda2657647b60a302eb","SlowFast","2_3",0,"1_5",0
"6650ecda2657647b60a302eb","SlowFast","2_4",0,"1_1",1
"6650ecda2657647b60a302eb","SlowFast","2_4",0,"1_2",0
"6650ecda2657647b60a302eb","SlowFast","2_4",0,"1_3",1
"6650ecda2657647b60a302eb","SlowFast","2_4",0,"1_4",0
"6650ecda2657647b60a302eb","SlowFast","2_4",0,"1_5",0
"6650ecda2657647b60a302eb","SlowFast","2_5",0,"1_1",1
"6650ecda2657647b60a302eb","SlowFast","2_5",0,"1_2",0
"6650ecda2657647b60a302eb","SlowFast","2_5",0,"1_3",1
"6650ecda2657647b60a302eb","SlowFast","2_5",0,"1_4",0
"6650ecda2657647b60a302eb","SlowFast","2_5",0,"1_5",0
"6657711e8946f4ed5f7a08a0","SlowFast","2_1",1,"1_1",1
"6657711e8946f4ed5f7a08a0","SlowFast","2_1",1,"1_2",0
"6657711e8946f4ed5f7a08a0","SlowFast","2_1",1,"1_3",0
"6657711e8946f4ed5f7a08a0","SlowFast","2_1",1,"1_4",0
"6657711e8946f4ed5f7a08a0","SlowFast","2_1",1,"1_5",0
"6657711e8946f4ed5f7a08a0","SlowFast","2_2",1,"1_1",1
"6657711e8946f4ed5f7a08a0","SlowFast","2_2",1,"1_2",0
"6657711e8946f4ed5f7a08a0","SlowFast","2_2",1,"1_3",0
"6657711e8946f4ed5f7a08a0","SlowFast","2_2",1,"1_4",0
"6657711e8946f4ed5f7a08a0","SlowFast","2_2",1,"1_5",0
"6657711e8946f4ed5f7a08a0","SlowFast","2_3",1,"1_1",1
"6657711e8946f4ed5f7a08a0","SlowFast","2_3",1,"1_2",0
"6657711e8946f4ed5f7a08a0","SlowFast","2_3",1,"1_3",0
"6657711e8946f4ed5f7a08a0","SlowFast","2_3",1,"1_4",0
"6657711e8946f4ed5f7a08a0","SlowFast","2_3",1,"1_5",0
"6657711e8946f4ed5f7a08a0","SlowFast","2_4",1,"1_1",1
"6657711e8946f4ed5f7a08a0","SlowFast","2_4",1,"1_2",0
"6657711e8946f4ed5f7a08a0","SlowFast","2_4",1,"1_3",0
"6657711e8946f4ed5f7a08a0","SlowFast","2_4",1,"1_4",0
"6657711e8946f4ed5f7a08a0","SlowFast","2_4",1,"1_5",0
"6657711e8946f4ed5f7a08a0","SlowFast","2_5",0,"1_1",1
"6657711e8946f4ed5f7a08a0","SlowFast","2_5",0,"1_2",0
"6657711e8946f4ed5f7a08a0","SlowFast","2_5",0,"1_3",0
"6657711e8946f4ed5f7a08a0","SlowFast","2_5",0,"1_4",0
"6657711e8946f4ed5f7a08a0","SlowFast","2_5",0,"1_5",0
"6119bdc932d9ebe82ea581e1","FastSlow","2_1",1,"1_1",1
"6119bdc932d9ebe82ea581e1","FastSlow","2_1",1,"1_2",0
"6119bdc932d9ebe82ea581e1","FastSlow","2_1",1,"1_3",1
"6119bdc932d9ebe82ea581e1","FastSlow","2_1",1,"1_4",0
"6119bdc932d9ebe82ea581e1","FastSlow","2_1",1,"1_5",0
"6119bdc932d9ebe82ea581e1","FastSlow","2_2",0,"1_1",1
"6119bdc932d9ebe82ea581e1","FastSlow","2_2",0,"1_2",0
"6119bdc932d9ebe82ea581e1","FastSlow","2_2",0,"1_3",1
"6119bdc932d9ebe82ea581e1","FastSlow","2_2",0,"1_4",0
"6119bdc932d9ebe82ea581e1","FastSlow","2_2",0,"1_5",0
"6119bdc932d9ebe82ea581e1","FastSlow","2_3",0,"1_1",1
"6119bdc932d9ebe82ea581e1","FastSlow","2_3",0,"1_2",0
"6119bdc932d9ebe82ea581e1","FastSlow","2_3",0,"1_3",1
"6119bdc932d9ebe82ea581e1","FastSlow","2_3",0,"1_4",0
"6119bdc932d9ebe82ea581e1","FastSlow","2_3",0,"1_5",0
"6119bdc932d9ebe82ea581e1","FastSlow","2_4",0,"1_1",1
"6119bdc932d9ebe82ea581e1","FastSlow","2_4",0,"1_2",0
"6119bdc932d9ebe82ea581e1","FastSlow","2_4",0,"1_3",1
"6119bdc932d9ebe82ea581e1","FastSlow","2_4",0,"1_4",0
"6119bdc932d9ebe82ea581e1","FastSlow","2_4",0,"1_5",0
"6119bdc932d9ebe82ea581e1","FastSlow","2_5",0,"1_1",1
"6119bdc932d9ebe82ea581e1","FastSlow","2_5",0,"1_2",0
"6119bdc932d9ebe82ea581e1","FastSlow","2_5",0,"1_3",1
"6119bdc932d9ebe82ea581e1","FastSlow","2_5",0,"1_4",0
"6119bdc932d9ebe82ea581e1","FastSlow","2_5",0,"1_5",0
"676c9fdb29eb6558c47a3a25","FastSlow","2_1",1,"1_1",1
"676c9fdb29eb6558c47a3a25","FastSlow","2_1",1,"1_2",1
"676c9fdb29eb6558c47a3a25","FastSlow","2_1",1,"1_3",1
"676c9fdb29eb6558c47a3a25","FastSlow","2_1",1,"1_4",1
"676c9fdb29eb6558c47a3a25","FastSlow","2_1",1,"1_5",0
"676c9fdb29eb6558c47a3a25","FastSlow","2_2",1,"1_1",1
"676c9fdb29eb6558c47a3a25","FastSlow","2_2",1,"1_2",1
"676c9fdb29eb6558c47a3a25","FastSlow","2_2",1,"1_3",1
"676c9fdb29eb6558c47a3a25","FastSlow","2_2",1,"1_4",1
"676c9fdb29eb6558c47a3a25","FastSlow","2_2",1,"1_5",0
"676c9fdb29eb6558c47a3a25","FastSlow","2_3",1,"1_1",1
"676c9fdb29eb6558c47a3a25","FastSlow","2_3",1,"1_2",1
"676c9fdb29eb6558c47a3a25","FastSlow","2_3",1,"1_3",1
"676c9fdb29eb6558c47a3a25","FastSlow","2_3",1,"1_4",1
"676c9fdb29eb6558c47a3a25","FastSlow","2_3",1,"1_5",0
"676c9fdb29eb6558c47a3a25","FastSlow","2_4",1,"1_1",1
"676c9fdb29eb6558c47a3a25","FastSlow","2_4",1,"1_2",1
"676c9fdb29eb6558c47a3a25","FastSlow","2_4",1,"1_3",1
"676c9fdb29eb6558c47a3a25","FastSlow","2_4",1,"1_4",1
"676c9fdb29eb6558c47a3a25","FastSlow","2_4",1,"1_5",0
"676c9fdb29eb6558c47a3a25","FastSlow","2_5",0,"1_1",1
"676c9fdb29eb6558c47a3a25","FastSlow","2_5",0,"1_2",1
"676c9fdb29eb6558c47a3a25","FastSlow","2_5",0,"1_3",1
"676c9fdb29eb6558c47a3a25","FastSlow","2_5",0,"1_4",1
"676c9fdb29eb6558c47a3a25","FastSlow","2_5",0,"1_5",0
"671c4c21de66637aafff57a0","FastSlow","2_1",0,"1_1",0
"671c4c21de66637aafff57a0","FastSlow","2_1",0,"1_2",0
"671c4c21de66637aafff57a0","FastSlow","2_1",0,"1_3",0
"671c4c21de66637aafff57a0","FastSlow","2_1",0,"1_4",0
"671c4c21de66637aafff57a0","FastSlow","2_1",0,"1_5",0
"671c4c21de66637aafff57a0","FastSlow","2_2",0,"1_1",0
"671c4c21de66637aafff57a0","FastSlow","2_2",0,"1_2",0
"671c4c21de66637aafff57a0","FastSlow","2_2",0,"1_3",0
"671c4c21de66637aafff57a0","FastSlow","2_2",0,"1_4",0
"671c4c21de66637aafff57a0","FastSlow","2_2",0,"1_5",0
"671c4c21de66637aafff57a0","FastSlow","2_3",0,"1_1",0
"671c4c21de66637aafff57a0","FastSlow","2_3",0,"1_2",0
"671c4c21de66637aafff57a0","FastSlow","2_3",0,"1_3",0
"671c4c21de66637aafff57a0","FastSlow","2_3",0,"1_4",0
"671c4c21de66637aafff57a0","FastSlow","2_3",0,"1_5",0
"671c4c21de66637aafff57a0","FastSlow","2_4",0,"1_1",0
"671c4c21de66637aafff57a0","FastSlow","2_4",0,"1_2",0
"671c4c21de66637aafff57a0","FastSlow","2_4",0,"1_3",0
"671c4c21de66637aafff57a0","FastSlow","2_4",0,"1_4",0
"671c4c21de66637aafff57a0","FastSlow","2_4",0,"1_5",0
"671c4c21de66637aafff57a0","FastSlow","2_5",0,"1_1",0
"671c4c21de66637aafff57a0","FastSlow","2_5",0,"1_2",0
"671c4c21de66637aafff57a0","FastSlow","2_5",0,"1_3",0
"671c4c21de66637aafff57a0","FastSlow","2_5",0,"1_4",0
"671c4c21de66637aafff57a0","FastSlow","2_5",0,"1_5",0
"67a6cbe357e1acaf3c860247","SlowFast","2_1",1,"1_1",1
"67a6cbe357e1acaf3c860247","SlowFast","2_1",1,"1_2",0
"67a6cbe357e1acaf3c860247","SlowFast","2_1",1,"1_3",1
"67a6cbe357e1acaf3c860247","SlowFast","2_1",1,"1_4",0
"67a6cbe357e1acaf3c860247","SlowFast","2_1",1,"1_5",0
"67a6cbe357e1acaf3c860247","SlowFast","2_2",1,"1_1",1
"67a6cbe357e1acaf3c860247","SlowFast","2_2",1,"1_2",0
"67a6cbe357e1acaf3c860247","SlowFast","2_2",1,"1_3",1
"67a6cbe357e1acaf3c860247","SlowFast","2_2",1,"1_4",0
"67a6cbe357e1acaf3c860247","SlowFast","2_2",1,"1_5",0
"67a6cbe357e1acaf3c860247","SlowFast","2_3",0,"1_1",1
"67a6cbe357e1acaf3c860247","SlowFast","2_3",0,"1_2",0
"67a6cbe357e1acaf3c860247","SlowFast","2_3",0,"1_3",1
"67a6cbe357e1acaf3c860247","SlowFast","2_3",0,"1_4",0
"67a6cbe357e1acaf3c860247","SlowFast","2_3",0,"1_5",0
"67a6cbe357e1acaf3c860247","SlowFast","2_4",0,"1_1",1
"67a6cbe357e1acaf3c860247","SlowFast","2_4",0,"1_2",0
"67a6cbe357e1acaf3c860247","SlowFast","2_4",0,"1_3",1
"67a6cbe357e1acaf3c860247","SlowFast","2_4",0,"1_4",0
"67a6cbe357e1acaf3c860247","SlowFast","2_4",0,"1_5",0
"67a6cbe357e1acaf3c860247","SlowFast","2_5",0,"1_1",1
"67a6cbe357e1acaf3c860247","SlowFast","2_5",0,"1_2",0
"67a6cbe357e1acaf3c860247","SlowFast","2_5",0,"1_3",1
"67a6cbe357e1acaf3c860247","SlowFast","2_5",0,"1_4",0
"67a6cbe357e1acaf3c860247","SlowFast","2_5",0,"1_5",0
"63b8342eb371f007b0651c7e","FastSlow","2_1",1,"1_1",1
"63b8342eb371f007b0651c7e","FastSlow","2_1",1,"1_2",1
"63b8342eb371f007b0651c7e","FastSlow","2_1",1,"1_3",0
"63b8342eb371f007b0651c7e","FastSlow","2_1",1,"1_4",0
"63b8342eb371f007b0651c7e","FastSlow","2_1",1,"1_5",0
"63b8342eb371f007b0651c7e","FastSlow","2_2",0,"1_1",1
"63b8342eb371f007b0651c7e","FastSlow","2_2",0,"1_2",1
"63b8342eb371f007b0651c7e","FastSlow","2_2",0,"1_3",0
"63b8342eb371f007b0651c7e","FastSlow","2_2",0,"1_4",0
"63b8342eb371f007b0651c7e","FastSlow","2_2",0,"1_5",0
"63b8342eb371f007b0651c7e","FastSlow","2_3",0,"1_1",1
"63b8342eb371f007b0651c7e","FastSlow","2_3",0,"1_2",1
"63b8342eb371f007b0651c7e","FastSlow","2_3",0,"1_3",0
"63b8342eb371f007b0651c7e","FastSlow","2_3",0,"1_4",0
"63b8342eb371f007b0651c7e","FastSlow","2_3",0,"1_5",0
"63b8342eb371f007b0651c7e","FastSlow","2_4",0,"1_1",1
"63b8342eb371f007b0651c7e","FastSlow","2_4",0,"1_2",1
"63b8342eb371f007b0651c7e","FastSlow","2_4",0,"1_3",0
"63b8342eb371f007b0651c7e","FastSlow","2_4",0,"1_4",0
"63b8342eb371f007b0651c7e","FastSlow","2_4",0,"1_5",0
"63b8342eb371f007b0651c7e","FastSlow","2_5",0,"1_1",1
"63b8342eb371f007b0651c7e","FastSlow","2_5",0,"1_2",1
"63b8342eb371f007b0651c7e","FastSlow","2_5",0,"1_3",0
"63b8342eb371f007b0651c7e","FastSlow","2_5",0,"1_4",0
"63b8342eb371f007b0651c7e","FastSlow","2_5",0,"1_5",0
"57dab7f721d77800018e42fe","SlowFast","2_1",1,"1_1",1
"57dab7f721d77800018e42fe","SlowFast","2_1",1,"1_2",0
"57dab7f721d77800018e42fe","SlowFast","2_1",1,"1_3",1
"57dab7f721d77800018e42fe","SlowFast","2_1",1,"1_4",1
"57dab7f721d77800018e42fe","SlowFast","2_1",1,"1_5",0
"57dab7f721d77800018e42fe","SlowFast","2_2",0,"1_1",1
"57dab7f721d77800018e42fe","SlowFast","2_2",0,"1_2",0
"57dab7f721d77800018e42fe","SlowFast","2_2",0,"1_3",1
"57dab7f721d77800018e42fe","SlowFast","2_2",0,"1_4",1
"57dab7f721d77800018e42fe","SlowFast","2_2",0,"1_5",0
"57dab7f721d77800018e42fe","SlowFast","2_3",1,"1_1",1
"57dab7f721d77800018e42fe","SlowFast","2_3",1,"1_2",0
"57dab7f721d77800018e42fe","SlowFast","2_3",1,"1_3",1
"57dab7f721d77800018e42fe","SlowFast","2_3",1,"1_4",1
"57dab7f721d77800018e42fe","SlowFast","2_3",1,"1_5",0
"57dab7f721d77800018e42fe","SlowFast","2_4",0,"1_1",1
"57dab7f721d77800018e42fe","SlowFast","2_4",0,"1_2",0
"57dab7f721d77800018e42fe","SlowFast","2_4",0,"1_3",1
"57dab7f721d77800018e42fe","SlowFast","2_4",0,"1_4",1
"57dab7f721d77800018e42fe","SlowFast","2_4",0,"1_5",0
"57dab7f721d77800018e42fe","SlowFast","2_5",0,"1_1",1
"57dab7f721d77800018e42fe","SlowFast","2_5",0,"1_2",0
"57dab7f721d77800018e42fe","SlowFast","2_5",0,"1_3",1
"57dab7f721d77800018e42fe","SlowFast","2_5",0,"1_4",1
"57dab7f721d77800018e42fe","SlowFast","2_5",0,"1_5",0
"633485c40e46cf7e9a2f2ca1","SlowFast","2_1",1,"1_1",1
"633485c40e46cf7e9a2f2ca1","SlowFast","2_1",1,"1_2",1
"633485c40e46cf7e9a2f2ca1","SlowFast","2_1",1,"1_3",0
"633485c40e46cf7e9a2f2ca1","SlowFast","2_1",1,"1_4",0
"633485c40e46cf7e9a2f2ca1","SlowFast","2_1",1,"1_5",0
"633485c40e46cf7e9a2f2ca1","SlowFast","2_2",1,"1_1",1
"633485c40e46cf7e9a2f2ca1","SlowFast","2_2",1,"1_2",1
"633485c40e46cf7e9a2f2ca1","SlowFast","2_2",1,"1_3",0
"633485c40e46cf7e9a2f2ca1","SlowFast","2_2",1,"1_4",0
"633485c40e46cf7e9a2f2ca1","SlowFast","2_2",1,"1_5",0
"633485c40e46cf7e9a2f2ca1","SlowFast","2_3",0,"1_1",1
"633485c40e46cf7e9a2f2ca1","SlowFast","2_3",0,"1_2",1
"633485c40e46cf7e9a2f2ca1","SlowFast","2_3",0,"1_3",0
"633485c40e46cf7e9a2f2ca1","SlowFast","2_3",0,"1_4",0
"633485c40e46cf7e9a2f2ca1","SlowFast","2_3",0,"1_5",0
"633485c40e46cf7e9a2f2ca1","SlowFast","2_4",1,"1_1",1
"633485c40e46cf7e9a2f2ca1","SlowFast","2_4",1,"1_2",1
"633485c40e46cf7e9a2f2ca1","SlowFast","2_4",1,"1_3",0
"633485c40e46cf7e9a2f2ca1","SlowFast","2_4",1,"1_4",0
"633485c40e46cf7e9a2f2ca1","SlowFast","2_4",1,"1_5",0
"633485c40e46cf7e9a2f2ca1","SlowFast","2_5",0,"1_1",1
"633485c40e46cf7e9a2f2ca1","SlowFast","2_5",0,"1_2",1
"633485c40e46cf7e9a2f2ca1","SlowFast","2_5",0,"1_3",0
"633485c40e46cf7e9a2f2ca1","SlowFast","2_5",0,"1_4",0
"633485c40e46cf7e9a2f2ca1","SlowFast","2_5",0,"1_5",0
"66ff9b016d7e1f8c4632828f","SlowFast","2_1",1,"1_1",0
"66ff9b016d7e1f8c4632828f","SlowFast","2_1",1,"1_2",1
"66ff9b016d7e1f8c4632828f","SlowFast","2_1",1,"1_3",0
"66ff9b016d7e1f8c4632828f","SlowFast","2_1",1,"1_4",1
"66ff9b016d7e1f8c4632828f","SlowFast","2_1",1,"1_5",0
"66ff9b016d7e1f8c4632828f","SlowFast","2_2",1,"1_1",0
"66ff9b016d7e1f8c4632828f","SlowFast","2_2",1,"1_2",1
"66ff9b016d7e1f8c4632828f","SlowFast","2_2",1,"1_3",0
"66ff9b016d7e1f8c4632828f","SlowFast","2_2",1,"1_4",1
"66ff9b016d7e1f8c4632828f","SlowFast","2_2",1,"1_5",0
"66ff9b016d7e1f8c4632828f","SlowFast","2_3",0,"1_1",0
"66ff9b016d7e1f8c4632828f","SlowFast","2_3",0,"1_2",1
"66ff9b016d7e1f8c4632828f","SlowFast","2_3",0,"1_3",0
"66ff9b016d7e1f8c4632828f","SlowFast","2_3",0,"1_4",1
"66ff9b016d7e1f8c4632828f","SlowFast","2_3",0,"1_5",0
"66ff9b016d7e1f8c4632828f","SlowFast","2_4",1,"1_1",0
"66ff9b016d7e1f8c4632828f","SlowFast","2_4",1,"1_2",1
"66ff9b016d7e1f8c4632828f","SlowFast","2_4",1,"1_3",0
"66ff9b016d7e1f8c4632828f","SlowFast","2_4",1,"1_4",1
"66ff9b016d7e1f8c4632828f","SlowFast","2_4",1,"1_5",0
"66ff9b016d7e1f8c4632828f","SlowFast","2_5",0,"1_1",0
"66ff9b016d7e1f8c4632828f","SlowFast","2_5",0,"1_2",1
"66ff9b016d7e1f8c4632828f","SlowFast","2_5",0,"1_3",0
"66ff9b016d7e1f8c4632828f","SlowFast","2_5",0,"1_4",1
"66ff9b016d7e1f8c4632828f","SlowFast","2_5",0,"1_5",0
"663a584a28c3c4f47601792c","SlowFast","2_1",1,"1_1",1
"663a584a28c3c4f47601792c","SlowFast","2_1",1,"1_2",1
"663a584a28c3c4f47601792c","SlowFast","2_1",1,"1_3",0
"663a584a28c3c4f47601792c","SlowFast","2_1",1,"1_4",0
"663a584a28c3c4f47601792c","SlowFast","2_1",1,"1_5",0
"663a584a28c3c4f47601792c","SlowFast","2_2",0,"1_1",1
"663a584a28c3c4f47601792c","SlowFast","2_2",0,"1_2",1
"663a584a28c3c4f47601792c","SlowFast","2_2",0,"1_3",0
"663a584a28c3c4f47601792c","SlowFast","2_2",0,"1_4",0
"663a584a28c3c4f47601792c","SlowFast","2_2",0,"1_5",0
"663a584a28c3c4f47601792c","SlowFast","2_3",1,"1_1",1
"663a584a28c3c4f47601792c","SlowFast","2_3",1,"1_2",1
"663a584a28c3c4f47601792c","SlowFast","2_3",1,"1_3",0
"663a584a28c3c4f47601792c","SlowFast","2_3",1,"1_4",0
"663a584a28c3c4f47601792c","SlowFast","2_3",1,"1_5",0
"663a584a28c3c4f47601792c","SlowFast","2_4",1,"1_1",1
"663a584a28c3c4f47601792c","SlowFast","2_4",1,"1_2",1
"663a584a28c3c4f47601792c","SlowFast","2_4",1,"1_3",0
"663a584a28c3c4f47601792c","SlowFast","2_4",1,"1_4",0
"663a584a28c3c4f47601792c","SlowFast","2_4",1,"1_5",0
"663a584a28c3c4f47601792c","SlowFast","2_5",0,"1_1",1
"663a584a28c3c4f47601792c","SlowFast","2_5",0,"1_2",1
"663a584a28c3c4f47601792c","SlowFast","2_5",0,"1_3",0
"663a584a28c3c4f47601792c","SlowFast","2_5",0,"1_4",0
"663a584a28c3c4f47601792c","SlowFast","2_5",0,"1_5",0
"66e982b2da4a8dde63eac56c","SlowFast","2_1",1,"1_1",1
"66e982b2da4a8dde63eac56c","SlowFast","2_1",1,"1_2",0
"66e982b2da4a8dde63eac56c","SlowFast","2_1",1,"1_3",0
"66e982b2da4a8dde63eac56c","SlowFast","2_1",1,"1_4",1
"66e982b2da4a8dde63eac56c","SlowFast","2_1",1,"1_5",0
"66e982b2da4a8dde63eac56c","SlowFast","2_2",1,"1_1",1
"66e982b2da4a8dde63eac56c","SlowFast","2_2",1,"1_2",0
"66e982b2da4a8dde63eac56c","SlowFast","2_2",1,"1_3",0
"66e982b2da4a8dde63eac56c","SlowFast","2_2",1,"1_4",1
"66e982b2da4a8dde63eac56c","SlowFast","2_2",1,"1_5",0
"66e982b2da4a8dde63eac56c","SlowFast","2_3",0,"1_1",1
"66e982b2da4a8dde63eac56c","SlowFast","2_3",0,"1_2",0
"66e982b2da4a8dde63eac56c","SlowFast","2_3",0,"1_3",0
"66e982b2da4a8dde63eac56c","SlowFast","2_3",0,"1_4",1
"66e982b2da4a8dde63eac56c","SlowFast","2_3",0,"1_5",0
"66e982b2da4a8dde63eac56c","SlowFast","2_4",1,"1_1",1
"66e982b2da4a8dde63eac56c","SlowFast","2_4",1,"1_2",0
"66e982b2da4a8dde63eac56c","SlowFast","2_4",1,"1_3",0
"66e982b2da4a8dde63eac56c","SlowFast","2_4",1,"1_4",1
"66e982b2da4a8dde63eac56c","SlowFast","2_4",1,"1_5",0
"66e982b2da4a8dde63eac56c","SlowFast","2_5",0,"1_1",1
"66e982b2da4a8dde63eac56c","SlowFast","2_5",0,"1_2",0
"66e982b2da4a8dde63eac56c","SlowFast","2_5",0,"1_3",0
"66e982b2da4a8dde63eac56c","SlowFast","2_5",0,"1_4",1
"66e982b2da4a8dde63eac56c","SlowFast","2_5",0,"1_5",0
"6612ef77c7b1e47ca2e9d346","FastSlow","2_1",1,"1_1",1
"6612ef77c7b1e47ca2e9d346","FastSlow","2_1",1,"1_2",1
"6612ef77c7b1e47ca2e9d346","FastSlow","2_1",1,"1_3",1
"6612ef77c7b1e47ca2e9d346","FastSlow","2_1",1,"1_4",1
"6612ef77c7b1e47ca2e9d346","FastSlow","2_1",1,"1_5",0
"6612ef77c7b1e47ca2e9d346","FastSlow","2_2",0,"1_1",1
"6612ef77c7b1e47ca2e9d346","FastSlow","2_2",0,"1_2",1
"6612ef77c7b1e47ca2e9d346","FastSlow","2_2",0,"1_3",1
"6612ef77c7b1e47ca2e9d346","FastSlow","2_2",0,"1_4",1
"6612ef77c7b1e47ca2e9d346","FastSlow","2_2",0,"1_5",0
"6612ef77c7b1e47ca2e9d346","FastSlow","2_3",0,"1_1",1
"6612ef77c7b1e47ca2e9d346","FastSlow","2_3",0,"1_2",1
"6612ef77c7b1e47ca2e9d346","FastSlow","2_3",0,"1_3",1
"6612ef77c7b1e47ca2e9d346","FastSlow","2_3",0,"1_4",1
"6612ef77c7b1e47ca2e9d346","FastSlow","2_3",0,"1_5",0
"6612ef77c7b1e47ca2e9d346","FastSlow","2_4",1,"1_1",1
"6612ef77c7b1e47ca2e9d346","FastSlow","2_4",1,"1_2",1
"6612ef77c7b1e47ca2e9d346","FastSlow","2_4",1,"1_3",1
"6612ef77c7b1e47ca2e9d346","FastSlow","2_4",1,"1_4",1
"6612ef77c7b1e47ca2e9d346","FastSlow","2_4",1,"1_5",0
"6612ef77c7b1e47ca2e9d346","FastSlow","2_5",0,"1_1",1
"6612ef77c7b1e47ca2e9d346","FastSlow","2_5",0,"1_2",1
"6612ef77c7b1e47ca2e9d346","FastSlow","2_5",0,"1_3",1
"6612ef77c7b1e47ca2e9d346","FastSlow","2_5",0,"1_4",1
"6612ef77c7b1e47ca2e9d346","FastSlow","2_5",0,"1_5",0
"61109efff90b5bcc15b68b75","SlowFast","2_1",1,"1_1",1
"61109efff90b5bcc15b68b75","SlowFast","2_1",1,"1_2",0
"61109efff90b5bcc15b68b75","SlowFast","2_1",1,"1_3",0
"61109efff90b5bcc15b68b75","SlowFast","2_1",1,"1_4",0
"61109efff90b5bcc15b68b75","SlowFast","2_1",1,"1_5",0
"61109efff90b5bcc15b68b75","SlowFast","2_2",0,"1_1",1
"61109efff90b5bcc15b68b75","SlowFast","2_2",0,"1_2",0
"61109efff90b5bcc15b68b75","SlowFast","2_2",0,"1_3",0
"61109efff90b5bcc15b68b75","SlowFast","2_2",0,"1_4",0
"61109efff90b5bcc15b68b75","SlowFast","2_2",0,"1_5",0
"61109efff90b5bcc15b68b75","SlowFast","2_3",0,"1_1",1
"61109efff90b5bcc15b68b75","SlowFast","2_3",0,"1_2",0
"61109efff90b5bcc15b68b75","SlowFast","2_3",0,"1_3",0
"61109efff90b5bcc15b68b75","SlowFast","2_3",0,"1_4",0
"61109efff90b5bcc15b68b75","SlowFast","2_3",0,"1_5",0
"61109efff90b5bcc15b68b75","SlowFast","2_4",0,"1_1",1
"61109efff90b5bcc15b68b75","SlowFast","2_4",0,"1_2",0
"61109efff90b5bcc15b68b75","SlowFast","2_4",0,"1_3",0
"61109efff90b5bcc15b68b75","SlowFast","2_4",0,"1_4",0
"61109efff90b5bcc15b68b75","SlowFast","2_4",0,"1_5",0
"61109efff90b5bcc15b68b75","SlowFast","2_5",0,"1_1",1
"61109efff90b5bcc15b68b75","SlowFast","2_5",0,"1_2",0
"61109efff90b5bcc15b68b75","SlowFast","2_5",0,"1_3",0
"61109efff90b5bcc15b68b75","SlowFast","2_5",0,"1_4",0
"61109efff90b5bcc15b68b75","SlowFast","2_5",0,"1_5",0
"67ed7515c3602df172cbddbc","FastSlow","2_1",1,"1_1",1
"67ed7515c3602df172cbddbc","FastSlow","2_1",1,"1_2",1
"67ed7515c3602df172cbddbc","FastSlow","2_1",1,"1_3",1
"67ed7515c3602df172cbddbc","FastSlow","2_1",1,"1_4",1
"67ed7515c3602df172cbddbc","FastSlow","2_1",1,"1_5",0
"67ed7515c3602df172cbddbc","FastSlow","2_2",1,"1_1",1
"67ed7515c3602df172cbddbc","FastSlow","2_2",1,"1_2",1
"67ed7515c3602df172cbddbc","FastSlow","2_2",1,"1_3",1
"67ed7515c3602df172cbddbc","FastSlow","2_2",1,"1_4",1
"67ed7515c3602df172cbddbc","FastSlow","2_2",1,"1_5",0
"67ed7515c3602df172cbddbc","FastSlow","2_3",1,"1_1",1
"67ed7515c3602df172cbddbc","FastSlow","2_3",1,"1_2",1
"67ed7515c3602df172cbddbc","FastSlow","2_3",1,"1_3",1
"67ed7515c3602df172cbddbc","FastSlow","2_3",1,"1_4",1
"67ed7515c3602df172cbddbc","FastSlow","2_3",1,"1_5",0
"67ed7515c3602df172cbddbc","FastSlow","2_4",1,"1_1",1
"67ed7515c3602df172cbddbc","FastSlow","2_4",1,"1_2",1
"67ed7515c3602df172cbddbc","FastSlow","2_4",1,"1_3",1
"67ed7515c3602df172cbddbc","FastSlow","2_4",1,"1_4",1
"67ed7515c3602df172cbddbc","FastSlow","2_4",1,"1_5",0
"67ed7515c3602df172cbddbc","FastSlow","2_5",0,"1_1",1
"67ed7515c3602df172cbddbc","FastSlow","2_5",0,"1_2",1
"67ed7515c3602df172cbddbc","FastSlow","2_5",0,"1_3",1
"67ed7515c3602df172cbddbc","FastSlow","2_5",0,"1_4",1
"67ed7515c3602df172cbddbc","FastSlow","2_5",0,"1_5",0
"67eeddc6ad2e14ecc6dbe48a","SlowFast","2_1",0,"1_1",1
"67eeddc6ad2e14ecc6dbe48a","SlowFast","2_1",0,"1_2",0
"67eeddc6ad2e14ecc6dbe48a","SlowFast","2_1",0,"1_3",1
"67eeddc6ad2e14ecc6dbe48a","SlowFast","2_1",0,"1_4",0
"67eeddc6ad2e14ecc6dbe48a","SlowFast","2_1",0,"1_5",0
"67eeddc6ad2e14ecc6dbe48a","SlowFast","2_2",0,"1_1",1
"67eeddc6ad2e14ecc6dbe48a","SlowFast","2_2",0,"1_2",0
"67eeddc6ad2e14ecc6dbe48a","SlowFast","2_2",0,"1_3",1
"67eeddc6ad2e14ecc6dbe48a","SlowFast","2_2",0,"1_4",0
"67eeddc6ad2e14ecc6dbe48a","SlowFast","2_2",0,"1_5",0
"67eeddc6ad2e14ecc6dbe48a","SlowFast","2_3",1,"1_1",1
"67eeddc6ad2e14ecc6dbe48a","SlowFast","2_3",1,"1_2",0
"67eeddc6ad2e14ecc6dbe48a","SlowFast","2_3",1,"1_3",1
"67eeddc6ad2e14ecc6dbe48a","SlowFast","2_3",1,"1_4",0
"67eeddc6ad2e14ecc6dbe48a","SlowFast","2_3",1,"1_5",0
"67eeddc6ad2e14ecc6dbe48a","SlowFast","2_4",0,"1_1",1
"67eeddc6ad2e14ecc6dbe48a","SlowFast","2_4",0,"1_2",0
"67eeddc6ad2e14ecc6dbe48a","SlowFast","2_4",0,"1_3",1
"67eeddc6ad2e14ecc6dbe48a","SlowFast","2_4",0,"1_4",0
"67eeddc6ad2e14ecc6dbe48a","SlowFast","2_4",0,"1_5",0
"67eeddc6ad2e14ecc6dbe48a","SlowFast","2_5",0,"1_1",1
"67eeddc6ad2e14ecc6dbe48a","SlowFast","2_5",0,"1_2",0
"67eeddc6ad2e14ecc6dbe48a","SlowFast","2_5",0,"1_3",1
"67eeddc6ad2e14ecc6dbe48a","SlowFast","2_5",0,"1_4",0
"67eeddc6ad2e14ecc6dbe48a","SlowFast","2_5",0,"1_5",0
"65f48c6de41485ac8b284e83","FastSlow","2_1",1,"1_1",1
"65f48c6de41485ac8b284e83","FastSlow","2_1",1,"1_2",0
"65f48c6de41485ac8b284e83","FastSlow","2_1",1,"1_3",1
"65f48c6de41485ac8b284e83","FastSlow","2_1",1,"1_4",1
"65f48c6de41485ac8b284e83","FastSlow","2_1",1,"1_5",0
"65f48c6de41485ac8b284e83","FastSlow","2_2",1,"1_1",1
"65f48c6de41485ac8b284e83","FastSlow","2_2",1,"1_2",0
"65f48c6de41485ac8b284e83","FastSlow","2_2",1,"1_3",1
"65f48c6de41485ac8b284e83","FastSlow","2_2",1,"1_4",1
"65f48c6de41485ac8b284e83","FastSlow","2_2",1,"1_5",0
"65f48c6de41485ac8b284e83","FastSlow","2_3",1,"1_1",1
"65f48c6de41485ac8b284e83","FastSlow","2_3",1,"1_2",0
"65f48c6de41485ac8b284e83","FastSlow","2_3",1,"1_3",1
"65f48c6de41485ac8b284e83","FastSlow","2_3",1,"1_4",1
"65f48c6de41485ac8b284e83","FastSlow","2_3",1,"1_5",0
"65f48c6de41485ac8b284e83","FastSlow","2_4",0,"1_1",1
"65f48c6de41485ac8b284e83","FastSlow","2_4",0,"1_2",0
"65f48c6de41485ac8b284e83","FastSlow","2_4",0,"1_3",1
"65f48c6de41485ac8b284e83","FastSlow","2_4",0,"1_4",1
"65f48c6de41485ac8b284e83","FastSlow","2_4",0,"1_5",0
"65f48c6de41485ac8b284e83","FastSlow","2_5",0,"1_1",1
"65f48c6de41485ac8b284e83","FastSlow","2_5",0,"1_2",0
"65f48c6de41485ac8b284e83","FastSlow","2_5",0,"1_3",1
"65f48c6de41485ac8b284e83","FastSlow","2_5",0,"1_4",1
"65f48c6de41485ac8b284e83","FastSlow","2_5",0,"1_5",0
"66eb407e1ff22f0926073501","FastSlow","2_1",0,"1_1",1
"66eb407e1ff22f0926073501","FastSlow","2_1",0,"1_2",0
"66eb407e1ff22f0926073501","FastSlow","2_1",0,"1_3",0
"66eb407e1ff22f0926073501","FastSlow","2_1",0,"1_4",0
"66eb407e1ff22f0926073501","FastSlow","2_1",0,"1_5",0
"66eb407e1ff22f0926073501","FastSlow","2_2",0,"1_1",1
"66eb407e1ff22f0926073501","FastSlow","2_2",0,"1_2",0
"66eb407e1ff22f0926073501","FastSlow","2_2",0,"1_3",0
"66eb407e1ff22f0926073501","FastSlow","2_2",0,"1_4",0
"66eb407e1ff22f0926073501","FastSlow","2_2",0,"1_5",0
"66eb407e1ff22f0926073501","FastSlow","2_3",0,"1_1",1
"66eb407e1ff22f0926073501","FastSlow","2_3",0,"1_2",0
"66eb407e1ff22f0926073501","FastSlow","2_3",0,"1_3",0
"66eb407e1ff22f0926073501","FastSlow","2_3",0,"1_4",0
"66eb407e1ff22f0926073501","FastSlow","2_3",0,"1_5",0
"66eb407e1ff22f0926073501","FastSlow","2_4",0,"1_1",1
"66eb407e1ff22f0926073501","FastSlow","2_4",0,"1_2",0
"66eb407e1ff22f0926073501","FastSlow","2_4",0,"1_3",0
"66eb407e1ff22f0926073501","FastSlow","2_4",0,"1_4",0
"66eb407e1ff22f0926073501","FastSlow","2_4",0,"1_5",0
"66eb407e1ff22f0926073501","FastSlow","2_5",0,"1_1",1
"66eb407e1ff22f0926073501","FastSlow","2_5",0,"1_2",0
"66eb407e1ff22f0926073501","FastSlow","2_5",0,"1_3",0
"66eb407e1ff22f0926073501","FastSlow","2_5",0,"1_4",0
"66eb407e1ff22f0926073501","FastSlow","2_5",0,"1_5",0
"67f302367b115d1edb94f0b0","FastSlow","2_1",1,"1_1",1
"67f302367b115d1edb94f0b0","FastSlow","2_1",1,"1_2",1
"67f302367b115d1edb94f0b0","FastSlow","2_1",1,"1_3",1
"67f302367b115d1edb94f0b0","FastSlow","2_1",1,"1_4",0
"67f302367b115d1edb94f0b0","FastSlow","2_1",1,"1_5",0
"67f302367b115d1edb94f0b0","FastSlow","2_2",0,"1_1",1
"67f302367b115d1edb94f0b0","FastSlow","2_2",0,"1_2",1
"67f302367b115d1edb94f0b0","FastSlow","2_2",0,"1_3",1
"67f302367b115d1edb94f0b0","FastSlow","2_2",0,"1_4",0
"67f302367b115d1edb94f0b0","FastSlow","2_2",0,"1_5",0
"67f302367b115d1edb94f0b0","FastSlow","2_3",1,"1_1",1
"67f302367b115d1edb94f0b0","FastSlow","2_3",1,"1_2",1
"67f302367b115d1edb94f0b0","FastSlow","2_3",1,"1_3",1
"67f302367b115d1edb94f0b0","FastSlow","2_3",1,"1_4",0
"67f302367b115d1edb94f0b0","FastSlow","2_3",1,"1_5",0
"67f302367b115d1edb94f0b0","FastSlow","2_4",1,"1_1",1
"67f302367b115d1edb94f0b0","FastSlow","2_4",1,"1_2",1
"67f302367b115d1edb94f0b0","FastSlow","2_4",1,"1_3",1
"67f302367b115d1edb94f0b0","FastSlow","2_4",1,"1_4",0
"67f302367b115d1edb94f0b0","FastSlow","2_4",1,"1_5",0
"67f302367b115d1edb94f0b0","FastSlow","2_5",0,"1_1",1
"67f302367b115d1edb94f0b0","FastSlow","2_5",0,"1_2",1
"67f302367b115d1edb94f0b0","FastSlow","2_5",0,"1_3",1
"67f302367b115d1edb94f0b0","FastSlow","2_5",0,"1_4",0
"67f302367b115d1edb94f0b0","FastSlow","2_5",0,"1_5",0
"65352328ddb089d098ab5d36","SlowFast","2_1",1,"1_1",1
"65352328ddb089d098ab5d36","SlowFast","2_1",1,"1_2",0
"65352328ddb089d098ab5d36","SlowFast","2_1",1,"1_3",0
"65352328ddb089d098ab5d36","SlowFast","2_1",1,"1_4",0
"65352328ddb089d098ab5d36","SlowFast","2_1",1,"1_5",0
"65352328ddb089d098ab5d36","SlowFast","2_2",1,"1_1",1
"65352328ddb089d098ab5d36","SlowFast","2_2",1,"1_2",0
"65352328ddb089d098ab5d36","SlowFast","2_2",1,"1_3",0
"65352328ddb089d098ab5d36","SlowFast","2_2",1,"1_4",0
"65352328ddb089d098ab5d36","SlowFast","2_2",1,"1_5",0
"65352328ddb089d098ab5d36","SlowFast","2_3",1,"1_1",1
"65352328ddb089d098ab5d36","SlowFast","2_3",1,"1_2",0
"65352328ddb089d098ab5d36","SlowFast","2_3",1,"1_3",0
"65352328ddb089d098ab5d36","SlowFast","2_3",1,"1_4",0
"65352328ddb089d098ab5d36","SlowFast","2_3",1,"1_5",0
"65352328ddb089d098ab5d36","SlowFast","2_4",1,"1_1",1
"65352328ddb089d098ab5d36","SlowFast","2_4",1,"1_2",0
"65352328ddb089d098ab5d36","SlowFast","2_4",1,"1_3",0
"65352328ddb089d098ab5d36","SlowFast","2_4",1,"1_4",0
"65352328ddb089d098ab5d36","SlowFast","2_4",1,"1_5",0
"65352328ddb089d098ab5d36","SlowFast","2_5",0,"1_1",1
"65352328ddb089d098ab5d36","SlowFast","2_5",0,"1_2",0
"65352328ddb089d098ab5d36","SlowFast","2_5",0,"1_3",0
"65352328ddb089d098ab5d36","SlowFast","2_5",0,"1_4",0
"65352328ddb089d098ab5d36","SlowFast","2_5",0,"1_5",0
"65d41e7614f13a6598834a8b","FastSlow","2_1",1,"1_1",1
"65d41e7614f13a6598834a8b","FastSlow","2_1",1,"1_2",0
"65d41e7614f13a6598834a8b","FastSlow","2_1",1,"1_3",0
"65d41e7614f13a6598834a8b","FastSlow","2_1",1,"1_4",0
"65d41e7614f13a6598834a8b","FastSlow","2_1",1,"1_5",0
"65d41e7614f13a6598834a8b","FastSlow","2_2",0,"1_1",1
"65d41e7614f13a6598834a8b","FastSlow","2_2",0,"1_2",0
"65d41e7614f13a6598834a8b","FastSlow","2_2",0,"1_3",0
"65d41e7614f13a6598834a8b","FastSlow","2_2",0,"1_4",0
"65d41e7614f13a6598834a8b","FastSlow","2_2",0,"1_5",0
"65d41e7614f13a6598834a8b","FastSlow","2_3",0,"1_1",1
"65d41e7614f13a6598834a8b","FastSlow","2_3",0,"1_2",0
"65d41e7614f13a6598834a8b","FastSlow","2_3",0,"1_3",0
"65d41e7614f13a6598834a8b","FastSlow","2_3",0,"1_4",0
"65d41e7614f13a6598834a8b","FastSlow","2_3",0,"1_5",0
"65d41e7614f13a6598834a8b","FastSlow","2_4",0,"1_1",1
"65d41e7614f13a6598834a8b","FastSlow","2_4",0,"1_2",0
"65d41e7614f13a6598834a8b","FastSlow","2_4",0,"1_3",0
"65d41e7614f13a6598834a8b","FastSlow","2_4",0,"1_4",0
"65d41e7614f13a6598834a8b","FastSlow","2_4",0,"1_5",0
"65d41e7614f13a6598834a8b","FastSlow","2_5",0,"1_1",1
"65d41e7614f13a6598834a8b","FastSlow","2_5",0,"1_2",0
"65d41e7614f13a6598834a8b","FastSlow","2_5",0,"1_3",0
"65d41e7614f13a6598834a8b","FastSlow","2_5",0,"1_4",0
"65d41e7614f13a6598834a8b","FastSlow","2_5",0,"1_5",0
"67411ab7d8d8a967ca1d86ab","FastSlow","2_1",1,"1_1",1
"67411ab7d8d8a967ca1d86ab","FastSlow","2_1",1,"1_2",0
"67411ab7d8d8a967ca1d86ab","FastSlow","2_1",1,"1_3",1
"67411ab7d8d8a967ca1d86ab","FastSlow","2_1",1,"1_4",1
"67411ab7d8d8a967ca1d86ab","FastSlow","2_1",1,"1_5",0
"67411ab7d8d8a967ca1d86ab","FastSlow","2_2",0,"1_1",1
"67411ab7d8d8a967ca1d86ab","FastSlow","2_2",0,"1_2",0
"67411ab7d8d8a967ca1d86ab","FastSlow","2_2",0,"1_3",1
"67411ab7d8d8a967ca1d86ab","FastSlow","2_2",0,"1_4",1
"67411ab7d8d8a967ca1d86ab","FastSlow","2_2",0,"1_5",0
"67411ab7d8d8a967ca1d86ab","FastSlow","2_3",0,"1_1",1
"67411ab7d8d8a967ca1d86ab","FastSlow","2_3",0,"1_2",0
"67411ab7d8d8a967ca1d86ab","FastSlow","2_3",0,"1_3",1
"67411ab7d8d8a967ca1d86ab","FastSlow","2_3",0,"1_4",1
"67411ab7d8d8a967ca1d86ab","FastSlow","2_3",0,"1_5",0
"67411ab7d8d8a967ca1d86ab","FastSlow","2_4",1,"1_1",1
"67411ab7d8d8a967ca1d86ab","FastSlow","2_4",1,"1_2",0
"67411ab7d8d8a967ca1d86ab","FastSlow","2_4",1,"1_3",1
"67411ab7d8d8a967ca1d86ab","FastSlow","2_4",1,"1_4",1
"67411ab7d8d8a967ca1d86ab","FastSlow","2_4",1,"1_5",0
"67411ab7d8d8a967ca1d86ab","FastSlow","2_5",0,"1_1",1
"67411ab7d8d8a967ca1d86ab","FastSlow","2_5",0,"1_2",0
"67411ab7d8d8a967ca1d86ab","FastSlow","2_5",0,"1_3",1
"67411ab7d8d8a967ca1d86ab","FastSlow","2_5",0,"1_4",1
"67411ab7d8d8a967ca1d86ab","FastSlow","2_5",0,"1_5",0
"677d27908064d9a59051cb91","SlowFast","2_1",1,"1_1",1
"677d27908064d9a59051cb91","SlowFast","2_1",1,"1_2",0
"677d27908064d9a59051cb91","SlowFast","2_1",1,"1_3",1
"677d27908064d9a59051cb91","SlowFast","2_1",1,"1_4",1
"677d27908064d9a59051cb91","SlowFast","2_1",1,"1_5",0
"677d27908064d9a59051cb91","SlowFast","2_2",1,"1_1",1
"677d27908064d9a59051cb91","SlowFast","2_2",1,"1_2",0
"677d27908064d9a59051cb91","SlowFast","2_2",1,"1_3",1
"677d27908064d9a59051cb91","SlowFast","2_2",1,"1_4",1
"677d27908064d9a59051cb91","SlowFast","2_2",1,"1_5",0
"677d27908064d9a59051cb91","SlowFast","2_3",1,"1_1",1
"677d27908064d9a59051cb91","SlowFast","2_3",1,"1_2",0
"677d27908064d9a59051cb91","SlowFast","2_3",1,"1_3",1
"677d27908064d9a59051cb91","SlowFast","2_3",1,"1_4",1
"677d27908064d9a59051cb91","SlowFast","2_3",1,"1_5",0
"677d27908064d9a59051cb91","SlowFast","2_4",1,"1_1",1
"677d27908064d9a59051cb91","SlowFast","2_4",1,"1_2",0
"677d27908064d9a59051cb91","SlowFast","2_4",1,"1_3",1
"677d27908064d9a59051cb91","SlowFast","2_4",1,"1_4",1
"677d27908064d9a59051cb91","SlowFast","2_4",1,"1_5",0
"677d27908064d9a59051cb91","SlowFast","2_5",0,"1_1",1
"677d27908064d9a59051cb91","SlowFast","2_5",0,"1_2",0
"677d27908064d9a59051cb91","SlowFast","2_5",0,"1_3",1
"677d27908064d9a59051cb91","SlowFast","2_5",0,"1_4",1
"677d27908064d9a59051cb91","SlowFast","2_5",0,"1_5",0
"67ace9b8a3dada8f64274fd7","FastSlow","2_1",0,"1_1",0
"67ace9b8a3dada8f64274fd7","FastSlow","2_1",0,"1_2",1
"67ace9b8a3dada8f64274fd7","FastSlow","2_1",0,"1_3",0
"67ace9b8a3dada8f64274fd7","FastSlow","2_1",0,"1_4",1
"67ace9b8a3dada8f64274fd7","FastSlow","2_1",0,"1_5",0
"67ace9b8a3dada8f64274fd7","FastSlow","2_2",0,"1_1",0
"67ace9b8a3dada8f64274fd7","FastSlow","2_2",0,"1_2",1
"67ace9b8a3dada8f64274fd7","FastSlow","2_2",0,"1_3",0
"67ace9b8a3dada8f64274fd7","FastSlow","2_2",0,"1_4",1
"67ace9b8a3dada8f64274fd7","FastSlow","2_2",0,"1_5",0
"67ace9b8a3dada8f64274fd7","FastSlow","2_3",0,"1_1",0
"67ace9b8a3dada8f64274fd7","FastSlow","2_3",0,"1_2",1
"67ace9b8a3dada8f64274fd7","FastSlow","2_3",0,"1_3",0
"67ace9b8a3dada8f64274fd7","FastSlow","2_3",0,"1_4",1
"67ace9b8a3dada8f64274fd7","FastSlow","2_3",0,"1_5",0
"67ace9b8a3dada8f64274fd7","FastSlow","2_4",0,"1_1",0
"67ace9b8a3dada8f64274fd7","FastSlow","2_4",0,"1_2",1
"67ace9b8a3dada8f64274fd7","FastSlow","2_4",0,"1_3",0
"67ace9b8a3dada8f64274fd7","FastSlow","2_4",0,"1_4",1
"67ace9b8a3dada8f64274fd7","FastSlow","2_4",0,"1_5",0
"67ace9b8a3dada8f64274fd7","FastSlow","2_5",0,"1_1",0
"67ace9b8a3dada8f64274fd7","FastSlow","2_5",0,"1_2",1
"67ace9b8a3dada8f64274fd7","FastSlow","2_5",0,"1_3",0
"67ace9b8a3dada8f64274fd7","FastSlow","2_5",0,"1_4",1
"67ace9b8a3dada8f64274fd7","FastSlow","2_5",0,"1_5",0
"66294a585f1cf3fdaeb80120","FastSlow","2_1",1,"1_1",1
"66294a585f1cf3fdaeb80120","FastSlow","2_1",1,"1_2",1
"66294a585f1cf3fdaeb80120","FastSlow","2_1",1,"1_3",1
"66294a585f1cf3fdaeb80120","FastSlow","2_1",1,"1_4",0
"66294a585f1cf3fdaeb80120","FastSlow","2_1",1,"1_5",0
"66294a585f1cf3fdaeb80120","FastSlow","2_2",1,"1_1",1
"66294a585f1cf3fdaeb80120","FastSlow","2_2",1,"1_2",1
"66294a585f1cf3fdaeb80120","FastSlow","2_2",1,"1_3",1
"66294a585f1cf3fdaeb80120","FastSlow","2_2",1,"1_4",0
"66294a585f1cf3fdaeb80120","FastSlow","2_2",1,"1_5",0
"66294a585f1cf3fdaeb80120","FastSlow","2_3",1,"1_1",1
"66294a585f1cf3fdaeb80120","FastSlow","2_3",1,"1_2",1
"66294a585f1cf3fdaeb80120","FastSlow","2_3",1,"1_3",1
"66294a585f1cf3fdaeb80120","FastSlow","2_3",1,"1_4",0
"66294a585f1cf3fdaeb80120","FastSlow","2_3",1,"1_5",0
"66294a585f1cf3fdaeb80120","FastSlow","2_4",1,"1_1",1
"66294a585f1cf3fdaeb80120","FastSlow","2_4",1,"1_2",1
"66294a585f1cf3fdaeb80120","FastSlow","2_4",1,"1_3",1
"66294a585f1cf3fdaeb80120","FastSlow","2_4",1,"1_4",0
"66294a585f1cf3fdaeb80120","FastSlow","2_4",1,"1_5",0
"66294a585f1cf3fdaeb80120","FastSlow","2_5",0,"1_1",1
"66294a585f1cf3fdaeb80120","FastSlow","2_5",0,"1_2",1
"66294a585f1cf3fdaeb80120","FastSlow","2_5",0,"1_3",1
"66294a585f1cf3fdaeb80120","FastSlow","2_5",0,"1_4",0
"66294a585f1cf3fdaeb80120","FastSlow","2_5",0,"1_5",0
"66a2fd3ddb8757da1068e932","FastSlow","2_1",1,"1_1",1
"66a2fd3ddb8757da1068e932","FastSlow","2_1",1,"1_2",1
"66a2fd3ddb8757da1068e932","FastSlow","2_1",1,"1_3",0
"66a2fd3ddb8757da1068e932","FastSlow","2_1",1,"1_4",1
"66a2fd3ddb8757da1068e932","FastSlow","2_1",1,"1_5",0
"66a2fd3ddb8757da1068e932","FastSlow","2_2",1,"1_1",1
"66a2fd3ddb8757da1068e932","FastSlow","2_2",1,"1_2",1
"66a2fd3ddb8757da1068e932","FastSlow","2_2",1,"1_3",0
"66a2fd3ddb8757da1068e932","FastSlow","2_2",1,"1_4",1
"66a2fd3ddb8757da1068e932","FastSlow","2_2",1,"1_5",0
"66a2fd3ddb8757da1068e932","FastSlow","2_3",0,"1_1",1
"66a2fd3ddb8757da1068e932","FastSlow","2_3",0,"1_2",1
"66a2fd3ddb8757da1068e932","FastSlow","2_3",0,"1_3",0
"66a2fd3ddb8757da1068e932","FastSlow","2_3",0,"1_4",1
"66a2fd3ddb8757da1068e932","FastSlow","2_3",0,"1_5",0
"66a2fd3ddb8757da1068e932","FastSlow","2_4",1,"1_1",1
"66a2fd3ddb8757da1068e932","FastSlow","2_4",1,"1_2",1
"66a2fd3ddb8757da1068e932","FastSlow","2_4",1,"1_3",0
"66a2fd3ddb8757da1068e932","FastSlow","2_4",1,"1_4",1
"66a2fd3ddb8757da1068e932","FastSlow","2_4",1,"1_5",0
"66a2fd3ddb8757da1068e932","FastSlow","2_5",0,"1_1",1
"66a2fd3ddb8757da1068e932","FastSlow","2_5",0,"1_2",1
"66a2fd3ddb8757da1068e932","FastSlow","2_5",0,"1_3",0
"66a2fd3ddb8757da1068e932","FastSlow","2_5",0,"1_4",1
"66a2fd3ddb8757da1068e932","FastSlow","2_5",0,"1_5",0
"65dba581504a6a75a4d6f016","FastSlow","2_1",1,"1_1",1
"65dba581504a6a75a4d6f016","FastSlow","2_1",1,"1_2",1
"65dba581504a6a75a4d6f016","FastSlow","2_1",1,"1_3",0
"65dba581504a6a75a4d6f016","FastSlow","2_1",1,"1_4",1
"65dba581504a6a75a4d6f016","FastSlow","2_1",1,"1_5",0
"65dba581504a6a75a4d6f016","FastSlow","2_2",0,"1_1",1
"65dba581504a6a75a4d6f016","FastSlow","2_2",0,"1_2",1
"65dba581504a6a75a4d6f016","FastSlow","2_2",0,"1_3",0
"65dba581504a6a75a4d6f016","FastSlow","2_2",0,"1_4",1
"65dba581504a6a75a4d6f016","FastSlow","2_2",0,"1_5",0
"65dba581504a6a75a4d6f016","FastSlow","2_3",1,"1_1",1
"65dba581504a6a75a4d6f016","FastSlow","2_3",1,"1_2",1
"65dba581504a6a75a4d6f016","FastSlow","2_3",1,"1_3",0
"65dba581504a6a75a4d6f016","FastSlow","2_3",1,"1_4",1
"65dba581504a6a75a4d6f016","FastSlow","2_3",1,"1_5",0
"65dba581504a6a75a4d6f016","FastSlow","2_4",0,"1_1",1
"65dba581504a6a75a4d6f016","FastSlow","2_4",0,"1_2",1
"65dba581504a6a75a4d6f016","FastSlow","2_4",0,"1_3",0
"65dba581504a6a75a4d6f016","FastSlow","2_4",0,"1_4",1
"65dba581504a6a75a4d6f016","FastSlow","2_4",0,"1_5",0
"65dba581504a6a75a4d6f016","FastSlow","2_5",0,"1_1",1
"65dba581504a6a75a4d6f016","FastSlow","2_5",0,"1_2",1
"65dba581504a6a75a4d6f016","FastSlow","2_5",0,"1_3",0
"65dba581504a6a75a4d6f016","FastSlow","2_5",0,"1_4",1
"65dba581504a6a75a4d6f016","FastSlow","2_5",0,"1_5",0
"671104a3b307bee2953cb286","SlowFast","2_1",1,"1_1",1
"671104a3b307bee2953cb286","SlowFast","2_1",1,"1_2",0
"671104a3b307bee2953cb286","SlowFast","2_1",1,"1_3",1
"671104a3b307bee2953cb286","SlowFast","2_1",1,"1_4",0
"671104a3b307bee2953cb286","SlowFast","2_1",1,"1_5",0
"671104a3b307bee2953cb286","SlowFast","2_2",0,"1_1",1
"671104a3b307bee2953cb286","SlowFast","2_2",0,"1_2",0
"671104a3b307bee2953cb286","SlowFast","2_2",0,"1_3",1
"671104a3b307bee2953cb286","SlowFast","2_2",0,"1_4",0
"671104a3b307bee2953cb286","SlowFast","2_2",0,"1_5",0
"671104a3b307bee2953cb286","SlowFast","2_3",0,"1_1",1
"671104a3b307bee2953cb286","SlowFast","2_3",0,"1_2",0
"671104a3b307bee2953cb286","SlowFast","2_3",0,"1_3",1
"671104a3b307bee2953cb286","SlowFast","2_3",0,"1_4",0
"671104a3b307bee2953cb286","SlowFast","2_3",0,"1_5",0
"671104a3b307bee2953cb286","SlowFast","2_4",0,"1_1",1
"671104a3b307bee2953cb286","SlowFast","2_4",0,"1_2",0
"671104a3b307bee2953cb286","SlowFast","2_4",0,"1_3",1
"671104a3b307bee2953cb286","SlowFast","2_4",0,"1_4",0
"671104a3b307bee2953cb286","SlowFast","2_4",0,"1_5",0
"671104a3b307bee2953cb286","SlowFast","2_5",0,"1_1",1
"671104a3b307bee2953cb286","SlowFast","2_5",0,"1_2",0
"671104a3b307bee2953cb286","SlowFast","2_5",0,"1_3",1
"671104a3b307bee2953cb286","SlowFast","2_5",0,"1_4",0
"671104a3b307bee2953cb286","SlowFast","2_5",0,"1_5",0
"664641bdbd41a76a83a835a8","SlowFast","2_1",1,"1_1",1
"664641bdbd41a76a83a835a8","SlowFast","2_1",1,"1_2",1
"664641bdbd41a76a83a835a8","SlowFast","2_1",1,"1_3",0
"664641bdbd41a76a83a835a8","SlowFast","2_1",1,"1_4",0
"664641bdbd41a76a83a835a8","SlowFast","2_1",1,"1_5",0
"664641bdbd41a76a83a835a8","SlowFast","2_2",1,"1_1",1
"664641bdbd41a76a83a835a8","SlowFast","2_2",1,"1_2",1
"664641bdbd41a76a83a835a8","SlowFast","2_2",1,"1_3",0
"664641bdbd41a76a83a835a8","SlowFast","2_2",1,"1_4",0
"664641bdbd41a76a83a835a8","SlowFast","2_2",1,"1_5",0
"664641bdbd41a76a83a835a8","SlowFast","2_3",1,"1_1",1
"664641bdbd41a76a83a835a8","SlowFast","2_3",1,"1_2",1
"664641bdbd41a76a83a835a8","SlowFast","2_3",1,"1_3",0
"664641bdbd41a76a83a835a8","SlowFast","2_3",1,"1_4",0
"664641bdbd41a76a83a835a8","SlowFast","2_3",1,"1_5",0
"664641bdbd41a76a83a835a8","SlowFast","2_4",1,"1_1",1
"664641bdbd41a76a83a835a8","SlowFast","2_4",1,"1_2",1
"664641bdbd41a76a83a835a8","SlowFast","2_4",1,"1_3",0
"664641bdbd41a76a83a835a8","SlowFast","2_4",1,"1_4",0
"664641bdbd41a76a83a835a8","SlowFast","2_4",1,"1_5",0
"664641bdbd41a76a83a835a8","SlowFast","2_5",0,"1_1",1
"664641bdbd41a76a83a835a8","SlowFast","2_5",0,"1_2",1
"664641bdbd41a76a83a835a8","SlowFast","2_5",0,"1_3",0
"664641bdbd41a76a83a835a8","SlowFast","2_5",0,"1_4",0
"664641bdbd41a76a83a835a8","SlowFast","2_5",0,"1_5",0
"692769aaa410d44da4ce718b","SlowFast","2_1",1,"1_1",1
"692769aaa410d44da4ce718b","SlowFast","2_1",1,"1_2",1
"692769aaa410d44da4ce718b","SlowFast","2_1",1,"1_3",0
"692769aaa410d44da4ce718b","SlowFast","2_1",1,"1_4",0
"692769aaa410d44da4ce718b","SlowFast","2_1",1,"1_5",0
"692769aaa410d44da4ce718b","SlowFast","2_2",1,"1_1",1
"692769aaa410d44da4ce718b","SlowFast","2_2",1,"1_2",1
"692769aaa410d44da4ce718b","SlowFast","2_2",1,"1_3",0
"692769aaa410d44da4ce718b","SlowFast","2_2",1,"1_4",0
"692769aaa410d44da4ce718b","SlowFast","2_2",1,"1_5",0
"692769aaa410d44da4ce718b","SlowFast","2_3",1,"1_1",1
"692769aaa410d44da4ce718b","SlowFast","2_3",1,"1_2",1
"692769aaa410d44da4ce718b","SlowFast","2_3",1,"1_3",0
"692769aaa410d44da4ce718b","SlowFast","2_3",1,"1_4",0
"692769aaa410d44da4ce718b","SlowFast","2_3",1,"1_5",0
"692769aaa410d44da4ce718b","SlowFast","2_4",1,"1_1",1
"692769aaa410d44da4ce718b","SlowFast","2_4",1,"1_2",1
"692769aaa410d44da4ce718b","SlowFast","2_4",1,"1_3",0
"692769aaa410d44da4ce718b","SlowFast","2_4",1,"1_4",0
"692769aaa410d44da4ce718b","SlowFast","2_4",1,"1_5",0
"692769aaa410d44da4ce718b","SlowFast","2_5",0,"1_1",1
"692769aaa410d44da4ce718b","SlowFast","2_5",0,"1_2",1
"692769aaa410d44da4ce718b","SlowFast","2_5",0,"1_3",0
"692769aaa410d44da4ce718b","SlowFast","2_5",0,"1_4",0
"692769aaa410d44da4ce718b","SlowFast","2_5",0,"1_5",0
"6155179d24f54c4bcca3c313","SlowFast","2_1",1,"1_1",1
"6155179d24f54c4bcca3c313","SlowFast","2_1",1,"1_2",0
"6155179d24f54c4bcca3c313","SlowFast","2_1",1,"1_3",1
"6155179d24f54c4bcca3c313","SlowFast","2_1",1,"1_4",0
"6155179d24f54c4bcca3c313","SlowFast","2_1",1,"1_5",0
"6155179d24f54c4bcca3c313","SlowFast","2_2",1,"1_1",1
"6155179d24f54c4bcca3c313","SlowFast","2_2",1,"1_2",0
"6155179d24f54c4bcca3c313","SlowFast","2_2",1,"1_3",1
"6155179d24f54c4bcca3c313","SlowFast","2_2",1,"1_4",0
"6155179d24f54c4bcca3c313","SlowFast","2_2",1,"1_5",0
"6155179d24f54c4bcca3c313","SlowFast","2_3",1,"1_1",1
"6155179d24f54c4bcca3c313","SlowFast","2_3",1,"1_2",0
"6155179d24f54c4bcca3c313","SlowFast","2_3",1,"1_3",1
"6155179d24f54c4bcca3c313","SlowFast","2_3",1,"1_4",0
"6155179d24f54c4bcca3c313","SlowFast","2_3",1,"1_5",0
"6155179d24f54c4bcca3c313","SlowFast","2_4",1,"1_1",1
"6155179d24f54c4bcca3c313","SlowFast","2_4",1,"1_2",0
"6155179d24f54c4bcca3c313","SlowFast","2_4",1,"1_3",1
"6155179d24f54c4bcca3c313","SlowFast","2_4",1,"1_4",0
"6155179d24f54c4bcca3c313","SlowFast","2_4",1,"1_5",0
"6155179d24f54c4bcca3c313","SlowFast","2_5",0,"1_1",1
"6155179d24f54c4bcca3c313","SlowFast","2_5",0,"1_2",0
"6155179d24f54c4bcca3c313","SlowFast","2_5",0,"1_3",1
"6155179d24f54c4bcca3c313","SlowFast","2_5",0,"1_4",0
"6155179d24f54c4bcca3c313","SlowFast","2_5",0,"1_5",0
"612df6ef33e1afb850d6d56f","FastSlow","2_1",0,"1_1",1
"612df6ef33e1afb850d6d56f","FastSlow","2_1",0,"1_2",1
"612df6ef33e1afb850d6d56f","FastSlow","2_1",0,"1_3",1
"612df6ef33e1afb850d6d56f","FastSlow","2_1",0,"1_4",0
"612df6ef33e1afb850d6d56f","FastSlow","2_1",0,"1_5",0
"612df6ef33e1afb850d6d56f","FastSlow","2_2",0,"1_1",1
"612df6ef33e1afb850d6d56f","FastSlow","2_2",0,"1_2",1
"612df6ef33e1afb850d6d56f","FastSlow","2_2",0,"1_3",1
"612df6ef33e1afb850d6d56f","FastSlow","2_2",0,"1_4",0
"612df6ef33e1afb850d6d56f","FastSlow","2_2",0,"1_5",0
"612df6ef33e1afb850d6d56f","FastSlow","2_3",0,"1_1",1
"612df6ef33e1afb850d6d56f","FastSlow","2_3",0,"1_2",1
"612df6ef33e1afb850d6d56f","FastSlow","2_3",0,"1_3",1
"612df6ef33e1afb850d6d56f","FastSlow","2_3",0,"1_4",0
"612df6ef33e1afb850d6d56f","FastSlow","2_3",0,"1_5",0
"612df6ef33e1afb850d6d56f","FastSlow","2_4",0,"1_1",1
"612df6ef33e1afb850d6d56f","FastSlow","2_4",0,"1_2",1
"612df6ef33e1afb850d6d56f","FastSlow","2_4",0,"1_3",1
"612df6ef33e1afb850d6d56f","FastSlow","2_4",0,"1_4",0
"612df6ef33e1afb850d6d56f","FastSlow","2_4",0,"1_5",0
"612df6ef33e1afb850d6d56f","FastSlow","2_5",0,"1_1",1
"612df6ef33e1afb850d6d56f","FastSlow","2_5",0,"1_2",1
"612df6ef33e1afb850d6d56f","FastSlow","2_5",0,"1_3",1
"612df6ef33e1afb850d6d56f","FastSlow","2_5",0,"1_4",0
"612df6ef33e1afb850d6d56f","FastSlow","2_5",0,"1_5",0
"61083d0487d9041740853c17","FastSlow","2_1",0,"1_1",1
"61083d0487d9041740853c17","FastSlow","2_1",0,"1_2",0
"61083d0487d9041740853c17","FastSlow","2_1",0,"1_3",0
"61083d0487d9041740853c17","FastSlow","2_1",0,"1_4",0
"61083d0487d9041740853c17","FastSlow","2_1",0,"1_5",0
"61083d0487d9041740853c17","FastSlow","2_2",0,"1_1",1
"61083d0487d9041740853c17","FastSlow","2_2",0,"1_2",0
"61083d0487d9041740853c17","FastSlow","2_2",0,"1_3",0
"61083d0487d9041740853c17","FastSlow","2_2",0,"1_4",0
"61083d0487d9041740853c17","FastSlow","2_2",0,"1_5",0
"61083d0487d9041740853c17","FastSlow","2_3",0,"1_1",1
"61083d0487d9041740853c17","FastSlow","2_3",0,"1_2",0
"61083d0487d9041740853c17","FastSlow","2_3",0,"1_3",0
"61083d0487d9041740853c17","FastSlow","2_3",0,"1_4",0
"61083d0487d9041740853c17","FastSlow","2_3",0,"1_5",0
"61083d0487d9041740853c17","FastSlow","2_4",0,"1_1",1
"61083d0487d9041740853c17","FastSlow","2_4",0,"1_2",0
"61083d0487d9041740853c17","FastSlow","2_4",0,"1_3",0
"61083d0487d9041740853c17","FastSlow","2_4",0,"1_4",0
"61083d0487d9041740853c17","FastSlow","2_4",0,"1_5",0
"61083d0487d9041740853c17","FastSlow","2_5",0,"1_1",1
"61083d0487d9041740853c17","FastSlow","2_5",0,"1_2",0
"61083d0487d9041740853c17","FastSlow","2_5",0,"1_3",0
"61083d0487d9041740853c17","FastSlow","2_5",0,"1_4",0
"61083d0487d9041740853c17","FastSlow","2_5",0,"1_5",0
"6612eae68ccfbae62a843c43","SlowFast","2_1",1,"1_1",1
"6612eae68ccfbae62a843c43","SlowFast","2_1",1,"1_2",1
"6612eae68ccfbae62a843c43","SlowFast","2_1",1,"1_3",1
"6612eae68ccfbae62a843c43","SlowFast","2_1",1,"1_4",1
"6612eae68ccfbae62a843c43","SlowFast","2_1",1,"1_5",0
"6612eae68ccfbae62a843c43","SlowFast","2_2",1,"1_1",1
"6612eae68ccfbae62a843c43","SlowFast","2_2",1,"1_2",1
"6612eae68ccfbae62a843c43","SlowFast","2_2",1,"1_3",1
"6612eae68ccfbae62a843c43","SlowFast","2_2",1,"1_4",1
"6612eae68ccfbae62a843c43","SlowFast","2_2",1,"1_5",0
"6612eae68ccfbae62a843c43","SlowFast","2_3",1,"1_1",1
"6612eae68ccfbae62a843c43","SlowFast","2_3",1,"1_2",1
"6612eae68ccfbae62a843c43","SlowFast","2_3",1,"1_3",1
"6612eae68ccfbae62a843c43","SlowFast","2_3",1,"1_4",1
"6612eae68ccfbae62a843c43","SlowFast","2_3",1,"1_5",0
"6612eae68ccfbae62a843c43","SlowFast","2_4",1,"1_1",1
"6612eae68ccfbae62a843c43","SlowFast","2_4",1,"1_2",1
"6612eae68ccfbae62a843c43","SlowFast","2_4",1,"1_3",1
"6612eae68ccfbae62a843c43","SlowFast","2_4",1,"1_4",1
"6612eae68ccfbae62a843c43","SlowFast","2_4",1,"1_5",0
"6612eae68ccfbae62a843c43","SlowFast","2_5",1,"1_1",1
"6612eae68ccfbae62a843c43","SlowFast","2_5",1,"1_2",1
"6612eae68ccfbae62a843c43","SlowFast","2_5",1,"1_3",1
"6612eae68ccfbae62a843c43","SlowFast","2_5",1,"1_4",1
"6612eae68ccfbae62a843c43","SlowFast","2_5",1,"1_5",0
"672bd7268edc30919dbb118c","SlowFast","2_1",1,"1_1",1
"672bd7268edc30919dbb118c","SlowFast","2_1",1,"1_2",1
"672bd7268edc30919dbb118c","SlowFast","2_1",1,"1_3",1
"672bd7268edc30919dbb118c","SlowFast","2_1",1,"1_4",0
"672bd7268edc30919dbb118c","SlowFast","2_1",1,"1_5",0
"672bd7268edc30919dbb118c","SlowFast","2_2",1,"1_1",1
"672bd7268edc30919dbb118c","SlowFast","2_2",1,"1_2",1
"672bd7268edc30919dbb118c","SlowFast","2_2",1,"1_3",1
"672bd7268edc30919dbb118c","SlowFast","2_2",1,"1_4",0
"672bd7268edc30919dbb118c","SlowFast","2_2",1,"1_5",0
"672bd7268edc30919dbb118c","SlowFast","2_3",1,"1_1",1
"672bd7268edc30919dbb118c","SlowFast","2_3",1,"1_2",1
"672bd7268edc30919dbb118c","SlowFast","2_3",1,"1_3",1
"672bd7268edc30919dbb118c","SlowFast","2_3",1,"1_4",0
"672bd7268edc30919dbb118c","SlowFast","2_3",1,"1_5",0
"672bd7268edc30919dbb118c","SlowFast","2_4",0,"1_1",1
"672bd7268edc30919dbb118c","SlowFast","2_4",0,"1_2",1
"672bd7268edc30919dbb118c","SlowFast","2_4",0,"1_3",1
"672bd7268edc30919dbb118c","SlowFast","2_4",0,"1_4",0
"672bd7268edc30919dbb118c","SlowFast","2_4",0,"1_5",0
"672bd7268edc30919dbb118c","SlowFast","2_5",0,"1_1",1
"672bd7268edc30919dbb118c","SlowFast","2_5",0,"1_2",1
"672bd7268edc30919dbb118c","SlowFast","2_5",0,"1_3",1
"672bd7268edc30919dbb118c","SlowFast","2_5",0,"1_4",0
"672bd7268edc30919dbb118c","SlowFast","2_5",0,"1_5",0
"67bca2520a799ae9507bc053","FastSlow","2_1",1,"1_1",1
"67bca2520a799ae9507bc053","FastSlow","2_1",1,"1_2",1
"67bca2520a799ae9507bc053","FastSlow","2_1",1,"1_3",1
"67bca2520a799ae9507bc053","FastSlow","2_1",1,"1_4",1
"67bca2520a799ae9507bc053","FastSlow","2_1",1,"1_5",0
"67bca2520a799ae9507bc053","FastSlow","2_2",0,"1_1",1
"67bca2520a799ae9507bc053","FastSlow","2_2",0,"1_2",1
"67bca2520a799ae9507bc053","FastSlow","2_2",0,"1_3",1
"67bca2520a799ae9507bc053","FastSlow","2_2",0,"1_4",1
"67bca2520a799ae9507bc053","FastSlow","2_2",0,"1_5",0
"67bca2520a799ae9507bc053","FastSlow","2_3",1,"1_1",1
"67bca2520a799ae9507bc053","FastSlow","2_3",1,"1_2",1
"67bca2520a799ae9507bc053","FastSlow","2_3",1,"1_3",1
"67bca2520a799ae9507bc053","FastSlow","2_3",1,"1_4",1
"67bca2520a799ae9507bc053","FastSlow","2_3",1,"1_5",0
"67bca2520a799ae9507bc053","FastSlow","2_4",1,"1_1",1
"67bca2520a799ae9507bc053","FastSlow","2_4",1,"1_2",1
"67bca2520a799ae9507bc053","FastSlow","2_4",1,"1_3",1
"67bca2520a799ae9507bc053","FastSlow","2_4",1,"1_4",1
"67bca2520a799ae9507bc053","FastSlow","2_4",1,"1_5",0
"67bca2520a799ae9507bc053","FastSlow","2_5",0,"1_1",1
"67bca2520a799ae9507bc053","FastSlow","2_5",0,"1_2",1
"67bca2520a799ae9507bc053","FastSlow","2_5",0,"1_3",1
"67bca2520a799ae9507bc053","FastSlow","2_5",0,"1_4",1
"67bca2520a799ae9507bc053","FastSlow","2_5",0,"1_5",0
"5dea10b4446c9012dc5e3fe3","FastSlow","2_1",0,"1_1",0
"5dea10b4446c9012dc5e3fe3","FastSlow","2_1",0,"1_2",1
"5dea10b4446c9012dc5e3fe3","FastSlow","2_1",0,"1_3",0
"5dea10b4446c9012dc5e3fe3","FastSlow","2_1",0,"1_4",0
"5dea10b4446c9012dc5e3fe3","FastSlow","2_1",0,"1_5",0
"5dea10b4446c9012dc5e3fe3","FastSlow","2_2",0,"1_1",0
"5dea10b4446c9012dc5e3fe3","FastSlow","2_2",0,"1_2",1
"5dea10b4446c9012dc5e3fe3","FastSlow","2_2",0,"1_3",0
"5dea10b4446c9012dc5e3fe3","FastSlow","2_2",0,"1_4",0
"5dea10b4446c9012dc5e3fe3","FastSlow","2_2",0,"1_5",0
"5dea10b4446c9012dc5e3fe3","FastSlow","2_3",0,"1_1",0
"5dea10b4446c9012dc5e3fe3","FastSlow","2_3",0,"1_2",1
"5dea10b4446c9012dc5e3fe3","FastSlow","2_3",0,"1_3",0
"5dea10b4446c9012dc5e3fe3","FastSlow","2_3",0,"1_4",0
"5dea10b4446c9012dc5e3fe3","FastSlow","2_3",0,"1_5",0
"5dea10b4446c9012dc5e3fe3","FastSlow","2_4",0,"1_1",0
"5dea10b4446c9012dc5e3fe3","FastSlow","2_4",0,"1_2",1
"5dea10b4446c9012dc5e3fe3","FastSlow","2_4",0,"1_3",0
"5dea10b4446c9012dc5e3fe3","FastSlow","2_4",0,"1_4",0
"5dea10b4446c9012dc5e3fe3","FastSlow","2_4",0,"1_5",0
"5dea10b4446c9012dc5e3fe3","FastSlow","2_5",0,"1_1",0
"5dea10b4446c9012dc5e3fe3","FastSlow","2_5",0,"1_2",1
"5dea10b4446c9012dc5e3fe3","FastSlow","2_5",0,"1_3",0
"5dea10b4446c9012dc5e3fe3","FastSlow","2_5",0,"1_4",0
"5dea10b4446c9012dc5e3fe3","FastSlow","2_5",0,"1_5",0
"657619485d6869976045a220","SlowFast","2_1",1,"1_1",1
"657619485d6869976045a220","SlowFast","2_1",1,"1_2",1
"657619485d6869976045a220","SlowFast","2_1",1,"1_3",1
"657619485d6869976045a220","SlowFast","2_1",1,"1_4",1
"657619485d6869976045a220","SlowFast","2_1",1,"1_5",0
"657619485d6869976045a220","SlowFast","2_2",1,"1_1",1
"657619485d6869976045a220","SlowFast","2_2",1,"1_2",1
"657619485d6869976045a220","SlowFast","2_2",1,"1_3",1
"657619485d6869976045a220","SlowFast","2_2",1,"1_4",1
"657619485d6869976045a220","SlowFast","2_2",1,"1_5",0
"657619485d6869976045a220","SlowFast","2_3",1,"1_1",1
"657619485d6869976045a220","SlowFast","2_3",1,"1_2",1
"657619485d6869976045a220","SlowFast","2_3",1,"1_3",1
"657619485d6869976045a220","SlowFast","2_3",1,"1_4",1
"657619485d6869976045a220","SlowFast","2_3",1,"1_5",0
"657619485d6869976045a220","SlowFast","2_4",1,"1_1",1
"657619485d6869976045a220","SlowFast","2_4",1,"1_2",1
"657619485d6869976045a220","SlowFast","2_4",1,"1_3",1
"657619485d6869976045a220","SlowFast","2_4",1,"1_4",1
"657619485d6869976045a220","SlowFast","2_4",1,"1_5",0
"657619485d6869976045a220","SlowFast","2_5",1,"1_1",1
"657619485d6869976045a220","SlowFast","2_5",1,"1_2",1
"657619485d6869976045a220","SlowFast","2_5",1,"1_3",1
"657619485d6869976045a220","SlowFast","2_5",1,"1_4",1
"657619485d6869976045a220","SlowFast","2_5",1,"1_5",0
"659575ef7daa54a6b78c9c9a","SlowFast","2_1",1,"1_1",0
"659575ef7daa54a6b78c9c9a","SlowFast","2_1",1,"1_2",0
"659575ef7daa54a6b78c9c9a","SlowFast","2_1",1,"1_3",0
"659575ef7daa54a6b78c9c9a","SlowFast","2_1",1,"1_4",0
"659575ef7daa54a6b78c9c9a","SlowFast","2_1",1,"1_5",0
"659575ef7daa54a6b78c9c9a","SlowFast","2_2",0,"1_1",0
"659575ef7daa54a6b78c9c9a","SlowFast","2_2",0,"1_2",0
"659575ef7daa54a6b78c9c9a","SlowFast","2_2",0,"1_3",0
"659575ef7daa54a6b78c9c9a","SlowFast","2_2",0,"1_4",0
"659575ef7daa54a6b78c9c9a","SlowFast","2_2",0,"1_5",0
"659575ef7daa54a6b78c9c9a","SlowFast","2_3",1,"1_1",0
"659575ef7daa54a6b78c9c9a","SlowFast","2_3",1,"1_2",0
"659575ef7daa54a6b78c9c9a","SlowFast","2_3",1,"1_3",0
"659575ef7daa54a6b78c9c9a","SlowFast","2_3",1,"1_4",0
"659575ef7daa54a6b78c9c9a","SlowFast","2_3",1,"1_5",0
"659575ef7daa54a6b78c9c9a","SlowFast","2_4",0,"1_1",0
"659575ef7daa54a6b78c9c9a","SlowFast","2_4",0,"1_2",0
"659575ef7daa54a6b78c9c9a","SlowFast","2_4",0,"1_3",0
"659575ef7daa54a6b78c9c9a","SlowFast","2_4",0,"1_4",0
"659575ef7daa54a6b78c9c9a","SlowFast","2_4",0,"1_5",0
"659575ef7daa54a6b78c9c9a","SlowFast","2_5",0,"1_1",0
"659575ef7daa54a6b78c9c9a","SlowFast","2_5",0,"1_2",0
"659575ef7daa54a6b78c9c9a","SlowFast","2_5",0,"1_3",0
"659575ef7daa54a6b78c9c9a","SlowFast","2_5",0,"1_4",0
"659575ef7daa54a6b78c9c9a","SlowFast","2_5",0,"1_5",0
"66956649d7179281d46fa6f2","FastSlow","2_1",1,"1_1",1
"66956649d7179281d46fa6f2","FastSlow","2_1",1,"1_2",1
"66956649d7179281d46fa6f2","FastSlow","2_1",1,"1_3",1
"66956649d7179281d46fa6f2","FastSlow","2_1",1,"1_4",1
"66956649d7179281d46fa6f2","FastSlow","2_1",1,"1_5",0
"66956649d7179281d46fa6f2","FastSlow","2_2",0,"1_1",1
"66956649d7179281d46fa6f2","FastSlow","2_2",0,"1_2",1
"66956649d7179281d46fa6f2","FastSlow","2_2",0,"1_3",1
"66956649d7179281d46fa6f2","FastSlow","2_2",0,"1_4",1
"66956649d7179281d46fa6f2","FastSlow","2_2",0,"1_5",0
"66956649d7179281d46fa6f2","FastSlow","2_3",1,"1_1",1
"66956649d7179281d46fa6f2","FastSlow","2_3",1,"1_2",1
"66956649d7179281d46fa6f2","FastSlow","2_3",1,"1_3",1
"66956649d7179281d46fa6f2","FastSlow","2_3",1,"1_4",1
"66956649d7179281d46fa6f2","FastSlow","2_3",1,"1_5",0
"66956649d7179281d46fa6f2","FastSlow","2_4",0,"1_1",1
"66956649d7179281d46fa6f2","FastSlow","2_4",0,"1_2",1
"66956649d7179281d46fa6f2","FastSlow","2_4",0,"1_3",1
"66956649d7179281d46fa6f2","FastSlow","2_4",0,"1_4",1
"66956649d7179281d46fa6f2","FastSlow","2_4",0,"1_5",0
"66956649d7179281d46fa6f2","FastSlow","2_5",0,"1_1",1
"66956649d7179281d46fa6f2","FastSlow","2_5",0,"1_2",1
"66956649d7179281d46fa6f2","FastSlow","2_5",0,"1_3",1
"66956649d7179281d46fa6f2","FastSlow","2_5",0,"1_4",1
"66956649d7179281d46fa6f2","FastSlow","2_5",0,"1_5",0
"67bac250ddac167f36c7131d","SlowFast","2_1",1,"1_1",1
"67bac250ddac167f36c7131d","SlowFast","2_1",1,"1_2",0
"67bac250ddac167f36c7131d","SlowFast","2_1",1,"1_3",0
"67bac250ddac167f36c7131d","SlowFast","2_1",1,"1_4",1
"67bac250ddac167f36c7131d","SlowFast","2_1",1,"1_5",0
"67bac250ddac167f36c7131d","SlowFast","2_2",0,"1_1",1
"67bac250ddac167f36c7131d","SlowFast","2_2",0,"1_2",0
"67bac250ddac167f36c7131d","SlowFast","2_2",0,"1_3",0
"67bac250ddac167f36c7131d","SlowFast","2_2",0,"1_4",1
"67bac250ddac167f36c7131d","SlowFast","2_2",0,"1_5",0
"67bac250ddac167f36c7131d","SlowFast","2_3",0,"1_1",1
"67bac250ddac167f36c7131d","SlowFast","2_3",0,"1_2",0
"67bac250ddac167f36c7131d","SlowFast","2_3",0,"1_3",0
"67bac250ddac167f36c7131d","SlowFast","2_3",0,"1_4",1
"67bac250ddac167f36c7131d","SlowFast","2_3",0,"1_5",0
"67bac250ddac167f36c7131d","SlowFast","2_4",0,"1_1",1
"67bac250ddac167f36c7131d","SlowFast","2_4",0,"1_2",0
"67bac250ddac167f36c7131d","SlowFast","2_4",0,"1_3",0
"67bac250ddac167f36c7131d","SlowFast","2_4",0,"1_4",1
"67bac250ddac167f36c7131d","SlowFast","2_4",0,"1_5",0
"67bac250ddac167f36c7131d","SlowFast","2_5",0,"1_1",1
"67bac250ddac167f36c7131d","SlowFast","2_5",0,"1_2",0
"67bac250ddac167f36c7131d","SlowFast","2_5",0,"1_3",0
"67bac250ddac167f36c7131d","SlowFast","2_5",0,"1_4",1
"67bac250ddac167f36c7131d","SlowFast","2_5",0,"1_5",0
"67ac5f2b94b08886739a0003","SlowFast","2_1",0,"1_1",1
"67ac5f2b94b08886739a0003","SlowFast","2_1",0,"1_2",1
"67ac5f2b94b08886739a0003","SlowFast","2_1",0,"1_3",1
"67ac5f2b94b08886739a0003","SlowFast","2_1",0,"1_4",1
"67ac5f2b94b08886739a0003","SlowFast","2_1",0,"1_5",0
"67ac5f2b94b08886739a0003","SlowFast","2_2",1,"1_1",1
"67ac5f2b94b08886739a0003","SlowFast","2_2",1,"1_2",1
"67ac5f2b94b08886739a0003","SlowFast","2_2",1,"1_3",1
"67ac5f2b94b08886739a0003","SlowFast","2_2",1,"1_4",1
"67ac5f2b94b08886739a0003","SlowFast","2_2",1,"1_5",0
"67ac5f2b94b08886739a0003","SlowFast","2_3",1,"1_1",1
"67ac5f2b94b08886739a0003","SlowFast","2_3",1,"1_2",1
"67ac5f2b94b08886739a0003","SlowFast","2_3",1,"1_3",1
"67ac5f2b94b08886739a0003","SlowFast","2_3",1,"1_4",1
"67ac5f2b94b08886739a0003","SlowFast","2_3",1,"1_5",0
"67ac5f2b94b08886739a0003","SlowFast","2_4",0,"1_1",1
"67ac5f2b94b08886739a0003","SlowFast","2_4",0,"1_2",1
"67ac5f2b94b08886739a0003","SlowFast","2_4",0,"1_3",1
"67ac5f2b94b08886739a0003","SlowFast","2_4",0,"1_4",1
"67ac5f2b94b08886739a0003","SlowFast","2_4",0,"1_5",0
"67ac5f2b94b08886739a0003","SlowFast","2_5",1,"1_1",1
"67ac5f2b94b08886739a0003","SlowFast","2_5",1,"1_2",1
"67ac5f2b94b08886739a0003","SlowFast","2_5",1,"1_3",1
"67ac5f2b94b08886739a0003","SlowFast","2_5",1,"1_4",1
"67ac5f2b94b08886739a0003","SlowFast","2_5",1,"1_5",0
"663a5efc3be407346e417ff2","FastSlow","2_1",1,"1_1",1
"663a5efc3be407346e417ff2","FastSlow","2_1",1,"1_2",1
"663a5efc3be407346e417ff2","FastSlow","2_1",1,"1_3",1
"663a5efc3be407346e417ff2","FastSlow","2_1",1,"1_4",0
"663a5efc3be407346e417ff2","FastSlow","2_1",1,"1_5",0
"663a5efc3be407346e417ff2","FastSlow","2_2",1,"1_1",1
"663a5efc3be407346e417ff2","FastSlow","2_2",1,"1_2",1
"663a5efc3be407346e417ff2","FastSlow","2_2",1,"1_3",1
"663a5efc3be407346e417ff2","FastSlow","2_2",1,"1_4",0
"663a5efc3be407346e417ff2","FastSlow","2_2",1,"1_5",0
"663a5efc3be407346e417ff2","FastSlow","2_3",1,"1_1",1
"663a5efc3be407346e417ff2","FastSlow","2_3",1,"1_2",1
"663a5efc3be407346e417ff2","FastSlow","2_3",1,"1_3",1
"663a5efc3be407346e417ff2","FastSlow","2_3",1,"1_4",0
"663a5efc3be407346e417ff2","FastSlow","2_3",1,"1_5",0
"663a5efc3be407346e417ff2","FastSlow","2_4",0,"1_1",1
"663a5efc3be407346e417ff2","FastSlow","2_4",0,"1_2",1
"663a5efc3be407346e417ff2","FastSlow","2_4",0,"1_3",1
"663a5efc3be407346e417ff2","FastSlow","2_4",0,"1_4",0
"663a5efc3be407346e417ff2","FastSlow","2_4",0,"1_5",0
"663a5efc3be407346e417ff2","FastSlow","2_5",0,"1_1",1
"663a5efc3be407346e417ff2","FastSlow","2_5",0,"1_2",1
"663a5efc3be407346e417ff2","FastSlow","2_5",0,"1_3",1
"663a5efc3be407346e417ff2","FastSlow","2_5",0,"1_4",0
"663a5efc3be407346e417ff2","FastSlow","2_5",0,"1_5",0
"676039cccf8fb8b221348fad","SlowFast","2_1",1,"1_1",1
"676039cccf8fb8b221348fad","SlowFast","2_1",1,"1_2",1
"676039cccf8fb8b221348fad","SlowFast","2_1",1,"1_3",1
"676039cccf8fb8b221348fad","SlowFast","2_1",1,"1_4",1
"676039cccf8fb8b221348fad","SlowFast","2_1",1,"1_5",0
"676039cccf8fb8b221348fad","SlowFast","2_2",1,"1_1",1
"676039cccf8fb8b221348fad","SlowFast","2_2",1,"1_2",1
"676039cccf8fb8b221348fad","SlowFast","2_2",1,"1_3",1
"676039cccf8fb8b221348fad","SlowFast","2_2",1,"1_4",1
"676039cccf8fb8b221348fad","SlowFast","2_2",1,"1_5",0
"676039cccf8fb8b221348fad","SlowFast","2_3",1,"1_1",1
"676039cccf8fb8b221348fad","SlowFast","2_3",1,"1_2",1
"676039cccf8fb8b221348fad","SlowFast","2_3",1,"1_3",1
"676039cccf8fb8b221348fad","SlowFast","2_3",1,"1_4",1
"676039cccf8fb8b221348fad","SlowFast","2_3",1,"1_5",0
"676039cccf8fb8b221348fad","SlowFast","2_4",1,"1_1",1
"676039cccf8fb8b221348fad","SlowFast","2_4",1,"1_2",1
"676039cccf8fb8b221348fad","SlowFast","2_4",1,"1_3",1
"676039cccf8fb8b221348fad","SlowFast","2_4",1,"1_4",1
"676039cccf8fb8b221348fad","SlowFast","2_4",1,"1_5",0
"676039cccf8fb8b221348fad","SlowFast","2_5",1,"1_1",1
"676039cccf8fb8b221348fad","SlowFast","2_5",1,"1_2",1
"676039cccf8fb8b221348fad","SlowFast","2_5",1,"1_3",1
"676039cccf8fb8b221348fad","SlowFast","2_5",1,"1_4",1
"676039cccf8fb8b221348fad","SlowFast","2_5",1,"1_5",0
"67283913f11cbfde51b17706","FastSlow","2_1",1,"1_1",1
"67283913f11cbfde51b17706","FastSlow","2_1",1,"1_2",1
"67283913f11cbfde51b17706","FastSlow","2_1",1,"1_3",1
"67283913f11cbfde51b17706","FastSlow","2_1",1,"1_4",1
"67283913f11cbfde51b17706","FastSlow","2_1",1,"1_5",0
"67283913f11cbfde51b17706","FastSlow","2_2",1,"1_1",1
"67283913f11cbfde51b17706","FastSlow","2_2",1,"1_2",1
"67283913f11cbfde51b17706","FastSlow","2_2",1,"1_3",1
"67283913f11cbfde51b17706","FastSlow","2_2",1,"1_4",1
"67283913f11cbfde51b17706","FastSlow","2_2",1,"1_5",0
"67283913f11cbfde51b17706","FastSlow","2_3",1,"1_1",1
"67283913f11cbfde51b17706","FastSlow","2_3",1,"1_2",1
"67283913f11cbfde51b17706","FastSlow","2_3",1,"1_3",1
"67283913f11cbfde51b17706","FastSlow","2_3",1,"1_4",1
"67283913f11cbfde51b17706","FastSlow","2_3",1,"1_5",0
"67283913f11cbfde51b17706","FastSlow","2_4",0,"1_1",1
"67283913f11cbfde51b17706","FastSlow","2_4",0,"1_2",1
"67283913f11cbfde51b17706","FastSlow","2_4",0,"1_3",1
"67283913f11cbfde51b17706","FastSlow","2_4",0,"1_4",1
"67283913f11cbfde51b17706","FastSlow","2_4",0,"1_5",0
"67283913f11cbfde51b17706","FastSlow","2_5",0,"1_1",1
"67283913f11cbfde51b17706","FastSlow","2_5",0,"1_2",1
"67283913f11cbfde51b17706","FastSlow","2_5",0,"1_3",1
"67283913f11cbfde51b17706","FastSlow","2_5",0,"1_4",1
"67283913f11cbfde51b17706","FastSlow","2_5",0,"1_5",0
"67a4fbd7e4ebc02e050b7999","FastSlow","2_1",0,"1_1",1
"67a4fbd7e4ebc02e050b7999","FastSlow","2_1",0,"1_2",1
"67a4fbd7e4ebc02e050b7999","FastSlow","2_1",0,"1_3",1
"67a4fbd7e4ebc02e050b7999","FastSlow","2_1",0,"1_4",0
"67a4fbd7e4ebc02e050b7999","FastSlow","2_1",0,"1_5",0
"67a4fbd7e4ebc02e050b7999","FastSlow","2_2",0,"1_1",1
"67a4fbd7e4ebc02e050b7999","FastSlow","2_2",0,"1_2",1
"67a4fbd7e4ebc02e050b7999","FastSlow","2_2",0,"1_3",1
"67a4fbd7e4ebc02e050b7999","FastSlow","2_2",0,"1_4",0
"67a4fbd7e4ebc02e050b7999","FastSlow","2_2",0,"1_5",0
"67a4fbd7e4ebc02e050b7999","FastSlow","2_3",0,"1_1",1
"67a4fbd7e4ebc02e050b7999","FastSlow","2_3",0,"1_2",1
"67a4fbd7e4ebc02e050b7999","FastSlow","2_3",0,"1_3",1
"67a4fbd7e4ebc02e050b7999","FastSlow","2_3",0,"1_4",0
"67a4fbd7e4ebc02e050b7999","FastSlow","2_3",0,"1_5",0
"67a4fbd7e4ebc02e050b7999","FastSlow","2_4",0,"1_1",1
"67a4fbd7e4ebc02e050b7999","FastSlow","2_4",0,"1_2",1
"67a4fbd7e4ebc02e050b7999","FastSlow","2_4",0,"1_3",1
"67a4fbd7e4ebc02e050b7999","FastSlow","2_4",0,"1_4",0
"67a4fbd7e4ebc02e050b7999","FastSlow","2_4",0,"1_5",0
"67a4fbd7e4ebc02e050b7999","FastSlow","2_5",0,"1_1",1
"67a4fbd7e4ebc02e050b7999","FastSlow","2_5",0,"1_2",1
"67a4fbd7e4ebc02e050b7999","FastSlow","2_5",0,"1_3",1
"67a4fbd7e4ebc02e050b7999","FastSlow","2_5",0,"1_4",0
"67a4fbd7e4ebc02e050b7999","FastSlow","2_5",0,"1_5",0
"672ed285dbe86b0a33526edd","SlowFast","2_1",1,"1_1",1
"672ed285dbe86b0a33526edd","SlowFast","2_1",1,"1_2",1
"672ed285dbe86b0a33526edd","SlowFast","2_1",1,"1_3",1
"672ed285dbe86b0a33526edd","SlowFast","2_1",1,"1_4",1
"672ed285dbe86b0a33526edd","SlowFast","2_1",1,"1_5",0
"672ed285dbe86b0a33526edd","SlowFast","2_2",1,"1_1",1
"672ed285dbe86b0a33526edd","SlowFast","2_2",1,"1_2",1
"672ed285dbe86b0a33526edd","SlowFast","2_2",1,"1_3",1
"672ed285dbe86b0a33526edd","SlowFast","2_2",1,"1_4",1
"672ed285dbe86b0a33526edd","SlowFast","2_2",1,"1_5",0
"672ed285dbe86b0a33526edd","SlowFast","2_3",1,"1_1",1
"672ed285dbe86b0a33526edd","SlowFast","2_3",1,"1_2",1
"672ed285dbe86b0a33526edd","SlowFast","2_3",1,"1_3",1
"672ed285dbe86b0a33526edd","SlowFast","2_3",1,"1_4",1
"672ed285dbe86b0a33526edd","SlowFast","2_3",1,"1_5",0
"672ed285dbe86b0a33526edd","SlowFast","2_4",1,"1_1",1
"672ed285dbe86b0a33526edd","SlowFast","2_4",1,"1_2",1
"672ed285dbe86b0a33526edd","SlowFast","2_4",1,"1_3",1
"672ed285dbe86b0a33526edd","SlowFast","2_4",1,"1_4",1
"672ed285dbe86b0a33526edd","SlowFast","2_4",1,"1_5",0
"672ed285dbe86b0a33526edd","SlowFast","2_5",0,"1_1",1
"672ed285dbe86b0a33526edd","SlowFast","2_5",0,"1_2",1
"672ed285dbe86b0a33526edd","SlowFast","2_5",0,"1_3",1
"672ed285dbe86b0a33526edd","SlowFast","2_5",0,"1_4",1
"672ed285dbe86b0a33526edd","SlowFast","2_5",0,"1_5",0
"6721335ba6e4ffe7fc6d1ca1","SlowFast","2_1",1,"1_1",1
"6721335ba6e4ffe7fc6d1ca1","SlowFast","2_1",1,"1_2",1
"6721335ba6e4ffe7fc6d1ca1","SlowFast","2_1",1,"1_3",1
"6721335ba6e4ffe7fc6d1ca1","SlowFast","2_1",1,"1_4",1
"6721335ba6e4ffe7fc6d1ca1","SlowFast","2_1",1,"1_5",0
"6721335ba6e4ffe7fc6d1ca1","SlowFast","2_2",1,"1_1",1
"6721335ba6e4ffe7fc6d1ca1","SlowFast","2_2",1,"1_2",1
"6721335ba6e4ffe7fc6d1ca1","SlowFast","2_2",1,"1_3",1
"6721335ba6e4ffe7fc6d1ca1","SlowFast","2_2",1,"1_4",1
"6721335ba6e4ffe7fc6d1ca1","SlowFast","2_2",1,"1_5",0
"6721335ba6e4ffe7fc6d1ca1","SlowFast","2_3",1,"1_1",1
"6721335ba6e4ffe7fc6d1ca1","SlowFast","2_3",1,"1_2",1
"6721335ba6e4ffe7fc6d1ca1","SlowFast","2_3",1,"1_3",1
"6721335ba6e4ffe7fc6d1ca1","SlowFast","2_3",1,"1_4",1
"6721335ba6e4ffe7fc6d1ca1","SlowFast","2_3",1,"1_5",0
"6721335ba6e4ffe7fc6d1ca1","SlowFast","2_4",0,"1_1",1
"6721335ba6e4ffe7fc6d1ca1","SlowFast","2_4",0,"1_2",1
"6721335ba6e4ffe7fc6d1ca1","SlowFast","2_4",0,"1_3",1
"6721335ba6e4ffe7fc6d1ca1","SlowFast","2_4",0,"1_4",1
"6721335ba6e4ffe7fc6d1ca1","SlowFast","2_4",0,"1_5",0
"6721335ba6e4ffe7fc6d1ca1","SlowFast","2_5",0,"1_1",1
"6721335ba6e4ffe7fc6d1ca1","SlowFast","2_5",0,"1_2",1
"6721335ba6e4ffe7fc6d1ca1","SlowFast","2_5",0,"1_3",1
"6721335ba6e4ffe7fc6d1ca1","SlowFast","2_5",0,"1_4",1
"6721335ba6e4ffe7fc6d1ca1","SlowFast","2_5",0,"1_5",0
"679332b7a7378f8f63f9ab84","SlowFast","2_1",1,"1_1",1
"679332b7a7378f8f63f9ab84","SlowFast","2_1",1,"1_2",1
"679332b7a7378f8f63f9ab84","SlowFast","2_1",1,"1_3",1
"679332b7a7378f8f63f9ab84","SlowFast","2_1",1,"1_4",0
"679332b7a7378f8f63f9ab84","SlowFast","2_1",1,"1_5",1
"679332b7a7378f8f63f9ab84","SlowFast","2_2",1,"1_1",1
"679332b7a7378f8f63f9ab84","SlowFast","2_2",1,"1_2",1
"679332b7a7378f8f63f9ab84","SlowFast","2_2",1,"1_3",1
"679332b7a7378f8f63f9ab84","SlowFast","2_2",1,"1_4",0
"679332b7a7378f8f63f9ab84","SlowFast","2_2",1,"1_5",1
"679332b7a7378f8f63f9ab84","SlowFast","2_3",1,"1_1",1
"679332b7a7378f8f63f9ab84","SlowFast","2_3",1,"1_2",1
"679332b7a7378f8f63f9ab84","SlowFast","2_3",1,"1_3",1
"679332b7a7378f8f63f9ab84","SlowFast","2_3",1,"1_4",0
"679332b7a7378f8f63f9ab84","SlowFast","2_3",1,"1_5",1
"679332b7a7378f8f63f9ab84","SlowFast","2_4",0,"1_1",1
"679332b7a7378f8f63f9ab84","SlowFast","2_4",0,"1_2",1
"679332b7a7378f8f63f9ab84","SlowFast","2_4",0,"1_3",1
"679332b7a7378f8f63f9ab84","SlowFast","2_4",0,"1_4",0
"679332b7a7378f8f63f9ab84","SlowFast","2_4",0,"1_5",1
"679332b7a7378f8f63f9ab84","SlowFast","2_5",0,"1_1",1
"679332b7a7378f8f63f9ab84","SlowFast","2_5",0,"1_2",1
"679332b7a7378f8f63f9ab84","SlowFast","2_5",0,"1_3",1
"679332b7a7378f8f63f9ab84","SlowFast","2_5",0,"1_4",0
"679332b7a7378f8f63f9ab84","SlowFast","2_5",0,"1_5",1
"672931da14bedacc4b738eb7","SlowFast","2_1",1,"1_1",1
"672931da14bedacc4b738eb7","SlowFast","2_1",1,"1_2",0
"672931da14bedacc4b738eb7","SlowFast","2_1",1,"1_3",0
"672931da14bedacc4b738eb7","SlowFast","2_1",1,"1_4",0
"672931da14bedacc4b738eb7","SlowFast","2_1",1,"1_5",0
"672931da14bedacc4b738eb7","SlowFast","2_2",0,"1_1",1
"672931da14bedacc4b738eb7","SlowFast","2_2",0,"1_2",0
"672931da14bedacc4b738eb7","SlowFast","2_2",0,"1_3",0
"672931da14bedacc4b738eb7","SlowFast","2_2",0,"1_4",0
"672931da14bedacc4b738eb7","SlowFast","2_2",0,"1_5",0
"672931da14bedacc4b738eb7","SlowFast","2_3",0,"1_1",1
"672931da14bedacc4b738eb7","SlowFast","2_3",0,"1_2",0
"672931da14bedacc4b738eb7","SlowFast","2_3",0,"1_3",0
"672931da14bedacc4b738eb7","SlowFast","2_3",0,"1_4",0
"672931da14bedacc4b738eb7","SlowFast","2_3",0,"1_5",0
"672931da14bedacc4b738eb7","SlowFast","2_4",0,"1_1",1
"672931da14bedacc4b738eb7","SlowFast","2_4",0,"1_2",0
"672931da14bedacc4b738eb7","SlowFast","2_4",0,"1_3",0
"672931da14bedacc4b738eb7","SlowFast","2_4",0,"1_4",0
"672931da14bedacc4b738eb7","SlowFast","2_4",0,"1_5",0
"672931da14bedacc4b738eb7","SlowFast","2_5",0,"1_1",1
"672931da14bedacc4b738eb7","SlowFast","2_5",0,"1_2",0
"672931da14bedacc4b738eb7","SlowFast","2_5",0,"1_3",0
"672931da14bedacc4b738eb7","SlowFast","2_5",0,"1_4",0
"672931da14bedacc4b738eb7","SlowFast","2_5",0,"1_5",0
"671b025545c22875c994d0bb","FastSlow","2_1",1,"1_1",1
"671b025545c22875c994d0bb","FastSlow","2_1",1,"1_2",0
"671b025545c22875c994d0bb","FastSlow","2_1",1,"1_3",1
"671b025545c22875c994d0bb","FastSlow","2_1",1,"1_4",0
"671b025545c22875c994d0bb","FastSlow","2_1",1,"1_5",0
"671b025545c22875c994d0bb","FastSlow","2_2",0,"1_1",1
"671b025545c22875c994d0bb","FastSlow","2_2",0,"1_2",0
"671b025545c22875c994d0bb","FastSlow","2_2",0,"1_3",1
"671b025545c22875c994d0bb","FastSlow","2_2",0,"1_4",0
"671b025545c22875c994d0bb","FastSlow","2_2",0,"1_5",0
"671b025545c22875c994d0bb","FastSlow","2_3",0,"1_1",1
"671b025545c22875c994d0bb","FastSlow","2_3",0,"1_2",0
"671b025545c22875c994d0bb","FastSlow","2_3",0,"1_3",1
"671b025545c22875c994d0bb","FastSlow","2_3",0,"1_4",0
"671b025545c22875c994d0bb","FastSlow","2_3",0,"1_5",0
"671b025545c22875c994d0bb","FastSlow","2_4",0,"1_1",1
"671b025545c22875c994d0bb","FastSlow","2_4",0,"1_2",0
"671b025545c22875c994d0bb","FastSlow","2_4",0,"1_3",1
"671b025545c22875c994d0bb","FastSlow","2_4",0,"1_4",0
"671b025545c22875c994d0bb","FastSlow","2_4",0,"1_5",0
"671b025545c22875c994d0bb","FastSlow","2_5",0,"1_1",1
"671b025545c22875c994d0bb","FastSlow","2_5",0,"1_2",0
"671b025545c22875c994d0bb","FastSlow","2_5",0,"1_3",1
"671b025545c22875c994d0bb","FastSlow","2_5",0,"1_4",0
"671b025545c22875c994d0bb","FastSlow","2_5",0,"1_5",0
"6776071db9b6ba9c5d3c522f","FastSlow","2_1",0,"1_1",0
"6776071db9b6ba9c5d3c522f","FastSlow","2_1",0,"1_2",0
"6776071db9b6ba9c5d3c522f","FastSlow","2_1",0,"1_3",0
"6776071db9b6ba9c5d3c522f","FastSlow","2_1",0,"1_4",0
"6776071db9b6ba9c5d3c522f","FastSlow","2_1",0,"1_5",0
"6776071db9b6ba9c5d3c522f","FastSlow","2_2",0,"1_1",0
"6776071db9b6ba9c5d3c522f","FastSlow","2_2",0,"1_2",0
"6776071db9b6ba9c5d3c522f","FastSlow","2_2",0,"1_3",0
"6776071db9b6ba9c5d3c522f","FastSlow","2_2",0,"1_4",0
"6776071db9b6ba9c5d3c522f","FastSlow","2_2",0,"1_5",0
"6776071db9b6ba9c5d3c522f","FastSlow","2_3",0,"1_1",0
"6776071db9b6ba9c5d3c522f","FastSlow","2_3",0,"1_2",0
"6776071db9b6ba9c5d3c522f","FastSlow","2_3",0,"1_3",0
"6776071db9b6ba9c5d3c522f","FastSlow","2_3",0,"1_4",0
"6776071db9b6ba9c5d3c522f","FastSlow","2_3",0,"1_5",0
"6776071db9b6ba9c5d3c522f","FastSlow","2_4",0,"1_1",0
"6776071db9b6ba9c5d3c522f","FastSlow","2_4",0,"1_2",0
"6776071db9b6ba9c5d3c522f","FastSlow","2_4",0,"1_3",0
"6776071db9b6ba9c5d3c522f","FastSlow","2_4",0,"1_4",0
"6776071db9b6ba9c5d3c522f","FastSlow","2_4",0,"1_5",0
"6776071db9b6ba9c5d3c522f","FastSlow","2_5",0,"1_1",0
"6776071db9b6ba9c5d3c522f","FastSlow","2_5",0,"1_2",0
"6776071db9b6ba9c5d3c522f","FastSlow","2_5",0,"1_3",0
"6776071db9b6ba9c5d3c522f","FastSlow","2_5",0,"1_4",0
"6776071db9b6ba9c5d3c522f","FastSlow","2_5",0,"1_5",0
"65254790f0aa171541706462","FastSlow","2_1",1,"1_1",1
"65254790f0aa171541706462","FastSlow","2_1",1,"1_2",1
"65254790f0aa171541706462","FastSlow","2_1",1,"1_3",1
"65254790f0aa171541706462","FastSlow","2_1",1,"1_4",1
"65254790f0aa171541706462","FastSlow","2_1",1,"1_5",0
"65254790f0aa171541706462","FastSlow","2_2",1,"1_1",1
"65254790f0aa171541706462","FastSlow","2_2",1,"1_2",1
"65254790f0aa171541706462","FastSlow","2_2",1,"1_3",1
"65254790f0aa171541706462","FastSlow","2_2",1,"1_4",1
"65254790f0aa171541706462","FastSlow","2_2",1,"1_5",0
"65254790f0aa171541706462","FastSlow","2_3",0,"1_1",1
"65254790f0aa171541706462","FastSlow","2_3",0,"1_2",1
"65254790f0aa171541706462","FastSlow","2_3",0,"1_3",1
"65254790f0aa171541706462","FastSlow","2_3",0,"1_4",1
"65254790f0aa171541706462","FastSlow","2_3",0,"1_5",0
"65254790f0aa171541706462","FastSlow","2_4",1,"1_1",1
"65254790f0aa171541706462","FastSlow","2_4",1,"1_2",1
"65254790f0aa171541706462","FastSlow","2_4",1,"1_3",1
"65254790f0aa171541706462","FastSlow","2_4",1,"1_4",1
"65254790f0aa171541706462","FastSlow","2_4",1,"1_5",0
"65254790f0aa171541706462","FastSlow","2_5",0,"1_1",1
"65254790f0aa171541706462","FastSlow","2_5",0,"1_2",1
"65254790f0aa171541706462","FastSlow","2_5",0,"1_3",1
"65254790f0aa171541706462","FastSlow","2_5",0,"1_4",1
"65254790f0aa171541706462","FastSlow","2_5",0,"1_5",0
"672eeebde600098b4b65d4a8","FastSlow","2_1",0,"1_1",1
"672eeebde600098b4b65d4a8","FastSlow","2_1",0,"1_2",0
"672eeebde600098b4b65d4a8","FastSlow","2_1",0,"1_3",0
"672eeebde600098b4b65d4a8","FastSlow","2_1",0,"1_4",0
"672eeebde600098b4b65d4a8","FastSlow","2_1",0,"1_5",0
"672eeebde600098b4b65d4a8","FastSlow","2_2",1,"1_1",1
"672eeebde600098b4b65d4a8","FastSlow","2_2",1,"1_2",0
"672eeebde600098b4b65d4a8","FastSlow","2_2",1,"1_3",0
"672eeebde600098b4b65d4a8","FastSlow","2_2",1,"1_4",0
"672eeebde600098b4b65d4a8","FastSlow","2_2",1,"1_5",0
"672eeebde600098b4b65d4a8","FastSlow","2_3",1,"1_1",1
"672eeebde600098b4b65d4a8","FastSlow","2_3",1,"1_2",0
"672eeebde600098b4b65d4a8","FastSlow","2_3",1,"1_3",0
"672eeebde600098b4b65d4a8","FastSlow","2_3",1,"1_4",0
"672eeebde600098b4b65d4a8","FastSlow","2_3",1,"1_5",0
"672eeebde600098b4b65d4a8","FastSlow","2_4",0,"1_1",1
"672eeebde600098b4b65d4a8","FastSlow","2_4",0,"1_2",0
"672eeebde600098b4b65d4a8","FastSlow","2_4",0,"1_3",0
"672eeebde600098b4b65d4a8","FastSlow","2_4",0,"1_4",0
"672eeebde600098b4b65d4a8","FastSlow","2_4",0,"1_5",0
"672eeebde600098b4b65d4a8","FastSlow","2_5",0,"1_1",1
"672eeebde600098b4b65d4a8","FastSlow","2_5",0,"1_2",0
"672eeebde600098b4b65d4a8","FastSlow","2_5",0,"1_3",0
"672eeebde600098b4b65d4a8","FastSlow","2_5",0,"1_4",0
"672eeebde600098b4b65d4a8","FastSlow","2_5",0,"1_5",0
"68c9a882ae915e833ed44824","SlowFast","2_1",1,"1_1",1
"68c9a882ae915e833ed44824","SlowFast","2_1",1,"1_2",0
"68c9a882ae915e833ed44824","SlowFast","2_1",1,"1_3",1
"68c9a882ae915e833ed44824","SlowFast","2_1",1,"1_4",1
"68c9a882ae915e833ed44824","SlowFast","2_1",1,"1_5",0
"68c9a882ae915e833ed44824","SlowFast","2_2",0,"1_1",1
"68c9a882ae915e833ed44824","SlowFast","2_2",0,"1_2",0
"68c9a882ae915e833ed44824","SlowFast","2_2",0,"1_3",1
"68c9a882ae915e833ed44824","SlowFast","2_2",0,"1_4",1
"68c9a882ae915e833ed44824","SlowFast","2_2",0,"1_5",0
"68c9a882ae915e833ed44824","SlowFast","2_3",0,"1_1",1
"68c9a882ae915e833ed44824","SlowFast","2_3",0,"1_2",0
"68c9a882ae915e833ed44824","SlowFast","2_3",0,"1_3",1
"68c9a882ae915e833ed44824","SlowFast","2_3",0,"1_4",1
"68c9a882ae915e833ed44824","SlowFast","2_3",0,"1_5",0
"68c9a882ae915e833ed44824","SlowFast","2_4",1,"1_1",1
"68c9a882ae915e833ed44824","SlowFast","2_4",1,"1_2",0
"68c9a882ae915e833ed44824","SlowFast","2_4",1,"1_3",1
"68c9a882ae915e833ed44824","SlowFast","2_4",1,"1_4",1
"68c9a882ae915e833ed44824","SlowFast","2_4",1,"1_5",0
"68c9a882ae915e833ed44824","SlowFast","2_5",0,"1_1",1
"68c9a882ae915e833ed44824","SlowFast","2_5",0,"1_2",0
"68c9a882ae915e833ed44824","SlowFast","2_5",0,"1_3",1
"68c9a882ae915e833ed44824","SlowFast","2_5",0,"1_4",1
"68c9a882ae915e833ed44824","SlowFast","2_5",0,"1_5",0
"63d7f363c1c417a758d5b4ea","FastSlow","2_1",1,"1_1",1
"63d7f363c1c417a758d5b4ea","FastSlow","2_1",1,"1_2",1
"63d7f363c1c417a758d5b4ea","FastSlow","2_1",1,"1_3",1
"63d7f363c1c417a758d5b4ea","FastSlow","2_1",1,"1_4",0
"63d7f363c1c417a758d5b4ea","FastSlow","2_1",1,"1_5",0
"63d7f363c1c417a758d5b4ea","FastSlow","2_2",0,"1_1",1
"63d7f363c1c417a758d5b4ea","FastSlow","2_2",0,"1_2",1
"63d7f363c1c417a758d5b4ea","FastSlow","2_2",0,"1_3",1
"63d7f363c1c417a758d5b4ea","FastSlow","2_2",0,"1_4",0
"63d7f363c1c417a758d5b4ea","FastSlow","2_2",0,"1_5",0
"63d7f363c1c417a758d5b4ea","FastSlow","2_3",1,"1_1",1
"63d7f363c1c417a758d5b4ea","FastSlow","2_3",1,"1_2",1
"63d7f363c1c417a758d5b4ea","FastSlow","2_3",1,"1_3",1
"63d7f363c1c417a758d5b4ea","FastSlow","2_3",1,"1_4",0
"63d7f363c1c417a758d5b4ea","FastSlow","2_3",1,"1_5",0
"63d7f363c1c417a758d5b4ea","FastSlow","2_4",0,"1_1",1
"63d7f363c1c417a758d5b4ea","FastSlow","2_4",0,"1_2",1
"63d7f363c1c417a758d5b4ea","FastSlow","2_4",0,"1_3",1
"63d7f363c1c417a758d5b4ea","FastSlow","2_4",0,"1_4",0
"63d7f363c1c417a758d5b4ea","FastSlow","2_4",0,"1_5",0
"63d7f363c1c417a758d5b4ea","FastSlow","2_5",0,"1_1",1
"63d7f363c1c417a758d5b4ea","FastSlow","2_5",0,"1_2",1
"63d7f363c1c417a758d5b4ea","FastSlow","2_5",0,"1_3",1
"63d7f363c1c417a758d5b4ea","FastSlow","2_5",0,"1_4",0
"63d7f363c1c417a758d5b4ea","FastSlow","2_5",0,"1_5",0
"673ce1632b059d0015e64962","FastSlow","2_1",1,"1_1",1
"673ce1632b059d0015e64962","FastSlow","2_1",1,"1_2",0
"673ce1632b059d0015e64962","FastSlow","2_1",1,"1_3",0
"673ce1632b059d0015e64962","FastSlow","2_1",1,"1_4",0
"673ce1632b059d0015e64962","FastSlow","2_1",1,"1_5",0
"673ce1632b059d0015e64962","FastSlow","2_2",0,"1_1",1
"673ce1632b059d0015e64962","FastSlow","2_2",0,"1_2",0
"673ce1632b059d0015e64962","FastSlow","2_2",0,"1_3",0
"673ce1632b059d0015e64962","FastSlow","2_2",0,"1_4",0
"673ce1632b059d0015e64962","FastSlow","2_2",0,"1_5",0
"673ce1632b059d0015e64962","FastSlow","2_3",0,"1_1",1
"673ce1632b059d0015e64962","FastSlow","2_3",0,"1_2",0
"673ce1632b059d0015e64962","FastSlow","2_3",0,"1_3",0
"673ce1632b059d0015e64962","FastSlow","2_3",0,"1_4",0
"673ce1632b059d0015e64962","FastSlow","2_3",0,"1_5",0
"673ce1632b059d0015e64962","FastSlow","2_4",0,"1_1",1
"673ce1632b059d0015e64962","FastSlow","2_4",0,"1_2",0
"673ce1632b059d0015e64962","FastSlow","2_4",0,"1_3",0
"673ce1632b059d0015e64962","FastSlow","2_4",0,"1_4",0
"673ce1632b059d0015e64962","FastSlow","2_4",0,"1_5",0
"673ce1632b059d0015e64962","FastSlow","2_5",0,"1_1",1
"673ce1632b059d0015e64962","FastSlow","2_5",0,"1_2",0
"673ce1632b059d0015e64962","FastSlow","2_5",0,"1_3",0
"673ce1632b059d0015e64962","FastSlow","2_5",0,"1_4",0
"673ce1632b059d0015e64962","FastSlow","2_5",0,"1_5",0
"65628f277bcd810f66b36764","SlowFast","2_1",1,"1_1",1
"65628f277bcd810f66b36764","SlowFast","2_1",1,"1_2",1
"65628f277bcd810f66b36764","SlowFast","2_1",1,"1_3",1
"65628f277bcd810f66b36764","SlowFast","2_1",1,"1_4",0
"65628f277bcd810f66b36764","SlowFast","2_1",1,"1_5",0
"65628f277bcd810f66b36764","SlowFast","2_2",1,"1_1",1
"65628f277bcd810f66b36764","SlowFast","2_2",1,"1_2",1
"65628f277bcd810f66b36764","SlowFast","2_2",1,"1_3",1
"65628f277bcd810f66b36764","SlowFast","2_2",1,"1_4",0
"65628f277bcd810f66b36764","SlowFast","2_2",1,"1_5",0
"65628f277bcd810f66b36764","SlowFast","2_3",1,"1_1",1
"65628f277bcd810f66b36764","SlowFast","2_3",1,"1_2",1
"65628f277bcd810f66b36764","SlowFast","2_3",1,"1_3",1
"65628f277bcd810f66b36764","SlowFast","2_3",1,"1_4",0
"65628f277bcd810f66b36764","SlowFast","2_3",1,"1_5",0
"65628f277bcd810f66b36764","SlowFast","2_4",0,"1_1",1
"65628f277bcd810f66b36764","SlowFast","2_4",0,"1_2",1
"65628f277bcd810f66b36764","SlowFast","2_4",0,"1_3",1
"65628f277bcd810f66b36764","SlowFast","2_4",0,"1_4",0
"65628f277bcd810f66b36764","SlowFast","2_4",0,"1_5",0
"65628f277bcd810f66b36764","SlowFast","2_5",0,"1_1",1
"65628f277bcd810f66b36764","SlowFast","2_5",0,"1_2",1
"65628f277bcd810f66b36764","SlowFast","2_5",0,"1_3",1
"65628f277bcd810f66b36764","SlowFast","2_5",0,"1_4",0
"65628f277bcd810f66b36764","SlowFast","2_5",0,"1_5",0
"66049315b5c325fdaafea8fa","SlowFast","2_1",1,"1_1",1
"66049315b5c325fdaafea8fa","SlowFast","2_1",1,"1_2",0
"66049315b5c325fdaafea8fa","SlowFast","2_1",1,"1_3",1
"66049315b5c325fdaafea8fa","SlowFast","2_1",1,"1_4",0
"66049315b5c325fdaafea8fa","SlowFast","2_1",1,"1_5",0
"66049315b5c325fdaafea8fa","SlowFast","2_2",1,"1_1",1
"66049315b5c325fdaafea8fa","SlowFast","2_2",1,"1_2",0
"66049315b5c325fdaafea8fa","SlowFast","2_2",1,"1_3",1
"66049315b5c325fdaafea8fa","SlowFast","2_2",1,"1_4",0
"66049315b5c325fdaafea8fa","SlowFast","2_2",1,"1_5",0
"66049315b5c325fdaafea8fa","SlowFast","2_3",1,"1_1",1
"66049315b5c325fdaafea8fa","SlowFast","2_3",1,"1_2",0
"66049315b5c325fdaafea8fa","SlowFast","2_3",1,"1_3",1
"66049315b5c325fdaafea8fa","SlowFast","2_3",1,"1_4",0
"66049315b5c325fdaafea8fa","SlowFast","2_3",1,"1_5",0
"66049315b5c325fdaafea8fa","SlowFast","2_4",1,"1_1",1
"66049315b5c325fdaafea8fa","SlowFast","2_4",1,"1_2",0
"66049315b5c325fdaafea8fa","SlowFast","2_4",1,"1_3",1
"66049315b5c325fdaafea8fa","SlowFast","2_4",1,"1_4",0
"66049315b5c325fdaafea8fa","SlowFast","2_4",1,"1_5",0
"66049315b5c325fdaafea8fa","SlowFast","2_5",0,"1_1",1
"66049315b5c325fdaafea8fa","SlowFast","2_5",0,"1_2",0
"66049315b5c325fdaafea8fa","SlowFast","2_5",0,"1_3",1
"66049315b5c325fdaafea8fa","SlowFast","2_5",0,"1_4",0
"66049315b5c325fdaafea8fa","SlowFast","2_5",0,"1_5",0
"65e630e4777c8e3ac50b9aea","SlowFast","2_1",1,"1_1",1
"65e630e4777c8e3ac50b9aea","SlowFast","2_1",1,"1_2",0
"65e630e4777c8e3ac50b9aea","SlowFast","2_1",1,"1_3",0
"65e630e4777c8e3ac50b9aea","SlowFast","2_1",1,"1_4",0
"65e630e4777c8e3ac50b9aea","SlowFast","2_1",1,"1_5",0
"65e630e4777c8e3ac50b9aea","SlowFast","2_2",0,"1_1",1
"65e630e4777c8e3ac50b9aea","SlowFast","2_2",0,"1_2",0
"65e630e4777c8e3ac50b9aea","SlowFast","2_2",0,"1_3",0
"65e630e4777c8e3ac50b9aea","SlowFast","2_2",0,"1_4",0
"65e630e4777c8e3ac50b9aea","SlowFast","2_2",0,"1_5",0
"65e630e4777c8e3ac50b9aea","SlowFast","2_3",0,"1_1",1
"65e630e4777c8e3ac50b9aea","SlowFast","2_3",0,"1_2",0
"65e630e4777c8e3ac50b9aea","SlowFast","2_3",0,"1_3",0
"65e630e4777c8e3ac50b9aea","SlowFast","2_3",0,"1_4",0
"65e630e4777c8e3ac50b9aea","SlowFast","2_3",0,"1_5",0
"65e630e4777c8e3ac50b9aea","SlowFast","2_4",0,"1_1",1
"65e630e4777c8e3ac50b9aea","SlowFast","2_4",0,"1_2",0
"65e630e4777c8e3ac50b9aea","SlowFast","2_4",0,"1_3",0
"65e630e4777c8e3ac50b9aea","SlowFast","2_4",0,"1_4",0
"65e630e4777c8e3ac50b9aea","SlowFast","2_4",0,"1_5",0
"65e630e4777c8e3ac50b9aea","SlowFast","2_5",0,"1_1",1
"65e630e4777c8e3ac50b9aea","SlowFast","2_5",0,"1_2",0
"65e630e4777c8e3ac50b9aea","SlowFast","2_5",0,"1_3",0
"65e630e4777c8e3ac50b9aea","SlowFast","2_5",0,"1_4",0
"65e630e4777c8e3ac50b9aea","SlowFast","2_5",0,"1_5",0
"665cdbb9278577e5acd6dafd","SlowFast","2_1",0,"1_1",1
"665cdbb9278577e5acd6dafd","SlowFast","2_1",0,"1_2",0
"665cdbb9278577e5acd6dafd","SlowFast","2_1",0,"1_3",1
"665cdbb9278577e5acd6dafd","SlowFast","2_1",0,"1_4",0
"665cdbb9278577e5acd6dafd","SlowFast","2_1",0,"1_5",0
"665cdbb9278577e5acd6dafd","SlowFast","2_2",0,"1_1",1
"665cdbb9278577e5acd6dafd","SlowFast","2_2",0,"1_2",0
"665cdbb9278577e5acd6dafd","SlowFast","2_2",0,"1_3",1
"665cdbb9278577e5acd6dafd","SlowFast","2_2",0,"1_4",0
"665cdbb9278577e5acd6dafd","SlowFast","2_2",0,"1_5",0
"665cdbb9278577e5acd6dafd","SlowFast","2_3",1,"1_1",1
"665cdbb9278577e5acd6dafd","SlowFast","2_3",1,"1_2",0
"665cdbb9278577e5acd6dafd","SlowFast","2_3",1,"1_3",1
"665cdbb9278577e5acd6dafd","SlowFast","2_3",1,"1_4",0
"665cdbb9278577e5acd6dafd","SlowFast","2_3",1,"1_5",0
"665cdbb9278577e5acd6dafd","SlowFast","2_4",0,"1_1",1
"665cdbb9278577e5acd6dafd","SlowFast","2_4",0,"1_2",0
"665cdbb9278577e5acd6dafd","SlowFast","2_4",0,"1_3",1
"665cdbb9278577e5acd6dafd","SlowFast","2_4",0,"1_4",0
"665cdbb9278577e5acd6dafd","SlowFast","2_4",0,"1_5",0
"665cdbb9278577e5acd6dafd","SlowFast","2_5",0,"1_1",1
"665cdbb9278577e5acd6dafd","SlowFast","2_5",0,"1_2",0
"665cdbb9278577e5acd6dafd","SlowFast","2_5",0,"1_3",1
"665cdbb9278577e5acd6dafd","SlowFast","2_5",0,"1_4",0
"665cdbb9278577e5acd6dafd","SlowFast","2_5",0,"1_5",0
"659adacdf086ca557624a3ee","FastSlow","2_1",1,"1_1",1
"659adacdf086ca557624a3ee","FastSlow","2_1",1,"1_2",0
"659adacdf086ca557624a3ee","FastSlow","2_1",1,"1_3",0
"659adacdf086ca557624a3ee","FastSlow","2_1",1,"1_4",1
"659adacdf086ca557624a3ee","FastSlow","2_1",1,"1_5",0
"659adacdf086ca557624a3ee","FastSlow","2_2",0,"1_1",1
"659adacdf086ca557624a3ee","FastSlow","2_2",0,"1_2",0
"659adacdf086ca557624a3ee","FastSlow","2_2",0,"1_3",0
"659adacdf086ca557624a3ee","FastSlow","2_2",0,"1_4",1
"659adacdf086ca557624a3ee","FastSlow","2_2",0,"1_5",0
"659adacdf086ca557624a3ee","FastSlow","2_3",0,"1_1",1
"659adacdf086ca557624a3ee","FastSlow","2_3",0,"1_2",0
"659adacdf086ca557624a3ee","FastSlow","2_3",0,"1_3",0
"659adacdf086ca557624a3ee","FastSlow","2_3",0,"1_4",1
"659adacdf086ca557624a3ee","FastSlow","2_3",0,"1_5",0
"659adacdf086ca557624a3ee","FastSlow","2_4",0,"1_1",1
"659adacdf086ca557624a3ee","FastSlow","2_4",0,"1_2",0
"659adacdf086ca557624a3ee","FastSlow","2_4",0,"1_3",0
"659adacdf086ca557624a3ee","FastSlow","2_4",0,"1_4",1
"659adacdf086ca557624a3ee","FastSlow","2_4",0,"1_5",0
"659adacdf086ca557624a3ee","FastSlow","2_5",0,"1_1",1
"659adacdf086ca557624a3ee","FastSlow","2_5",0,"1_2",0
"659adacdf086ca557624a3ee","FastSlow","2_5",0,"1_3",0
"659adacdf086ca557624a3ee","FastSlow","2_5",0,"1_4",1
"659adacdf086ca557624a3ee","FastSlow","2_5",0,"1_5",0
"67018d436b1fa744dfee9df0","FastSlow","2_1",1,"1_1",1
"67018d436b1fa744dfee9df0","FastSlow","2_1",1,"1_2",1
"67018d436b1fa744dfee9df0","FastSlow","2_1",1,"1_3",1
"67018d436b1fa744dfee9df0","FastSlow","2_1",1,"1_4",1
"67018d436b1fa744dfee9df0","FastSlow","2_1",1,"1_5",1
"67018d436b1fa744dfee9df0","FastSlow","2_2",1,"1_1",1
"67018d436b1fa744dfee9df0","FastSlow","2_2",1,"1_2",1
"67018d436b1fa744dfee9df0","FastSlow","2_2",1,"1_3",1
"67018d436b1fa744dfee9df0","FastSlow","2_2",1,"1_4",1
"67018d436b1fa744dfee9df0","FastSlow","2_2",1,"1_5",1
"67018d436b1fa744dfee9df0","FastSlow","2_3",1,"1_1",1
"67018d436b1fa744dfee9df0","FastSlow","2_3",1,"1_2",1
"67018d436b1fa744dfee9df0","FastSlow","2_3",1,"1_3",1
"67018d436b1fa744dfee9df0","FastSlow","2_3",1,"1_4",1
"67018d436b1fa744dfee9df0","FastSlow","2_3",1,"1_5",1
"67018d436b1fa744dfee9df0","FastSlow","2_4",0,"1_1",1
"67018d436b1fa744dfee9df0","FastSlow","2_4",0,"1_2",1
"67018d436b1fa744dfee9df0","FastSlow","2_4",0,"1_3",1
"67018d436b1fa744dfee9df0","FastSlow","2_4",0,"1_4",1
"67018d436b1fa744dfee9df0","FastSlow","2_4",0,"1_5",1
"67018d436b1fa744dfee9df0","FastSlow","2_5",1,"1_1",1
"67018d436b1fa744dfee9df0","FastSlow","2_5",1,"1_2",1
"67018d436b1fa744dfee9df0","FastSlow","2_5",1,"1_3",1
"67018d436b1fa744dfee9df0","FastSlow","2_5",1,"1_4",1
"67018d436b1fa744dfee9df0","FastSlow","2_5",1,"1_5",1
"680cd9ba4cb84b390a880c30","SlowFast","2_1",1,"1_1",1
"680cd9ba4cb84b390a880c30","SlowFast","2_1",1,"1_2",0
"680cd9ba4cb84b390a880c30","SlowFast","2_1",1,"1_3",1
"680cd9ba4cb84b390a880c30","SlowFast","2_1",1,"1_4",0
"680cd9ba4cb84b390a880c30","SlowFast","2_1",1,"1_5",0
"680cd9ba4cb84b390a880c30","SlowFast","2_2",0,"1_1",1
"680cd9ba4cb84b390a880c30","SlowFast","2_2",0,"1_2",0
"680cd9ba4cb84b390a880c30","SlowFast","2_2",0,"1_3",1
"680cd9ba4cb84b390a880c30","SlowFast","2_2",0,"1_4",0
"680cd9ba4cb84b390a880c30","SlowFast","2_2",0,"1_5",0
"680cd9ba4cb84b390a880c30","SlowFast","2_3",1,"1_1",1
"680cd9ba4cb84b390a880c30","SlowFast","2_3",1,"1_2",0
"680cd9ba4cb84b390a880c30","SlowFast","2_3",1,"1_3",1
"680cd9ba4cb84b390a880c30","SlowFast","2_3",1,"1_4",0
"680cd9ba4cb84b390a880c30","SlowFast","2_3",1,"1_5",0
"680cd9ba4cb84b390a880c30","SlowFast","2_4",0,"1_1",1
"680cd9ba4cb84b390a880c30","SlowFast","2_4",0,"1_2",0
"680cd9ba4cb84b390a880c30","SlowFast","2_4",0,"1_3",1
"680cd9ba4cb84b390a880c30","SlowFast","2_4",0,"1_4",0
"680cd9ba4cb84b390a880c30","SlowFast","2_4",0,"1_5",0
"680cd9ba4cb84b390a880c30","SlowFast","2_5",0,"1_1",1
"680cd9ba4cb84b390a880c30","SlowFast","2_5",0,"1_2",0
"680cd9ba4cb84b390a880c30","SlowFast","2_5",0,"1_3",1
"680cd9ba4cb84b390a880c30","SlowFast","2_5",0,"1_4",0
"680cd9ba4cb84b390a880c30","SlowFast","2_5",0,"1_5",0
"66985059ff08abc91b78325b","FastSlow","2_1",0,"1_1",1
"66985059ff08abc91b78325b","FastSlow","2_1",0,"1_2",1
"66985059ff08abc91b78325b","FastSlow","2_1",0,"1_3",1
"66985059ff08abc91b78325b","FastSlow","2_1",0,"1_4",0
"66985059ff08abc91b78325b","FastSlow","2_1",0,"1_5",0
"66985059ff08abc91b78325b","FastSlow","2_2",0,"1_1",1
"66985059ff08abc91b78325b","FastSlow","2_2",0,"1_2",1
"66985059ff08abc91b78325b","FastSlow","2_2",0,"1_3",1
"66985059ff08abc91b78325b","FastSlow","2_2",0,"1_4",0
"66985059ff08abc91b78325b","FastSlow","2_2",0,"1_5",0
"66985059ff08abc91b78325b","FastSlow","2_3",1,"1_1",1
"66985059ff08abc91b78325b","FastSlow","2_3",1,"1_2",1
"66985059ff08abc91b78325b","FastSlow","2_3",1,"1_3",1
"66985059ff08abc91b78325b","FastSlow","2_3",1,"1_4",0
"66985059ff08abc91b78325b","FastSlow","2_3",1,"1_5",0
"66985059ff08abc91b78325b","FastSlow","2_4",0,"1_1",1
"66985059ff08abc91b78325b","FastSlow","2_4",0,"1_2",1
"66985059ff08abc91b78325b","FastSlow","2_4",0,"1_3",1
"66985059ff08abc91b78325b","FastSlow","2_4",0,"1_4",0
"66985059ff08abc91b78325b","FastSlow","2_4",0,"1_5",0
"66985059ff08abc91b78325b","FastSlow","2_5",0,"1_1",1
"66985059ff08abc91b78325b","FastSlow","2_5",0,"1_2",1
"66985059ff08abc91b78325b","FastSlow","2_5",0,"1_3",1
"66985059ff08abc91b78325b","FastSlow","2_5",0,"1_4",0
"66985059ff08abc91b78325b","FastSlow","2_5",0,"1_5",0
"5e9dc87fa311c01108463305","FastSlow","2_1",0,"1_1",1
"5e9dc87fa311c01108463305","FastSlow","2_1",0,"1_2",0
"5e9dc87fa311c01108463305","FastSlow","2_1",0,"1_3",0
"5e9dc87fa311c01108463305","FastSlow","2_1",0,"1_4",1
"5e9dc87fa311c01108463305","FastSlow","2_1",0,"1_5",0
"5e9dc87fa311c01108463305","FastSlow","2_2",0,"1_1",1
"5e9dc87fa311c01108463305","FastSlow","2_2",0,"1_2",0
"5e9dc87fa311c01108463305","FastSlow","2_2",0,"1_3",0
"5e9dc87fa311c01108463305","FastSlow","2_2",0,"1_4",1
"5e9dc87fa311c01108463305","FastSlow","2_2",0,"1_5",0
"5e9dc87fa311c01108463305","FastSlow","2_3",1,"1_1",1
"5e9dc87fa311c01108463305","FastSlow","2_3",1,"1_2",0
"5e9dc87fa311c01108463305","FastSlow","2_3",1,"1_3",0
"5e9dc87fa311c01108463305","FastSlow","2_3",1,"1_4",1
"5e9dc87fa311c01108463305","FastSlow","2_3",1,"1_5",0
"5e9dc87fa311c01108463305","FastSlow","2_4",0,"1_1",1
"5e9dc87fa311c01108463305","FastSlow","2_4",0,"1_2",0
"5e9dc87fa311c01108463305","FastSlow","2_4",0,"1_3",0
"5e9dc87fa311c01108463305","FastSlow","2_4",0,"1_4",1
"5e9dc87fa311c01108463305","FastSlow","2_4",0,"1_5",0
"5e9dc87fa311c01108463305","FastSlow","2_5",0,"1_1",1
"5e9dc87fa311c01108463305","FastSlow","2_5",0,"1_2",0
"5e9dc87fa311c01108463305","FastSlow","2_5",0,"1_3",0
"5e9dc87fa311c01108463305","FastSlow","2_5",0,"1_4",1
"5e9dc87fa311c01108463305","FastSlow","2_5",0,"1_5",0
"665a2cdd103e514a43e3d5fc","SlowFast","2_1",1,"1_1",1
"665a2cdd103e514a43e3d5fc","SlowFast","2_1",1,"1_2",1
"665a2cdd103e514a43e3d5fc","SlowFast","2_1",1,"1_3",0
"665a2cdd103e514a43e3d5fc","SlowFast","2_1",1,"1_4",0
"665a2cdd103e514a43e3d5fc","SlowFast","2_1",1,"1_5",0
"665a2cdd103e514a43e3d5fc","SlowFast","2_2",1,"1_1",1
"665a2cdd103e514a43e3d5fc","SlowFast","2_2",1,"1_2",1
"665a2cdd103e514a43e3d5fc","SlowFast","2_2",1,"1_3",0
"665a2cdd103e514a43e3d5fc","SlowFast","2_2",1,"1_4",0
"665a2cdd103e514a43e3d5fc","SlowFast","2_2",1,"1_5",0
"665a2cdd103e514a43e3d5fc","SlowFast","2_3",0,"1_1",1
"665a2cdd103e514a43e3d5fc","SlowFast","2_3",0,"1_2",1
"665a2cdd103e514a43e3d5fc","SlowFast","2_3",0,"1_3",0
"665a2cdd103e514a43e3d5fc","SlowFast","2_3",0,"1_4",0
"665a2cdd103e514a43e3d5fc","SlowFast","2_3",0,"1_5",0
"665a2cdd103e514a43e3d5fc","SlowFast","2_4",0,"1_1",1
"665a2cdd103e514a43e3d5fc","SlowFast","2_4",0,"1_2",1
"665a2cdd103e514a43e3d5fc","SlowFast","2_4",0,"1_3",0
"665a2cdd103e514a43e3d5fc","SlowFast","2_4",0,"1_4",0
"665a2cdd103e514a43e3d5fc","SlowFast","2_4",0,"1_5",0
"665a2cdd103e514a43e3d5fc","SlowFast","2_5",0,"1_1",1
"665a2cdd103e514a43e3d5fc","SlowFast","2_5",0,"1_2",1
"665a2cdd103e514a43e3d5fc","SlowFast","2_5",0,"1_3",0
"665a2cdd103e514a43e3d5fc","SlowFast","2_5",0,"1_4",0
"665a2cdd103e514a43e3d5fc","SlowFast","2_5",0,"1_5",0
"5ecd78784dc5af0d97078c8b","FastSlow","2_1",1,"1_1",1
"5ecd78784dc5af0d97078c8b","FastSlow","2_1",1,"1_2",1
"5ecd78784dc5af0d97078c8b","FastSlow","2_1",1,"1_3",0
"5ecd78784dc5af0d97078c8b","FastSlow","2_1",1,"1_4",0
"5ecd78784dc5af0d97078c8b","FastSlow","2_1",1,"1_5",0
"5ecd78784dc5af0d97078c8b","FastSlow","2_2",1,"1_1",1
"5ecd78784dc5af0d97078c8b","FastSlow","2_2",1,"1_2",1
"5ecd78784dc5af0d97078c8b","FastSlow","2_2",1,"1_3",0
"5ecd78784dc5af0d97078c8b","FastSlow","2_2",1,"1_4",0
"5ecd78784dc5af0d97078c8b","FastSlow","2_2",1,"1_5",0
"5ecd78784dc5af0d97078c8b","FastSlow","2_3",0,"1_1",1
"5ecd78784dc5af0d97078c8b","FastSlow","2_3",0,"1_2",1
"5ecd78784dc5af0d97078c8b","FastSlow","2_3",0,"1_3",0
"5ecd78784dc5af0d97078c8b","FastSlow","2_3",0,"1_4",0
"5ecd78784dc5af0d97078c8b","FastSlow","2_3",0,"1_5",0
"5ecd78784dc5af0d97078c8b","FastSlow","2_4",0,"1_1",1
"5ecd78784dc5af0d97078c8b","FastSlow","2_4",0,"1_2",1
"5ecd78784dc5af0d97078c8b","FastSlow","2_4",0,"1_3",0
"5ecd78784dc5af0d97078c8b","FastSlow","2_4",0,"1_4",0
"5ecd78784dc5af0d97078c8b","FastSlow","2_4",0,"1_5",0
"5ecd78784dc5af0d97078c8b","FastSlow","2_5",0,"1_1",1
"5ecd78784dc5af0d97078c8b","FastSlow","2_5",0,"1_2",1
"5ecd78784dc5af0d97078c8b","FastSlow","2_5",0,"1_3",0
"5ecd78784dc5af0d97078c8b","FastSlow","2_5",0,"1_4",0
"5ecd78784dc5af0d97078c8b","FastSlow","2_5",0,"1_5",0
"665773e884cedbe2cba4794e","SlowFast","2_1",0,"1_1",0
"665773e884cedbe2cba4794e","SlowFast","2_1",0,"1_2",0
"665773e884cedbe2cba4794e","SlowFast","2_1",0,"1_3",0
"665773e884cedbe2cba4794e","SlowFast","2_1",0,"1_4",0
"665773e884cedbe2cba4794e","SlowFast","2_1",0,"1_5",0
"665773e884cedbe2cba4794e","SlowFast","2_2",0,"1_1",0
"665773e884cedbe2cba4794e","SlowFast","2_2",0,"1_2",0
"665773e884cedbe2cba4794e","SlowFast","2_2",0,"1_3",0
"665773e884cedbe2cba4794e","SlowFast","2_2",0,"1_4",0
"665773e884cedbe2cba4794e","SlowFast","2_2",0,"1_5",0
"665773e884cedbe2cba4794e","SlowFast","2_3",0,"1_1",0
"665773e884cedbe2cba4794e","SlowFast","2_3",0,"1_2",0
"665773e884cedbe2cba4794e","SlowFast","2_3",0,"1_3",0
"665773e884cedbe2cba4794e","SlowFast","2_3",0,"1_4",0
"665773e884cedbe2cba4794e","SlowFast","2_3",0,"1_5",0
"665773e884cedbe2cba4794e","SlowFast","2_4",0,"1_1",0
"665773e884cedbe2cba4794e","SlowFast","2_4",0,"1_2",0
"665773e884cedbe2cba4794e","SlowFast","2_4",0,"1_3",0
"665773e884cedbe2cba4794e","SlowFast","2_4",0,"1_4",0
"665773e884cedbe2cba4794e","SlowFast","2_4",0,"1_5",0
"665773e884cedbe2cba4794e","SlowFast","2_5",0,"1_1",0
"665773e884cedbe2cba4794e","SlowFast","2_5",0,"1_2",0
"665773e884cedbe2cba4794e","SlowFast","2_5",0,"1_3",0
"665773e884cedbe2cba4794e","SlowFast","2_5",0,"1_4",0
"665773e884cedbe2cba4794e","SlowFast","2_5",0,"1_5",0
"672ede539bd39a8deecc501d","SlowFast","2_1",1,"1_1",1
"672ede539bd39a8deecc501d","SlowFast","2_1",1,"1_2",0
"672ede539bd39a8deecc501d","SlowFast","2_1",1,"1_3",0
"672ede539bd39a8deecc501d","SlowFast","2_1",1,"1_4",0
"672ede539bd39a8deecc501d","SlowFast","2_1",1,"1_5",0
"672ede539bd39a8deecc501d","SlowFast","2_2",1,"1_1",1
"672ede539bd39a8deecc501d","SlowFast","2_2",1,"1_2",0
"672ede539bd39a8deecc501d","SlowFast","2_2",1,"1_3",0
"672ede539bd39a8deecc501d","SlowFast","2_2",1,"1_4",0
"672ede539bd39a8deecc501d","SlowFast","2_2",1,"1_5",0
"672ede539bd39a8deecc501d","SlowFast","2_3",1,"1_1",1
"672ede539bd39a8deecc501d","SlowFast","2_3",1,"1_2",0
"672ede539bd39a8deecc501d","SlowFast","2_3",1,"1_3",0
"672ede539bd39a8deecc501d","SlowFast","2_3",1,"1_4",0
"672ede539bd39a8deecc501d","SlowFast","2_3",1,"1_5",0
"672ede539bd39a8deecc501d","SlowFast","2_4",0,"1_1",1
"672ede539bd39a8deecc501d","SlowFast","2_4",0,"1_2",0
"672ede539bd39a8deecc501d","SlowFast","2_4",0,"1_3",0
"672ede539bd39a8deecc501d","SlowFast","2_4",0,"1_4",0
"672ede539bd39a8deecc501d","SlowFast","2_4",0,"1_5",0
"672ede539bd39a8deecc501d","SlowFast","2_5",0,"1_1",1
"672ede539bd39a8deecc501d","SlowFast","2_5",0,"1_2",0
"672ede539bd39a8deecc501d","SlowFast","2_5",0,"1_3",0
"672ede539bd39a8deecc501d","SlowFast","2_5",0,"1_4",0
"672ede539bd39a8deecc501d","SlowFast","2_5",0,"1_5",0
"678c51c4f4998df7a4eeaa3d","FastSlow","2_1",1,"1_1",1
"678c51c4f4998df7a4eeaa3d","FastSlow","2_1",1,"1_2",1
"678c51c4f4998df7a4eeaa3d","FastSlow","2_1",1,"1_3",1
"678c51c4f4998df7a4eeaa3d","FastSlow","2_1",1,"1_4",0
"678c51c4f4998df7a4eeaa3d","FastSlow","2_1",1,"1_5",0
"678c51c4f4998df7a4eeaa3d","FastSlow","2_2",1,"1_1",1
"678c51c4f4998df7a4eeaa3d","FastSlow","2_2",1,"1_2",1
"678c51c4f4998df7a4eeaa3d","FastSlow","2_2",1,"1_3",1
"678c51c4f4998df7a4eeaa3d","FastSlow","2_2",1,"1_4",0
"678c51c4f4998df7a4eeaa3d","FastSlow","2_2",1,"1_5",0
"678c51c4f4998df7a4eeaa3d","FastSlow","2_3",1,"1_1",1
"678c51c4f4998df7a4eeaa3d","FastSlow","2_3",1,"1_2",1
"678c51c4f4998df7a4eeaa3d","FastSlow","2_3",1,"1_3",1
"678c51c4f4998df7a4eeaa3d","FastSlow","2_3",1,"1_4",0
"678c51c4f4998df7a4eeaa3d","FastSlow","2_3",1,"1_5",0
"678c51c4f4998df7a4eeaa3d","FastSlow","2_4",1,"1_1",1
"678c51c4f4998df7a4eeaa3d","FastSlow","2_4",1,"1_2",1
"678c51c4f4998df7a4eeaa3d","FastSlow","2_4",1,"1_3",1
"678c51c4f4998df7a4eeaa3d","FastSlow","2_4",1,"1_4",0
"678c51c4f4998df7a4eeaa3d","FastSlow","2_4",1,"1_5",0
"678c51c4f4998df7a4eeaa3d","FastSlow","2_5",0,"1_1",1
"678c51c4f4998df7a4eeaa3d","FastSlow","2_5",0,"1_2",1
"678c51c4f4998df7a4eeaa3d","FastSlow","2_5",0,"1_3",1
"678c51c4f4998df7a4eeaa3d","FastSlow","2_5",0,"1_4",0
"678c51c4f4998df7a4eeaa3d","FastSlow","2_5",0,"1_5",0
"66310bce1a0c0e0801d40dd6","FastSlow","2_1",1,"1_1",0
"66310bce1a0c0e0801d40dd6","FastSlow","2_1",1,"1_2",1
"66310bce1a0c0e0801d40dd6","FastSlow","2_1",1,"1_3",0
"66310bce1a0c0e0801d40dd6","FastSlow","2_1",1,"1_4",0
"66310bce1a0c0e0801d40dd6","FastSlow","2_1",1,"1_5",0
"66310bce1a0c0e0801d40dd6","FastSlow","2_2",1,"1_1",0
"66310bce1a0c0e0801d40dd6","FastSlow","2_2",1,"1_2",1
"66310bce1a0c0e0801d40dd6","FastSlow","2_2",1,"1_3",0
"66310bce1a0c0e0801d40dd6","FastSlow","2_2",1,"1_4",0
"66310bce1a0c0e0801d40dd6","FastSlow","2_2",1,"1_5",0
"66310bce1a0c0e0801d40dd6","FastSlow","2_3",0,"1_1",0
"66310bce1a0c0e0801d40dd6","FastSlow","2_3",0,"1_2",1
"66310bce1a0c0e0801d40dd6","FastSlow","2_3",0,"1_3",0
"66310bce1a0c0e0801d40dd6","FastSlow","2_3",0,"1_4",0
"66310bce1a0c0e0801d40dd6","FastSlow","2_3",0,"1_5",0
"66310bce1a0c0e0801d40dd6","FastSlow","2_4",0,"1_1",0
"66310bce1a0c0e0801d40dd6","FastSlow","2_4",0,"1_2",1
"66310bce1a0c0e0801d40dd6","FastSlow","2_4",0,"1_3",0
"66310bce1a0c0e0801d40dd6","FastSlow","2_4",0,"1_4",0
"66310bce1a0c0e0801d40dd6","FastSlow","2_4",0,"1_5",0
"66310bce1a0c0e0801d40dd6","FastSlow","2_5",0,"1_1",0
"66310bce1a0c0e0801d40dd6","FastSlow","2_5",0,"1_2",1
"66310bce1a0c0e0801d40dd6","FastSlow","2_5",0,"1_3",0
"66310bce1a0c0e0801d40dd6","FastSlow","2_5",0,"1_4",0
"66310bce1a0c0e0801d40dd6","FastSlow","2_5",0,"1_5",0
"67839a9f3657ad5351a92bb6","FastSlow","2_1",1,"1_1",1
"67839a9f3657ad5351a92bb6","FastSlow","2_1",1,"1_2",1
"67839a9f3657ad5351a92bb6","FastSlow","2_1",1,"1_3",1
"67839a9f3657ad5351a92bb6","FastSlow","2_1",1,"1_4",1
"67839a9f3657ad5351a92bb6","FastSlow","2_1",1,"1_5",0
"67839a9f3657ad5351a92bb6","FastSlow","2_2",1,"1_1",1
"67839a9f3657ad5351a92bb6","FastSlow","2_2",1,"1_2",1
"67839a9f3657ad5351a92bb6","FastSlow","2_2",1,"1_3",1
"67839a9f3657ad5351a92bb6","FastSlow","2_2",1,"1_4",1
"67839a9f3657ad5351a92bb6","FastSlow","2_2",1,"1_5",0
"67839a9f3657ad5351a92bb6","FastSlow","2_3",0,"1_1",1
"67839a9f3657ad5351a92bb6","FastSlow","2_3",0,"1_2",1
"67839a9f3657ad5351a92bb6","FastSlow","2_3",0,"1_3",1
"67839a9f3657ad5351a92bb6","FastSlow","2_3",0,"1_4",1
"67839a9f3657ad5351a92bb6","FastSlow","2_3",0,"1_5",0
"67839a9f3657ad5351a92bb6","FastSlow","2_4",1,"1_1",1
"67839a9f3657ad5351a92bb6","FastSlow","2_4",1,"1_2",1
"67839a9f3657ad5351a92bb6","FastSlow","2_4",1,"1_3",1
"67839a9f3657ad5351a92bb6","FastSlow","2_4",1,"1_4",1
"67839a9f3657ad5351a92bb6","FastSlow","2_4",1,"1_5",0
"67839a9f3657ad5351a92bb6","FastSlow","2_5",0,"1_1",1
"67839a9f3657ad5351a92bb6","FastSlow","2_5",0,"1_2",1
"67839a9f3657ad5351a92bb6","FastSlow","2_5",0,"1_3",1
"67839a9f3657ad5351a92bb6","FastSlow","2_5",0,"1_4",1
"67839a9f3657ad5351a92bb6","FastSlow","2_5",0,"1_5",0
"62d5d3fe0a7091a9b0586480","SlowFast","2_1",0,"1_1",1
"62d5d3fe0a7091a9b0586480","SlowFast","2_1",0,"1_2",0
"62d5d3fe0a7091a9b0586480","SlowFast","2_1",0,"1_3",0
"62d5d3fe0a7091a9b0586480","SlowFast","2_1",0,"1_4",0
"62d5d3fe0a7091a9b0586480","SlowFast","2_1",0,"1_5",0
"62d5d3fe0a7091a9b0586480","SlowFast","2_2",1,"1_1",1
"62d5d3fe0a7091a9b0586480","SlowFast","2_2",1,"1_2",0
"62d5d3fe0a7091a9b0586480","SlowFast","2_2",1,"1_3",0
"62d5d3fe0a7091a9b0586480","SlowFast","2_2",1,"1_4",0
"62d5d3fe0a7091a9b0586480","SlowFast","2_2",1,"1_5",0
"62d5d3fe0a7091a9b0586480","SlowFast","2_3",1,"1_1",1
"62d5d3fe0a7091a9b0586480","SlowFast","2_3",1,"1_2",0
"62d5d3fe0a7091a9b0586480","SlowFast","2_3",1,"1_3",0
"62d5d3fe0a7091a9b0586480","SlowFast","2_3",1,"1_4",0
"62d5d3fe0a7091a9b0586480","SlowFast","2_3",1,"1_5",0
"62d5d3fe0a7091a9b0586480","SlowFast","2_4",0,"1_1",1
"62d5d3fe0a7091a9b0586480","SlowFast","2_4",0,"1_2",0
"62d5d3fe0a7091a9b0586480","SlowFast","2_4",0,"1_3",0
"62d5d3fe0a7091a9b0586480","SlowFast","2_4",0,"1_4",0
"62d5d3fe0a7091a9b0586480","SlowFast","2_4",0,"1_5",0
"62d5d3fe0a7091a9b0586480","SlowFast","2_5",0,"1_1",1
"62d5d3fe0a7091a9b0586480","SlowFast","2_5",0,"1_2",0
"62d5d3fe0a7091a9b0586480","SlowFast","2_5",0,"1_3",0
"62d5d3fe0a7091a9b0586480","SlowFast","2_5",0,"1_4",0
"62d5d3fe0a7091a9b0586480","SlowFast","2_5",0,"1_5",0
"67e90eccc1592e147e1e88b0","SlowFast","2_1",1,"1_1",1
"67e90eccc1592e147e1e88b0","SlowFast","2_1",1,"1_2",1
"67e90eccc1592e147e1e88b0","SlowFast","2_1",1,"1_3",1
"67e90eccc1592e147e1e88b0","SlowFast","2_1",1,"1_4",1
"67e90eccc1592e147e1e88b0","SlowFast","2_1",1,"1_5",1
"67e90eccc1592e147e1e88b0","SlowFast","2_2",1,"1_1",1
"67e90eccc1592e147e1e88b0","SlowFast","2_2",1,"1_2",1
"67e90eccc1592e147e1e88b0","SlowFast","2_2",1,"1_3",1
"67e90eccc1592e147e1e88b0","SlowFast","2_2",1,"1_4",1
"67e90eccc1592e147e1e88b0","SlowFast","2_2",1,"1_5",1
"67e90eccc1592e147e1e88b0","SlowFast","2_3",1,"1_1",1
"67e90eccc1592e147e1e88b0","SlowFast","2_3",1,"1_2",1
"67e90eccc1592e147e1e88b0","SlowFast","2_3",1,"1_3",1
"67e90eccc1592e147e1e88b0","SlowFast","2_3",1,"1_4",1
"67e90eccc1592e147e1e88b0","SlowFast","2_3",1,"1_5",1
"67e90eccc1592e147e1e88b0","SlowFast","2_4",1,"1_1",1
"67e90eccc1592e147e1e88b0","SlowFast","2_4",1,"1_2",1
"67e90eccc1592e147e1e88b0","SlowFast","2_4",1,"1_3",1
"67e90eccc1592e147e1e88b0","SlowFast","2_4",1,"1_4",1
"67e90eccc1592e147e1e88b0","SlowFast","2_4",1,"1_5",1
"67e90eccc1592e147e1e88b0","SlowFast","2_5",1,"1_1",1
"67e90eccc1592e147e1e88b0","SlowFast","2_5",1,"1_2",1
"67e90eccc1592e147e1e88b0","SlowFast","2_5",1,"1_3",1
"67e90eccc1592e147e1e88b0","SlowFast","2_5",1,"1_4",1
"67e90eccc1592e147e1e88b0","SlowFast","2_5",1,"1_5",1
"6932f8200cc88ea0570aabba","FastSlow","2_1",1,"1_1",1
"6932f8200cc88ea0570aabba","FastSlow","2_1",1,"1_2",0
"6932f8200cc88ea0570aabba","FastSlow","2_1",1,"1_3",1
"6932f8200cc88ea0570aabba","FastSlow","2_1",1,"1_4",1
"6932f8200cc88ea0570aabba","FastSlow","2_1",1,"1_5",0
"6932f8200cc88ea0570aabba","FastSlow","2_2",0,"1_1",1
"6932f8200cc88ea0570aabba","FastSlow","2_2",0,"1_2",0
"6932f8200cc88ea0570aabba","FastSlow","2_2",0,"1_3",1
"6932f8200cc88ea0570aabba","FastSlow","2_2",0,"1_4",1
"6932f8200cc88ea0570aabba","FastSlow","2_2",0,"1_5",0
"6932f8200cc88ea0570aabba","FastSlow","2_3",1,"1_1",1
"6932f8200cc88ea0570aabba","FastSlow","2_3",1,"1_2",0
"6932f8200cc88ea0570aabba","FastSlow","2_3",1,"1_3",1
"6932f8200cc88ea0570aabba","FastSlow","2_3",1,"1_4",1
"6932f8200cc88ea0570aabba","FastSlow","2_3",1,"1_5",0
"6932f8200cc88ea0570aabba","FastSlow","2_4",1,"1_1",1
"6932f8200cc88ea0570aabba","FastSlow","2_4",1,"1_2",0
"6932f8200cc88ea0570aabba","FastSlow","2_4",1,"1_3",1
"6932f8200cc88ea0570aabba","FastSlow","2_4",1,"1_4",1
"6932f8200cc88ea0570aabba","FastSlow","2_4",1,"1_5",0
"6932f8200cc88ea0570aabba","FastSlow","2_5",0,"1_1",1
"6932f8200cc88ea0570aabba","FastSlow","2_5",0,"1_2",0
"6932f8200cc88ea0570aabba","FastSlow","2_5",0,"1_3",1
"6932f8200cc88ea0570aabba","FastSlow","2_5",0,"1_4",1
"6932f8200cc88ea0570aabba","FastSlow","2_5",0,"1_5",0
"69156cb681f0e747e992b388","SlowFast","2_1",1,"1_1",1
"69156cb681f0e747e992b388","SlowFast","2_1",1,"1_2",1
"69156cb681f0e747e992b388","SlowFast","2_1",1,"1_3",1
"69156cb681f0e747e992b388","SlowFast","2_1",1,"1_4",0
"69156cb681f0e747e992b388","SlowFast","2_1",1,"1_5",0
"69156cb681f0e747e992b388","SlowFast","2_2",1,"1_1",1
"69156cb681f0e747e992b388","SlowFast","2_2",1,"1_2",1
"69156cb681f0e747e992b388","SlowFast","2_2",1,"1_3",1
"69156cb681f0e747e992b388","SlowFast","2_2",1,"1_4",0
"69156cb681f0e747e992b388","SlowFast","2_2",1,"1_5",0
"69156cb681f0e747e992b388","SlowFast","2_3",0,"1_1",1
"69156cb681f0e747e992b388","SlowFast","2_3",0,"1_2",1
"69156cb681f0e747e992b388","SlowFast","2_3",0,"1_3",1
"69156cb681f0e747e992b388","SlowFast","2_3",0,"1_4",0
"69156cb681f0e747e992b388","SlowFast","2_3",0,"1_5",0
"69156cb681f0e747e992b388","SlowFast","2_4",1,"1_1",1
"69156cb681f0e747e992b388","SlowFast","2_4",1,"1_2",1
"69156cb681f0e747e992b388","SlowFast","2_4",1,"1_3",1
"69156cb681f0e747e992b388","SlowFast","2_4",1,"1_4",0
"69156cb681f0e747e992b388","SlowFast","2_4",1,"1_5",0
"69156cb681f0e747e992b388","SlowFast","2_5",1,"1_1",1
"69156cb681f0e747e992b388","SlowFast","2_5",1,"1_2",1
"69156cb681f0e747e992b388","SlowFast","2_5",1,"1_3",1
"69156cb681f0e747e992b388","SlowFast","2_5",1,"1_4",0
"69156cb681f0e747e992b388","SlowFast","2_5",1,"1_5",0
"68c9adf3ce921224388f11f1","SlowFast","2_1",1,"1_1",1
"68c9adf3ce921224388f11f1","SlowFast","2_1",1,"1_2",1
"68c9adf3ce921224388f11f1","SlowFast","2_1",1,"1_3",1
"68c9adf3ce921224388f11f1","SlowFast","2_1",1,"1_4",1
"68c9adf3ce921224388f11f1","SlowFast","2_1",1,"1_5",0
"68c9adf3ce921224388f11f1","SlowFast","2_2",1,"1_1",1
"68c9adf3ce921224388f11f1","SlowFast","2_2",1,"1_2",1
"68c9adf3ce921224388f11f1","SlowFast","2_2",1,"1_3",1
"68c9adf3ce921224388f11f1","SlowFast","2_2",1,"1_4",1
"68c9adf3ce921224388f11f1","SlowFast","2_2",1,"1_5",0
"68c9adf3ce921224388f11f1","SlowFast","2_3",1,"1_1",1
"68c9adf3ce921224388f11f1","SlowFast","2_3",1,"1_2",1
"68c9adf3ce921224388f11f1","SlowFast","2_3",1,"1_3",1
"68c9adf3ce921224388f11f1","SlowFast","2_3",1,"1_4",1
"68c9adf3ce921224388f11f1","SlowFast","2_3",1,"1_5",0
"68c9adf3ce921224388f11f1","SlowFast","2_4",1,"1_1",1
"68c9adf3ce921224388f11f1","SlowFast","2_4",1,"1_2",1
"68c9adf3ce921224388f11f1","SlowFast","2_4",1,"1_3",1
"68c9adf3ce921224388f11f1","SlowFast","2_4",1,"1_4",1
"68c9adf3ce921224388f11f1","SlowFast","2_4",1,"1_5",0
"68c9adf3ce921224388f11f1","SlowFast","2_5",0,"1_1",1
"68c9adf3ce921224388f11f1","SlowFast","2_5",0,"1_2",1
"68c9adf3ce921224388f11f1","SlowFast","2_5",0,"1_3",1
"68c9adf3ce921224388f11f1","SlowFast","2_5",0,"1_4",1
"68c9adf3ce921224388f11f1","SlowFast","2_5",0,"1_5",0
"67f972620fdbfde234aa54ef","SlowFast","2_1",1,"1_1",1
"67f972620fdbfde234aa54ef","SlowFast","2_1",1,"1_2",0
"67f972620fdbfde234aa54ef","SlowFast","2_1",1,"1_3",0
"67f972620fdbfde234aa54ef","SlowFast","2_1",1,"1_4",1
"67f972620fdbfde234aa54ef","SlowFast","2_1",1,"1_5",0
"67f972620fdbfde234aa54ef","SlowFast","2_2",0,"1_1",1
"67f972620fdbfde234aa54ef","SlowFast","2_2",0,"1_2",0
"67f972620fdbfde234aa54ef","SlowFast","2_2",0,"1_3",0
"67f972620fdbfde234aa54ef","SlowFast","2_2",0,"1_4",1
"67f972620fdbfde234aa54ef","SlowFast","2_2",0,"1_5",0
"67f972620fdbfde234aa54ef","SlowFast","2_3",1,"1_1",1
"67f972620fdbfde234aa54ef","SlowFast","2_3",1,"1_2",0
"67f972620fdbfde234aa54ef","SlowFast","2_3",1,"1_3",0
"67f972620fdbfde234aa54ef","SlowFast","2_3",1,"1_4",1
"67f972620fdbfde234aa54ef","SlowFast","2_3",1,"1_5",0
"67f972620fdbfde234aa54ef","SlowFast","2_4",0,"1_1",1
"67f972620fdbfde234aa54ef","SlowFast","2_4",0,"1_2",0
"67f972620fdbfde234aa54ef","SlowFast","2_4",0,"1_3",0
"67f972620fdbfde234aa54ef","SlowFast","2_4",0,"1_4",1
"67f972620fdbfde234aa54ef","SlowFast","2_4",0,"1_5",0
"67f972620fdbfde234aa54ef","SlowFast","2_5",0,"1_1",1
"67f972620fdbfde234aa54ef","SlowFast","2_5",0,"1_2",0
"67f972620fdbfde234aa54ef","SlowFast","2_5",0,"1_3",0
"67f972620fdbfde234aa54ef","SlowFast","2_5",0,"1_4",1
"67f972620fdbfde234aa54ef","SlowFast","2_5",0,"1_5",0
"6639ebf807878b4110374f02","SlowFast","2_1",1,"1_1",1
"6639ebf807878b4110374f02","SlowFast","2_1",1,"1_2",1
"6639ebf807878b4110374f02","SlowFast","2_1",1,"1_3",0
"6639ebf807878b4110374f02","SlowFast","2_1",1,"1_4",0
"6639ebf807878b4110374f02","SlowFast","2_1",1,"1_5",0
"6639ebf807878b4110374f02","SlowFast","2_2",1,"1_1",1
"6639ebf807878b4110374f02","SlowFast","2_2",1,"1_2",1
"6639ebf807878b4110374f02","SlowFast","2_2",1,"1_3",0
"6639ebf807878b4110374f02","SlowFast","2_2",1,"1_4",0
"6639ebf807878b4110374f02","SlowFast","2_2",1,"1_5",0
"6639ebf807878b4110374f02","SlowFast","2_3",1,"1_1",1
"6639ebf807878b4110374f02","SlowFast","2_3",1,"1_2",1
"6639ebf807878b4110374f02","SlowFast","2_3",1,"1_3",0
"6639ebf807878b4110374f02","SlowFast","2_3",1,"1_4",0
"6639ebf807878b4110374f02","SlowFast","2_3",1,"1_5",0
"6639ebf807878b4110374f02","SlowFast","2_4",1,"1_1",1
"6639ebf807878b4110374f02","SlowFast","2_4",1,"1_2",1
"6639ebf807878b4110374f02","SlowFast","2_4",1,"1_3",0
"6639ebf807878b4110374f02","SlowFast","2_4",1,"1_4",0
"6639ebf807878b4110374f02","SlowFast","2_4",1,"1_5",0
"6639ebf807878b4110374f02","SlowFast","2_5",0,"1_1",1
"6639ebf807878b4110374f02","SlowFast","2_5",0,"1_2",1
"6639ebf807878b4110374f02","SlowFast","2_5",0,"1_3",0
"6639ebf807878b4110374f02","SlowFast","2_5",0,"1_4",0
"6639ebf807878b4110374f02","SlowFast","2_5",0,"1_5",0
"65e77b8084a26a1e221bd436","FastSlow","2_1",1,"1_1",1
"65e77b8084a26a1e221bd436","FastSlow","2_1",1,"1_2",1
"65e77b8084a26a1e221bd436","FastSlow","2_1",1,"1_3",1
"65e77b8084a26a1e221bd436","FastSlow","2_1",1,"1_4",1
"65e77b8084a26a1e221bd436","FastSlow","2_1",1,"1_5",0
"65e77b8084a26a1e221bd436","FastSlow","2_2",1,"1_1",1
"65e77b8084a26a1e221bd436","FastSlow","2_2",1,"1_2",1
"65e77b8084a26a1e221bd436","FastSlow","2_2",1,"1_3",1
"65e77b8084a26a1e221bd436","FastSlow","2_2",1,"1_4",1
"65e77b8084a26a1e221bd436","FastSlow","2_2",1,"1_5",0
"65e77b8084a26a1e221bd436","FastSlow","2_3",1,"1_1",1
"65e77b8084a26a1e221bd436","FastSlow","2_3",1,"1_2",1
"65e77b8084a26a1e221bd436","FastSlow","2_3",1,"1_3",1
"65e77b8084a26a1e221bd436","FastSlow","2_3",1,"1_4",1
"65e77b8084a26a1e221bd436","FastSlow","2_3",1,"1_5",0
"65e77b8084a26a1e221bd436","FastSlow","2_4",1,"1_1",1
"65e77b8084a26a1e221bd436","FastSlow","2_4",1,"1_2",1
"65e77b8084a26a1e221bd436","FastSlow","2_4",1,"1_3",1
"65e77b8084a26a1e221bd436","FastSlow","2_4",1,"1_4",1
"65e77b8084a26a1e221bd436","FastSlow","2_4",1,"1_5",0
"65e77b8084a26a1e221bd436","FastSlow","2_5",0,"1_1",1
"65e77b8084a26a1e221bd436","FastSlow","2_5",0,"1_2",1
"65e77b8084a26a1e221bd436","FastSlow","2_5",0,"1_3",1
"65e77b8084a26a1e221bd436","FastSlow","2_5",0,"1_4",1
"65e77b8084a26a1e221bd436","FastSlow","2_5",0,"1_5",0
"662f8a3bc02a7f164555439a","FastSlow","2_1",1,"1_1",1
"662f8a3bc02a7f164555439a","FastSlow","2_1",1,"1_2",0
"662f8a3bc02a7f164555439a","FastSlow","2_1",1,"1_3",1
"662f8a3bc02a7f164555439a","FastSlow","2_1",1,"1_4",0
"662f8a3bc02a7f164555439a","FastSlow","2_1",1,"1_5",0
"662f8a3bc02a7f164555439a","FastSlow","2_2",1,"1_1",1
"662f8a3bc02a7f164555439a","FastSlow","2_2",1,"1_2",0
"662f8a3bc02a7f164555439a","FastSlow","2_2",1,"1_3",1
"662f8a3bc02a7f164555439a","FastSlow","2_2",1,"1_4",0
"662f8a3bc02a7f164555439a","FastSlow","2_2",1,"1_5",0
"662f8a3bc02a7f164555439a","FastSlow","2_3",1,"1_1",1
"662f8a3bc02a7f164555439a","FastSlow","2_3",1,"1_2",0
"662f8a3bc02a7f164555439a","FastSlow","2_3",1,"1_3",1
"662f8a3bc02a7f164555439a","FastSlow","2_3",1,"1_4",0
"662f8a3bc02a7f164555439a","FastSlow","2_3",1,"1_5",0
"662f8a3bc02a7f164555439a","FastSlow","2_4",0,"1_1",1
"662f8a3bc02a7f164555439a","FastSlow","2_4",0,"1_2",0
"662f8a3bc02a7f164555439a","FastSlow","2_4",0,"1_3",1
"662f8a3bc02a7f164555439a","FastSlow","2_4",0,"1_4",0
"662f8a3bc02a7f164555439a","FastSlow","2_4",0,"1_5",0
"662f8a3bc02a7f164555439a","FastSlow","2_5",0,"1_1",1
"662f8a3bc02a7f164555439a","FastSlow","2_5",0,"1_2",0
"662f8a3bc02a7f164555439a","FastSlow","2_5",0,"1_3",1
"662f8a3bc02a7f164555439a","FastSlow","2_5",0,"1_4",0
"662f8a3bc02a7f164555439a","FastSlow","2_5",0,"1_5",0
"670181df01d5807d3bca5093","FastSlow","2_1",1,"1_1",1
"670181df01d5807d3bca5093","FastSlow","2_1",1,"1_2",0
"670181df01d5807d3bca5093","FastSlow","2_1",1,"1_3",1
"670181df01d5807d3bca5093","FastSlow","2_1",1,"1_4",1
"670181df01d5807d3bca5093","FastSlow","2_1",1,"1_5",0
"670181df01d5807d3bca5093","FastSlow","2_2",0,"1_1",1
"670181df01d5807d3bca5093","FastSlow","2_2",0,"1_2",0
"670181df01d5807d3bca5093","FastSlow","2_2",0,"1_3",1
"670181df01d5807d3bca5093","FastSlow","2_2",0,"1_4",1
"670181df01d5807d3bca5093","FastSlow","2_2",0,"1_5",0
"670181df01d5807d3bca5093","FastSlow","2_3",0,"1_1",1
"670181df01d5807d3bca5093","FastSlow","2_3",0,"1_2",0
"670181df01d5807d3bca5093","FastSlow","2_3",0,"1_3",1
"670181df01d5807d3bca5093","FastSlow","2_3",0,"1_4",1
"670181df01d5807d3bca5093","FastSlow","2_3",0,"1_5",0
"670181df01d5807d3bca5093","FastSlow","2_4",0,"1_1",1
"670181df01d5807d3bca5093","FastSlow","2_4",0,"1_2",0
"670181df01d5807d3bca5093","FastSlow","2_4",0,"1_3",1
"670181df01d5807d3bca5093","FastSlow","2_4",0,"1_4",1
"670181df01d5807d3bca5093","FastSlow","2_4",0,"1_5",0
"670181df01d5807d3bca5093","FastSlow","2_5",0,"1_1",1
"670181df01d5807d3bca5093","FastSlow","2_5",0,"1_2",0
"670181df01d5807d3bca5093","FastSlow","2_5",0,"1_3",1
"670181df01d5807d3bca5093","FastSlow","2_5",0,"1_4",1
"670181df01d5807d3bca5093","FastSlow","2_5",0,"1_5",0
"65ea3ad7b77c607619e7def6","FastSlow","2_1",0,"1_1",1
"65ea3ad7b77c607619e7def6","FastSlow","2_1",0,"1_2",0
"65ea3ad7b77c607619e7def6","FastSlow","2_1",0,"1_3",0
"65ea3ad7b77c607619e7def6","FastSlow","2_1",0,"1_4",0
"65ea3ad7b77c607619e7def6","FastSlow","2_1",0,"1_5",0
"65ea3ad7b77c607619e7def6","FastSlow","2_2",0,"1_1",1
"65ea3ad7b77c607619e7def6","FastSlow","2_2",0,"1_2",0
"65ea3ad7b77c607619e7def6","FastSlow","2_2",0,"1_3",0
"65ea3ad7b77c607619e7def6","FastSlow","2_2",0,"1_4",0
"65ea3ad7b77c607619e7def6","FastSlow","2_2",0,"1_5",0
"65ea3ad7b77c607619e7def6","FastSlow","2_3",0,"1_1",1
"65ea3ad7b77c607619e7def6","FastSlow","2_3",0,"1_2",0
"65ea3ad7b77c607619e7def6","FastSlow","2_3",0,"1_3",0
"65ea3ad7b77c607619e7def6","FastSlow","2_3",0,"1_4",0
"65ea3ad7b77c607619e7def6","FastSlow","2_3",0,"1_5",0
"65ea3ad7b77c607619e7def6","FastSlow","2_4",0,"1_1",1
"65ea3ad7b77c607619e7def6","FastSlow","2_4",0,"1_2",0
"65ea3ad7b77c607619e7def6","FastSlow","2_4",0,"1_3",0
"65ea3ad7b77c607619e7def6","FastSlow","2_4",0,"1_4",0
"65ea3ad7b77c607619e7def6","FastSlow","2_4",0,"1_5",0
"65ea3ad7b77c607619e7def6","FastSlow","2_5",0,"1_1",1
"65ea3ad7b77c607619e7def6","FastSlow","2_5",0,"1_2",0
"65ea3ad7b77c607619e7def6","FastSlow","2_5",0,"1_3",0
"65ea3ad7b77c607619e7def6","FastSlow","2_5",0,"1_4",0
"65ea3ad7b77c607619e7def6","FastSlow","2_5",0,"1_5",0
"5eb9be30dc83fb0e9107d418","FastSlow","2_1",1,"1_1",1
"5eb9be30dc83fb0e9107d418","FastSlow","2_1",1,"1_2",1
"5eb9be30dc83fb0e9107d418","FastSlow","2_1",1,"1_3",1
"5eb9be30dc83fb0e9107d418","FastSlow","2_1",1,"1_4",1
"5eb9be30dc83fb0e9107d418","FastSlow","2_1",1,"1_5",1
"5eb9be30dc83fb0e9107d418","FastSlow","2_2",1,"1_1",1
"5eb9be30dc83fb0e9107d418","FastSlow","2_2",1,"1_2",1
"5eb9be30dc83fb0e9107d418","FastSlow","2_2",1,"1_3",1
"5eb9be30dc83fb0e9107d418","FastSlow","2_2",1,"1_4",1
"5eb9be30dc83fb0e9107d418","FastSlow","2_2",1,"1_5",1
"5eb9be30dc83fb0e9107d418","FastSlow","2_3",0,"1_1",1
"5eb9be30dc83fb0e9107d418","FastSlow","2_3",0,"1_2",1
"5eb9be30dc83fb0e9107d418","FastSlow","2_3",0,"1_3",1
"5eb9be30dc83fb0e9107d418","FastSlow","2_3",0,"1_4",1
"5eb9be30dc83fb0e9107d418","FastSlow","2_3",0,"1_5",1
"5eb9be30dc83fb0e9107d418","FastSlow","2_4",0,"1_1",1
"5eb9be30dc83fb0e9107d418","FastSlow","2_4",0,"1_2",1
"5eb9be30dc83fb0e9107d418","FastSlow","2_4",0,"1_3",1
"5eb9be30dc83fb0e9107d418","FastSlow","2_4",0,"1_4",1
"5eb9be30dc83fb0e9107d418","FastSlow","2_4",0,"1_5",1
"5eb9be30dc83fb0e9107d418","FastSlow","2_5",0,"1_1",1
"5eb9be30dc83fb0e9107d418","FastSlow","2_5",0,"1_2",1
"5eb9be30dc83fb0e9107d418","FastSlow","2_5",0,"1_3",1
"5eb9be30dc83fb0e9107d418","FastSlow","2_5",0,"1_4",1
"5eb9be30dc83fb0e9107d418","FastSlow","2_5",0,"1_5",1
"5a82032017ef350001706e9a","FastSlow","2_1",0,"1_1",1
"5a82032017ef350001706e9a","FastSlow","2_1",0,"1_2",0
"5a82032017ef350001706e9a","FastSlow","2_1",0,"1_3",0
"5a82032017ef350001706e9a","FastSlow","2_1",0,"1_4",1
"5a82032017ef350001706e9a","FastSlow","2_1",0,"1_5",0
"5a82032017ef350001706e9a","FastSlow","2_2",0,"1_1",1
"5a82032017ef350001706e9a","FastSlow","2_2",0,"1_2",0
"5a82032017ef350001706e9a","FastSlow","2_2",0,"1_3",0
"5a82032017ef350001706e9a","FastSlow","2_2",0,"1_4",1
"5a82032017ef350001706e9a","FastSlow","2_2",0,"1_5",0
"5a82032017ef350001706e9a","FastSlow","2_3",0,"1_1",1
"5a82032017ef350001706e9a","FastSlow","2_3",0,"1_2",0
"5a82032017ef350001706e9a","FastSlow","2_3",0,"1_3",0
"5a82032017ef350001706e9a","FastSlow","2_3",0,"1_4",1
"5a82032017ef350001706e9a","FastSlow","2_3",0,"1_5",0
"5a82032017ef350001706e9a","FastSlow","2_4",0,"1_1",1
"5a82032017ef350001706e9a","FastSlow","2_4",0,"1_2",0
"5a82032017ef350001706e9a","FastSlow","2_4",0,"1_3",0
"5a82032017ef350001706e9a","FastSlow","2_4",0,"1_4",1
"5a82032017ef350001706e9a","FastSlow","2_4",0,"1_5",0
"5a82032017ef350001706e9a","FastSlow","2_5",0,"1_1",1
"5a82032017ef350001706e9a","FastSlow","2_5",0,"1_2",0
"5a82032017ef350001706e9a","FastSlow","2_5",0,"1_3",0
"5a82032017ef350001706e9a","FastSlow","2_5",0,"1_4",1
"5a82032017ef350001706e9a","FastSlow","2_5",0,"1_5",0
"65f684e029d7c63f3338aed7","SlowFast","2_1",0,"1_1",1
"65f684e029d7c63f3338aed7","SlowFast","2_1",0,"1_2",0
"65f684e029d7c63f3338aed7","SlowFast","2_1",0,"1_3",0
"65f684e029d7c63f3338aed7","SlowFast","2_1",0,"1_4",0
"65f684e029d7c63f3338aed7","SlowFast","2_1",0,"1_5",0
"65f684e029d7c63f3338aed7","SlowFast","2_2",0,"1_1",1
"65f684e029d7c63f3338aed7","SlowFast","2_2",0,"1_2",0
"65f684e029d7c63f3338aed7","SlowFast","2_2",0,"1_3",0
"65f684e029d7c63f3338aed7","SlowFast","2_2",0,"1_4",0
"65f684e029d7c63f3338aed7","SlowFast","2_2",0,"1_5",0
"65f684e029d7c63f3338aed7","SlowFast","2_3",0,"1_1",1
"65f684e029d7c63f3338aed7","SlowFast","2_3",0,"1_2",0
"65f684e029d7c63f3338aed7","SlowFast","2_3",0,"1_3",0
"65f684e029d7c63f3338aed7","SlowFast","2_3",0,"1_4",0
"65f684e029d7c63f3338aed7","SlowFast","2_3",0,"1_5",0
"65f684e029d7c63f3338aed7","SlowFast","2_4",0,"1_1",1
"65f684e029d7c63f3338aed7","SlowFast","2_4",0,"1_2",0
"65f684e029d7c63f3338aed7","SlowFast","2_4",0,"1_3",0
"65f684e029d7c63f3338aed7","SlowFast","2_4",0,"1_4",0
"65f684e029d7c63f3338aed7","SlowFast","2_4",0,"1_5",0
"65f684e029d7c63f3338aed7","SlowFast","2_5",0,"1_1",1
"65f684e029d7c63f3338aed7","SlowFast","2_5",0,"1_2",0
"65f684e029d7c63f3338aed7","SlowFast","2_5",0,"1_3",0
"65f684e029d7c63f3338aed7","SlowFast","2_5",0,"1_4",0
"65f684e029d7c63f3338aed7","SlowFast","2_5",0,"1_5",0
"66298145eb6880569bc344b6","SlowFast","2_1",1,"1_1",1
"66298145eb6880569bc344b6","SlowFast","2_1",1,"1_2",0
"66298145eb6880569bc344b6","SlowFast","2_1",1,"1_3",0
"66298145eb6880569bc344b6","SlowFast","2_1",1,"1_4",1
"66298145eb6880569bc344b6","SlowFast","2_1",1,"1_5",0
"66298145eb6880569bc344b6","SlowFast","2_2",1,"1_1",1
"66298145eb6880569bc344b6","SlowFast","2_2",1,"1_2",0
"66298145eb6880569bc344b6","SlowFast","2_2",1,"1_3",0
"66298145eb6880569bc344b6","SlowFast","2_2",1,"1_4",1
"66298145eb6880569bc344b6","SlowFast","2_2",1,"1_5",0
"66298145eb6880569bc344b6","SlowFast","2_3",1,"1_1",1
"66298145eb6880569bc344b6","SlowFast","2_3",1,"1_2",0
"66298145eb6880569bc344b6","SlowFast","2_3",1,"1_3",0
"66298145eb6880569bc344b6","SlowFast","2_3",1,"1_4",1
"66298145eb6880569bc344b6","SlowFast","2_3",1,"1_5",0
"66298145eb6880569bc344b6","SlowFast","2_4",1,"1_1",1
"66298145eb6880569bc344b6","SlowFast","2_4",1,"1_2",0
"66298145eb6880569bc344b6","SlowFast","2_4",1,"1_3",0
"66298145eb6880569bc344b6","SlowFast","2_4",1,"1_4",1
"66298145eb6880569bc344b6","SlowFast","2_4",1,"1_5",0
"66298145eb6880569bc344b6","SlowFast","2_5",0,"1_1",1
"66298145eb6880569bc344b6","SlowFast","2_5",0,"1_2",0
"66298145eb6880569bc344b6","SlowFast","2_5",0,"1_3",0
"66298145eb6880569bc344b6","SlowFast","2_5",0,"1_4",1
"66298145eb6880569bc344b6","SlowFast","2_5",0,"1_5",0
"68bb75e3f99a5ad10b5c965a","SlowFast","2_1",1,"1_1",1
"68bb75e3f99a5ad10b5c965a","SlowFast","2_1",1,"1_2",1
"68bb75e3f99a5ad10b5c965a","SlowFast","2_1",1,"1_3",0
"68bb75e3f99a5ad10b5c965a","SlowFast","2_1",1,"1_4",0
"68bb75e3f99a5ad10b5c965a","SlowFast","2_1",1,"1_5",0
"68bb75e3f99a5ad10b5c965a","SlowFast","2_2",1,"1_1",1
"68bb75e3f99a5ad10b5c965a","SlowFast","2_2",1,"1_2",1
"68bb75e3f99a5ad10b5c965a","SlowFast","2_2",1,"1_3",0
"68bb75e3f99a5ad10b5c965a","SlowFast","2_2",1,"1_4",0
"68bb75e3f99a5ad10b5c965a","SlowFast","2_2",1,"1_5",0
"68bb75e3f99a5ad10b5c965a","SlowFast","2_3",0,"1_1",1
"68bb75e3f99a5ad10b5c965a","SlowFast","2_3",0,"1_2",1
"68bb75e3f99a5ad10b5c965a","SlowFast","2_3",0,"1_3",0
"68bb75e3f99a5ad10b5c965a","SlowFast","2_3",0,"1_4",0
"68bb75e3f99a5ad10b5c965a","SlowFast","2_3",0,"1_5",0
"68bb75e3f99a5ad10b5c965a","SlowFast","2_4",1,"1_1",1
"68bb75e3f99a5ad10b5c965a","SlowFast","2_4",1,"1_2",1
"68bb75e3f99a5ad10b5c965a","SlowFast","2_4",1,"1_3",0
"68bb75e3f99a5ad10b5c965a","SlowFast","2_4",1,"1_4",0
"68bb75e3f99a5ad10b5c965a","SlowFast","2_4",1,"1_5",0
"68bb75e3f99a5ad10b5c965a","SlowFast","2_5",0,"1_1",1
"68bb75e3f99a5ad10b5c965a","SlowFast","2_5",0,"1_2",1
"68bb75e3f99a5ad10b5c965a","SlowFast","2_5",0,"1_3",0
"68bb75e3f99a5ad10b5c965a","SlowFast","2_5",0,"1_4",0
"68bb75e3f99a5ad10b5c965a","SlowFast","2_5",0,"1_5",0
"66e5ab0828cf6046bd8f1df1","SlowFast","2_1",1,"1_1",0
"66e5ab0828cf6046bd8f1df1","SlowFast","2_1",1,"1_2",0
"66e5ab0828cf6046bd8f1df1","SlowFast","2_1",1,"1_3",0
"66e5ab0828cf6046bd8f1df1","SlowFast","2_1",1,"1_4",0
"66e5ab0828cf6046bd8f1df1","SlowFast","2_1",1,"1_5",0
"66e5ab0828cf6046bd8f1df1","SlowFast","2_2",0,"1_1",0
"66e5ab0828cf6046bd8f1df1","SlowFast","2_2",0,"1_2",0
"66e5ab0828cf6046bd8f1df1","SlowFast","2_2",0,"1_3",0
"66e5ab0828cf6046bd8f1df1","SlowFast","2_2",0,"1_4",0
"66e5ab0828cf6046bd8f1df1","SlowFast","2_2",0,"1_5",0
"66e5ab0828cf6046bd8f1df1","SlowFast","2_3",0,"1_1",0
"66e5ab0828cf6046bd8f1df1","SlowFast","2_3",0,"1_2",0
"66e5ab0828cf6046bd8f1df1","SlowFast","2_3",0,"1_3",0
"66e5ab0828cf6046bd8f1df1","SlowFast","2_3",0,"1_4",0
"66e5ab0828cf6046bd8f1df1","SlowFast","2_3",0,"1_5",0
"66e5ab0828cf6046bd8f1df1","SlowFast","2_4",0,"1_1",0
"66e5ab0828cf6046bd8f1df1","SlowFast","2_4",0,"1_2",0
"66e5ab0828cf6046bd8f1df1","SlowFast","2_4",0,"1_3",0
"66e5ab0828cf6046bd8f1df1","SlowFast","2_4",0,"1_4",0
"66e5ab0828cf6046bd8f1df1","SlowFast","2_4",0,"1_5",0
"66e5ab0828cf6046bd8f1df1","SlowFast","2_5",0,"1_1",0
"66e5ab0828cf6046bd8f1df1","SlowFast","2_5",0,"1_2",0
"66e5ab0828cf6046bd8f1df1","SlowFast","2_5",0,"1_3",0
"66e5ab0828cf6046bd8f1df1","SlowFast","2_5",0,"1_4",0
"66e5ab0828cf6046bd8f1df1","SlowFast","2_5",0,"1_5",0
"662d56e5cc343fb58134d622","FastSlow","2_1",0,"1_1",1
"662d56e5cc343fb58134d622","FastSlow","2_1",0,"1_2",1
"662d56e5cc343fb58134d622","FastSlow","2_1",0,"1_3",0
"662d56e5cc343fb58134d622","FastSlow","2_1",0,"1_4",1
"662d56e5cc343fb58134d622","FastSlow","2_1",0,"1_5",0
"662d56e5cc343fb58134d622","FastSlow","2_2",0,"1_1",1
"662d56e5cc343fb58134d622","FastSlow","2_2",0,"1_2",1
"662d56e5cc343fb58134d622","FastSlow","2_2",0,"1_3",0
"662d56e5cc343fb58134d622","FastSlow","2_2",0,"1_4",1
"662d56e5cc343fb58134d622","FastSlow","2_2",0,"1_5",0
"662d56e5cc343fb58134d622","FastSlow","2_3",1,"1_1",1
"662d56e5cc343fb58134d622","FastSlow","2_3",1,"1_2",1
"662d56e5cc343fb58134d622","FastSlow","2_3",1,"1_3",0
"662d56e5cc343fb58134d622","FastSlow","2_3",1,"1_4",1
"662d56e5cc343fb58134d622","FastSlow","2_3",1,"1_5",0
"662d56e5cc343fb58134d622","FastSlow","2_4",0,"1_1",1
"662d56e5cc343fb58134d622","FastSlow","2_4",0,"1_2",1
"662d56e5cc343fb58134d622","FastSlow","2_4",0,"1_3",0
"662d56e5cc343fb58134d622","FastSlow","2_4",0,"1_4",1
"662d56e5cc343fb58134d622","FastSlow","2_4",0,"1_5",0
"662d56e5cc343fb58134d622","FastSlow","2_5",0,"1_1",1
"662d56e5cc343fb58134d622","FastSlow","2_5",0,"1_2",1
"662d56e5cc343fb58134d622","FastSlow","2_5",0,"1_3",0
"662d56e5cc343fb58134d622","FastSlow","2_5",0,"1_4",1
"662d56e5cc343fb58134d622","FastSlow","2_5",0,"1_5",0
"683667d92d0bfb2cf3f5c7a6","FastSlow","2_1",1,"1_1",1
"683667d92d0bfb2cf3f5c7a6","FastSlow","2_1",1,"1_2",1
"683667d92d0bfb2cf3f5c7a6","FastSlow","2_1",1,"1_3",1
"683667d92d0bfb2cf3f5c7a6","FastSlow","2_1",1,"1_4",0
"683667d92d0bfb2cf3f5c7a6","FastSlow","2_1",1,"1_5",1
"683667d92d0bfb2cf3f5c7a6","FastSlow","2_2",1,"1_1",1
"683667d92d0bfb2cf3f5c7a6","FastSlow","2_2",1,"1_2",1
"683667d92d0bfb2cf3f5c7a6","FastSlow","2_2",1,"1_3",1
"683667d92d0bfb2cf3f5c7a6","FastSlow","2_2",1,"1_4",0
"683667d92d0bfb2cf3f5c7a6","FastSlow","2_2",1,"1_5",1
"683667d92d0bfb2cf3f5c7a6","FastSlow","2_3",1,"1_1",1
"683667d92d0bfb2cf3f5c7a6","FastSlow","2_3",1,"1_2",1
"683667d92d0bfb2cf3f5c7a6","FastSlow","2_3",1,"1_3",1
"683667d92d0bfb2cf3f5c7a6","FastSlow","2_3",1,"1_4",0
"683667d92d0bfb2cf3f5c7a6","FastSlow","2_3",1,"1_5",1
"683667d92d0bfb2cf3f5c7a6","FastSlow","2_4",0,"1_1",1
"683667d92d0bfb2cf3f5c7a6","FastSlow","2_4",0,"1_2",1
"683667d92d0bfb2cf3f5c7a6","FastSlow","2_4",0,"1_3",1
"683667d92d0bfb2cf3f5c7a6","FastSlow","2_4",0,"1_4",0
"683667d92d0bfb2cf3f5c7a6","FastSlow","2_4",0,"1_5",1
"683667d92d0bfb2cf3f5c7a6","FastSlow","2_5",1,"1_1",1
"683667d92d0bfb2cf3f5c7a6","FastSlow","2_5",1,"1_2",1
"683667d92d0bfb2cf3f5c7a6","FastSlow","2_5",1,"1_3",1
"683667d92d0bfb2cf3f5c7a6","FastSlow","2_5",1,"1_4",0
"683667d92d0bfb2cf3f5c7a6","FastSlow","2_5",1,"1_5",1
"5d89109e91ce580015b93bb5","SlowFast","2_1",1,"1_1",1
"5d89109e91ce580015b93bb5","SlowFast","2_1",1,"1_2",1
"5d89109e91ce580015b93bb5","SlowFast","2_1",1,"1_3",1
"5d89109e91ce580015b93bb5","SlowFast","2_1",1,"1_4",1
"5d89109e91ce580015b93bb5","SlowFast","2_1",1,"1_5",0
"5d89109e91ce580015b93bb5","SlowFast","2_2",1,"1_1",1
"5d89109e91ce580015b93bb5","SlowFast","2_2",1,"1_2",1
"5d89109e91ce580015b93bb5","SlowFast","2_2",1,"1_3",1
"5d89109e91ce580015b93bb5","SlowFast","2_2",1,"1_4",1
"5d89109e91ce580015b93bb5","SlowFast","2_2",1,"1_5",0
"5d89109e91ce580015b93bb5","SlowFast","2_3",1,"1_1",1
"5d89109e91ce580015b93bb5","SlowFast","2_3",1,"1_2",1
"5d89109e91ce580015b93bb5","SlowFast","2_3",1,"1_3",1
"5d89109e91ce580015b93bb5","SlowFast","2_3",1,"1_4",1
"5d89109e91ce580015b93bb5","SlowFast","2_3",1,"1_5",0
"5d89109e91ce580015b93bb5","SlowFast","2_4",1,"1_1",1
"5d89109e91ce580015b93bb5","SlowFast","2_4",1,"1_2",1
"5d89109e91ce580015b93bb5","SlowFast","2_4",1,"1_3",1
"5d89109e91ce580015b93bb5","SlowFast","2_4",1,"1_4",1
"5d89109e91ce580015b93bb5","SlowFast","2_4",1,"1_5",0
"5d89109e91ce580015b93bb5","SlowFast","2_5",0,"1_1",1
"5d89109e91ce580015b93bb5","SlowFast","2_5",0,"1_2",1
"5d89109e91ce580015b93bb5","SlowFast","2_5",0,"1_3",1
"5d89109e91ce580015b93bb5","SlowFast","2_5",0,"1_4",1
"5d89109e91ce580015b93bb5","SlowFast","2_5",0,"1_5",0
"676c9d1a76e650632accd4f7","SlowFast","2_1",1,"1_1",0
"676c9d1a76e650632accd4f7","SlowFast","2_1",1,"1_2",0
"676c9d1a76e650632accd4f7","SlowFast","2_1",1,"1_3",1
"676c9d1a76e650632accd4f7","SlowFast","2_1",1,"1_4",0
"676c9d1a76e650632accd4f7","SlowFast","2_1",1,"1_5",0
"676c9d1a76e650632accd4f7","SlowFast","2_2",1,"1_1",0
"676c9d1a76e650632accd4f7","SlowFast","2_2",1,"1_2",0
"676c9d1a76e650632accd4f7","SlowFast","2_2",1,"1_3",1
"676c9d1a76e650632accd4f7","SlowFast","2_2",1,"1_4",0
"676c9d1a76e650632accd4f7","SlowFast","2_2",1,"1_5",0
"676c9d1a76e650632accd4f7","SlowFast","2_3",1,"1_1",0
"676c9d1a76e650632accd4f7","SlowFast","2_3",1,"1_2",0
"676c9d1a76e650632accd4f7","SlowFast","2_3",1,"1_3",1
"676c9d1a76e650632accd4f7","SlowFast","2_3",1,"1_4",0
"676c9d1a76e650632accd4f7","SlowFast","2_3",1,"1_5",0
"676c9d1a76e650632accd4f7","SlowFast","2_4",0,"1_1",0
"676c9d1a76e650632accd4f7","SlowFast","2_4",0,"1_2",0
"676c9d1a76e650632accd4f7","SlowFast","2_4",0,"1_3",1
"676c9d1a76e650632accd4f7","SlowFast","2_4",0,"1_4",0
"676c9d1a76e650632accd4f7","SlowFast","2_4",0,"1_5",0
"676c9d1a76e650632accd4f7","SlowFast","2_5",0,"1_1",0
"676c9d1a76e650632accd4f7","SlowFast","2_5",0,"1_2",0
"676c9d1a76e650632accd4f7","SlowFast","2_5",0,"1_3",1
"676c9d1a76e650632accd4f7","SlowFast","2_5",0,"1_4",0
"676c9d1a76e650632accd4f7","SlowFast","2_5",0,"1_5",0
"67ab899c0e7db664870e939e","FastSlow","2_1",1,"1_1",0
"67ab899c0e7db664870e939e","FastSlow","2_1",1,"1_2",0
"67ab899c0e7db664870e939e","FastSlow","2_1",1,"1_3",0
"67ab899c0e7db664870e939e","FastSlow","2_1",1,"1_4",0
"67ab899c0e7db664870e939e","FastSlow","2_1",1,"1_5",0
"67ab899c0e7db664870e939e","FastSlow","2_2",0,"1_1",0
"67ab899c0e7db664870e939e","FastSlow","2_2",0,"1_2",0
"67ab899c0e7db664870e939e","FastSlow","2_2",0,"1_3",0
"67ab899c0e7db664870e939e","FastSlow","2_2",0,"1_4",0
"67ab899c0e7db664870e939e","FastSlow","2_2",0,"1_5",0
"67ab899c0e7db664870e939e","FastSlow","2_3",1,"1_1",0
"67ab899c0e7db664870e939e","FastSlow","2_3",1,"1_2",0
"67ab899c0e7db664870e939e","FastSlow","2_3",1,"1_3",0
"67ab899c0e7db664870e939e","FastSlow","2_3",1,"1_4",0
"67ab899c0e7db664870e939e","FastSlow","2_3",1,"1_5",0
"67ab899c0e7db664870e939e","FastSlow","2_4",0,"1_1",0
"67ab899c0e7db664870e939e","FastSlow","2_4",0,"1_2",0
"67ab899c0e7db664870e939e","FastSlow","2_4",0,"1_3",0
"67ab899c0e7db664870e939e","FastSlow","2_4",0,"1_4",0
"67ab899c0e7db664870e939e","FastSlow","2_4",0,"1_5",0
"67ab899c0e7db664870e939e","FastSlow","2_5",0,"1_1",0
"67ab899c0e7db664870e939e","FastSlow","2_5",0,"1_2",0
"67ab899c0e7db664870e939e","FastSlow","2_5",0,"1_3",0
"67ab899c0e7db664870e939e","FastSlow","2_5",0,"1_4",0
"67ab899c0e7db664870e939e","FastSlow","2_5",0,"1_5",0
"5e68a509d40a4914619d2171","SlowFast","2_1",0,"1_1",1
"5e68a509d40a4914619d2171","SlowFast","2_1",0,"1_2",0
"5e68a509d40a4914619d2171","SlowFast","2_1",0,"1_3",0
"5e68a509d40a4914619d2171","SlowFast","2_1",0,"1_4",0
"5e68a509d40a4914619d2171","SlowFast","2_1",0,"1_5",0
"5e68a509d40a4914619d2171","SlowFast","2_2",0,"1_1",1
"5e68a509d40a4914619d2171","SlowFast","2_2",0,"1_2",0
"5e68a509d40a4914619d2171","SlowFast","2_2",0,"1_3",0
"5e68a509d40a4914619d2171","SlowFast","2_2",0,"1_4",0
"5e68a509d40a4914619d2171","SlowFast","2_2",0,"1_5",0
"5e68a509d40a4914619d2171","SlowFast","2_3",0,"1_1",1
"5e68a509d40a4914619d2171","SlowFast","2_3",0,"1_2",0
"5e68a509d40a4914619d2171","SlowFast","2_3",0,"1_3",0
"5e68a509d40a4914619d2171","SlowFast","2_3",0,"1_4",0
"5e68a509d40a4914619d2171","SlowFast","2_3",0,"1_5",0
"5e68a509d40a4914619d2171","SlowFast","2_4",0,"1_1",1
"5e68a509d40a4914619d2171","SlowFast","2_4",0,"1_2",0
"5e68a509d40a4914619d2171","SlowFast","2_4",0,"1_3",0
"5e68a509d40a4914619d2171","SlowFast","2_4",0,"1_4",0
"5e68a509d40a4914619d2171","SlowFast","2_4",0,"1_5",0
"5e68a509d40a4914619d2171","SlowFast","2_5",0,"1_1",1
"5e68a509d40a4914619d2171","SlowFast","2_5",0,"1_2",0
"5e68a509d40a4914619d2171","SlowFast","2_5",0,"1_3",0
"5e68a509d40a4914619d2171","SlowFast","2_5",0,"1_4",0
"5e68a509d40a4914619d2171","SlowFast","2_5",0,"1_5",0
"67e467ad6bd6407f4c60fb77","FastSlow","2_1",1,"1_1",1
"67e467ad6bd6407f4c60fb77","FastSlow","2_1",1,"1_2",0
"67e467ad6bd6407f4c60fb77","FastSlow","2_1",1,"1_3",0
"67e467ad6bd6407f4c60fb77","FastSlow","2_1",1,"1_4",0
"67e467ad6bd6407f4c60fb77","FastSlow","2_1",1,"1_5",0
"67e467ad6bd6407f4c60fb77","FastSlow","2_2",1,"1_1",1
"67e467ad6bd6407f4c60fb77","FastSlow","2_2",1,"1_2",0
"67e467ad6bd6407f4c60fb77","FastSlow","2_2",1,"1_3",0
"67e467ad6bd6407f4c60fb77","FastSlow","2_2",1,"1_4",0
"67e467ad6bd6407f4c60fb77","FastSlow","2_2",1,"1_5",0
"67e467ad6bd6407f4c60fb77","FastSlow","2_3",1,"1_1",1
"67e467ad6bd6407f4c60fb77","FastSlow","2_3",1,"1_2",0
"67e467ad6bd6407f4c60fb77","FastSlow","2_3",1,"1_3",0
"67e467ad6bd6407f4c60fb77","FastSlow","2_3",1,"1_4",0
"67e467ad6bd6407f4c60fb77","FastSlow","2_3",1,"1_5",0
"67e467ad6bd6407f4c60fb77","FastSlow","2_4",0,"1_1",1
"67e467ad6bd6407f4c60fb77","FastSlow","2_4",0,"1_2",0
"67e467ad6bd6407f4c60fb77","FastSlow","2_4",0,"1_3",0
"67e467ad6bd6407f4c60fb77","FastSlow","2_4",0,"1_4",0
"67e467ad6bd6407f4c60fb77","FastSlow","2_4",0,"1_5",0
"67e467ad6bd6407f4c60fb77","FastSlow","2_5",0,"1_1",1
"67e467ad6bd6407f4c60fb77","FastSlow","2_5",0,"1_2",0
"67e467ad6bd6407f4c60fb77","FastSlow","2_5",0,"1_3",0
"67e467ad6bd6407f4c60fb77","FastSlow","2_5",0,"1_4",0
"67e467ad6bd6407f4c60fb77","FastSlow","2_5",0,"1_5",0
"662c1b87d84d0f2111bb3a56","SlowFast","2_1",1,"1_1",1
"662c1b87d84d0f2111bb3a56","SlowFast","2_1",1,"1_2",1
"662c1b87d84d0f2111bb3a56","SlowFast","2_1",1,"1_3",1
"662c1b87d84d0f2111bb3a56","SlowFast","2_1",1,"1_4",1
"662c1b87d84d0f2111bb3a56","SlowFast","2_1",1,"1_5",0
"662c1b87d84d0f2111bb3a56","SlowFast","2_2",0,"1_1",1
"662c1b87d84d0f2111bb3a56","SlowFast","2_2",0,"1_2",1
"662c1b87d84d0f2111bb3a56","SlowFast","2_2",0,"1_3",1
"662c1b87d84d0f2111bb3a56","SlowFast","2_2",0,"1_4",1
"662c1b87d84d0f2111bb3a56","SlowFast","2_2",0,"1_5",0
"662c1b87d84d0f2111bb3a56","SlowFast","2_3",1,"1_1",1
"662c1b87d84d0f2111bb3a56","SlowFast","2_3",1,"1_2",1
"662c1b87d84d0f2111bb3a56","SlowFast","2_3",1,"1_3",1
"662c1b87d84d0f2111bb3a56","SlowFast","2_3",1,"1_4",1
"662c1b87d84d0f2111bb3a56","SlowFast","2_3",1,"1_5",0
"662c1b87d84d0f2111bb3a56","SlowFast","2_4",1,"1_1",1
"662c1b87d84d0f2111bb3a56","SlowFast","2_4",1,"1_2",1
"662c1b87d84d0f2111bb3a56","SlowFast","2_4",1,"1_3",1
"662c1b87d84d0f2111bb3a56","SlowFast","2_4",1,"1_4",1
"662c1b87d84d0f2111bb3a56","SlowFast","2_4",1,"1_5",0
"662c1b87d84d0f2111bb3a56","SlowFast","2_5",0,"1_1",1
"662c1b87d84d0f2111bb3a56","SlowFast","2_5",0,"1_2",1
"662c1b87d84d0f2111bb3a56","SlowFast","2_5",0,"1_3",1
"662c1b87d84d0f2111bb3a56","SlowFast","2_5",0,"1_4",1
"662c1b87d84d0f2111bb3a56","SlowFast","2_5",0,"1_5",0
"67f067f743c72104040dc225","FastSlow","2_1",1,"1_1",1
"67f067f743c72104040dc225","FastSlow","2_1",1,"1_2",0
"67f067f743c72104040dc225","FastSlow","2_1",1,"1_3",1
"67f067f743c72104040dc225","FastSlow","2_1",1,"1_4",0
"67f067f743c72104040dc225","FastSlow","2_1",1,"1_5",0
"67f067f743c72104040dc225","FastSlow","2_2",0,"1_1",1
"67f067f743c72104040dc225","FastSlow","2_2",0,"1_2",0
"67f067f743c72104040dc225","FastSlow","2_2",0,"1_3",1
"67f067f743c72104040dc225","FastSlow","2_2",0,"1_4",0
"67f067f743c72104040dc225","FastSlow","2_2",0,"1_5",0
"67f067f743c72104040dc225","FastSlow","2_3",0,"1_1",1
"67f067f743c72104040dc225","FastSlow","2_3",0,"1_2",0
"67f067f743c72104040dc225","FastSlow","2_3",0,"1_3",1
"67f067f743c72104040dc225","FastSlow","2_3",0,"1_4",0
"67f067f743c72104040dc225","FastSlow","2_3",0,"1_5",0
"67f067f743c72104040dc225","FastSlow","2_4",0,"1_1",1
"67f067f743c72104040dc225","FastSlow","2_4",0,"1_2",0
"67f067f743c72104040dc225","FastSlow","2_4",0,"1_3",1
"67f067f743c72104040dc225","FastSlow","2_4",0,"1_4",0
"67f067f743c72104040dc225","FastSlow","2_4",0,"1_5",0
"67f067f743c72104040dc225","FastSlow","2_5",0,"1_1",1
"67f067f743c72104040dc225","FastSlow","2_5",0,"1_2",0
"67f067f743c72104040dc225","FastSlow","2_5",0,"1_3",1
"67f067f743c72104040dc225","FastSlow","2_5",0,"1_4",0
"67f067f743c72104040dc225","FastSlow","2_5",0,"1_5",0
"5f4ae7cb6b68b56c2acb12c8","FastSlow","2_1",1,"1_1",1
"5f4ae7cb6b68b56c2acb12c8","FastSlow","2_1",1,"1_2",1
"5f4ae7cb6b68b56c2acb12c8","FastSlow","2_1",1,"1_3",0
"5f4ae7cb6b68b56c2acb12c8","FastSlow","2_1",1,"1_4",1
"5f4ae7cb6b68b56c2acb12c8","FastSlow","2_1",1,"1_5",0
"5f4ae7cb6b68b56c2acb12c8","FastSlow","2_2",0,"1_1",1
"5f4ae7cb6b68b56c2acb12c8","FastSlow","2_2",0,"1_2",1
"5f4ae7cb6b68b56c2acb12c8","FastSlow","2_2",0,"1_3",0
"5f4ae7cb6b68b56c2acb12c8","FastSlow","2_2",0,"1_4",1
"5f4ae7cb6b68b56c2acb12c8","FastSlow","2_2",0,"1_5",0
"5f4ae7cb6b68b56c2acb12c8","FastSlow","2_3",0,"1_1",1
"5f4ae7cb6b68b56c2acb12c8","FastSlow","2_3",0,"1_2",1
"5f4ae7cb6b68b56c2acb12c8","FastSlow","2_3",0,"1_3",0
"5f4ae7cb6b68b56c2acb12c8","FastSlow","2_3",0,"1_4",1
"5f4ae7cb6b68b56c2acb12c8","FastSlow","2_3",0,"1_5",0
"5f4ae7cb6b68b56c2acb12c8","FastSlow","2_4",1,"1_1",1
"5f4ae7cb6b68b56c2acb12c8","FastSlow","2_4",1,"1_2",1
"5f4ae7cb6b68b56c2acb12c8","FastSlow","2_4",1,"1_3",0
"5f4ae7cb6b68b56c2acb12c8","FastSlow","2_4",1,"1_4",1
"5f4ae7cb6b68b56c2acb12c8","FastSlow","2_4",1,"1_5",0
"5f4ae7cb6b68b56c2acb12c8","FastSlow","2_5",0,"1_1",1
"5f4ae7cb6b68b56c2acb12c8","FastSlow","2_5",0,"1_2",1
"5f4ae7cb6b68b56c2acb12c8","FastSlow","2_5",0,"1_3",0
"5f4ae7cb6b68b56c2acb12c8","FastSlow","2_5",0,"1_4",1
"5f4ae7cb6b68b56c2acb12c8","FastSlow","2_5",0,"1_5",0
"676c6d4ab88f95b3e9342f6f","SlowFast","2_1",0,"1_1",0
"676c6d4ab88f95b3e9342f6f","SlowFast","2_1",0,"1_2",0
"676c6d4ab88f95b3e9342f6f","SlowFast","2_1",0,"1_3",0
"676c6d4ab88f95b3e9342f6f","SlowFast","2_1",0,"1_4",0
"676c6d4ab88f95b3e9342f6f","SlowFast","2_1",0,"1_5",0
"676c6d4ab88f95b3e9342f6f","SlowFast","2_2",0,"1_1",0
"676c6d4ab88f95b3e9342f6f","SlowFast","2_2",0,"1_2",0
"676c6d4ab88f95b3e9342f6f","SlowFast","2_2",0,"1_3",0
"676c6d4ab88f95b3e9342f6f","SlowFast","2_2",0,"1_4",0
"676c6d4ab88f95b3e9342f6f","SlowFast","2_2",0,"1_5",0
"676c6d4ab88f95b3e9342f6f","SlowFast","2_3",0,"1_1",0
"676c6d4ab88f95b3e9342f6f","SlowFast","2_3",0,"1_2",0
"676c6d4ab88f95b3e9342f6f","SlowFast","2_3",0,"1_3",0
"676c6d4ab88f95b3e9342f6f","SlowFast","2_3",0,"1_4",0
"676c6d4ab88f95b3e9342f6f","SlowFast","2_3",0,"1_5",0
"676c6d4ab88f95b3e9342f6f","SlowFast","2_4",0,"1_1",0
"676c6d4ab88f95b3e9342f6f","SlowFast","2_4",0,"1_2",0
"676c6d4ab88f95b3e9342f6f","SlowFast","2_4",0,"1_3",0
"676c6d4ab88f95b3e9342f6f","SlowFast","2_4",0,"1_4",0
"676c6d4ab88f95b3e9342f6f","SlowFast","2_4",0,"1_5",0
"676c6d4ab88f95b3e9342f6f","SlowFast","2_5",0,"1_1",0
"676c6d4ab88f95b3e9342f6f","SlowFast","2_5",0,"1_2",0
"676c6d4ab88f95b3e9342f6f","SlowFast","2_5",0,"1_3",0
"676c6d4ab88f95b3e9342f6f","SlowFast","2_5",0,"1_4",0
"676c6d4ab88f95b3e9342f6f","SlowFast","2_5",0,"1_5",0
"6543e26907b8e35facc1afe9","SlowFast","2_1",1,"1_1",1
"6543e26907b8e35facc1afe9","SlowFast","2_1",1,"1_2",1
"6543e26907b8e35facc1afe9","SlowFast","2_1",1,"1_3",0
"6543e26907b8e35facc1afe9","SlowFast","2_1",1,"1_4",0
"6543e26907b8e35facc1afe9","SlowFast","2_1",1,"1_5",0
"6543e26907b8e35facc1afe9","SlowFast","2_2",0,"1_1",1
"6543e26907b8e35facc1afe9","SlowFast","2_2",0,"1_2",1
"6543e26907b8e35facc1afe9","SlowFast","2_2",0,"1_3",0
"6543e26907b8e35facc1afe9","SlowFast","2_2",0,"1_4",0
"6543e26907b8e35facc1afe9","SlowFast","2_2",0,"1_5",0
"6543e26907b8e35facc1afe9","SlowFast","2_3",1,"1_1",1
"6543e26907b8e35facc1afe9","SlowFast","2_3",1,"1_2",1
"6543e26907b8e35facc1afe9","SlowFast","2_3",1,"1_3",0
"6543e26907b8e35facc1afe9","SlowFast","2_3",1,"1_4",0
"6543e26907b8e35facc1afe9","SlowFast","2_3",1,"1_5",0
"6543e26907b8e35facc1afe9","SlowFast","2_4",0,"1_1",1
"6543e26907b8e35facc1afe9","SlowFast","2_4",0,"1_2",1
"6543e26907b8e35facc1afe9","SlowFast","2_4",0,"1_3",0
"6543e26907b8e35facc1afe9","SlowFast","2_4",0,"1_4",0
"6543e26907b8e35facc1afe9","SlowFast","2_4",0,"1_5",0
"6543e26907b8e35facc1afe9","SlowFast","2_5",0,"1_1",1
"6543e26907b8e35facc1afe9","SlowFast","2_5",0,"1_2",1
"6543e26907b8e35facc1afe9","SlowFast","2_5",0,"1_3",0
"6543e26907b8e35facc1afe9","SlowFast","2_5",0,"1_4",0
"6543e26907b8e35facc1afe9","SlowFast","2_5",0,"1_5",0
"674cca92742faa4642a6e9c7","SlowFast","2_1",1,"1_1",1
"674cca92742faa4642a6e9c7","SlowFast","2_1",1,"1_2",1
"674cca92742faa4642a6e9c7","SlowFast","2_1",1,"1_3",0
"674cca92742faa4642a6e9c7","SlowFast","2_1",1,"1_4",1
"674cca92742faa4642a6e9c7","SlowFast","2_1",1,"1_5",0
"674cca92742faa4642a6e9c7","SlowFast","2_2",0,"1_1",1
"674cca92742faa4642a6e9c7","SlowFast","2_2",0,"1_2",1
"674cca92742faa4642a6e9c7","SlowFast","2_2",0,"1_3",0
"674cca92742faa4642a6e9c7","SlowFast","2_2",0,"1_4",1
"674cca92742faa4642a6e9c7","SlowFast","2_2",0,"1_5",0
"674cca92742faa4642a6e9c7","SlowFast","2_3",1,"1_1",1
"674cca92742faa4642a6e9c7","SlowFast","2_3",1,"1_2",1
"674cca92742faa4642a6e9c7","SlowFast","2_3",1,"1_3",0
"674cca92742faa4642a6e9c7","SlowFast","2_3",1,"1_4",1
"674cca92742faa4642a6e9c7","SlowFast","2_3",1,"1_5",0
"674cca92742faa4642a6e9c7","SlowFast","2_4",1,"1_1",1
"674cca92742faa4642a6e9c7","SlowFast","2_4",1,"1_2",1
"674cca92742faa4642a6e9c7","SlowFast","2_4",1,"1_3",0
"674cca92742faa4642a6e9c7","SlowFast","2_4",1,"1_4",1
"674cca92742faa4642a6e9c7","SlowFast","2_4",1,"1_5",0
"674cca92742faa4642a6e9c7","SlowFast","2_5",0,"1_1",1
"674cca92742faa4642a6e9c7","SlowFast","2_5",0,"1_2",1
"674cca92742faa4642a6e9c7","SlowFast","2_5",0,"1_3",0
"674cca92742faa4642a6e9c7","SlowFast","2_5",0,"1_4",1
"674cca92742faa4642a6e9c7","SlowFast","2_5",0,"1_5",0
"672ceecd4b982fd2123fa32f","SlowFast","2_1",1,"1_1",1
"672ceecd4b982fd2123fa32f","SlowFast","2_1",1,"1_2",1
"672ceecd4b982fd2123fa32f","SlowFast","2_1",1,"1_3",1
"672ceecd4b982fd2123fa32f","SlowFast","2_1",1,"1_4",1
"672ceecd4b982fd2123fa32f","SlowFast","2_1",1,"1_5",0
"672ceecd4b982fd2123fa32f","SlowFast","2_2",0,"1_1",1
"672ceecd4b982fd2123fa32f","SlowFast","2_2",0,"1_2",1
"672ceecd4b982fd2123fa32f","SlowFast","2_2",0,"1_3",1
"672ceecd4b982fd2123fa32f","SlowFast","2_2",0,"1_4",1
"672ceecd4b982fd2123fa32f","SlowFast","2_2",0,"1_5",0
"672ceecd4b982fd2123fa32f","SlowFast","2_3",1,"1_1",1
"672ceecd4b982fd2123fa32f","SlowFast","2_3",1,"1_2",1
"672ceecd4b982fd2123fa32f","SlowFast","2_3",1,"1_3",1
"672ceecd4b982fd2123fa32f","SlowFast","2_3",1,"1_4",1
"672ceecd4b982fd2123fa32f","SlowFast","2_3",1,"1_5",0
"672ceecd4b982fd2123fa32f","SlowFast","2_4",0,"1_1",1
"672ceecd4b982fd2123fa32f","SlowFast","2_4",0,"1_2",1
"672ceecd4b982fd2123fa32f","SlowFast","2_4",0,"1_3",1
"672ceecd4b982fd2123fa32f","SlowFast","2_4",0,"1_4",1
"672ceecd4b982fd2123fa32f","SlowFast","2_4",0,"1_5",0
"672ceecd4b982fd2123fa32f","SlowFast","2_5",0,"1_1",1
"672ceecd4b982fd2123fa32f","SlowFast","2_5",0,"1_2",1
"672ceecd4b982fd2123fa32f","SlowFast","2_5",0,"1_3",1
"672ceecd4b982fd2123fa32f","SlowFast","2_5",0,"1_4",1
"672ceecd4b982fd2123fa32f","SlowFast","2_5",0,"1_5",0
"6500a6309a82e5f2bda12731","SlowFast","2_1",1,"1_1",1
"6500a6309a82e5f2bda12731","SlowFast","2_1",1,"1_2",1
"6500a6309a82e5f2bda12731","SlowFast","2_1",1,"1_3",1
"6500a6309a82e5f2bda12731","SlowFast","2_1",1,"1_4",0
"6500a6309a82e5f2bda12731","SlowFast","2_1",1,"1_5",0
"6500a6309a82e5f2bda12731","SlowFast","2_2",1,"1_1",1
"6500a6309a82e5f2bda12731","SlowFast","2_2",1,"1_2",1
"6500a6309a82e5f2bda12731","SlowFast","2_2",1,"1_3",1
"6500a6309a82e5f2bda12731","SlowFast","2_2",1,"1_4",0
"6500a6309a82e5f2bda12731","SlowFast","2_2",1,"1_5",0
"6500a6309a82e5f2bda12731","SlowFast","2_3",1,"1_1",1
"6500a6309a82e5f2bda12731","SlowFast","2_3",1,"1_2",1
"6500a6309a82e5f2bda12731","SlowFast","2_3",1,"1_3",1
"6500a6309a82e5f2bda12731","SlowFast","2_3",1,"1_4",0
"6500a6309a82e5f2bda12731","SlowFast","2_3",1,"1_5",0
"6500a6309a82e5f2bda12731","SlowFast","2_4",0,"1_1",1
"6500a6309a82e5f2bda12731","SlowFast","2_4",0,"1_2",1
"6500a6309a82e5f2bda12731","SlowFast","2_4",0,"1_3",1
"6500a6309a82e5f2bda12731","SlowFast","2_4",0,"1_4",0
"6500a6309a82e5f2bda12731","SlowFast","2_4",0,"1_5",0
"6500a6309a82e5f2bda12731","SlowFast","2_5",0,"1_1",1
"6500a6309a82e5f2bda12731","SlowFast","2_5",0,"1_2",1
"6500a6309a82e5f2bda12731","SlowFast","2_5",0,"1_3",1
"6500a6309a82e5f2bda12731","SlowFast","2_5",0,"1_4",0
"6500a6309a82e5f2bda12731","SlowFast","2_5",0,"1_5",0
"678ab12125df34825c7aed6f","FastSlow","2_1",0,"1_1",0
"678ab12125df34825c7aed6f","FastSlow","2_1",0,"1_2",0
"678ab12125df34825c7aed6f","FastSlow","2_1",0,"1_3",0
"678ab12125df34825c7aed6f","FastSlow","2_1",0,"1_4",0
"678ab12125df34825c7aed6f","FastSlow","2_1",0,"1_5",0
"678ab12125df34825c7aed6f","FastSlow","2_2",0,"1_1",0
"678ab12125df34825c7aed6f","FastSlow","2_2",0,"1_2",0
"678ab12125df34825c7aed6f","FastSlow","2_2",0,"1_3",0
"678ab12125df34825c7aed6f","FastSlow","2_2",0,"1_4",0
"678ab12125df34825c7aed6f","FastSlow","2_2",0,"1_5",0
"678ab12125df34825c7aed6f","FastSlow","2_3",0,"1_1",0
"678ab12125df34825c7aed6f","FastSlow","2_3",0,"1_2",0
"678ab12125df34825c7aed6f","FastSlow","2_3",0,"1_3",0
"678ab12125df34825c7aed6f","FastSlow","2_3",0,"1_4",0
"678ab12125df34825c7aed6f","FastSlow","2_3",0,"1_5",0
"678ab12125df34825c7aed6f","FastSlow","2_4",0,"1_1",0
"678ab12125df34825c7aed6f","FastSlow","2_4",0,"1_2",0
"678ab12125df34825c7aed6f","FastSlow","2_4",0,"1_3",0
"678ab12125df34825c7aed6f","FastSlow","2_4",0,"1_4",0
"678ab12125df34825c7aed6f","FastSlow","2_4",0,"1_5",0
"678ab12125df34825c7aed6f","FastSlow","2_5",0,"1_1",0
"678ab12125df34825c7aed6f","FastSlow","2_5",0,"1_2",0
"678ab12125df34825c7aed6f","FastSlow","2_5",0,"1_3",0
"678ab12125df34825c7aed6f","FastSlow","2_5",0,"1_4",0
"678ab12125df34825c7aed6f","FastSlow","2_5",0,"1_5",0
"6566391df297b5d5a039e4e5","FastSlow","2_1",0,"1_1",1
"6566391df297b5d5a039e4e5","FastSlow","2_1",0,"1_2",1
"6566391df297b5d5a039e4e5","FastSlow","2_1",0,"1_3",0
"6566391df297b5d5a039e4e5","FastSlow","2_1",0,"1_4",0
"6566391df297b5d5a039e4e5","FastSlow","2_1",0,"1_5",0
"6566391df297b5d5a039e4e5","FastSlow","2_2",0,"1_1",1
"6566391df297b5d5a039e4e5","FastSlow","2_2",0,"1_2",1
"6566391df297b5d5a039e4e5","FastSlow","2_2",0,"1_3",0
"6566391df297b5d5a039e4e5","FastSlow","2_2",0,"1_4",0
"6566391df297b5d5a039e4e5","FastSlow","2_2",0,"1_5",0
"6566391df297b5d5a039e4e5","FastSlow","2_3",0,"1_1",1
"6566391df297b5d5a039e4e5","FastSlow","2_3",0,"1_2",1
"6566391df297b5d5a039e4e5","FastSlow","2_3",0,"1_3",0
"6566391df297b5d5a039e4e5","FastSlow","2_3",0,"1_4",0
"6566391df297b5d5a039e4e5","FastSlow","2_3",0,"1_5",0
"6566391df297b5d5a039e4e5","FastSlow","2_4",0,"1_1",1
"6566391df297b5d5a039e4e5","FastSlow","2_4",0,"1_2",1
"6566391df297b5d5a039e4e5","FastSlow","2_4",0,"1_3",0
"6566391df297b5d5a039e4e5","FastSlow","2_4",0,"1_4",0
"6566391df297b5d5a039e4e5","FastSlow","2_4",0,"1_5",0
"6566391df297b5d5a039e4e5","FastSlow","2_5",0,"1_1",1
"6566391df297b5d5a039e4e5","FastSlow","2_5",0,"1_2",1
"6566391df297b5d5a039e4e5","FastSlow","2_5",0,"1_3",0
"6566391df297b5d5a039e4e5","FastSlow","2_5",0,"1_4",0
"6566391df297b5d5a039e4e5","FastSlow","2_5",0,"1_5",0
"673524b724aa3fd784892e49","SlowFast","2_1",1,"1_1",1
"673524b724aa3fd784892e49","SlowFast","2_1",1,"1_2",1
"673524b724aa3fd784892e49","SlowFast","2_1",1,"1_3",1
"673524b724aa3fd784892e49","SlowFast","2_1",1,"1_4",0
"673524b724aa3fd784892e49","SlowFast","2_1",1,"1_5",0
"673524b724aa3fd784892e49","SlowFast","2_2",1,"1_1",1
"673524b724aa3fd784892e49","SlowFast","2_2",1,"1_2",1
"673524b724aa3fd784892e49","SlowFast","2_2",1,"1_3",1
"673524b724aa3fd784892e49","SlowFast","2_2",1,"1_4",0
"673524b724aa3fd784892e49","SlowFast","2_2",1,"1_5",0
"673524b724aa3fd784892e49","SlowFast","2_3",0,"1_1",1
"673524b724aa3fd784892e49","SlowFast","2_3",0,"1_2",1
"673524b724aa3fd784892e49","SlowFast","2_3",0,"1_3",1
"673524b724aa3fd784892e49","SlowFast","2_3",0,"1_4",0
"673524b724aa3fd784892e49","SlowFast","2_3",0,"1_5",0
"673524b724aa3fd784892e49","SlowFast","2_4",1,"1_1",1
"673524b724aa3fd784892e49","SlowFast","2_4",1,"1_2",1
"673524b724aa3fd784892e49","SlowFast","2_4",1,"1_3",1
"673524b724aa3fd784892e49","SlowFast","2_4",1,"1_4",0
"673524b724aa3fd784892e49","SlowFast","2_4",1,"1_5",0
"673524b724aa3fd784892e49","SlowFast","2_5",0,"1_1",1
"673524b724aa3fd784892e49","SlowFast","2_5",0,"1_2",1
"673524b724aa3fd784892e49","SlowFast","2_5",0,"1_3",1
"673524b724aa3fd784892e49","SlowFast","2_5",0,"1_4",0
"673524b724aa3fd784892e49","SlowFast","2_5",0,"1_5",0
"67e0863f736da524dbe7ac66","FastSlow","2_1",1,"1_1",1
"67e0863f736da524dbe7ac66","FastSlow","2_1",1,"1_2",1
"67e0863f736da524dbe7ac66","FastSlow","2_1",1,"1_3",1
"67e0863f736da524dbe7ac66","FastSlow","2_1",1,"1_4",1
"67e0863f736da524dbe7ac66","FastSlow","2_1",1,"1_5",0
"67e0863f736da524dbe7ac66","FastSlow","2_2",1,"1_1",1
"67e0863f736da524dbe7ac66","FastSlow","2_2",1,"1_2",1
"67e0863f736da524dbe7ac66","FastSlow","2_2",1,"1_3",1
"67e0863f736da524dbe7ac66","FastSlow","2_2",1,"1_4",1
"67e0863f736da524dbe7ac66","FastSlow","2_2",1,"1_5",0
"67e0863f736da524dbe7ac66","FastSlow","2_3",1,"1_1",1
"67e0863f736da524dbe7ac66","FastSlow","2_3",1,"1_2",1
"67e0863f736da524dbe7ac66","FastSlow","2_3",1,"1_3",1
"67e0863f736da524dbe7ac66","FastSlow","2_3",1,"1_4",1
"67e0863f736da524dbe7ac66","FastSlow","2_3",1,"1_5",0
"67e0863f736da524dbe7ac66","FastSlow","2_4",0,"1_1",1
"67e0863f736da524dbe7ac66","FastSlow","2_4",0,"1_2",1
"67e0863f736da524dbe7ac66","FastSlow","2_4",0,"1_3",1
"67e0863f736da524dbe7ac66","FastSlow","2_4",0,"1_4",1
"67e0863f736da524dbe7ac66","FastSlow","2_4",0,"1_5",0
"67e0863f736da524dbe7ac66","FastSlow","2_5",1,"1_1",1
"67e0863f736da524dbe7ac66","FastSlow","2_5",1,"1_2",1
"67e0863f736da524dbe7ac66","FastSlow","2_5",1,"1_3",1
"67e0863f736da524dbe7ac66","FastSlow","2_5",1,"1_4",1
"67e0863f736da524dbe7ac66","FastSlow","2_5",1,"1_5",0
"66956d856f7176e8bb907fcc","FastSlow","2_1",0,"1_1",1
"66956d856f7176e8bb907fcc","FastSlow","2_1",0,"1_2",1
"66956d856f7176e8bb907fcc","FastSlow","2_1",0,"1_3",1
"66956d856f7176e8bb907fcc","FastSlow","2_1",0,"1_4",1
"66956d856f7176e8bb907fcc","FastSlow","2_1",0,"1_5",0
"66956d856f7176e8bb907fcc","FastSlow","2_2",0,"1_1",1
"66956d856f7176e8bb907fcc","FastSlow","2_2",0,"1_2",1
"66956d856f7176e8bb907fcc","FastSlow","2_2",0,"1_3",1
"66956d856f7176e8bb907fcc","FastSlow","2_2",0,"1_4",1
"66956d856f7176e8bb907fcc","FastSlow","2_2",0,"1_5",0
"66956d856f7176e8bb907fcc","FastSlow","2_3",0,"1_1",1
"66956d856f7176e8bb907fcc","FastSlow","2_3",0,"1_2",1
"66956d856f7176e8bb907fcc","FastSlow","2_3",0,"1_3",1
"66956d856f7176e8bb907fcc","FastSlow","2_3",0,"1_4",1
"66956d856f7176e8bb907fcc","FastSlow","2_3",0,"1_5",0
"66956d856f7176e8bb907fcc","FastSlow","2_4",0,"1_1",1
"66956d856f7176e8bb907fcc","FastSlow","2_4",0,"1_2",1
"66956d856f7176e8bb907fcc","FastSlow","2_4",0,"1_3",1
"66956d856f7176e8bb907fcc","FastSlow","2_4",0,"1_4",1
"66956d856f7176e8bb907fcc","FastSlow","2_4",0,"1_5",0
"66956d856f7176e8bb907fcc","FastSlow","2_5",0,"1_1",1
"66956d856f7176e8bb907fcc","FastSlow","2_5",0,"1_2",1
"66956d856f7176e8bb907fcc","FastSlow","2_5",0,"1_3",1
"66956d856f7176e8bb907fcc","FastSlow","2_5",0,"1_4",1
"66956d856f7176e8bb907fcc","FastSlow","2_5",0,"1_5",0
"691248ae869389d0f017a135","FastSlow","2_1",1,"1_1",1
"691248ae869389d0f017a135","FastSlow","2_1",1,"1_2",1
"691248ae869389d0f017a135","FastSlow","2_1",1,"1_3",1
"691248ae869389d0f017a135","FastSlow","2_1",1,"1_4",1
"691248ae869389d0f017a135","FastSlow","2_1",1,"1_5",0
"691248ae869389d0f017a135","FastSlow","2_2",1,"1_1",1
"691248ae869389d0f017a135","FastSlow","2_2",1,"1_2",1
"691248ae869389d0f017a135","FastSlow","2_2",1,"1_3",1
"691248ae869389d0f017a135","FastSlow","2_2",1,"1_4",1
"691248ae869389d0f017a135","FastSlow","2_2",1,"1_5",0
"691248ae869389d0f017a135","FastSlow","2_3",1,"1_1",1
"691248ae869389d0f017a135","FastSlow","2_3",1,"1_2",1
"691248ae869389d0f017a135","FastSlow","2_3",1,"1_3",1
"691248ae869389d0f017a135","FastSlow","2_3",1,"1_4",1
"691248ae869389d0f017a135","FastSlow","2_3",1,"1_5",0
"691248ae869389d0f017a135","FastSlow","2_4",0,"1_1",1
"691248ae869389d0f017a135","FastSlow","2_4",0,"1_2",1
"691248ae869389d0f017a135","FastSlow","2_4",0,"1_3",1
"691248ae869389d0f017a135","FastSlow","2_4",0,"1_4",1
"691248ae869389d0f017a135","FastSlow","2_4",0,"1_5",0
"691248ae869389d0f017a135","FastSlow","2_5",0,"1_1",1
"691248ae869389d0f017a135","FastSlow","2_5",0,"1_2",1
"691248ae869389d0f017a135","FastSlow","2_5",0,"1_3",1
"691248ae869389d0f017a135","FastSlow","2_5",0,"1_4",1
"691248ae869389d0f017a135","FastSlow","2_5",0,"1_5",0
"6644d7bf5f60f4789126db0d","SlowFast","2_1",0,"1_1",1
"6644d7bf5f60f4789126db0d","SlowFast","2_1",0,"1_2",0
"6644d7bf5f60f4789126db0d","SlowFast","2_1",0,"1_3",0
"6644d7bf5f60f4789126db0d","SlowFast","2_1",0,"1_4",0
"6644d7bf5f60f4789126db0d","SlowFast","2_1",0,"1_5",0
"6644d7bf5f60f4789126db0d","SlowFast","2_2",1,"1_1",1
"6644d7bf5f60f4789126db0d","SlowFast","2_2",1,"1_2",0
"6644d7bf5f60f4789126db0d","SlowFast","2_2",1,"1_3",0
"6644d7bf5f60f4789126db0d","SlowFast","2_2",1,"1_4",0
"6644d7bf5f60f4789126db0d","SlowFast","2_2",1,"1_5",0
"6644d7bf5f60f4789126db0d","SlowFast","2_3",1,"1_1",1
"6644d7bf5f60f4789126db0d","SlowFast","2_3",1,"1_2",0
"6644d7bf5f60f4789126db0d","SlowFast","2_3",1,"1_3",0
"6644d7bf5f60f4789126db0d","SlowFast","2_3",1,"1_4",0
"6644d7bf5f60f4789126db0d","SlowFast","2_3",1,"1_5",0
"6644d7bf5f60f4789126db0d","SlowFast","2_4",0,"1_1",1
"6644d7bf5f60f4789126db0d","SlowFast","2_4",0,"1_2",0
"6644d7bf5f60f4789126db0d","SlowFast","2_4",0,"1_3",0
"6644d7bf5f60f4789126db0d","SlowFast","2_4",0,"1_4",0
"6644d7bf5f60f4789126db0d","SlowFast","2_4",0,"1_5",0
"6644d7bf5f60f4789126db0d","SlowFast","2_5",0,"1_1",1
"6644d7bf5f60f4789126db0d","SlowFast","2_5",0,"1_2",0
"6644d7bf5f60f4789126db0d","SlowFast","2_5",0,"1_3",0
"6644d7bf5f60f4789126db0d","SlowFast","2_5",0,"1_4",0
"6644d7bf5f60f4789126db0d","SlowFast","2_5",0,"1_5",0
"5e31c4596ef37a1ab34f4454","FastSlow","2_1",1,"1_1",1
"5e31c4596ef37a1ab34f4454","FastSlow","2_1",1,"1_2",0
"5e31c4596ef37a1ab34f4454","FastSlow","2_1",1,"1_3",1
"5e31c4596ef37a1ab34f4454","FastSlow","2_1",1,"1_4",0
"5e31c4596ef37a1ab34f4454","FastSlow","2_1",1,"1_5",0
"5e31c4596ef37a1ab34f4454","FastSlow","2_2",1,"1_1",1
"5e31c4596ef37a1ab34f4454","FastSlow","2_2",1,"1_2",0
"5e31c4596ef37a1ab34f4454","FastSlow","2_2",1,"1_3",1
"5e31c4596ef37a1ab34f4454","FastSlow","2_2",1,"1_4",0
"5e31c4596ef37a1ab34f4454","FastSlow","2_2",1,"1_5",0
"5e31c4596ef37a1ab34f4454","FastSlow","2_3",1,"1_1",1
"5e31c4596ef37a1ab34f4454","FastSlow","2_3",1,"1_2",0
"5e31c4596ef37a1ab34f4454","FastSlow","2_3",1,"1_3",1
"5e31c4596ef37a1ab34f4454","FastSlow","2_3",1,"1_4",0
"5e31c4596ef37a1ab34f4454","FastSlow","2_3",1,"1_5",0
"5e31c4596ef37a1ab34f4454","FastSlow","2_4",1,"1_1",1
"5e31c4596ef37a1ab34f4454","FastSlow","2_4",1,"1_2",0
"5e31c4596ef37a1ab34f4454","FastSlow","2_4",1,"1_3",1
"5e31c4596ef37a1ab34f4454","FastSlow","2_4",1,"1_4",0
"5e31c4596ef37a1ab34f4454","FastSlow","2_4",1,"1_5",0
"5e31c4596ef37a1ab34f4454","FastSlow","2_5",0,"1_1",1
"5e31c4596ef37a1ab34f4454","FastSlow","2_5",0,"1_2",0
"5e31c4596ef37a1ab34f4454","FastSlow","2_5",0,"1_3",1
"5e31c4596ef37a1ab34f4454","FastSlow","2_5",0,"1_4",0
"5e31c4596ef37a1ab34f4454","FastSlow","2_5",0,"1_5",0
"6008bb26b4bbfe568fa29d80","SlowFast","2_1",1,"1_1",0
"6008bb26b4bbfe568fa29d80","SlowFast","2_1",1,"1_2",1
"6008bb26b4bbfe568fa29d80","SlowFast","2_1",1,"1_3",1
"6008bb26b4bbfe568fa29d80","SlowFast","2_1",1,"1_4",0
"6008bb26b4bbfe568fa29d80","SlowFast","2_1",1,"1_5",0
"6008bb26b4bbfe568fa29d80","SlowFast","2_2",1,"1_1",0
"6008bb26b4bbfe568fa29d80","SlowFast","2_2",1,"1_2",1
"6008bb26b4bbfe568fa29d80","SlowFast","2_2",1,"1_3",1
"6008bb26b4bbfe568fa29d80","SlowFast","2_2",1,"1_4",0
"6008bb26b4bbfe568fa29d80","SlowFast","2_2",1,"1_5",0
"6008bb26b4bbfe568fa29d80","SlowFast","2_3",1,"1_1",0
"6008bb26b4bbfe568fa29d80","SlowFast","2_3",1,"1_2",1
"6008bb26b4bbfe568fa29d80","SlowFast","2_3",1,"1_3",1
"6008bb26b4bbfe568fa29d80","SlowFast","2_3",1,"1_4",0
"6008bb26b4bbfe568fa29d80","SlowFast","2_3",1,"1_5",0
"6008bb26b4bbfe568fa29d80","SlowFast","2_4",1,"1_1",0
"6008bb26b4bbfe568fa29d80","SlowFast","2_4",1,"1_2",1
"6008bb26b4bbfe568fa29d80","SlowFast","2_4",1,"1_3",1
"6008bb26b4bbfe568fa29d80","SlowFast","2_4",1,"1_4",0
"6008bb26b4bbfe568fa29d80","SlowFast","2_4",1,"1_5",0
"6008bb26b4bbfe568fa29d80","SlowFast","2_5",0,"1_1",0
"6008bb26b4bbfe568fa29d80","SlowFast","2_5",0,"1_2",1
"6008bb26b4bbfe568fa29d80","SlowFast","2_5",0,"1_3",1
"6008bb26b4bbfe568fa29d80","SlowFast","2_5",0,"1_4",0
"6008bb26b4bbfe568fa29d80","SlowFast","2_5",0,"1_5",0
"66fe2b2e6b5cc7c51cb9760e","SlowFast","2_1",0,"1_1",1
"66fe2b2e6b5cc7c51cb9760e","SlowFast","2_1",0,"1_2",1
"66fe2b2e6b5cc7c51cb9760e","SlowFast","2_1",0,"1_3",0
"66fe2b2e6b5cc7c51cb9760e","SlowFast","2_1",0,"1_4",0
"66fe2b2e6b5cc7c51cb9760e","SlowFast","2_1",0,"1_5",0
"66fe2b2e6b5cc7c51cb9760e","SlowFast","2_2",1,"1_1",1
"66fe2b2e6b5cc7c51cb9760e","SlowFast","2_2",1,"1_2",1
"66fe2b2e6b5cc7c51cb9760e","SlowFast","2_2",1,"1_3",0
"66fe2b2e6b5cc7c51cb9760e","SlowFast","2_2",1,"1_4",0
"66fe2b2e6b5cc7c51cb9760e","SlowFast","2_2",1,"1_5",0
"66fe2b2e6b5cc7c51cb9760e","SlowFast","2_3",1,"1_1",1
"66fe2b2e6b5cc7c51cb9760e","SlowFast","2_3",1,"1_2",1
"66fe2b2e6b5cc7c51cb9760e","SlowFast","2_3",1,"1_3",0
"66fe2b2e6b5cc7c51cb9760e","SlowFast","2_3",1,"1_4",0
"66fe2b2e6b5cc7c51cb9760e","SlowFast","2_3",1,"1_5",0
"66fe2b2e6b5cc7c51cb9760e","SlowFast","2_4",1,"1_1",1
"66fe2b2e6b5cc7c51cb9760e","SlowFast","2_4",1,"1_2",1
"66fe2b2e6b5cc7c51cb9760e","SlowFast","2_4",1,"1_3",0
"66fe2b2e6b5cc7c51cb9760e","SlowFast","2_4",1,"1_4",0
"66fe2b2e6b5cc7c51cb9760e","SlowFast","2_4",1,"1_5",0
"66fe2b2e6b5cc7c51cb9760e","SlowFast","2_5",0,"1_1",1
"66fe2b2e6b5cc7c51cb9760e","SlowFast","2_5",0,"1_2",1
"66fe2b2e6b5cc7c51cb9760e","SlowFast","2_5",0,"1_3",0
"66fe2b2e6b5cc7c51cb9760e","SlowFast","2_5",0,"1_4",0
"66fe2b2e6b5cc7c51cb9760e","SlowFast","2_5",0,"1_5",0
"60f1faa39def9e1f15734734","FastSlow","2_1",1,"1_1",1
"60f1faa39def9e1f15734734","FastSlow","2_1",1,"1_2",1
"60f1faa39def9e1f15734734","FastSlow","2_1",1,"1_3",1
"60f1faa39def9e1f15734734","FastSlow","2_1",1,"1_4",0
"60f1faa39def9e1f15734734","FastSlow","2_1",1,"1_5",1
"60f1faa39def9e1f15734734","FastSlow","2_2",1,"1_1",1
"60f1faa39def9e1f15734734","FastSlow","2_2",1,"1_2",1
"60f1faa39def9e1f15734734","FastSlow","2_2",1,"1_3",1
"60f1faa39def9e1f15734734","FastSlow","2_2",1,"1_4",0
"60f1faa39def9e1f15734734","FastSlow","2_2",1,"1_5",1
"60f1faa39def9e1f15734734","FastSlow","2_3",1,"1_1",1
"60f1faa39def9e1f15734734","FastSlow","2_3",1,"1_2",1
"60f1faa39def9e1f15734734","FastSlow","2_3",1,"1_3",1
"60f1faa39def9e1f15734734","FastSlow","2_3",1,"1_4",0
"60f1faa39def9e1f15734734","FastSlow","2_3",1,"1_5",1
"60f1faa39def9e1f15734734","FastSlow","2_4",1,"1_1",1
"60f1faa39def9e1f15734734","FastSlow","2_4",1,"1_2",1
"60f1faa39def9e1f15734734","FastSlow","2_4",1,"1_3",1
"60f1faa39def9e1f15734734","FastSlow","2_4",1,"1_4",0
"60f1faa39def9e1f15734734","FastSlow","2_4",1,"1_5",1
"60f1faa39def9e1f15734734","FastSlow","2_5",0,"1_1",1
"60f1faa39def9e1f15734734","FastSlow","2_5",0,"1_2",1
"60f1faa39def9e1f15734734","FastSlow","2_5",0,"1_3",1
"60f1faa39def9e1f15734734","FastSlow","2_5",0,"1_4",0
"60f1faa39def9e1f15734734","FastSlow","2_5",0,"1_5",1
"66dad383980bc872c801ed55","SlowFast","2_1",1,"1_1",1
"66dad383980bc872c801ed55","SlowFast","2_1",1,"1_2",1
"66dad383980bc872c801ed55","SlowFast","2_1",1,"1_3",1
"66dad383980bc872c801ed55","SlowFast","2_1",1,"1_4",0
"66dad383980bc872c801ed55","SlowFast","2_1",1,"1_5",0
"66dad383980bc872c801ed55","SlowFast","2_2",1,"1_1",1
"66dad383980bc872c801ed55","SlowFast","2_2",1,"1_2",1
"66dad383980bc872c801ed55","SlowFast","2_2",1,"1_3",1
"66dad383980bc872c801ed55","SlowFast","2_2",1,"1_4",0
"66dad383980bc872c801ed55","SlowFast","2_2",1,"1_5",0
"66dad383980bc872c801ed55","SlowFast","2_3",1,"1_1",1
"66dad383980bc872c801ed55","SlowFast","2_3",1,"1_2",1
"66dad383980bc872c801ed55","SlowFast","2_3",1,"1_3",1
"66dad383980bc872c801ed55","SlowFast","2_3",1,"1_4",0
"66dad383980bc872c801ed55","SlowFast","2_3",1,"1_5",0
"66dad383980bc872c801ed55","SlowFast","2_4",0,"1_1",1
"66dad383980bc872c801ed55","SlowFast","2_4",0,"1_2",1
"66dad383980bc872c801ed55","SlowFast","2_4",0,"1_3",1
"66dad383980bc872c801ed55","SlowFast","2_4",0,"1_4",0
"66dad383980bc872c801ed55","SlowFast","2_4",0,"1_5",0
"66dad383980bc872c801ed55","SlowFast","2_5",0,"1_1",1
"66dad383980bc872c801ed55","SlowFast","2_5",0,"1_2",1
"66dad383980bc872c801ed55","SlowFast","2_5",0,"1_3",1
"66dad383980bc872c801ed55","SlowFast","2_5",0,"1_4",0
"66dad383980bc872c801ed55","SlowFast","2_5",0,"1_5",0
"677c01af998cc4cb005028ad","FastSlow","2_1",1,"1_1",1
"677c01af998cc4cb005028ad","FastSlow","2_1",1,"1_2",0
"677c01af998cc4cb005028ad","FastSlow","2_1",1,"1_3",1
"677c01af998cc4cb005028ad","FastSlow","2_1",1,"1_4",0
"677c01af998cc4cb005028ad","FastSlow","2_1",1,"1_5",0
"677c01af998cc4cb005028ad","FastSlow","2_2",0,"1_1",1
"677c01af998cc4cb005028ad","FastSlow","2_2",0,"1_2",0
"677c01af998cc4cb005028ad","FastSlow","2_2",0,"1_3",1
"677c01af998cc4cb005028ad","FastSlow","2_2",0,"1_4",0
"677c01af998cc4cb005028ad","FastSlow","2_2",0,"1_5",0
"677c01af998cc4cb005028ad","FastSlow","2_3",0,"1_1",1
"677c01af998cc4cb005028ad","FastSlow","2_3",0,"1_2",0
"677c01af998cc4cb005028ad","FastSlow","2_3",0,"1_3",1
"677c01af998cc4cb005028ad","FastSlow","2_3",0,"1_4",0
"677c01af998cc4cb005028ad","FastSlow","2_3",0,"1_5",0
"677c01af998cc4cb005028ad","FastSlow","2_4",0,"1_1",1
"677c01af998cc4cb005028ad","FastSlow","2_4",0,"1_2",0
"677c01af998cc4cb005028ad","FastSlow","2_4",0,"1_3",1
"677c01af998cc4cb005028ad","FastSlow","2_4",0,"1_4",0
"677c01af998cc4cb005028ad","FastSlow","2_4",0,"1_5",0
"677c01af998cc4cb005028ad","FastSlow","2_5",0,"1_1",1
"677c01af998cc4cb005028ad","FastSlow","2_5",0,"1_2",0
"677c01af998cc4cb005028ad","FastSlow","2_5",0,"1_3",1
"677c01af998cc4cb005028ad","FastSlow","2_5",0,"1_4",0
"677c01af998cc4cb005028ad","FastSlow","2_5",0,"1_5",0
"660c77dde93bf0750a18a235","FastSlow","2_1",1,"1_1",1
"660c77dde93bf0750a18a235","FastSlow","2_1",1,"1_2",0
"660c77dde93bf0750a18a235","FastSlow","2_1",1,"1_3",1
"660c77dde93bf0750a18a235","FastSlow","2_1",1,"1_4",0
"660c77dde93bf0750a18a235","FastSlow","2_1",1,"1_5",0
"660c77dde93bf0750a18a235","FastSlow","2_2",0,"1_1",1
"660c77dde93bf0750a18a235","FastSlow","2_2",0,"1_2",0
"660c77dde93bf0750a18a235","FastSlow","2_2",0,"1_3",1
"660c77dde93bf0750a18a235","FastSlow","2_2",0,"1_4",0
"660c77dde93bf0750a18a235","FastSlow","2_2",0,"1_5",0
"660c77dde93bf0750a18a235","FastSlow","2_3",0,"1_1",1
"660c77dde93bf0750a18a235","FastSlow","2_3",0,"1_2",0
"660c77dde93bf0750a18a235","FastSlow","2_3",0,"1_3",1
"660c77dde93bf0750a18a235","FastSlow","2_3",0,"1_4",0
"660c77dde93bf0750a18a235","FastSlow","2_3",0,"1_5",0
"660c77dde93bf0750a18a235","FastSlow","2_4",0,"1_1",1
"660c77dde93bf0750a18a235","FastSlow","2_4",0,"1_2",0
"660c77dde93bf0750a18a235","FastSlow","2_4",0,"1_3",1
"660c77dde93bf0750a18a235","FastSlow","2_4",0,"1_4",0
"660c77dde93bf0750a18a235","FastSlow","2_4",0,"1_5",0
"660c77dde93bf0750a18a235","FastSlow","2_5",0,"1_1",1
"660c77dde93bf0750a18a235","FastSlow","2_5",0,"1_2",0
"660c77dde93bf0750a18a235","FastSlow","2_5",0,"1_3",1
"660c77dde93bf0750a18a235","FastSlow","2_5",0,"1_4",0
"660c77dde93bf0750a18a235","FastSlow","2_5",0,"1_5",0
"654a8c7f29438b574d5b9fee","FastSlow","2_1",1,"1_1",1
"654a8c7f29438b574d5b9fee","FastSlow","2_1",1,"1_2",1
"654a8c7f29438b574d5b9fee","FastSlow","2_1",1,"1_3",1
"654a8c7f29438b574d5b9fee","FastSlow","2_1",1,"1_4",0
"654a8c7f29438b574d5b9fee","FastSlow","2_1",1,"1_5",0
"654a8c7f29438b574d5b9fee","FastSlow","2_2",1,"1_1",1
"654a8c7f29438b574d5b9fee","FastSlow","2_2",1,"1_2",1
"654a8c7f29438b574d5b9fee","FastSlow","2_2",1,"1_3",1
"654a8c7f29438b574d5b9fee","FastSlow","2_2",1,"1_4",0
"654a8c7f29438b574d5b9fee","FastSlow","2_2",1,"1_5",0
"654a8c7f29438b574d5b9fee","FastSlow","2_3",1,"1_1",1
"654a8c7f29438b574d5b9fee","FastSlow","2_3",1,"1_2",1
"654a8c7f29438b574d5b9fee","FastSlow","2_3",1,"1_3",1
"654a8c7f29438b574d5b9fee","FastSlow","2_3",1,"1_4",0
"654a8c7f29438b574d5b9fee","FastSlow","2_3",1,"1_5",0
"654a8c7f29438b574d5b9fee","FastSlow","2_4",0,"1_1",1
"654a8c7f29438b574d5b9fee","FastSlow","2_4",0,"1_2",1
"654a8c7f29438b574d5b9fee","FastSlow","2_4",0,"1_3",1
"654a8c7f29438b574d5b9fee","FastSlow","2_4",0,"1_4",0
"654a8c7f29438b574d5b9fee","FastSlow","2_4",0,"1_5",0
"654a8c7f29438b574d5b9fee","FastSlow","2_5",0,"1_1",1
"654a8c7f29438b574d5b9fee","FastSlow","2_5",0,"1_2",1
"654a8c7f29438b574d5b9fee","FastSlow","2_5",0,"1_3",1
"654a8c7f29438b574d5b9fee","FastSlow","2_5",0,"1_4",0
"654a8c7f29438b574d5b9fee","FastSlow","2_5",0,"1_5",0
"6744d43e7b1bcfda7d89f402","SlowFast","2_1",1,"1_1",1
"6744d43e7b1bcfda7d89f402","SlowFast","2_1",1,"1_2",1
"6744d43e7b1bcfda7d89f402","SlowFast","2_1",1,"1_3",0
"6744d43e7b1bcfda7d89f402","SlowFast","2_1",1,"1_4",0
"6744d43e7b1bcfda7d89f402","SlowFast","2_1",1,"1_5",0
"6744d43e7b1bcfda7d89f402","SlowFast","2_2",1,"1_1",1
"6744d43e7b1bcfda7d89f402","SlowFast","2_2",1,"1_2",1
"6744d43e7b1bcfda7d89f402","SlowFast","2_2",1,"1_3",0
"6744d43e7b1bcfda7d89f402","SlowFast","2_2",1,"1_4",0
"6744d43e7b1bcfda7d89f402","SlowFast","2_2",1,"1_5",0
"6744d43e7b1bcfda7d89f402","SlowFast","2_3",0,"1_1",1
"6744d43e7b1bcfda7d89f402","SlowFast","2_3",0,"1_2",1
"6744d43e7b1bcfda7d89f402","SlowFast","2_3",0,"1_3",0
"6744d43e7b1bcfda7d89f402","SlowFast","2_3",0,"1_4",0
"6744d43e7b1bcfda7d89f402","SlowFast","2_3",0,"1_5",0
"6744d43e7b1bcfda7d89f402","SlowFast","2_4",0,"1_1",1
"6744d43e7b1bcfda7d89f402","SlowFast","2_4",0,"1_2",1
"6744d43e7b1bcfda7d89f402","SlowFast","2_4",0,"1_3",0
"6744d43e7b1bcfda7d89f402","SlowFast","2_4",0,"1_4",0
"6744d43e7b1bcfda7d89f402","SlowFast","2_4",0,"1_5",0
"6744d43e7b1bcfda7d89f402","SlowFast","2_5",0,"1_1",1
"6744d43e7b1bcfda7d89f402","SlowFast","2_5",0,"1_2",1
"6744d43e7b1bcfda7d89f402","SlowFast","2_5",0,"1_3",0
"6744d43e7b1bcfda7d89f402","SlowFast","2_5",0,"1_4",0
"6744d43e7b1bcfda7d89f402","SlowFast","2_5",0,"1_5",0
"6696fd1fb46668008566a9bd","SlowFast","2_1",0,"1_1",1
"6696fd1fb46668008566a9bd","SlowFast","2_1",0,"1_2",0
"6696fd1fb46668008566a9bd","SlowFast","2_1",0,"1_3",0
"6696fd1fb46668008566a9bd","SlowFast","2_1",0,"1_4",0
"6696fd1fb46668008566a9bd","SlowFast","2_1",0,"1_5",0
"6696fd1fb46668008566a9bd","SlowFast","2_2",0,"1_1",1
"6696fd1fb46668008566a9bd","SlowFast","2_2",0,"1_2",0
"6696fd1fb46668008566a9bd","SlowFast","2_2",0,"1_3",0
"6696fd1fb46668008566a9bd","SlowFast","2_2",0,"1_4",0
"6696fd1fb46668008566a9bd","SlowFast","2_2",0,"1_5",0
"6696fd1fb46668008566a9bd","SlowFast","2_3",1,"1_1",1
"6696fd1fb46668008566a9bd","SlowFast","2_3",1,"1_2",0
"6696fd1fb46668008566a9bd","SlowFast","2_3",1,"1_3",0
"6696fd1fb46668008566a9bd","SlowFast","2_3",1,"1_4",0
"6696fd1fb46668008566a9bd","SlowFast","2_3",1,"1_5",0
"6696fd1fb46668008566a9bd","SlowFast","2_4",0,"1_1",1
"6696fd1fb46668008566a9bd","SlowFast","2_4",0,"1_2",0
"6696fd1fb46668008566a9bd","SlowFast","2_4",0,"1_3",0
"6696fd1fb46668008566a9bd","SlowFast","2_4",0,"1_4",0
"6696fd1fb46668008566a9bd","SlowFast","2_4",0,"1_5",0
"6696fd1fb46668008566a9bd","SlowFast","2_5",0,"1_1",1
"6696fd1fb46668008566a9bd","SlowFast","2_5",0,"1_2",0
"6696fd1fb46668008566a9bd","SlowFast","2_5",0,"1_3",0
"6696fd1fb46668008566a9bd","SlowFast","2_5",0,"1_4",0
"6696fd1fb46668008566a9bd","SlowFast","2_5",0,"1_5",0
"6774ba2b35bfe170ef2d7c87","SlowFast","2_1",1,"1_1",1
"6774ba2b35bfe170ef2d7c87","SlowFast","2_1",1,"1_2",1
"6774ba2b35bfe170ef2d7c87","SlowFast","2_1",1,"1_3",1
"6774ba2b35bfe170ef2d7c87","SlowFast","2_1",1,"1_4",1
"6774ba2b35bfe170ef2d7c87","SlowFast","2_1",1,"1_5",0
"6774ba2b35bfe170ef2d7c87","SlowFast","2_2",0,"1_1",1
"6774ba2b35bfe170ef2d7c87","SlowFast","2_2",0,"1_2",1
"6774ba2b35bfe170ef2d7c87","SlowFast","2_2",0,"1_3",1
"6774ba2b35bfe170ef2d7c87","SlowFast","2_2",0,"1_4",1
"6774ba2b35bfe170ef2d7c87","SlowFast","2_2",0,"1_5",0
"6774ba2b35bfe170ef2d7c87","SlowFast","2_3",1,"1_1",1
"6774ba2b35bfe170ef2d7c87","SlowFast","2_3",1,"1_2",1
"6774ba2b35bfe170ef2d7c87","SlowFast","2_3",1,"1_3",1
"6774ba2b35bfe170ef2d7c87","SlowFast","2_3",1,"1_4",1
"6774ba2b35bfe170ef2d7c87","SlowFast","2_3",1,"1_5",0
"6774ba2b35bfe170ef2d7c87","SlowFast","2_4",1,"1_1",1
"6774ba2b35bfe170ef2d7c87","SlowFast","2_4",1,"1_2",1
"6774ba2b35bfe170ef2d7c87","SlowFast","2_4",1,"1_3",1
"6774ba2b35bfe170ef2d7c87","SlowFast","2_4",1,"1_4",1
"6774ba2b35bfe170ef2d7c87","SlowFast","2_4",1,"1_5",0
"6774ba2b35bfe170ef2d7c87","SlowFast","2_5",0,"1_1",1
"6774ba2b35bfe170ef2d7c87","SlowFast","2_5",0,"1_2",1
"6774ba2b35bfe170ef2d7c87","SlowFast","2_5",0,"1_3",1
"6774ba2b35bfe170ef2d7c87","SlowFast","2_5",0,"1_4",1
"6774ba2b35bfe170ef2d7c87","SlowFast","2_5",0,"1_5",0
"66b2499852ad11f580d4d546","FastSlow","2_1",1,"1_1",1
"66b2499852ad11f580d4d546","FastSlow","2_1",1,"1_2",1
"66b2499852ad11f580d4d546","FastSlow","2_1",1,"1_3",1
"66b2499852ad11f580d4d546","FastSlow","2_1",1,"1_4",0
"66b2499852ad11f580d4d546","FastSlow","2_1",1,"1_5",0
"66b2499852ad11f580d4d546","FastSlow","2_2",1,"1_1",1
"66b2499852ad11f580d4d546","FastSlow","2_2",1,"1_2",1
"66b2499852ad11f580d4d546","FastSlow","2_2",1,"1_3",1
"66b2499852ad11f580d4d546","FastSlow","2_2",1,"1_4",0
"66b2499852ad11f580d4d546","FastSlow","2_2",1,"1_5",0
"66b2499852ad11f580d4d546","FastSlow","2_3",1,"1_1",1
"66b2499852ad11f580d4d546","FastSlow","2_3",1,"1_2",1
"66b2499852ad11f580d4d546","FastSlow","2_3",1,"1_3",1
"66b2499852ad11f580d4d546","FastSlow","2_3",1,"1_4",0
"66b2499852ad11f580d4d546","FastSlow","2_3",1,"1_5",0
"66b2499852ad11f580d4d546","FastSlow","2_4",0,"1_1",1
"66b2499852ad11f580d4d546","FastSlow","2_4",0,"1_2",1
"66b2499852ad11f580d4d546","FastSlow","2_4",0,"1_3",1
"66b2499852ad11f580d4d546","FastSlow","2_4",0,"1_4",0
"66b2499852ad11f580d4d546","FastSlow","2_4",0,"1_5",0
"66b2499852ad11f580d4d546","FastSlow","2_5",0,"1_1",1
"66b2499852ad11f580d4d546","FastSlow","2_5",0,"1_2",1
"66b2499852ad11f580d4d546","FastSlow","2_5",0,"1_3",1
"66b2499852ad11f580d4d546","FastSlow","2_5",0,"1_4",0
"66b2499852ad11f580d4d546","FastSlow","2_5",0,"1_5",0
"611dd070c87e8eef203770d9","SlowFast","2_1",1,"1_1",1
"611dd070c87e8eef203770d9","SlowFast","2_1",1,"1_2",1
"611dd070c87e8eef203770d9","SlowFast","2_1",1,"1_3",1
"611dd070c87e8eef203770d9","SlowFast","2_1",1,"1_4",0
"611dd070c87e8eef203770d9","SlowFast","2_1",1,"1_5",0
"611dd070c87e8eef203770d9","SlowFast","2_2",1,"1_1",1
"611dd070c87e8eef203770d9","SlowFast","2_2",1,"1_2",1
"611dd070c87e8eef203770d9","SlowFast","2_2",1,"1_3",1
"611dd070c87e8eef203770d9","SlowFast","2_2",1,"1_4",0
"611dd070c87e8eef203770d9","SlowFast","2_2",1,"1_5",0
"611dd070c87e8eef203770d9","SlowFast","2_3",1,"1_1",1
"611dd070c87e8eef203770d9","SlowFast","2_3",1,"1_2",1
"611dd070c87e8eef203770d9","SlowFast","2_3",1,"1_3",1
"611dd070c87e8eef203770d9","SlowFast","2_3",1,"1_4",0
"611dd070c87e8eef203770d9","SlowFast","2_3",1,"1_5",0
"611dd070c87e8eef203770d9","SlowFast","2_4",0,"1_1",1
"611dd070c87e8eef203770d9","SlowFast","2_4",0,"1_2",1
"611dd070c87e8eef203770d9","SlowFast","2_4",0,"1_3",1
"611dd070c87e8eef203770d9","SlowFast","2_4",0,"1_4",0
"611dd070c87e8eef203770d9","SlowFast","2_4",0,"1_5",0
"611dd070c87e8eef203770d9","SlowFast","2_5",0,"1_1",1
"611dd070c87e8eef203770d9","SlowFast","2_5",0,"1_2",1
"611dd070c87e8eef203770d9","SlowFast","2_5",0,"1_3",1
"611dd070c87e8eef203770d9","SlowFast","2_5",0,"1_4",0
"611dd070c87e8eef203770d9","SlowFast","2_5",0,"1_5",0
"5d618a9955fc54000164673f","FastSlow","2_1",1,"1_1",1
"5d618a9955fc54000164673f","FastSlow","2_1",1,"1_2",1
"5d618a9955fc54000164673f","FastSlow","2_1",1,"1_3",0
"5d618a9955fc54000164673f","FastSlow","2_1",1,"1_4",0
"5d618a9955fc54000164673f","FastSlow","2_1",1,"1_5",0
"5d618a9955fc54000164673f","FastSlow","2_2",0,"1_1",1
"5d618a9955fc54000164673f","FastSlow","2_2",0,"1_2",1
"5d618a9955fc54000164673f","FastSlow","2_2",0,"1_3",0
"5d618a9955fc54000164673f","FastSlow","2_2",0,"1_4",0
"5d618a9955fc54000164673f","FastSlow","2_2",0,"1_5",0
"5d618a9955fc54000164673f","FastSlow","2_3",1,"1_1",1
"5d618a9955fc54000164673f","FastSlow","2_3",1,"1_2",1
"5d618a9955fc54000164673f","FastSlow","2_3",1,"1_3",0
"5d618a9955fc54000164673f","FastSlow","2_3",1,"1_4",0
"5d618a9955fc54000164673f","FastSlow","2_3",1,"1_5",0
"5d618a9955fc54000164673f","FastSlow","2_4",0,"1_1",1
"5d618a9955fc54000164673f","FastSlow","2_4",0,"1_2",1
"5d618a9955fc54000164673f","FastSlow","2_4",0,"1_3",0
"5d618a9955fc54000164673f","FastSlow","2_4",0,"1_4",0
"5d618a9955fc54000164673f","FastSlow","2_4",0,"1_5",0
"5d618a9955fc54000164673f","FastSlow","2_5",0,"1_1",1
"5d618a9955fc54000164673f","FastSlow","2_5",0,"1_2",1
"5d618a9955fc54000164673f","FastSlow","2_5",0,"1_3",0
"5d618a9955fc54000164673f","FastSlow","2_5",0,"1_4",0
"5d618a9955fc54000164673f","FastSlow","2_5",0,"1_5",0
"6115116af136776366f387f1","FastSlow","2_1",1,"1_1",1
"6115116af136776366f387f1","FastSlow","2_1",1,"1_2",0
"6115116af136776366f387f1","FastSlow","2_1",1,"1_3",0
"6115116af136776366f387f1","FastSlow","2_1",1,"1_4",0
"6115116af136776366f387f1","FastSlow","2_1",1,"1_5",0
"6115116af136776366f387f1","FastSlow","2_2",0,"1_1",1
"6115116af136776366f387f1","FastSlow","2_2",0,"1_2",0
"6115116af136776366f387f1","FastSlow","2_2",0,"1_3",0
"6115116af136776366f387f1","FastSlow","2_2",0,"1_4",0
"6115116af136776366f387f1","FastSlow","2_2",0,"1_5",0
"6115116af136776366f387f1","FastSlow","2_3",0,"1_1",1
"6115116af136776366f387f1","FastSlow","2_3",0,"1_2",0
"6115116af136776366f387f1","FastSlow","2_3",0,"1_3",0
"6115116af136776366f387f1","FastSlow","2_3",0,"1_4",0
"6115116af136776366f387f1","FastSlow","2_3",0,"1_5",0
"6115116af136776366f387f1","FastSlow","2_4",0,"1_1",1
"6115116af136776366f387f1","FastSlow","2_4",0,"1_2",0
"6115116af136776366f387f1","FastSlow","2_4",0,"1_3",0
"6115116af136776366f387f1","FastSlow","2_4",0,"1_4",0
"6115116af136776366f387f1","FastSlow","2_4",0,"1_5",0
"6115116af136776366f387f1","FastSlow","2_5",0,"1_1",1
"6115116af136776366f387f1","FastSlow","2_5",0,"1_2",0
"6115116af136776366f387f1","FastSlow","2_5",0,"1_3",0
"6115116af136776366f387f1","FastSlow","2_5",0,"1_4",0
"6115116af136776366f387f1","FastSlow","2_5",0,"1_5",0
"666601cef955d69a64aa5e8f","SlowFast","2_1",1,"1_1",1
"666601cef955d69a64aa5e8f","SlowFast","2_1",1,"1_2",1
"666601cef955d69a64aa5e8f","SlowFast","2_1",1,"1_3",1
"666601cef955d69a64aa5e8f","SlowFast","2_1",1,"1_4",1
"666601cef955d69a64aa5e8f","SlowFast","2_1",1,"1_5",0
"666601cef955d69a64aa5e8f","SlowFast","2_2",1,"1_1",1
"666601cef955d69a64aa5e8f","SlowFast","2_2",1,"1_2",1
"666601cef955d69a64aa5e8f","SlowFast","2_2",1,"1_3",1
"666601cef955d69a64aa5e8f","SlowFast","2_2",1,"1_4",1
"666601cef955d69a64aa5e8f","SlowFast","2_2",1,"1_5",0
"666601cef955d69a64aa5e8f","SlowFast","2_3",1,"1_1",1
"666601cef955d69a64aa5e8f","SlowFast","2_3",1,"1_2",1
"666601cef955d69a64aa5e8f","SlowFast","2_3",1,"1_3",1
"666601cef955d69a64aa5e8f","SlowFast","2_3",1,"1_4",1
"666601cef955d69a64aa5e8f","SlowFast","2_3",1,"1_5",0
"666601cef955d69a64aa5e8f","SlowFast","2_4",1,"1_1",1
"666601cef955d69a64aa5e8f","SlowFast","2_4",1,"1_2",1
"666601cef955d69a64aa5e8f","SlowFast","2_4",1,"1_3",1
"666601cef955d69a64aa5e8f","SlowFast","2_4",1,"1_4",1
"666601cef955d69a64aa5e8f","SlowFast","2_4",1,"1_5",0
"666601cef955d69a64aa5e8f","SlowFast","2_5",1,"1_1",1
"666601cef955d69a64aa5e8f","SlowFast","2_5",1,"1_2",1
"666601cef955d69a64aa5e8f","SlowFast","2_5",1,"1_3",1
"666601cef955d69a64aa5e8f","SlowFast","2_5",1,"1_4",1
"666601cef955d69a64aa5e8f","SlowFast","2_5",1,"1_5",0
"62829edce9ca74f3938f3cc9","FastSlow","2_1",1,"1_1",1
"62829edce9ca74f3938f3cc9","FastSlow","2_1",1,"1_2",1
"62829edce9ca74f3938f3cc9","FastSlow","2_1",1,"1_3",1
"62829edce9ca74f3938f3cc9","FastSlow","2_1",1,"1_4",1
"62829edce9ca74f3938f3cc9","FastSlow","2_1",1,"1_5",1
"62829edce9ca74f3938f3cc9","FastSlow","2_2",1,"1_1",1
"62829edce9ca74f3938f3cc9","FastSlow","2_2",1,"1_2",1
"62829edce9ca74f3938f3cc9","FastSlow","2_2",1,"1_3",1
"62829edce9ca74f3938f3cc9","FastSlow","2_2",1,"1_4",1
"62829edce9ca74f3938f3cc9","FastSlow","2_2",1,"1_5",1
"62829edce9ca74f3938f3cc9","FastSlow","2_3",1,"1_1",1
"62829edce9ca74f3938f3cc9","FastSlow","2_3",1,"1_2",1
"62829edce9ca74f3938f3cc9","FastSlow","2_3",1,"1_3",1
"62829edce9ca74f3938f3cc9","FastSlow","2_3",1,"1_4",1
"62829edce9ca74f3938f3cc9","FastSlow","2_3",1,"1_5",1
"62829edce9ca74f3938f3cc9","FastSlow","2_4",1,"1_1",1
"62829edce9ca74f3938f3cc9","FastSlow","2_4",1,"1_2",1
"62829edce9ca74f3938f3cc9","FastSlow","2_4",1,"1_3",1
"62829edce9ca74f3938f3cc9","FastSlow","2_4",1,"1_4",1
"62829edce9ca74f3938f3cc9","FastSlow","2_4",1,"1_5",1
"62829edce9ca74f3938f3cc9","FastSlow","2_5",0,"1_1",1
"62829edce9ca74f3938f3cc9","FastSlow","2_5",0,"1_2",1
"62829edce9ca74f3938f3cc9","FastSlow","2_5",0,"1_3",1
"62829edce9ca74f3938f3cc9","FastSlow","2_5",0,"1_4",1
"62829edce9ca74f3938f3cc9","FastSlow","2_5",0,"1_5",1
"63ff42f43ac64246de575895","FastSlow","2_1",1,"1_1",1
"63ff42f43ac64246de575895","FastSlow","2_1",1,"1_2",1
"63ff42f43ac64246de575895","FastSlow","2_1",1,"1_3",1
"63ff42f43ac64246de575895","FastSlow","2_1",1,"1_4",1
"63ff42f43ac64246de575895","FastSlow","2_1",1,"1_5",0
"63ff42f43ac64246de575895","FastSlow","2_2",0,"1_1",1
"63ff42f43ac64246de575895","FastSlow","2_2",0,"1_2",1
"63ff42f43ac64246de575895","FastSlow","2_2",0,"1_3",1
"63ff42f43ac64246de575895","FastSlow","2_2",0,"1_4",1
"63ff42f43ac64246de575895","FastSlow","2_2",0,"1_5",0
"63ff42f43ac64246de575895","FastSlow","2_3",0,"1_1",1
"63ff42f43ac64246de575895","FastSlow","2_3",0,"1_2",1
"63ff42f43ac64246de575895","FastSlow","2_3",0,"1_3",1
"63ff42f43ac64246de575895","FastSlow","2_3",0,"1_4",1
"63ff42f43ac64246de575895","FastSlow","2_3",0,"1_5",0
"63ff42f43ac64246de575895","FastSlow","2_4",1,"1_1",1
"63ff42f43ac64246de575895","FastSlow","2_4",1,"1_2",1
"63ff42f43ac64246de575895","FastSlow","2_4",1,"1_3",1
"63ff42f43ac64246de575895","FastSlow","2_4",1,"1_4",1
"63ff42f43ac64246de575895","FastSlow","2_4",1,"1_5",0
"63ff42f43ac64246de575895","FastSlow","2_5",0,"1_1",1
"63ff42f43ac64246de575895","FastSlow","2_5",0,"1_2",1
"63ff42f43ac64246de575895","FastSlow","2_5",0,"1_3",1
"63ff42f43ac64246de575895","FastSlow","2_5",0,"1_4",1
"63ff42f43ac64246de575895","FastSlow","2_5",0,"1_5",0
"6716966a7bd8ab08201a752b","SlowFast","2_1",1,"1_1",1
"6716966a7bd8ab08201a752b","SlowFast","2_1",1,"1_2",1
"6716966a7bd8ab08201a752b","SlowFast","2_1",1,"1_3",1
"6716966a7bd8ab08201a752b","SlowFast","2_1",1,"1_4",0
"6716966a7bd8ab08201a752b","SlowFast","2_1",1,"1_5",0
"6716966a7bd8ab08201a752b","SlowFast","2_2",1,"1_1",1
"6716966a7bd8ab08201a752b","SlowFast","2_2",1,"1_2",1
"6716966a7bd8ab08201a752b","SlowFast","2_2",1,"1_3",1
"6716966a7bd8ab08201a752b","SlowFast","2_2",1,"1_4",0
"6716966a7bd8ab08201a752b","SlowFast","2_2",1,"1_5",0
"6716966a7bd8ab08201a752b","SlowFast","2_3",1,"1_1",1
"6716966a7bd8ab08201a752b","SlowFast","2_3",1,"1_2",1
"6716966a7bd8ab08201a752b","SlowFast","2_3",1,"1_3",1
"6716966a7bd8ab08201a752b","SlowFast","2_3",1,"1_4",0
"6716966a7bd8ab08201a752b","SlowFast","2_3",1,"1_5",0
"6716966a7bd8ab08201a752b","SlowFast","2_4",0,"1_1",1
"6716966a7bd8ab08201a752b","SlowFast","2_4",0,"1_2",1
"6716966a7bd8ab08201a752b","SlowFast","2_4",0,"1_3",1
"6716966a7bd8ab08201a752b","SlowFast","2_4",0,"1_4",0
"6716966a7bd8ab08201a752b","SlowFast","2_4",0,"1_5",0
"6716966a7bd8ab08201a752b","SlowFast","2_5",0,"1_1",1
"6716966a7bd8ab08201a752b","SlowFast","2_5",0,"1_2",1
"6716966a7bd8ab08201a752b","SlowFast","2_5",0,"1_3",1
"6716966a7bd8ab08201a752b","SlowFast","2_5",0,"1_4",0
"6716966a7bd8ab08201a752b","SlowFast","2_5",0,"1_5",0
"6726f38cd14d8ba8644f2bcf","SlowFast","2_1",1,"1_1",0
"6726f38cd14d8ba8644f2bcf","SlowFast","2_1",1,"1_2",1
"6726f38cd14d8ba8644f2bcf","SlowFast","2_1",1,"1_3",0
"6726f38cd14d8ba8644f2bcf","SlowFast","2_1",1,"1_4",0
"6726f38cd14d8ba8644f2bcf","SlowFast","2_1",1,"1_5",0
"6726f38cd14d8ba8644f2bcf","SlowFast","2_2",1,"1_1",0
"6726f38cd14d8ba8644f2bcf","SlowFast","2_2",1,"1_2",1
"6726f38cd14d8ba8644f2bcf","SlowFast","2_2",1,"1_3",0
"6726f38cd14d8ba8644f2bcf","SlowFast","2_2",1,"1_4",0
"6726f38cd14d8ba8644f2bcf","SlowFast","2_2",1,"1_5",0
"6726f38cd14d8ba8644f2bcf","SlowFast","2_3",0,"1_1",0
"6726f38cd14d8ba8644f2bcf","SlowFast","2_3",0,"1_2",1
"6726f38cd14d8ba8644f2bcf","SlowFast","2_3",0,"1_3",0
"6726f38cd14d8ba8644f2bcf","SlowFast","2_3",0,"1_4",0
"6726f38cd14d8ba8644f2bcf","SlowFast","2_3",0,"1_5",0
"6726f38cd14d8ba8644f2bcf","SlowFast","2_4",0,"1_1",0
"6726f38cd14d8ba8644f2bcf","SlowFast","2_4",0,"1_2",1
"6726f38cd14d8ba8644f2bcf","SlowFast","2_4",0,"1_3",0
"6726f38cd14d8ba8644f2bcf","SlowFast","2_4",0,"1_4",0
"6726f38cd14d8ba8644f2bcf","SlowFast","2_4",0,"1_5",0
"6726f38cd14d8ba8644f2bcf","SlowFast","2_5",0,"1_1",0
"6726f38cd14d8ba8644f2bcf","SlowFast","2_5",0,"1_2",1
"6726f38cd14d8ba8644f2bcf","SlowFast","2_5",0,"1_3",0
"6726f38cd14d8ba8644f2bcf","SlowFast","2_5",0,"1_4",0
"6726f38cd14d8ba8644f2bcf","SlowFast","2_5",0,"1_5",0
"664d46ad7cc1780eecfd0c24","FastSlow","2_1",1,"1_1",1
"664d46ad7cc1780eecfd0c24","FastSlow","2_1",1,"1_2",1
"664d46ad7cc1780eecfd0c24","FastSlow","2_1",1,"1_3",1
"664d46ad7cc1780eecfd0c24","FastSlow","2_1",1,"1_4",1
"664d46ad7cc1780eecfd0c24","FastSlow","2_1",1,"1_5",0
"664d46ad7cc1780eecfd0c24","FastSlow","2_2",0,"1_1",1
"664d46ad7cc1780eecfd0c24","FastSlow","2_2",0,"1_2",1
"664d46ad7cc1780eecfd0c24","FastSlow","2_2",0,"1_3",1
"664d46ad7cc1780eecfd0c24","FastSlow","2_2",0,"1_4",1
"664d46ad7cc1780eecfd0c24","FastSlow","2_2",0,"1_5",0
"664d46ad7cc1780eecfd0c24","FastSlow","2_3",0,"1_1",1
"664d46ad7cc1780eecfd0c24","FastSlow","2_3",0,"1_2",1
"664d46ad7cc1780eecfd0c24","FastSlow","2_3",0,"1_3",1
"664d46ad7cc1780eecfd0c24","FastSlow","2_3",0,"1_4",1
"664d46ad7cc1780eecfd0c24","FastSlow","2_3",0,"1_5",0
"664d46ad7cc1780eecfd0c24","FastSlow","2_4",0,"1_1",1
"664d46ad7cc1780eecfd0c24","FastSlow","2_4",0,"1_2",1
"664d46ad7cc1780eecfd0c24","FastSlow","2_4",0,"1_3",1
"664d46ad7cc1780eecfd0c24","FastSlow","2_4",0,"1_4",1
"664d46ad7cc1780eecfd0c24","FastSlow","2_4",0,"1_5",0
"664d46ad7cc1780eecfd0c24","FastSlow","2_5",0,"1_1",1
"664d46ad7cc1780eecfd0c24","FastSlow","2_5",0,"1_2",1
"664d46ad7cc1780eecfd0c24","FastSlow","2_5",0,"1_3",1
"664d46ad7cc1780eecfd0c24","FastSlow","2_5",0,"1_4",1
"664d46ad7cc1780eecfd0c24","FastSlow","2_5",0,"1_5",0
"661c5ee0d0e14a2e13e40374","SlowFast","2_1",1,"1_1",1
"661c5ee0d0e14a2e13e40374","SlowFast","2_1",1,"1_2",1
"661c5ee0d0e14a2e13e40374","SlowFast","2_1",1,"1_3",0
"661c5ee0d0e14a2e13e40374","SlowFast","2_1",1,"1_4",1
"661c5ee0d0e14a2e13e40374","SlowFast","2_1",1,"1_5",0
"661c5ee0d0e14a2e13e40374","SlowFast","2_2",1,"1_1",1
"661c5ee0d0e14a2e13e40374","SlowFast","2_2",1,"1_2",1
"661c5ee0d0e14a2e13e40374","SlowFast","2_2",1,"1_3",0
"661c5ee0d0e14a2e13e40374","SlowFast","2_2",1,"1_4",1
"661c5ee0d0e14a2e13e40374","SlowFast","2_2",1,"1_5",0
"661c5ee0d0e14a2e13e40374","SlowFast","2_3",0,"1_1",1
"661c5ee0d0e14a2e13e40374","SlowFast","2_3",0,"1_2",1
"661c5ee0d0e14a2e13e40374","SlowFast","2_3",0,"1_3",0
"661c5ee0d0e14a2e13e40374","SlowFast","2_3",0,"1_4",1
"661c5ee0d0e14a2e13e40374","SlowFast","2_3",0,"1_5",0
"661c5ee0d0e14a2e13e40374","SlowFast","2_4",0,"1_1",1
"661c5ee0d0e14a2e13e40374","SlowFast","2_4",0,"1_2",1
"661c5ee0d0e14a2e13e40374","SlowFast","2_4",0,"1_3",0
"661c5ee0d0e14a2e13e40374","SlowFast","2_4",0,"1_4",1
"661c5ee0d0e14a2e13e40374","SlowFast","2_4",0,"1_5",0
"661c5ee0d0e14a2e13e40374","SlowFast","2_5",1,"1_1",1
"661c5ee0d0e14a2e13e40374","SlowFast","2_5",1,"1_2",1
"661c5ee0d0e14a2e13e40374","SlowFast","2_5",1,"1_3",0
"661c5ee0d0e14a2e13e40374","SlowFast","2_5",1,"1_4",1
"661c5ee0d0e14a2e13e40374","SlowFast","2_5",1,"1_5",0
"60015f803919e70009ef8dc5","FastSlow","2_1",0,"1_1",0
"60015f803919e70009ef8dc5","FastSlow","2_1",0,"1_2",0
"60015f803919e70009ef8dc5","FastSlow","2_1",0,"1_3",0
"60015f803919e70009ef8dc5","FastSlow","2_1",0,"1_4",0
"60015f803919e70009ef8dc5","FastSlow","2_1",0,"1_5",0
"60015f803919e70009ef8dc5","FastSlow","2_2",0,"1_1",0
"60015f803919e70009ef8dc5","FastSlow","2_2",0,"1_2",0
"60015f803919e70009ef8dc5","FastSlow","2_2",0,"1_3",0
"60015f803919e70009ef8dc5","FastSlow","2_2",0,"1_4",0
"60015f803919e70009ef8dc5","FastSlow","2_2",0,"1_5",0
"60015f803919e70009ef8dc5","FastSlow","2_3",0,"1_1",0
"60015f803919e70009ef8dc5","FastSlow","2_3",0,"1_2",0
"60015f803919e70009ef8dc5","FastSlow","2_3",0,"1_3",0
"60015f803919e70009ef8dc5","FastSlow","2_3",0,"1_4",0
"60015f803919e70009ef8dc5","FastSlow","2_3",0,"1_5",0
"60015f803919e70009ef8dc5","FastSlow","2_4",0,"1_1",0
"60015f803919e70009ef8dc5","FastSlow","2_4",0,"1_2",0
"60015f803919e70009ef8dc5","FastSlow","2_4",0,"1_3",0
"60015f803919e70009ef8dc5","FastSlow","2_4",0,"1_4",0
"60015f803919e70009ef8dc5","FastSlow","2_4",0,"1_5",0
"60015f803919e70009ef8dc5","FastSlow","2_5",0,"1_1",0
"60015f803919e70009ef8dc5","FastSlow","2_5",0,"1_2",0
"60015f803919e70009ef8dc5","FastSlow","2_5",0,"1_3",0
"60015f803919e70009ef8dc5","FastSlow","2_5",0,"1_4",0
"60015f803919e70009ef8dc5","FastSlow","2_5",0,"1_5",0
"6685ac588e11bf25e72e6a07","SlowFast","2_1",1,"1_1",1
"6685ac588e11bf25e72e6a07","SlowFast","2_1",1,"1_2",1
"6685ac588e11bf25e72e6a07","SlowFast","2_1",1,"1_3",0
"6685ac588e11bf25e72e6a07","SlowFast","2_1",1,"1_4",0
"6685ac588e11bf25e72e6a07","SlowFast","2_1",1,"1_5",0
"6685ac588e11bf25e72e6a07","SlowFast","2_2",1,"1_1",1
"6685ac588e11bf25e72e6a07","SlowFast","2_2",1,"1_2",1
"6685ac588e11bf25e72e6a07","SlowFast","2_2",1,"1_3",0
"6685ac588e11bf25e72e6a07","SlowFast","2_2",1,"1_4",0
"6685ac588e11bf25e72e6a07","SlowFast","2_2",1,"1_5",0
"6685ac588e11bf25e72e6a07","SlowFast","2_3",1,"1_1",1
"6685ac588e11bf25e72e6a07","SlowFast","2_3",1,"1_2",1
"6685ac588e11bf25e72e6a07","SlowFast","2_3",1,"1_3",0
"6685ac588e11bf25e72e6a07","SlowFast","2_3",1,"1_4",0
"6685ac588e11bf25e72e6a07","SlowFast","2_3",1,"1_5",0
"6685ac588e11bf25e72e6a07","SlowFast","2_4",0,"1_1",1
"6685ac588e11bf25e72e6a07","SlowFast","2_4",0,"1_2",1
"6685ac588e11bf25e72e6a07","SlowFast","2_4",0,"1_3",0
"6685ac588e11bf25e72e6a07","SlowFast","2_4",0,"1_4",0
"6685ac588e11bf25e72e6a07","SlowFast","2_4",0,"1_5",0
"6685ac588e11bf25e72e6a07","SlowFast","2_5",0,"1_1",1
"6685ac588e11bf25e72e6a07","SlowFast","2_5",0,"1_2",1
"6685ac588e11bf25e72e6a07","SlowFast","2_5",0,"1_3",0
"6685ac588e11bf25e72e6a07","SlowFast","2_5",0,"1_4",0
"6685ac588e11bf25e72e6a07","SlowFast","2_5",0,"1_5",0
"664b556302986cf5ccd650f4","SlowFast","2_1",1,"1_1",1
"664b556302986cf5ccd650f4","SlowFast","2_1",1,"1_2",1
"664b556302986cf5ccd650f4","SlowFast","2_1",1,"1_3",0
"664b556302986cf5ccd650f4","SlowFast","2_1",1,"1_4",1
"664b556302986cf5ccd650f4","SlowFast","2_1",1,"1_5",0
"664b556302986cf5ccd650f4","SlowFast","2_2",1,"1_1",1
"664b556302986cf5ccd650f4","SlowFast","2_2",1,"1_2",1
"664b556302986cf5ccd650f4","SlowFast","2_2",1,"1_3",0
"664b556302986cf5ccd650f4","SlowFast","2_2",1,"1_4",1
"664b556302986cf5ccd650f4","SlowFast","2_2",1,"1_5",0
"664b556302986cf5ccd650f4","SlowFast","2_3",1,"1_1",1
"664b556302986cf5ccd650f4","SlowFast","2_3",1,"1_2",1
"664b556302986cf5ccd650f4","SlowFast","2_3",1,"1_3",0
"664b556302986cf5ccd650f4","SlowFast","2_3",1,"1_4",1
"664b556302986cf5ccd650f4","SlowFast","2_3",1,"1_5",0
"664b556302986cf5ccd650f4","SlowFast","2_4",1,"1_1",1
"664b556302986cf5ccd650f4","SlowFast","2_4",1,"1_2",1
"664b556302986cf5ccd650f4","SlowFast","2_4",1,"1_3",0
"664b556302986cf5ccd650f4","SlowFast","2_4",1,"1_4",1
"664b556302986cf5ccd650f4","SlowFast","2_4",1,"1_5",0
"664b556302986cf5ccd650f4","SlowFast","2_5",0,"1_1",1
"664b556302986cf5ccd650f4","SlowFast","2_5",0,"1_2",1
"664b556302986cf5ccd650f4","SlowFast","2_5",0,"1_3",0
"664b556302986cf5ccd650f4","SlowFast","2_5",0,"1_4",1
"664b556302986cf5ccd650f4","SlowFast","2_5",0,"1_5",0
"5bacc09b709f60000104352f","SlowFast","2_1",1,"1_1",1
"5bacc09b709f60000104352f","SlowFast","2_1",1,"1_2",1
"5bacc09b709f60000104352f","SlowFast","2_1",1,"1_3",1
"5bacc09b709f60000104352f","SlowFast","2_1",1,"1_4",1
"5bacc09b709f60000104352f","SlowFast","2_1",1,"1_5",0
"5bacc09b709f60000104352f","SlowFast","2_2",1,"1_1",1
"5bacc09b709f60000104352f","SlowFast","2_2",1,"1_2",1
"5bacc09b709f60000104352f","SlowFast","2_2",1,"1_3",1
"5bacc09b709f60000104352f","SlowFast","2_2",1,"1_4",1
"5bacc09b709f60000104352f","SlowFast","2_2",1,"1_5",0
"5bacc09b709f60000104352f","SlowFast","2_3",1,"1_1",1
"5bacc09b709f60000104352f","SlowFast","2_3",1,"1_2",1
"5bacc09b709f60000104352f","SlowFast","2_3",1,"1_3",1
"5bacc09b709f60000104352f","SlowFast","2_3",1,"1_4",1
"5bacc09b709f60000104352f","SlowFast","2_3",1,"1_5",0
"5bacc09b709f60000104352f","SlowFast","2_4",1,"1_1",1
"5bacc09b709f60000104352f","SlowFast","2_4",1,"1_2",1
"5bacc09b709f60000104352f","SlowFast","2_4",1,"1_3",1
"5bacc09b709f60000104352f","SlowFast","2_4",1,"1_4",1
"5bacc09b709f60000104352f","SlowFast","2_4",1,"1_5",0
"5bacc09b709f60000104352f","SlowFast","2_5",1,"1_1",1
"5bacc09b709f60000104352f","SlowFast","2_5",1,"1_2",1
"5bacc09b709f60000104352f","SlowFast","2_5",1,"1_3",1
"5bacc09b709f60000104352f","SlowFast","2_5",1,"1_4",1
"5bacc09b709f60000104352f","SlowFast","2_5",1,"1_5",0
"66e190148f9148e423a22d87","SlowFast","2_1",1,"1_1",1
"66e190148f9148e423a22d87","SlowFast","2_1",1,"1_2",0
"66e190148f9148e423a22d87","SlowFast","2_1",1,"1_3",0
"66e190148f9148e423a22d87","SlowFast","2_1",1,"1_4",0
"66e190148f9148e423a22d87","SlowFast","2_1",1,"1_5",0
"66e190148f9148e423a22d87","SlowFast","2_2",0,"1_1",1
"66e190148f9148e423a22d87","SlowFast","2_2",0,"1_2",0
"66e190148f9148e423a22d87","SlowFast","2_2",0,"1_3",0
"66e190148f9148e423a22d87","SlowFast","2_2",0,"1_4",0
"66e190148f9148e423a22d87","SlowFast","2_2",0,"1_5",0
"66e190148f9148e423a22d87","SlowFast","2_3",0,"1_1",1
"66e190148f9148e423a22d87","SlowFast","2_3",0,"1_2",0
"66e190148f9148e423a22d87","SlowFast","2_3",0,"1_3",0
"66e190148f9148e423a22d87","SlowFast","2_3",0,"1_4",0
"66e190148f9148e423a22d87","SlowFast","2_3",0,"1_5",0
"66e190148f9148e423a22d87","SlowFast","2_4",0,"1_1",1
"66e190148f9148e423a22d87","SlowFast","2_4",0,"1_2",0
"66e190148f9148e423a22d87","SlowFast","2_4",0,"1_3",0
"66e190148f9148e423a22d87","SlowFast","2_4",0,"1_4",0
"66e190148f9148e423a22d87","SlowFast","2_4",0,"1_5",0
"66e190148f9148e423a22d87","SlowFast","2_5",0,"1_1",1
"66e190148f9148e423a22d87","SlowFast","2_5",0,"1_2",0
"66e190148f9148e423a22d87","SlowFast","2_5",0,"1_3",0
"66e190148f9148e423a22d87","SlowFast","2_5",0,"1_4",0
"66e190148f9148e423a22d87","SlowFast","2_5",0,"1_5",0
"66465d688e90512d006edc84","SlowFast","2_1",1,"1_1",1
"66465d688e90512d006edc84","SlowFast","2_1",1,"1_2",0
"66465d688e90512d006edc84","SlowFast","2_1",1,"1_3",1
"66465d688e90512d006edc84","SlowFast","2_1",1,"1_4",1
"66465d688e90512d006edc84","SlowFast","2_1",1,"1_5",0
"66465d688e90512d006edc84","SlowFast","2_2",0,"1_1",1
"66465d688e90512d006edc84","SlowFast","2_2",0,"1_2",0
"66465d688e90512d006edc84","SlowFast","2_2",0,"1_3",1
"66465d688e90512d006edc84","SlowFast","2_2",0,"1_4",1
"66465d688e90512d006edc84","SlowFast","2_2",0,"1_5",0
"66465d688e90512d006edc84","SlowFast","2_3",1,"1_1",1
"66465d688e90512d006edc84","SlowFast","2_3",1,"1_2",0
"66465d688e90512d006edc84","SlowFast","2_3",1,"1_3",1
"66465d688e90512d006edc84","SlowFast","2_3",1,"1_4",1
"66465d688e90512d006edc84","SlowFast","2_3",1,"1_5",0
"66465d688e90512d006edc84","SlowFast","2_4",1,"1_1",1
"66465d688e90512d006edc84","SlowFast","2_4",1,"1_2",0
"66465d688e90512d006edc84","SlowFast","2_4",1,"1_3",1
"66465d688e90512d006edc84","SlowFast","2_4",1,"1_4",1
"66465d688e90512d006edc84","SlowFast","2_4",1,"1_5",0
"66465d688e90512d006edc84","SlowFast","2_5",0,"1_1",1
"66465d688e90512d006edc84","SlowFast","2_5",0,"1_2",0
"66465d688e90512d006edc84","SlowFast","2_5",0,"1_3",1
"66465d688e90512d006edc84","SlowFast","2_5",0,"1_4",1
"66465d688e90512d006edc84","SlowFast","2_5",0,"1_5",0
"6583287e9845b219549fb80b","FastSlow","2_1",1,"1_1",1
"6583287e9845b219549fb80b","FastSlow","2_1",1,"1_2",1
"6583287e9845b219549fb80b","FastSlow","2_1",1,"1_3",1
"6583287e9845b219549fb80b","FastSlow","2_1",1,"1_4",0
"6583287e9845b219549fb80b","FastSlow","2_1",1,"1_5",0
"6583287e9845b219549fb80b","FastSlow","2_2",0,"1_1",1
"6583287e9845b219549fb80b","FastSlow","2_2",0,"1_2",1
"6583287e9845b219549fb80b","FastSlow","2_2",0,"1_3",1
"6583287e9845b219549fb80b","FastSlow","2_2",0,"1_4",0
"6583287e9845b219549fb80b","FastSlow","2_2",0,"1_5",0
"6583287e9845b219549fb80b","FastSlow","2_3",1,"1_1",1
"6583287e9845b219549fb80b","FastSlow","2_3",1,"1_2",1
"6583287e9845b219549fb80b","FastSlow","2_3",1,"1_3",1
"6583287e9845b219549fb80b","FastSlow","2_3",1,"1_4",0
"6583287e9845b219549fb80b","FastSlow","2_3",1,"1_5",0
"6583287e9845b219549fb80b","FastSlow","2_4",0,"1_1",1
"6583287e9845b219549fb80b","FastSlow","2_4",0,"1_2",1
"6583287e9845b219549fb80b","FastSlow","2_4",0,"1_3",1
"6583287e9845b219549fb80b","FastSlow","2_4",0,"1_4",0
"6583287e9845b219549fb80b","FastSlow","2_4",0,"1_5",0
"6583287e9845b219549fb80b","FastSlow","2_5",0,"1_1",1
"6583287e9845b219549fb80b","FastSlow","2_5",0,"1_2",1
"6583287e9845b219549fb80b","FastSlow","2_5",0,"1_3",1
"6583287e9845b219549fb80b","FastSlow","2_5",0,"1_4",0
"6583287e9845b219549fb80b","FastSlow","2_5",0,"1_5",0
"660cdcff6d4bcd542a22f24e","SlowFast","2_1",0,"1_1",1
"660cdcff6d4bcd542a22f24e","SlowFast","2_1",0,"1_2",0
"660cdcff6d4bcd542a22f24e","SlowFast","2_1",0,"1_3",1
"660cdcff6d4bcd542a22f24e","SlowFast","2_1",0,"1_4",1
"660cdcff6d4bcd542a22f24e","SlowFast","2_1",0,"1_5",0
"660cdcff6d4bcd542a22f24e","SlowFast","2_2",0,"1_1",1
"660cdcff6d4bcd542a22f24e","SlowFast","2_2",0,"1_2",0
"660cdcff6d4bcd542a22f24e","SlowFast","2_2",0,"1_3",1
"660cdcff6d4bcd542a22f24e","SlowFast","2_2",0,"1_4",1
"660cdcff6d4bcd542a22f24e","SlowFast","2_2",0,"1_5",0
"660cdcff6d4bcd542a22f24e","SlowFast","2_3",0,"1_1",1
"660cdcff6d4bcd542a22f24e","SlowFast","2_3",0,"1_2",0
"660cdcff6d4bcd542a22f24e","SlowFast","2_3",0,"1_3",1
"660cdcff6d4bcd542a22f24e","SlowFast","2_3",0,"1_4",1
"660cdcff6d4bcd542a22f24e","SlowFast","2_3",0,"1_5",0
"660cdcff6d4bcd542a22f24e","SlowFast","2_4",0,"1_1",1
"660cdcff6d4bcd542a22f24e","SlowFast","2_4",0,"1_2",0
"660cdcff6d4bcd542a22f24e","SlowFast","2_4",0,"1_3",1
"660cdcff6d4bcd542a22f24e","SlowFast","2_4",0,"1_4",1
"660cdcff6d4bcd542a22f24e","SlowFast","2_4",0,"1_5",0
"660cdcff6d4bcd542a22f24e","SlowFast","2_5",0,"1_1",1
"660cdcff6d4bcd542a22f24e","SlowFast","2_5",0,"1_2",0
"660cdcff6d4bcd542a22f24e","SlowFast","2_5",0,"1_3",1
"660cdcff6d4bcd542a22f24e","SlowFast","2_5",0,"1_4",1
"660cdcff6d4bcd542a22f24e","SlowFast","2_5",0,"1_5",0
"66ba819cd72c840e39108978","FastSlow","2_1",0,"1_1",1
"66ba819cd72c840e39108978","FastSlow","2_1",0,"1_2",1
"66ba819cd72c840e39108978","FastSlow","2_1",0,"1_3",1
"66ba819cd72c840e39108978","FastSlow","2_1",0,"1_4",1
"66ba819cd72c840e39108978","FastSlow","2_1",0,"1_5",1
"66ba819cd72c840e39108978","FastSlow","2_2",0,"1_1",1
"66ba819cd72c840e39108978","FastSlow","2_2",0,"1_2",1
"66ba819cd72c840e39108978","FastSlow","2_2",0,"1_3",1
"66ba819cd72c840e39108978","FastSlow","2_2",0,"1_4",1
"66ba819cd72c840e39108978","FastSlow","2_2",0,"1_5",1
"66ba819cd72c840e39108978","FastSlow","2_3",0,"1_1",1
"66ba819cd72c840e39108978","FastSlow","2_3",0,"1_2",1
"66ba819cd72c840e39108978","FastSlow","2_3",0,"1_3",1
"66ba819cd72c840e39108978","FastSlow","2_3",0,"1_4",1
"66ba819cd72c840e39108978","FastSlow","2_3",0,"1_5",1
"66ba819cd72c840e39108978","FastSlow","2_4",0,"1_1",1
"66ba819cd72c840e39108978","FastSlow","2_4",0,"1_2",1
"66ba819cd72c840e39108978","FastSlow","2_4",0,"1_3",1
"66ba819cd72c840e39108978","FastSlow","2_4",0,"1_4",1
"66ba819cd72c840e39108978","FastSlow","2_4",0,"1_5",1
"66ba819cd72c840e39108978","FastSlow","2_5",0,"1_1",1
"66ba819cd72c840e39108978","FastSlow","2_5",0,"1_2",1
"66ba819cd72c840e39108978","FastSlow","2_5",0,"1_3",1
"66ba819cd72c840e39108978","FastSlow","2_5",0,"1_4",1
"66ba819cd72c840e39108978","FastSlow","2_5",0,"1_5",1
"5ff7ee108c6cb45141fe8c61","SlowFast","2_1",1,"1_1",1
"5ff7ee108c6cb45141fe8c61","SlowFast","2_1",1,"1_2",1
"5ff7ee108c6cb45141fe8c61","SlowFast","2_1",1,"1_3",1
"5ff7ee108c6cb45141fe8c61","SlowFast","2_1",1,"1_4",1
"5ff7ee108c6cb45141fe8c61","SlowFast","2_1",1,"1_5",1
"5ff7ee108c6cb45141fe8c61","SlowFast","2_2",1,"1_1",1
"5ff7ee108c6cb45141fe8c61","SlowFast","2_2",1,"1_2",1
"5ff7ee108c6cb45141fe8c61","SlowFast","2_2",1,"1_3",1
"5ff7ee108c6cb45141fe8c61","SlowFast","2_2",1,"1_4",1
"5ff7ee108c6cb45141fe8c61","SlowFast","2_2",1,"1_5",1
"5ff7ee108c6cb45141fe8c61","SlowFast","2_3",1,"1_1",1
"5ff7ee108c6cb45141fe8c61","SlowFast","2_3",1,"1_2",1
"5ff7ee108c6cb45141fe8c61","SlowFast","2_3",1,"1_3",1
"5ff7ee108c6cb45141fe8c61","SlowFast","2_3",1,"1_4",1
"5ff7ee108c6cb45141fe8c61","SlowFast","2_3",1,"1_5",1
"5ff7ee108c6cb45141fe8c61","SlowFast","2_4",0,"1_1",1
"5ff7ee108c6cb45141fe8c61","SlowFast","2_4",0,"1_2",1
"5ff7ee108c6cb45141fe8c61","SlowFast","2_4",0,"1_3",1
"5ff7ee108c6cb45141fe8c61","SlowFast","2_4",0,"1_4",1
"5ff7ee108c6cb45141fe8c61","SlowFast","2_4",0,"1_5",1
"5ff7ee108c6cb45141fe8c61","SlowFast","2_5",0,"1_1",1
"5ff7ee108c6cb45141fe8c61","SlowFast","2_5",0,"1_2",1
"5ff7ee108c6cb45141fe8c61","SlowFast","2_5",0,"1_3",1
"5ff7ee108c6cb45141fe8c61","SlowFast","2_5",0,"1_4",1
"5ff7ee108c6cb45141fe8c61","SlowFast","2_5",0,"1_5",1
"6697f5425b965a8e85012f54","SlowFast","2_1",1,"1_1",1
"6697f5425b965a8e85012f54","SlowFast","2_1",1,"1_2",0
"6697f5425b965a8e85012f54","SlowFast","2_1",1,"1_3",1
"6697f5425b965a8e85012f54","SlowFast","2_1",1,"1_4",0
"6697f5425b965a8e85012f54","SlowFast","2_1",1,"1_5",0
"6697f5425b965a8e85012f54","SlowFast","2_2",0,"1_1",1
"6697f5425b965a8e85012f54","SlowFast","2_2",0,"1_2",0
"6697f5425b965a8e85012f54","SlowFast","2_2",0,"1_3",1
"6697f5425b965a8e85012f54","SlowFast","2_2",0,"1_4",0
"6697f5425b965a8e85012f54","SlowFast","2_2",0,"1_5",0
"6697f5425b965a8e85012f54","SlowFast","2_3",1,"1_1",1
"6697f5425b965a8e85012f54","SlowFast","2_3",1,"1_2",0
"6697f5425b965a8e85012f54","SlowFast","2_3",1,"1_3",1
"6697f5425b965a8e85012f54","SlowFast","2_3",1,"1_4",0
"6697f5425b965a8e85012f54","SlowFast","2_3",1,"1_5",0
"6697f5425b965a8e85012f54","SlowFast","2_4",0,"1_1",1
"6697f5425b965a8e85012f54","SlowFast","2_4",0,"1_2",0
"6697f5425b965a8e85012f54","SlowFast","2_4",0,"1_3",1
"6697f5425b965a8e85012f54","SlowFast","2_4",0,"1_4",0
"6697f5425b965a8e85012f54","SlowFast","2_4",0,"1_5",0
"6697f5425b965a8e85012f54","SlowFast","2_5",0,"1_1",1
"6697f5425b965a8e85012f54","SlowFast","2_5",0,"1_2",0
"6697f5425b965a8e85012f54","SlowFast","2_5",0,"1_3",1
"6697f5425b965a8e85012f54","SlowFast","2_5",0,"1_4",0
"6697f5425b965a8e85012f54","SlowFast","2_5",0,"1_5",0
"66d9edfb2b46f520118ea289","FastSlow","2_1",1,"1_1",1
"66d9edfb2b46f520118ea289","FastSlow","2_1",1,"1_2",1
"66d9edfb2b46f520118ea289","FastSlow","2_1",1,"1_3",0
"66d9edfb2b46f520118ea289","FastSlow","2_1",1,"1_4",1
"66d9edfb2b46f520118ea289","FastSlow","2_1",1,"1_5",0
"66d9edfb2b46f520118ea289","FastSlow","2_2",0,"1_1",1
"66d9edfb2b46f520118ea289","FastSlow","2_2",0,"1_2",1
"66d9edfb2b46f520118ea289","FastSlow","2_2",0,"1_3",0
"66d9edfb2b46f520118ea289","FastSlow","2_2",0,"1_4",1
"66d9edfb2b46f520118ea289","FastSlow","2_2",0,"1_5",0
"66d9edfb2b46f520118ea289","FastSlow","2_3",1,"1_1",1
"66d9edfb2b46f520118ea289","FastSlow","2_3",1,"1_2",1
"66d9edfb2b46f520118ea289","FastSlow","2_3",1,"1_3",0
"66d9edfb2b46f520118ea289","FastSlow","2_3",1,"1_4",1
"66d9edfb2b46f520118ea289","FastSlow","2_3",1,"1_5",0
"66d9edfb2b46f520118ea289","FastSlow","2_4",0,"1_1",1
"66d9edfb2b46f520118ea289","FastSlow","2_4",0,"1_2",1
"66d9edfb2b46f520118ea289","FastSlow","2_4",0,"1_3",0
"66d9edfb2b46f520118ea289","FastSlow","2_4",0,"1_4",1
"66d9edfb2b46f520118ea289","FastSlow","2_4",0,"1_5",0
"66d9edfb2b46f520118ea289","FastSlow","2_5",0,"1_1",1
"66d9edfb2b46f520118ea289","FastSlow","2_5",0,"1_2",1
"66d9edfb2b46f520118ea289","FastSlow","2_5",0,"1_3",0
"66d9edfb2b46f520118ea289","FastSlow","2_5",0,"1_4",1
"66d9edfb2b46f520118ea289","FastSlow","2_5",0,"1_5",0
"67577f7256966a1682182626","FastSlow","2_1",0,"1_1",0
"67577f7256966a1682182626","FastSlow","2_1",0,"1_2",0
"67577f7256966a1682182626","FastSlow","2_1",0,"1_3",0
"67577f7256966a1682182626","FastSlow","2_1",0,"1_4",0
"67577f7256966a1682182626","FastSlow","2_1",0,"1_5",0
"67577f7256966a1682182626","FastSlow","2_2",0,"1_1",0
"67577f7256966a1682182626","FastSlow","2_2",0,"1_2",0
"67577f7256966a1682182626","FastSlow","2_2",0,"1_3",0
"67577f7256966a1682182626","FastSlow","2_2",0,"1_4",0
"67577f7256966a1682182626","FastSlow","2_2",0,"1_5",0
"67577f7256966a1682182626","FastSlow","2_3",0,"1_1",0
"67577f7256966a1682182626","FastSlow","2_3",0,"1_2",0
"67577f7256966a1682182626","FastSlow","2_3",0,"1_3",0
"67577f7256966a1682182626","FastSlow","2_3",0,"1_4",0
"67577f7256966a1682182626","FastSlow","2_3",0,"1_5",0
"67577f7256966a1682182626","FastSlow","2_4",0,"1_1",0
"67577f7256966a1682182626","FastSlow","2_4",0,"1_2",0
"67577f7256966a1682182626","FastSlow","2_4",0,"1_3",0
"67577f7256966a1682182626","FastSlow","2_4",0,"1_4",0
"67577f7256966a1682182626","FastSlow","2_4",0,"1_5",0
"67577f7256966a1682182626","FastSlow","2_5",0,"1_1",0
"67577f7256966a1682182626","FastSlow","2_5",0,"1_2",0
"67577f7256966a1682182626","FastSlow","2_5",0,"1_3",0
"67577f7256966a1682182626","FastSlow","2_5",0,"1_4",0
"67577f7256966a1682182626","FastSlow","2_5",0,"1_5",0
"6679d012158715ae2d03a3f7","FastSlow","2_1",0,"1_1",1
"6679d012158715ae2d03a3f7","FastSlow","2_1",0,"1_2",0
"6679d012158715ae2d03a3f7","FastSlow","2_1",0,"1_3",1
"6679d012158715ae2d03a3f7","FastSlow","2_1",0,"1_4",0
"6679d012158715ae2d03a3f7","FastSlow","2_1",0,"1_5",0
"6679d012158715ae2d03a3f7","FastSlow","2_2",0,"1_1",1
"6679d012158715ae2d03a3f7","FastSlow","2_2",0,"1_2",0
"6679d012158715ae2d03a3f7","FastSlow","2_2",0,"1_3",1
"6679d012158715ae2d03a3f7","FastSlow","2_2",0,"1_4",0
"6679d012158715ae2d03a3f7","FastSlow","2_2",0,"1_5",0
"6679d012158715ae2d03a3f7","FastSlow","2_3",0,"1_1",1
"6679d012158715ae2d03a3f7","FastSlow","2_3",0,"1_2",0
"6679d012158715ae2d03a3f7","FastSlow","2_3",0,"1_3",1
"6679d012158715ae2d03a3f7","FastSlow","2_3",0,"1_4",0
"6679d012158715ae2d03a3f7","FastSlow","2_3",0,"1_5",0
"6679d012158715ae2d03a3f7","FastSlow","2_4",0,"1_1",1
"6679d012158715ae2d03a3f7","FastSlow","2_4",0,"1_2",0
"6679d012158715ae2d03a3f7","FastSlow","2_4",0,"1_3",1
"6679d012158715ae2d03a3f7","FastSlow","2_4",0,"1_4",0
"6679d012158715ae2d03a3f7","FastSlow","2_4",0,"1_5",0
"6679d012158715ae2d03a3f7","FastSlow","2_5",0,"1_1",1
"6679d012158715ae2d03a3f7","FastSlow","2_5",0,"1_2",0
"6679d012158715ae2d03a3f7","FastSlow","2_5",0,"1_3",1
"6679d012158715ae2d03a3f7","FastSlow","2_5",0,"1_4",0
"6679d012158715ae2d03a3f7","FastSlow","2_5",0,"1_5",0
"654a5d641901737cf9ddc7dc","FastSlow","2_1",1,"1_1",1
"654a5d641901737cf9ddc7dc","FastSlow","2_1",1,"1_2",1
"654a5d641901737cf9ddc7dc","FastSlow","2_1",1,"1_3",0
"654a5d641901737cf9ddc7dc","FastSlow","2_1",1,"1_4",0
"654a5d641901737cf9ddc7dc","FastSlow","2_1",1,"1_5",0
"654a5d641901737cf9ddc7dc","FastSlow","2_2",0,"1_1",1
"654a5d641901737cf9ddc7dc","FastSlow","2_2",0,"1_2",1
"654a5d641901737cf9ddc7dc","FastSlow","2_2",0,"1_3",0
"654a5d641901737cf9ddc7dc","FastSlow","2_2",0,"1_4",0
"654a5d641901737cf9ddc7dc","FastSlow","2_2",0,"1_5",0
"654a5d641901737cf9ddc7dc","FastSlow","2_3",0,"1_1",1
"654a5d641901737cf9ddc7dc","FastSlow","2_3",0,"1_2",1
"654a5d641901737cf9ddc7dc","FastSlow","2_3",0,"1_3",0
"654a5d641901737cf9ddc7dc","FastSlow","2_3",0,"1_4",0
"654a5d641901737cf9ddc7dc","FastSlow","2_3",0,"1_5",0
"654a5d641901737cf9ddc7dc","FastSlow","2_4",0,"1_1",1
"654a5d641901737cf9ddc7dc","FastSlow","2_4",0,"1_2",1
"654a5d641901737cf9ddc7dc","FastSlow","2_4",0,"1_3",0
"654a5d641901737cf9ddc7dc","FastSlow","2_4",0,"1_4",0
"654a5d641901737cf9ddc7dc","FastSlow","2_4",0,"1_5",0
"654a5d641901737cf9ddc7dc","FastSlow","2_5",0,"1_1",1
"654a5d641901737cf9ddc7dc","FastSlow","2_5",0,"1_2",1
"654a5d641901737cf9ddc7dc","FastSlow","2_5",0,"1_3",0
"654a5d641901737cf9ddc7dc","FastSlow","2_5",0,"1_4",0
"654a5d641901737cf9ddc7dc","FastSlow","2_5",0,"1_5",0
"5e3360a4499e7932901951cb","FastSlow","2_1",1,"1_1",1
"5e3360a4499e7932901951cb","FastSlow","2_1",1,"1_2",1
"5e3360a4499e7932901951cb","FastSlow","2_1",1,"1_3",1
"5e3360a4499e7932901951cb","FastSlow","2_1",1,"1_4",0
"5e3360a4499e7932901951cb","FastSlow","2_1",1,"1_5",0
"5e3360a4499e7932901951cb","FastSlow","2_2",1,"1_1",1
"5e3360a4499e7932901951cb","FastSlow","2_2",1,"1_2",1
"5e3360a4499e7932901951cb","FastSlow","2_2",1,"1_3",1
"5e3360a4499e7932901951cb","FastSlow","2_2",1,"1_4",0
"5e3360a4499e7932901951cb","FastSlow","2_2",1,"1_5",0
"5e3360a4499e7932901951cb","FastSlow","2_3",1,"1_1",1
"5e3360a4499e7932901951cb","FastSlow","2_3",1,"1_2",1
"5e3360a4499e7932901951cb","FastSlow","2_3",1,"1_3",1
"5e3360a4499e7932901951cb","FastSlow","2_3",1,"1_4",0
"5e3360a4499e7932901951cb","FastSlow","2_3",1,"1_5",0
"5e3360a4499e7932901951cb","FastSlow","2_4",1,"1_1",1
"5e3360a4499e7932901951cb","FastSlow","2_4",1,"1_2",1
"5e3360a4499e7932901951cb","FastSlow","2_4",1,"1_3",1
"5e3360a4499e7932901951cb","FastSlow","2_4",1,"1_4",0
"5e3360a4499e7932901951cb","FastSlow","2_4",1,"1_5",0
"5e3360a4499e7932901951cb","FastSlow","2_5",0,"1_1",1
"5e3360a4499e7932901951cb","FastSlow","2_5",0,"1_2",1
"5e3360a4499e7932901951cb","FastSlow","2_5",0,"1_3",1
"5e3360a4499e7932901951cb","FastSlow","2_5",0,"1_4",0
"5e3360a4499e7932901951cb","FastSlow","2_5",0,"1_5",0
"66294cab168fcf0983e95f42","SlowFast","2_1",1,"1_1",1
"66294cab168fcf0983e95f42","SlowFast","2_1",1,"1_2",1
"66294cab168fcf0983e95f42","SlowFast","2_1",1,"1_3",1
"66294cab168fcf0983e95f42","SlowFast","2_1",1,"1_4",0
"66294cab168fcf0983e95f42","SlowFast","2_1",1,"1_5",0
"66294cab168fcf0983e95f42","SlowFast","2_2",1,"1_1",1
"66294cab168fcf0983e95f42","SlowFast","2_2",1,"1_2",1
"66294cab168fcf0983e95f42","SlowFast","2_2",1,"1_3",1
"66294cab168fcf0983e95f42","SlowFast","2_2",1,"1_4",0
"66294cab168fcf0983e95f42","SlowFast","2_2",1,"1_5",0
"66294cab168fcf0983e95f42","SlowFast","2_3",0,"1_1",1
"66294cab168fcf0983e95f42","SlowFast","2_3",0,"1_2",1
"66294cab168fcf0983e95f42","SlowFast","2_3",0,"1_3",1
"66294cab168fcf0983e95f42","SlowFast","2_3",0,"1_4",0
"66294cab168fcf0983e95f42","SlowFast","2_3",0,"1_5",0
"66294cab168fcf0983e95f42","SlowFast","2_4",1,"1_1",1
"66294cab168fcf0983e95f42","SlowFast","2_4",1,"1_2",1
"66294cab168fcf0983e95f42","SlowFast","2_4",1,"1_3",1
"66294cab168fcf0983e95f42","SlowFast","2_4",1,"1_4",0
"66294cab168fcf0983e95f42","SlowFast","2_4",1,"1_5",0
"66294cab168fcf0983e95f42","SlowFast","2_5",0,"1_1",1
"66294cab168fcf0983e95f42","SlowFast","2_5",0,"1_2",1
"66294cab168fcf0983e95f42","SlowFast","2_5",0,"1_3",1
"66294cab168fcf0983e95f42","SlowFast","2_5",0,"1_4",0
"66294cab168fcf0983e95f42","SlowFast","2_5",0,"1_5",0
"66c49506c24e39d11f5d89fc","FastSlow","2_1",1,"1_1",1
"66c49506c24e39d11f5d89fc","FastSlow","2_1",1,"1_2",1
"66c49506c24e39d11f5d89fc","FastSlow","2_1",1,"1_3",0
"66c49506c24e39d11f5d89fc","FastSlow","2_1",1,"1_4",0
"66c49506c24e39d11f5d89fc","FastSlow","2_1",1,"1_5",1
"66c49506c24e39d11f5d89fc","FastSlow","2_2",0,"1_1",1
"66c49506c24e39d11f5d89fc","FastSlow","2_2",0,"1_2",1
"66c49506c24e39d11f5d89fc","FastSlow","2_2",0,"1_3",0
"66c49506c24e39d11f5d89fc","FastSlow","2_2",0,"1_4",0
"66c49506c24e39d11f5d89fc","FastSlow","2_2",0,"1_5",1
"66c49506c24e39d11f5d89fc","FastSlow","2_3",1,"1_1",1
"66c49506c24e39d11f5d89fc","FastSlow","2_3",1,"1_2",1
"66c49506c24e39d11f5d89fc","FastSlow","2_3",1,"1_3",0
"66c49506c24e39d11f5d89fc","FastSlow","2_3",1,"1_4",0
"66c49506c24e39d11f5d89fc","FastSlow","2_3",1,"1_5",1
"66c49506c24e39d11f5d89fc","FastSlow","2_4",0,"1_1",1
"66c49506c24e39d11f5d89fc","FastSlow","2_4",0,"1_2",1
"66c49506c24e39d11f5d89fc","FastSlow","2_4",0,"1_3",0
"66c49506c24e39d11f5d89fc","FastSlow","2_4",0,"1_4",0
"66c49506c24e39d11f5d89fc","FastSlow","2_4",0,"1_5",1
"66c49506c24e39d11f5d89fc","FastSlow","2_5",0,"1_1",1
"66c49506c24e39d11f5d89fc","FastSlow","2_5",0,"1_2",1
"66c49506c24e39d11f5d89fc","FastSlow","2_5",0,"1_3",0
"66c49506c24e39d11f5d89fc","FastSlow","2_5",0,"1_4",0
"66c49506c24e39d11f5d89fc","FastSlow","2_5",0,"1_5",1
"571178ec3d47e80011635b88","SlowFast","2_1",1,"1_1",1
"571178ec3d47e80011635b88","SlowFast","2_1",1,"1_2",0
"571178ec3d47e80011635b88","SlowFast","2_1",1,"1_3",1
"571178ec3d47e80011635b88","SlowFast","2_1",1,"1_4",1
"571178ec3d47e80011635b88","SlowFast","2_1",1,"1_5",0
"571178ec3d47e80011635b88","SlowFast","2_2",1,"1_1",1
"571178ec3d47e80011635b88","SlowFast","2_2",1,"1_2",0
"571178ec3d47e80011635b88","SlowFast","2_2",1,"1_3",1
"571178ec3d47e80011635b88","SlowFast","2_2",1,"1_4",1
"571178ec3d47e80011635b88","SlowFast","2_2",1,"1_5",0
"571178ec3d47e80011635b88","SlowFast","2_3",1,"1_1",1
"571178ec3d47e80011635b88","SlowFast","2_3",1,"1_2",0
"571178ec3d47e80011635b88","SlowFast","2_3",1,"1_3",1
"571178ec3d47e80011635b88","SlowFast","2_3",1,"1_4",1
"571178ec3d47e80011635b88","SlowFast","2_3",1,"1_5",0
"571178ec3d47e80011635b88","SlowFast","2_4",1,"1_1",1
"571178ec3d47e80011635b88","SlowFast","2_4",1,"1_2",0
"571178ec3d47e80011635b88","SlowFast","2_4",1,"1_3",1
"571178ec3d47e80011635b88","SlowFast","2_4",1,"1_4",1
"571178ec3d47e80011635b88","SlowFast","2_4",1,"1_5",0
"571178ec3d47e80011635b88","SlowFast","2_5",0,"1_1",1
"571178ec3d47e80011635b88","SlowFast","2_5",0,"1_2",0
"571178ec3d47e80011635b88","SlowFast","2_5",0,"1_3",1
"571178ec3d47e80011635b88","SlowFast","2_5",0,"1_4",1
"571178ec3d47e80011635b88","SlowFast","2_5",0,"1_5",0
"655fdd950e4ff12b601483a6","FastSlow","2_1",1,"1_1",1
"655fdd950e4ff12b601483a6","FastSlow","2_1",1,"1_2",1
"655fdd950e4ff12b601483a6","FastSlow","2_1",1,"1_3",1
"655fdd950e4ff12b601483a6","FastSlow","2_1",1,"1_4",1
"655fdd950e4ff12b601483a6","FastSlow","2_1",1,"1_5",0
"655fdd950e4ff12b601483a6","FastSlow","2_2",1,"1_1",1
"655fdd950e4ff12b601483a6","FastSlow","2_2",1,"1_2",1
"655fdd950e4ff12b601483a6","FastSlow","2_2",1,"1_3",1
"655fdd950e4ff12b601483a6","FastSlow","2_2",1,"1_4",1
"655fdd950e4ff12b601483a6","FastSlow","2_2",1,"1_5",0
"655fdd950e4ff12b601483a6","FastSlow","2_3",1,"1_1",1
"655fdd950e4ff12b601483a6","FastSlow","2_3",1,"1_2",1
"655fdd950e4ff12b601483a6","FastSlow","2_3",1,"1_3",1
"655fdd950e4ff12b601483a6","FastSlow","2_3",1,"1_4",1
"655fdd950e4ff12b601483a6","FastSlow","2_3",1,"1_5",0
"655fdd950e4ff12b601483a6","FastSlow","2_4",1,"1_1",1
"655fdd950e4ff12b601483a6","FastSlow","2_4",1,"1_2",1
"655fdd950e4ff12b601483a6","FastSlow","2_4",1,"1_3",1
"655fdd950e4ff12b601483a6","FastSlow","2_4",1,"1_4",1
"655fdd950e4ff12b601483a6","FastSlow","2_4",1,"1_5",0
"655fdd950e4ff12b601483a6","FastSlow","2_5",0,"1_1",1
"655fdd950e4ff12b601483a6","FastSlow","2_5",0,"1_2",1
"655fdd950e4ff12b601483a6","FastSlow","2_5",0,"1_3",1
"655fdd950e4ff12b601483a6","FastSlow","2_5",0,"1_4",1
"655fdd950e4ff12b601483a6","FastSlow","2_5",0,"1_5",0
"6568ead5dfb561c3ba7850a4","SlowFast","2_1",0,"1_1",1
"6568ead5dfb561c3ba7850a4","SlowFast","2_1",0,"1_2",0
"6568ead5dfb561c3ba7850a4","SlowFast","2_1",0,"1_3",0
"6568ead5dfb561c3ba7850a4","SlowFast","2_1",0,"1_4",0
"6568ead5dfb561c3ba7850a4","SlowFast","2_1",0,"1_5",0
"6568ead5dfb561c3ba7850a4","SlowFast","2_2",0,"1_1",1
"6568ead5dfb561c3ba7850a4","SlowFast","2_2",0,"1_2",0
"6568ead5dfb561c3ba7850a4","SlowFast","2_2",0,"1_3",0
"6568ead5dfb561c3ba7850a4","SlowFast","2_2",0,"1_4",0
"6568ead5dfb561c3ba7850a4","SlowFast","2_2",0,"1_5",0
"6568ead5dfb561c3ba7850a4","SlowFast","2_3",0,"1_1",1
"6568ead5dfb561c3ba7850a4","SlowFast","2_3",0,"1_2",0
"6568ead5dfb561c3ba7850a4","SlowFast","2_3",0,"1_3",0
"6568ead5dfb561c3ba7850a4","SlowFast","2_3",0,"1_4",0
"6568ead5dfb561c3ba7850a4","SlowFast","2_3",0,"1_5",0
"6568ead5dfb561c3ba7850a4","SlowFast","2_4",0,"1_1",1
"6568ead5dfb561c3ba7850a4","SlowFast","2_4",0,"1_2",0
"6568ead5dfb561c3ba7850a4","SlowFast","2_4",0,"1_3",0
"6568ead5dfb561c3ba7850a4","SlowFast","2_4",0,"1_4",0
"6568ead5dfb561c3ba7850a4","SlowFast","2_4",0,"1_5",0
"6568ead5dfb561c3ba7850a4","SlowFast","2_5",0,"1_1",1
"6568ead5dfb561c3ba7850a4","SlowFast","2_5",0,"1_2",0
"6568ead5dfb561c3ba7850a4","SlowFast","2_5",0,"1_3",0
"6568ead5dfb561c3ba7850a4","SlowFast","2_5",0,"1_4",0
"6568ead5dfb561c3ba7850a4","SlowFast","2_5",0,"1_5",0
"6580563ab7a54f1d93ec09f3","SlowFast","2_1",1,"1_1",0
"6580563ab7a54f1d93ec09f3","SlowFast","2_1",1,"1_2",0
"6580563ab7a54f1d93ec09f3","SlowFast","2_1",1,"1_3",1
"6580563ab7a54f1d93ec09f3","SlowFast","2_1",1,"1_4",0
"6580563ab7a54f1d93ec09f3","SlowFast","2_1",1,"1_5",0
"6580563ab7a54f1d93ec09f3","SlowFast","2_2",0,"1_1",0
"6580563ab7a54f1d93ec09f3","SlowFast","2_2",0,"1_2",0
"6580563ab7a54f1d93ec09f3","SlowFast","2_2",0,"1_3",1
"6580563ab7a54f1d93ec09f3","SlowFast","2_2",0,"1_4",0
"6580563ab7a54f1d93ec09f3","SlowFast","2_2",0,"1_5",0
"6580563ab7a54f1d93ec09f3","SlowFast","2_3",1,"1_1",0
"6580563ab7a54f1d93ec09f3","SlowFast","2_3",1,"1_2",0
"6580563ab7a54f1d93ec09f3","SlowFast","2_3",1,"1_3",1
"6580563ab7a54f1d93ec09f3","SlowFast","2_3",1,"1_4",0
"6580563ab7a54f1d93ec09f3","SlowFast","2_3",1,"1_5",0
"6580563ab7a54f1d93ec09f3","SlowFast","2_4",0,"1_1",0
"6580563ab7a54f1d93ec09f3","SlowFast","2_4",0,"1_2",0
"6580563ab7a54f1d93ec09f3","SlowFast","2_4",0,"1_3",1
"6580563ab7a54f1d93ec09f3","SlowFast","2_4",0,"1_4",0
"6580563ab7a54f1d93ec09f3","SlowFast","2_4",0,"1_5",0
"6580563ab7a54f1d93ec09f3","SlowFast","2_5",1,"1_1",0
"6580563ab7a54f1d93ec09f3","SlowFast","2_5",1,"1_2",0
"6580563ab7a54f1d93ec09f3","SlowFast","2_5",1,"1_3",1
"6580563ab7a54f1d93ec09f3","SlowFast","2_5",1,"1_4",0
"6580563ab7a54f1d93ec09f3","SlowFast","2_5",1,"1_5",0
"671ebf7776922e1fe2259938","FastSlow","2_1",1,"1_1",1
"671ebf7776922e1fe2259938","FastSlow","2_1",1,"1_2",1
"671ebf7776922e1fe2259938","FastSlow","2_1",1,"1_3",1
"671ebf7776922e1fe2259938","FastSlow","2_1",1,"1_4",1
"671ebf7776922e1fe2259938","FastSlow","2_1",1,"1_5",0
"671ebf7776922e1fe2259938","FastSlow","2_2",1,"1_1",1
"671ebf7776922e1fe2259938","FastSlow","2_2",1,"1_2",1
"671ebf7776922e1fe2259938","FastSlow","2_2",1,"1_3",1
"671ebf7776922e1fe2259938","FastSlow","2_2",1,"1_4",1
"671ebf7776922e1fe2259938","FastSlow","2_2",1,"1_5",0
"671ebf7776922e1fe2259938","FastSlow","2_3",1,"1_1",1
"671ebf7776922e1fe2259938","FastSlow","2_3",1,"1_2",1
"671ebf7776922e1fe2259938","FastSlow","2_3",1,"1_3",1
"671ebf7776922e1fe2259938","FastSlow","2_3",1,"1_4",1
"671ebf7776922e1fe2259938","FastSlow","2_3",1,"1_5",0
"671ebf7776922e1fe2259938","FastSlow","2_4",1,"1_1",1
"671ebf7776922e1fe2259938","FastSlow","2_4",1,"1_2",1
"671ebf7776922e1fe2259938","FastSlow","2_4",1,"1_3",1
"671ebf7776922e1fe2259938","FastSlow","2_4",1,"1_4",1
"671ebf7776922e1fe2259938","FastSlow","2_4",1,"1_5",0
"671ebf7776922e1fe2259938","FastSlow","2_5",0,"1_1",1
"671ebf7776922e1fe2259938","FastSlow","2_5",0,"1_2",1
"671ebf7776922e1fe2259938","FastSlow","2_5",0,"1_3",1
"671ebf7776922e1fe2259938","FastSlow","2_5",0,"1_4",1
"671ebf7776922e1fe2259938","FastSlow","2_5",0,"1_5",0
"6638068d9ab49383d1fe00ae","SlowFast","2_1",1,"1_1",1
"6638068d9ab49383d1fe00ae","SlowFast","2_1",1,"1_2",1
"6638068d9ab49383d1fe00ae","SlowFast","2_1",1,"1_3",0
"6638068d9ab49383d1fe00ae","SlowFast","2_1",1,"1_4",0
"6638068d9ab49383d1fe00ae","SlowFast","2_1",1,"1_5",0
"6638068d9ab49383d1fe00ae","SlowFast","2_2",0,"1_1",1
"6638068d9ab49383d1fe00ae","SlowFast","2_2",0,"1_2",1
"6638068d9ab49383d1fe00ae","SlowFast","2_2",0,"1_3",0
"6638068d9ab49383d1fe00ae","SlowFast","2_2",0,"1_4",0
"6638068d9ab49383d1fe00ae","SlowFast","2_2",0,"1_5",0
"6638068d9ab49383d1fe00ae","SlowFast","2_3",0,"1_1",1
"6638068d9ab49383d1fe00ae","SlowFast","2_3",0,"1_2",1
"6638068d9ab49383d1fe00ae","SlowFast","2_3",0,"1_3",0
"6638068d9ab49383d1fe00ae","SlowFast","2_3",0,"1_4",0
"6638068d9ab49383d1fe00ae","SlowFast","2_3",0,"1_5",0
"6638068d9ab49383d1fe00ae","SlowFast","2_4",0,"1_1",1
"6638068d9ab49383d1fe00ae","SlowFast","2_4",0,"1_2",1
"6638068d9ab49383d1fe00ae","SlowFast","2_4",0,"1_3",0
"6638068d9ab49383d1fe00ae","SlowFast","2_4",0,"1_4",0
"6638068d9ab49383d1fe00ae","SlowFast","2_4",0,"1_5",0
"6638068d9ab49383d1fe00ae","SlowFast","2_5",0,"1_1",1
"6638068d9ab49383d1fe00ae","SlowFast","2_5",0,"1_2",1
"6638068d9ab49383d1fe00ae","SlowFast","2_5",0,"1_3",0
"6638068d9ab49383d1fe00ae","SlowFast","2_5",0,"1_4",0
"6638068d9ab49383d1fe00ae","SlowFast","2_5",0,"1_5",0
"63e56525a8fb39289dbe8f26","SlowFast","2_1",1,"1_1",1
"63e56525a8fb39289dbe8f26","SlowFast","2_1",1,"1_2",0
"63e56525a8fb39289dbe8f26","SlowFast","2_1",1,"1_3",0
"63e56525a8fb39289dbe8f26","SlowFast","2_1",1,"1_4",0
"63e56525a8fb39289dbe8f26","SlowFast","2_1",1,"1_5",0
"63e56525a8fb39289dbe8f26","SlowFast","2_2",0,"1_1",1
"63e56525a8fb39289dbe8f26","SlowFast","2_2",0,"1_2",0
"63e56525a8fb39289dbe8f26","SlowFast","2_2",0,"1_3",0
"63e56525a8fb39289dbe8f26","SlowFast","2_2",0,"1_4",0
"63e56525a8fb39289dbe8f26","SlowFast","2_2",0,"1_5",0
"63e56525a8fb39289dbe8f26","SlowFast","2_3",0,"1_1",1
"63e56525a8fb39289dbe8f26","SlowFast","2_3",0,"1_2",0
"63e56525a8fb39289dbe8f26","SlowFast","2_3",0,"1_3",0
"63e56525a8fb39289dbe8f26","SlowFast","2_3",0,"1_4",0
"63e56525a8fb39289dbe8f26","SlowFast","2_3",0,"1_5",0
"63e56525a8fb39289dbe8f26","SlowFast","2_4",0,"1_1",1
"63e56525a8fb39289dbe8f26","SlowFast","2_4",0,"1_2",0
"63e56525a8fb39289dbe8f26","SlowFast","2_4",0,"1_3",0
"63e56525a8fb39289dbe8f26","SlowFast","2_4",0,"1_4",0
"63e56525a8fb39289dbe8f26","SlowFast","2_4",0,"1_5",0
"63e56525a8fb39289dbe8f26","SlowFast","2_5",0,"1_1",1
"63e56525a8fb39289dbe8f26","SlowFast","2_5",0,"1_2",0
"63e56525a8fb39289dbe8f26","SlowFast","2_5",0,"1_3",0
"63e56525a8fb39289dbe8f26","SlowFast","2_5",0,"1_4",0
"63e56525a8fb39289dbe8f26","SlowFast","2_5",0,"1_5",0
"669d46e4f0740074dc39e491","FastSlow","2_1",0,"1_1",1
"669d46e4f0740074dc39e491","FastSlow","2_1",0,"1_2",0
"669d46e4f0740074dc39e491","FastSlow","2_1",0,"1_3",0
"669d46e4f0740074dc39e491","FastSlow","2_1",0,"1_4",0
"669d46e4f0740074dc39e491","FastSlow","2_1",0,"1_5",0
"669d46e4f0740074dc39e491","FastSlow","2_2",0,"1_1",1
"669d46e4f0740074dc39e491","FastSlow","2_2",0,"1_2",0
"669d46e4f0740074dc39e491","FastSlow","2_2",0,"1_3",0
"669d46e4f0740074dc39e491","FastSlow","2_2",0,"1_4",0
"669d46e4f0740074dc39e491","FastSlow","2_2",0,"1_5",0
"669d46e4f0740074dc39e491","FastSlow","2_3",0,"1_1",1
"669d46e4f0740074dc39e491","FastSlow","2_3",0,"1_2",0
"669d46e4f0740074dc39e491","FastSlow","2_3",0,"1_3",0
"669d46e4f0740074dc39e491","FastSlow","2_3",0,"1_4",0
"669d46e4f0740074dc39e491","FastSlow","2_3",0,"1_5",0
"669d46e4f0740074dc39e491","FastSlow","2_4",0,"1_1",1
"669d46e4f0740074dc39e491","FastSlow","2_4",0,"1_2",0
"669d46e4f0740074dc39e491","FastSlow","2_4",0,"1_3",0
"669d46e4f0740074dc39e491","FastSlow","2_4",0,"1_4",0
"669d46e4f0740074dc39e491","FastSlow","2_4",0,"1_5",0
"669d46e4f0740074dc39e491","FastSlow","2_5",0,"1_1",1
"669d46e4f0740074dc39e491","FastSlow","2_5",0,"1_2",0
"669d46e4f0740074dc39e491","FastSlow","2_5",0,"1_3",0
"669d46e4f0740074dc39e491","FastSlow","2_5",0,"1_4",0
"669d46e4f0740074dc39e491","FastSlow","2_5",0,"1_5",0
"6632c5d854799acad3f37450","SlowFast","2_1",1,"1_1",1
"6632c5d854799acad3f37450","SlowFast","2_1",1,"1_2",1
"6632c5d854799acad3f37450","SlowFast","2_1",1,"1_3",0
"6632c5d854799acad3f37450","SlowFast","2_1",1,"1_4",1
"6632c5d854799acad3f37450","SlowFast","2_1",1,"1_5",0
"6632c5d854799acad3f37450","SlowFast","2_2",1,"1_1",1
"6632c5d854799acad3f37450","SlowFast","2_2",1,"1_2",1
"6632c5d854799acad3f37450","SlowFast","2_2",1,"1_3",0
"6632c5d854799acad3f37450","SlowFast","2_2",1,"1_4",1
"6632c5d854799acad3f37450","SlowFast","2_2",1,"1_5",0
"6632c5d854799acad3f37450","SlowFast","2_3",1,"1_1",1
"6632c5d854799acad3f37450","SlowFast","2_3",1,"1_2",1
"6632c5d854799acad3f37450","SlowFast","2_3",1,"1_3",0
"6632c5d854799acad3f37450","SlowFast","2_3",1,"1_4",1
"6632c5d854799acad3f37450","SlowFast","2_3",1,"1_5",0
"6632c5d854799acad3f37450","SlowFast","2_4",1,"1_1",1
"6632c5d854799acad3f37450","SlowFast","2_4",1,"1_2",1
"6632c5d854799acad3f37450","SlowFast","2_4",1,"1_3",0
"6632c5d854799acad3f37450","SlowFast","2_4",1,"1_4",1
"6632c5d854799acad3f37450","SlowFast","2_4",1,"1_5",0
"6632c5d854799acad3f37450","SlowFast","2_5",1,"1_1",1
"6632c5d854799acad3f37450","SlowFast","2_5",1,"1_2",1
"6632c5d854799acad3f37450","SlowFast","2_5",1,"1_3",0
"6632c5d854799acad3f37450","SlowFast","2_5",1,"1_4",1
"6632c5d854799acad3f37450","SlowFast","2_5",1,"1_5",0
"664d3306a354afdb587d4550","FastSlow","2_1",0,"1_1",0
"664d3306a354afdb587d4550","FastSlow","2_1",0,"1_2",0
"664d3306a354afdb587d4550","FastSlow","2_1",0,"1_3",1
"664d3306a354afdb587d4550","FastSlow","2_1",0,"1_4",0
"664d3306a354afdb587d4550","FastSlow","2_1",0,"1_5",0
"664d3306a354afdb587d4550","FastSlow","2_2",0,"1_1",0
"664d3306a354afdb587d4550","FastSlow","2_2",0,"1_2",0
"664d3306a354afdb587d4550","FastSlow","2_2",0,"1_3",1
"664d3306a354afdb587d4550","FastSlow","2_2",0,"1_4",0
"664d3306a354afdb587d4550","FastSlow","2_2",0,"1_5",0
"664d3306a354afdb587d4550","FastSlow","2_3",0,"1_1",0
"664d3306a354afdb587d4550","FastSlow","2_3",0,"1_2",0
"664d3306a354afdb587d4550","FastSlow","2_3",0,"1_3",1
"664d3306a354afdb587d4550","FastSlow","2_3",0,"1_4",0
"664d3306a354afdb587d4550","FastSlow","2_3",0,"1_5",0
"664d3306a354afdb587d4550","FastSlow","2_4",0,"1_1",0
"664d3306a354afdb587d4550","FastSlow","2_4",0,"1_2",0
"664d3306a354afdb587d4550","FastSlow","2_4",0,"1_3",1
"664d3306a354afdb587d4550","FastSlow","2_4",0,"1_4",0
"664d3306a354afdb587d4550","FastSlow","2_4",0,"1_5",0
"664d3306a354afdb587d4550","FastSlow","2_5",0,"1_1",0
"664d3306a354afdb587d4550","FastSlow","2_5",0,"1_2",0
"664d3306a354afdb587d4550","FastSlow","2_5",0,"1_3",1
"664d3306a354afdb587d4550","FastSlow","2_5",0,"1_4",0
"664d3306a354afdb587d4550","FastSlow","2_5",0,"1_5",0
"6754246c81ce61cb6ffe887f","FastSlow","2_1",1,"1_1",1
"6754246c81ce61cb6ffe887f","FastSlow","2_1",1,"1_2",0
"6754246c81ce61cb6ffe887f","FastSlow","2_1",1,"1_3",0
"6754246c81ce61cb6ffe887f","FastSlow","2_1",1,"1_4",0
"6754246c81ce61cb6ffe887f","FastSlow","2_1",1,"1_5",1
"6754246c81ce61cb6ffe887f","FastSlow","2_2",1,"1_1",1
"6754246c81ce61cb6ffe887f","FastSlow","2_2",1,"1_2",0
"6754246c81ce61cb6ffe887f","FastSlow","2_2",1,"1_3",0
"6754246c81ce61cb6ffe887f","FastSlow","2_2",1,"1_4",0
"6754246c81ce61cb6ffe887f","FastSlow","2_2",1,"1_5",1
"6754246c81ce61cb6ffe887f","FastSlow","2_3",1,"1_1",1
"6754246c81ce61cb6ffe887f","FastSlow","2_3",1,"1_2",0
"6754246c81ce61cb6ffe887f","FastSlow","2_3",1,"1_3",0
"6754246c81ce61cb6ffe887f","FastSlow","2_3",1,"1_4",0
"6754246c81ce61cb6ffe887f","FastSlow","2_3",1,"1_5",1
"6754246c81ce61cb6ffe887f","FastSlow","2_4",0,"1_1",1
"6754246c81ce61cb6ffe887f","FastSlow","2_4",0,"1_2",0
"6754246c81ce61cb6ffe887f","FastSlow","2_4",0,"1_3",0
"6754246c81ce61cb6ffe887f","FastSlow","2_4",0,"1_4",0
"6754246c81ce61cb6ffe887f","FastSlow","2_4",0,"1_5",1
"6754246c81ce61cb6ffe887f","FastSlow","2_5",0,"1_1",1
"6754246c81ce61cb6ffe887f","FastSlow","2_5",0,"1_2",0
"6754246c81ce61cb6ffe887f","FastSlow","2_5",0,"1_3",0
"6754246c81ce61cb6ffe887f","FastSlow","2_5",0,"1_4",0
"6754246c81ce61cb6ffe887f","FastSlow","2_5",0,"1_5",1
"67ca78ca7413c0e71f97c9ba","SlowFast","2_1",1,"1_1",1
"67ca78ca7413c0e71f97c9ba","SlowFast","2_1",1,"1_2",0
"67ca78ca7413c0e71f97c9ba","SlowFast","2_1",1,"1_3",0
"67ca78ca7413c0e71f97c9ba","SlowFast","2_1",1,"1_4",0
"67ca78ca7413c0e71f97c9ba","SlowFast","2_1",1,"1_5",0
"67ca78ca7413c0e71f97c9ba","SlowFast","2_2",0,"1_1",1
"67ca78ca7413c0e71f97c9ba","SlowFast","2_2",0,"1_2",0
"67ca78ca7413c0e71f97c9ba","SlowFast","2_2",0,"1_3",0
"67ca78ca7413c0e71f97c9ba","SlowFast","2_2",0,"1_4",0
"67ca78ca7413c0e71f97c9ba","SlowFast","2_2",0,"1_5",0
"67ca78ca7413c0e71f97c9ba","SlowFast","2_3",0,"1_1",1
"67ca78ca7413c0e71f97c9ba","SlowFast","2_3",0,"1_2",0
"67ca78ca7413c0e71f97c9ba","SlowFast","2_3",0,"1_3",0
"67ca78ca7413c0e71f97c9ba","SlowFast","2_3",0,"1_4",0
"67ca78ca7413c0e71f97c9ba","SlowFast","2_3",0,"1_5",0
"67ca78ca7413c0e71f97c9ba","SlowFast","2_4",1,"1_1",1
"67ca78ca7413c0e71f97c9ba","SlowFast","2_4",1,"1_2",0
"67ca78ca7413c0e71f97c9ba","SlowFast","2_4",1,"1_3",0
"67ca78ca7413c0e71f97c9ba","SlowFast","2_4",1,"1_4",0
"67ca78ca7413c0e71f97c9ba","SlowFast","2_4",1,"1_5",0
"67ca78ca7413c0e71f97c9ba","SlowFast","2_5",0,"1_1",1
"67ca78ca7413c0e71f97c9ba","SlowFast","2_5",0,"1_2",0
"67ca78ca7413c0e71f97c9ba","SlowFast","2_5",0,"1_3",0
"67ca78ca7413c0e71f97c9ba","SlowFast","2_5",0,"1_4",0
"67ca78ca7413c0e71f97c9ba","SlowFast","2_5",0,"1_5",0
"691752dae4acdec500565976","FastSlow","2_1",0,"1_1",1
"691752dae4acdec500565976","FastSlow","2_1",0,"1_2",0
"691752dae4acdec500565976","FastSlow","2_1",0,"1_3",0
"691752dae4acdec500565976","FastSlow","2_1",0,"1_4",0
"691752dae4acdec500565976","FastSlow","2_1",0,"1_5",0
"691752dae4acdec500565976","FastSlow","2_2",0,"1_1",1
"691752dae4acdec500565976","FastSlow","2_2",0,"1_2",0
"691752dae4acdec500565976","FastSlow","2_2",0,"1_3",0
"691752dae4acdec500565976","FastSlow","2_2",0,"1_4",0
"691752dae4acdec500565976","FastSlow","2_2",0,"1_5",0
"691752dae4acdec500565976","FastSlow","2_3",0,"1_1",1
"691752dae4acdec500565976","FastSlow","2_3",0,"1_2",0
"691752dae4acdec500565976","FastSlow","2_3",0,"1_3",0
"691752dae4acdec500565976","FastSlow","2_3",0,"1_4",0
"691752dae4acdec500565976","FastSlow","2_3",0,"1_5",0
"691752dae4acdec500565976","FastSlow","2_4",0,"1_1",1
"691752dae4acdec500565976","FastSlow","2_4",0,"1_2",0
"691752dae4acdec500565976","FastSlow","2_4",0,"1_3",0
"691752dae4acdec500565976","FastSlow","2_4",0,"1_4",0
"691752dae4acdec500565976","FastSlow","2_4",0,"1_5",0
"691752dae4acdec500565976","FastSlow","2_5",0,"1_1",1
"691752dae4acdec500565976","FastSlow","2_5",0,"1_2",0
"691752dae4acdec500565976","FastSlow","2_5",0,"1_3",0
"691752dae4acdec500565976","FastSlow","2_5",0,"1_4",0
"691752dae4acdec500565976","FastSlow","2_5",0,"1_5",0
"5ff238852178d171f9c973b7","SlowFast","2_1",1,"1_1",1
"5ff238852178d171f9c973b7","SlowFast","2_1",1,"1_2",1
"5ff238852178d171f9c973b7","SlowFast","2_1",1,"1_3",0
"5ff238852178d171f9c973b7","SlowFast","2_1",1,"1_4",0
"5ff238852178d171f9c973b7","SlowFast","2_1",1,"1_5",0
"5ff238852178d171f9c973b7","SlowFast","2_2",1,"1_1",1
"5ff238852178d171f9c973b7","SlowFast","2_2",1,"1_2",1
"5ff238852178d171f9c973b7","SlowFast","2_2",1,"1_3",0
"5ff238852178d171f9c973b7","SlowFast","2_2",1,"1_4",0
"5ff238852178d171f9c973b7","SlowFast","2_2",1,"1_5",0
"5ff238852178d171f9c973b7","SlowFast","2_3",0,"1_1",1
"5ff238852178d171f9c973b7","SlowFast","2_3",0,"1_2",1
"5ff238852178d171f9c973b7","SlowFast","2_3",0,"1_3",0
"5ff238852178d171f9c973b7","SlowFast","2_3",0,"1_4",0
"5ff238852178d171f9c973b7","SlowFast","2_3",0,"1_5",0
"5ff238852178d171f9c973b7","SlowFast","2_4",0,"1_1",1
"5ff238852178d171f9c973b7","SlowFast","2_4",0,"1_2",1
"5ff238852178d171f9c973b7","SlowFast","2_4",0,"1_3",0
"5ff238852178d171f9c973b7","SlowFast","2_4",0,"1_4",0
"5ff238852178d171f9c973b7","SlowFast","2_4",0,"1_5",0
"5ff238852178d171f9c973b7","SlowFast","2_5",0,"1_1",1
"5ff238852178d171f9c973b7","SlowFast","2_5",0,"1_2",1
"5ff238852178d171f9c973b7","SlowFast","2_5",0,"1_3",0
"5ff238852178d171f9c973b7","SlowFast","2_5",0,"1_4",0
"5ff238852178d171f9c973b7","SlowFast","2_5",0,"1_5",0
"5e6687c2666c4a40886ebc43","FastSlow","2_1",0,"1_1",1
"5e6687c2666c4a40886ebc43","FastSlow","2_1",0,"1_2",0
"5e6687c2666c4a40886ebc43","FastSlow","2_1",0,"1_3",0
"5e6687c2666c4a40886ebc43","FastSlow","2_1",0,"1_4",1
"5e6687c2666c4a40886ebc43","FastSlow","2_1",0,"1_5",0
"5e6687c2666c4a40886ebc43","FastSlow","2_2",0,"1_1",1
"5e6687c2666c4a40886ebc43","FastSlow","2_2",0,"1_2",0
"5e6687c2666c4a40886ebc43","FastSlow","2_2",0,"1_3",0
"5e6687c2666c4a40886ebc43","FastSlow","2_2",0,"1_4",1
"5e6687c2666c4a40886ebc43","FastSlow","2_2",0,"1_5",0
"5e6687c2666c4a40886ebc43","FastSlow","2_3",0,"1_1",1
"5e6687c2666c4a40886ebc43","FastSlow","2_3",0,"1_2",0
"5e6687c2666c4a40886ebc43","FastSlow","2_3",0,"1_3",0
"5e6687c2666c4a40886ebc43","FastSlow","2_3",0,"1_4",1
"5e6687c2666c4a40886ebc43","FastSlow","2_3",0,"1_5",0
"5e6687c2666c4a40886ebc43","FastSlow","2_4",0,"1_1",1
"5e6687c2666c4a40886ebc43","FastSlow","2_4",0,"1_2",0
"5e6687c2666c4a40886ebc43","FastSlow","2_4",0,"1_3",0
"5e6687c2666c4a40886ebc43","FastSlow","2_4",0,"1_4",1
"5e6687c2666c4a40886ebc43","FastSlow","2_4",0,"1_5",0
"5e6687c2666c4a40886ebc43","FastSlow","2_5",0,"1_1",1
"5e6687c2666c4a40886ebc43","FastSlow","2_5",0,"1_2",0
"5e6687c2666c4a40886ebc43","FastSlow","2_5",0,"1_3",0
"5e6687c2666c4a40886ebc43","FastSlow","2_5",0,"1_4",1
"5e6687c2666c4a40886ebc43","FastSlow","2_5",0,"1_5",0
"676edb8ebfddac82b8e23c49","FastSlow","2_1",1,"1_1",1
"676edb8ebfddac82b8e23c49","FastSlow","2_1",1,"1_2",1
"676edb8ebfddac82b8e23c49","FastSlow","2_1",1,"1_3",1
"676edb8ebfddac82b8e23c49","FastSlow","2_1",1,"1_4",1
"676edb8ebfddac82b8e23c49","FastSlow","2_1",1,"1_5",0
"676edb8ebfddac82b8e23c49","FastSlow","2_2",0,"1_1",1
"676edb8ebfddac82b8e23c49","FastSlow","2_2",0,"1_2",1
"676edb8ebfddac82b8e23c49","FastSlow","2_2",0,"1_3",1
"676edb8ebfddac82b8e23c49","FastSlow","2_2",0,"1_4",1
"676edb8ebfddac82b8e23c49","FastSlow","2_2",0,"1_5",0
"676edb8ebfddac82b8e23c49","FastSlow","2_3",1,"1_1",1
"676edb8ebfddac82b8e23c49","FastSlow","2_3",1,"1_2",1
"676edb8ebfddac82b8e23c49","FastSlow","2_3",1,"1_3",1
"676edb8ebfddac82b8e23c49","FastSlow","2_3",1,"1_4",1
"676edb8ebfddac82b8e23c49","FastSlow","2_3",1,"1_5",0
"676edb8ebfddac82b8e23c49","FastSlow","2_4",0,"1_1",1
"676edb8ebfddac82b8e23c49","FastSlow","2_4",0,"1_2",1
"676edb8ebfddac82b8e23c49","FastSlow","2_4",0,"1_3",1
"676edb8ebfddac82b8e23c49","FastSlow","2_4",0,"1_4",1
"676edb8ebfddac82b8e23c49","FastSlow","2_4",0,"1_5",0
"676edb8ebfddac82b8e23c49","FastSlow","2_5",0,"1_1",1
"676edb8ebfddac82b8e23c49","FastSlow","2_5",0,"1_2",1
"676edb8ebfddac82b8e23c49","FastSlow","2_5",0,"1_3",1
"676edb8ebfddac82b8e23c49","FastSlow","2_5",0,"1_4",1
"676edb8ebfddac82b8e23c49","FastSlow","2_5",0,"1_5",0
"5cbb9a4b96211700015d0e2b","SlowFast","2_1",1,"1_1",1
"5cbb9a4b96211700015d0e2b","SlowFast","2_1",1,"1_2",1
"5cbb9a4b96211700015d0e2b","SlowFast","2_1",1,"1_3",1
"5cbb9a4b96211700015d0e2b","SlowFast","2_1",1,"1_4",1
"5cbb9a4b96211700015d0e2b","SlowFast","2_1",1,"1_5",0
"5cbb9a4b96211700015d0e2b","SlowFast","2_2",1,"1_1",1
"5cbb9a4b96211700015d0e2b","SlowFast","2_2",1,"1_2",1
"5cbb9a4b96211700015d0e2b","SlowFast","2_2",1,"1_3",1
"5cbb9a4b96211700015d0e2b","SlowFast","2_2",1,"1_4",1
"5cbb9a4b96211700015d0e2b","SlowFast","2_2",1,"1_5",0
"5cbb9a4b96211700015d0e2b","SlowFast","2_3",1,"1_1",1
"5cbb9a4b96211700015d0e2b","SlowFast","2_3",1,"1_2",1
"5cbb9a4b96211700015d0e2b","SlowFast","2_3",1,"1_3",1
"5cbb9a4b96211700015d0e2b","SlowFast","2_3",1,"1_4",1
"5cbb9a4b96211700015d0e2b","SlowFast","2_3",1,"1_5",0
"5cbb9a4b96211700015d0e2b","SlowFast","2_4",1,"1_1",1
"5cbb9a4b96211700015d0e2b","SlowFast","2_4",1,"1_2",1
"5cbb9a4b96211700015d0e2b","SlowFast","2_4",1,"1_3",1
"5cbb9a4b96211700015d0e2b","SlowFast","2_4",1,"1_4",1
"5cbb9a4b96211700015d0e2b","SlowFast","2_4",1,"1_5",0
"5cbb9a4b96211700015d0e2b","SlowFast","2_5",0,"1_1",1
"5cbb9a4b96211700015d0e2b","SlowFast","2_5",0,"1_2",1
"5cbb9a4b96211700015d0e2b","SlowFast","2_5",0,"1_3",1
"5cbb9a4b96211700015d0e2b","SlowFast","2_5",0,"1_4",1
"5cbb9a4b96211700015d0e2b","SlowFast","2_5",0,"1_5",0
"670d2af9c00f086b201e9f70","SlowFast","2_1",1,"1_1",1
"670d2af9c00f086b201e9f70","SlowFast","2_1",1,"1_2",0
"670d2af9c00f086b201e9f70","SlowFast","2_1",1,"1_3",1
"670d2af9c00f086b201e9f70","SlowFast","2_1",1,"1_4",0
"670d2af9c00f086b201e9f70","SlowFast","2_1",1,"1_5",0
"670d2af9c00f086b201e9f70","SlowFast","2_2",0,"1_1",1
"670d2af9c00f086b201e9f70","SlowFast","2_2",0,"1_2",0
"670d2af9c00f086b201e9f70","SlowFast","2_2",0,"1_3",1
"670d2af9c00f086b201e9f70","SlowFast","2_2",0,"1_4",0
"670d2af9c00f086b201e9f70","SlowFast","2_2",0,"1_5",0
"670d2af9c00f086b201e9f70","SlowFast","2_3",0,"1_1",1
"670d2af9c00f086b201e9f70","SlowFast","2_3",0,"1_2",0
"670d2af9c00f086b201e9f70","SlowFast","2_3",0,"1_3",1
"670d2af9c00f086b201e9f70","SlowFast","2_3",0,"1_4",0
"670d2af9c00f086b201e9f70","SlowFast","2_3",0,"1_5",0
"670d2af9c00f086b201e9f70","SlowFast","2_4",0,"1_1",1
"670d2af9c00f086b201e9f70","SlowFast","2_4",0,"1_2",0
"670d2af9c00f086b201e9f70","SlowFast","2_4",0,"1_3",1
"670d2af9c00f086b201e9f70","SlowFast","2_4",0,"1_4",0
"670d2af9c00f086b201e9f70","SlowFast","2_4",0,"1_5",0
"670d2af9c00f086b201e9f70","SlowFast","2_5",0,"1_1",1
"670d2af9c00f086b201e9f70","SlowFast","2_5",0,"1_2",0
"670d2af9c00f086b201e9f70","SlowFast","2_5",0,"1_3",1
"670d2af9c00f086b201e9f70","SlowFast","2_5",0,"1_4",0
"670d2af9c00f086b201e9f70","SlowFast","2_5",0,"1_5",0
"5e1ba7e1085a1c3dd2db39fc","SlowFast","2_1",1,"1_1",1
"5e1ba7e1085a1c3dd2db39fc","SlowFast","2_1",1,"1_2",1
"5e1ba7e1085a1c3dd2db39fc","SlowFast","2_1",1,"1_3",0
"5e1ba7e1085a1c3dd2db39fc","SlowFast","2_1",1,"1_4",0
"5e1ba7e1085a1c3dd2db39fc","SlowFast","2_1",1,"1_5",0
"5e1ba7e1085a1c3dd2db39fc","SlowFast","2_2",1,"1_1",1
"5e1ba7e1085a1c3dd2db39fc","SlowFast","2_2",1,"1_2",1
"5e1ba7e1085a1c3dd2db39fc","SlowFast","2_2",1,"1_3",0
"5e1ba7e1085a1c3dd2db39fc","SlowFast","2_2",1,"1_4",0
"5e1ba7e1085a1c3dd2db39fc","SlowFast","2_2",1,"1_5",0
"5e1ba7e1085a1c3dd2db39fc","SlowFast","2_3",1,"1_1",1
"5e1ba7e1085a1c3dd2db39fc","SlowFast","2_3",1,"1_2",1
"5e1ba7e1085a1c3dd2db39fc","SlowFast","2_3",1,"1_3",0
"5e1ba7e1085a1c3dd2db39fc","SlowFast","2_3",1,"1_4",0
"5e1ba7e1085a1c3dd2db39fc","SlowFast","2_3",1,"1_5",0
"5e1ba7e1085a1c3dd2db39fc","SlowFast","2_4",0,"1_1",1
"5e1ba7e1085a1c3dd2db39fc","SlowFast","2_4",0,"1_2",1
"5e1ba7e1085a1c3dd2db39fc","SlowFast","2_4",0,"1_3",0
"5e1ba7e1085a1c3dd2db39fc","SlowFast","2_4",0,"1_4",0
"5e1ba7e1085a1c3dd2db39fc","SlowFast","2_4",0,"1_5",0
"5e1ba7e1085a1c3dd2db39fc","SlowFast","2_5",0,"1_1",1
"5e1ba7e1085a1c3dd2db39fc","SlowFast","2_5",0,"1_2",1
"5e1ba7e1085a1c3dd2db39fc","SlowFast","2_5",0,"1_3",0
"5e1ba7e1085a1c3dd2db39fc","SlowFast","2_5",0,"1_4",0
"5e1ba7e1085a1c3dd2db39fc","SlowFast","2_5",0,"1_5",0
"66be5fde262694b5262482b1","FastSlow","2_1",1,"1_1",1
"66be5fde262694b5262482b1","FastSlow","2_1",1,"1_2",1
"66be5fde262694b5262482b1","FastSlow","2_1",1,"1_3",1
"66be5fde262694b5262482b1","FastSlow","2_1",1,"1_4",1
"66be5fde262694b5262482b1","FastSlow","2_1",1,"1_5",0
"66be5fde262694b5262482b1","FastSlow","2_2",1,"1_1",1
"66be5fde262694b5262482b1","FastSlow","2_2",1,"1_2",1
"66be5fde262694b5262482b1","FastSlow","2_2",1,"1_3",1
"66be5fde262694b5262482b1","FastSlow","2_2",1,"1_4",1
"66be5fde262694b5262482b1","FastSlow","2_2",1,"1_5",0
"66be5fde262694b5262482b1","FastSlow","2_3",1,"1_1",1
"66be5fde262694b5262482b1","FastSlow","2_3",1,"1_2",1
"66be5fde262694b5262482b1","FastSlow","2_3",1,"1_3",1
"66be5fde262694b5262482b1","FastSlow","2_3",1,"1_4",1
"66be5fde262694b5262482b1","FastSlow","2_3",1,"1_5",0
"66be5fde262694b5262482b1","FastSlow","2_4",0,"1_1",1
"66be5fde262694b5262482b1","FastSlow","2_4",0,"1_2",1
"66be5fde262694b5262482b1","FastSlow","2_4",0,"1_3",1
"66be5fde262694b5262482b1","FastSlow","2_4",0,"1_4",1
"66be5fde262694b5262482b1","FastSlow","2_4",0,"1_5",0
"66be5fde262694b5262482b1","FastSlow","2_5",0,"1_1",1
"66be5fde262694b5262482b1","FastSlow","2_5",0,"1_2",1
"66be5fde262694b5262482b1","FastSlow","2_5",0,"1_3",1
"66be5fde262694b5262482b1","FastSlow","2_5",0,"1_4",1
"66be5fde262694b5262482b1","FastSlow","2_5",0,"1_5",0
"6645755c72f71662e832dfb8","FastSlow","2_1",1,"1_1",1
"6645755c72f71662e832dfb8","FastSlow","2_1",1,"1_2",1
"6645755c72f71662e832dfb8","FastSlow","2_1",1,"1_3",1
"6645755c72f71662e832dfb8","FastSlow","2_1",1,"1_4",1
"6645755c72f71662e832dfb8","FastSlow","2_1",1,"1_5",0
"6645755c72f71662e832dfb8","FastSlow","2_2",0,"1_1",1
"6645755c72f71662e832dfb8","FastSlow","2_2",0,"1_2",1
"6645755c72f71662e832dfb8","FastSlow","2_2",0,"1_3",1
"6645755c72f71662e832dfb8","FastSlow","2_2",0,"1_4",1
"6645755c72f71662e832dfb8","FastSlow","2_2",0,"1_5",0
"6645755c72f71662e832dfb8","FastSlow","2_3",1,"1_1",1
"6645755c72f71662e832dfb8","FastSlow","2_3",1,"1_2",1
"6645755c72f71662e832dfb8","FastSlow","2_3",1,"1_3",1
"6645755c72f71662e832dfb8","FastSlow","2_3",1,"1_4",1
"6645755c72f71662e832dfb8","FastSlow","2_3",1,"1_5",0
"6645755c72f71662e832dfb8","FastSlow","2_4",0,"1_1",1
"6645755c72f71662e832dfb8","FastSlow","2_4",0,"1_2",1
"6645755c72f71662e832dfb8","FastSlow","2_4",0,"1_3",1
"6645755c72f71662e832dfb8","FastSlow","2_4",0,"1_4",1
"6645755c72f71662e832dfb8","FastSlow","2_4",0,"1_5",0
"6645755c72f71662e832dfb8","FastSlow","2_5",0,"1_1",1
"6645755c72f71662e832dfb8","FastSlow","2_5",0,"1_2",1
"6645755c72f71662e832dfb8","FastSlow","2_5",0,"1_3",1
"6645755c72f71662e832dfb8","FastSlow","2_5",0,"1_4",1
"6645755c72f71662e832dfb8","FastSlow","2_5",0,"1_5",0
"5f596d05be96271c16fe1106","SlowFast","2_1",1,"1_1",1
"5f596d05be96271c16fe1106","SlowFast","2_1",1,"1_2",0
"5f596d05be96271c16fe1106","SlowFast","2_1",1,"1_3",1
"5f596d05be96271c16fe1106","SlowFast","2_1",1,"1_4",0
"5f596d05be96271c16fe1106","SlowFast","2_1",1,"1_5",0
"5f596d05be96271c16fe1106","SlowFast","2_2",1,"1_1",1
"5f596d05be96271c16fe1106","SlowFast","2_2",1,"1_2",0
"5f596d05be96271c16fe1106","SlowFast","2_2",1,"1_3",1
"5f596d05be96271c16fe1106","SlowFast","2_2",1,"1_4",0
"5f596d05be96271c16fe1106","SlowFast","2_2",1,"1_5",0
"5f596d05be96271c16fe1106","SlowFast","2_3",1,"1_1",1
"5f596d05be96271c16fe1106","SlowFast","2_3",1,"1_2",0
"5f596d05be96271c16fe1106","SlowFast","2_3",1,"1_3",1
"5f596d05be96271c16fe1106","SlowFast","2_3",1,"1_4",0
"5f596d05be96271c16fe1106","SlowFast","2_3",1,"1_5",0
"5f596d05be96271c16fe1106","SlowFast","2_4",0,"1_1",1
"5f596d05be96271c16fe1106","SlowFast","2_4",0,"1_2",0
"5f596d05be96271c16fe1106","SlowFast","2_4",0,"1_3",1
"5f596d05be96271c16fe1106","SlowFast","2_4",0,"1_4",0
"5f596d05be96271c16fe1106","SlowFast","2_4",0,"1_5",0
"5f596d05be96271c16fe1106","SlowFast","2_5",0,"1_1",1
"5f596d05be96271c16fe1106","SlowFast","2_5",0,"1_2",0
"5f596d05be96271c16fe1106","SlowFast","2_5",0,"1_3",1
"5f596d05be96271c16fe1106","SlowFast","2_5",0,"1_4",0
"5f596d05be96271c16fe1106","SlowFast","2_5",0,"1_5",0
"671877457b87685e1d42f63c","FastSlow","2_1",0,"1_1",1
"671877457b87685e1d42f63c","FastSlow","2_1",0,"1_2",1
"671877457b87685e1d42f63c","FastSlow","2_1",0,"1_3",0
"671877457b87685e1d42f63c","FastSlow","2_1",0,"1_4",0
"671877457b87685e1d42f63c","FastSlow","2_1",0,"1_5",0
"671877457b87685e1d42f63c","FastSlow","2_2",0,"1_1",1
"671877457b87685e1d42f63c","FastSlow","2_2",0,"1_2",1
"671877457b87685e1d42f63c","FastSlow","2_2",0,"1_3",0
"671877457b87685e1d42f63c","FastSlow","2_2",0,"1_4",0
"671877457b87685e1d42f63c","FastSlow","2_2",0,"1_5",0
"671877457b87685e1d42f63c","FastSlow","2_3",0,"1_1",1
"671877457b87685e1d42f63c","FastSlow","2_3",0,"1_2",1
"671877457b87685e1d42f63c","FastSlow","2_3",0,"1_3",0
"671877457b87685e1d42f63c","FastSlow","2_3",0,"1_4",0
"671877457b87685e1d42f63c","FastSlow","2_3",0,"1_5",0
"671877457b87685e1d42f63c","FastSlow","2_4",0,"1_1",1
"671877457b87685e1d42f63c","FastSlow","2_4",0,"1_2",1
"671877457b87685e1d42f63c","FastSlow","2_4",0,"1_3",0
"671877457b87685e1d42f63c","FastSlow","2_4",0,"1_4",0
"671877457b87685e1d42f63c","FastSlow","2_4",0,"1_5",0
"671877457b87685e1d42f63c","FastSlow","2_5",0,"1_1",1
"671877457b87685e1d42f63c","FastSlow","2_5",0,"1_2",1
"671877457b87685e1d42f63c","FastSlow","2_5",0,"1_3",0
"671877457b87685e1d42f63c","FastSlow","2_5",0,"1_4",0
"671877457b87685e1d42f63c","FastSlow","2_5",0,"1_5",0
"65763705270241e5da3da60c","SlowFast","2_1",1,"1_1",1
"65763705270241e5da3da60c","SlowFast","2_1",1,"1_2",0
"65763705270241e5da3da60c","SlowFast","2_1",1,"1_3",0
"65763705270241e5da3da60c","SlowFast","2_1",1,"1_4",0
"65763705270241e5da3da60c","SlowFast","2_1",1,"1_5",0
"65763705270241e5da3da60c","SlowFast","2_2",1,"1_1",1
"65763705270241e5da3da60c","SlowFast","2_2",1,"1_2",0
"65763705270241e5da3da60c","SlowFast","2_2",1,"1_3",0
"65763705270241e5da3da60c","SlowFast","2_2",1,"1_4",0
"65763705270241e5da3da60c","SlowFast","2_2",1,"1_5",0
"65763705270241e5da3da60c","SlowFast","2_3",0,"1_1",1
"65763705270241e5da3da60c","SlowFast","2_3",0,"1_2",0
"65763705270241e5da3da60c","SlowFast","2_3",0,"1_3",0
"65763705270241e5da3da60c","SlowFast","2_3",0,"1_4",0
"65763705270241e5da3da60c","SlowFast","2_3",0,"1_5",0
"65763705270241e5da3da60c","SlowFast","2_4",0,"1_1",1
"65763705270241e5da3da60c","SlowFast","2_4",0,"1_2",0
"65763705270241e5da3da60c","SlowFast","2_4",0,"1_3",0
"65763705270241e5da3da60c","SlowFast","2_4",0,"1_4",0
"65763705270241e5da3da60c","SlowFast","2_4",0,"1_5",0
"65763705270241e5da3da60c","SlowFast","2_5",1,"1_1",1
"65763705270241e5da3da60c","SlowFast","2_5",1,"1_2",0
"65763705270241e5da3da60c","SlowFast","2_5",1,"1_3",0
"65763705270241e5da3da60c","SlowFast","2_5",1,"1_4",0
"65763705270241e5da3da60c","SlowFast","2_5",1,"1_5",0
"60fd588771ae861f9244f93d","SlowFast","2_1",0,"1_1",0
"60fd588771ae861f9244f93d","SlowFast","2_1",0,"1_2",0
"60fd588771ae861f9244f93d","SlowFast","2_1",0,"1_3",0
"60fd588771ae861f9244f93d","SlowFast","2_1",0,"1_4",0
"60fd588771ae861f9244f93d","SlowFast","2_1",0,"1_5",0
"60fd588771ae861f9244f93d","SlowFast","2_2",0,"1_1",0
"60fd588771ae861f9244f93d","SlowFast","2_2",0,"1_2",0
"60fd588771ae861f9244f93d","SlowFast","2_2",0,"1_3",0
"60fd588771ae861f9244f93d","SlowFast","2_2",0,"1_4",0
"60fd588771ae861f9244f93d","SlowFast","2_2",0,"1_5",0
"60fd588771ae861f9244f93d","SlowFast","2_3",1,"1_1",0
"60fd588771ae861f9244f93d","SlowFast","2_3",1,"1_2",0
"60fd588771ae861f9244f93d","SlowFast","2_3",1,"1_3",0
"60fd588771ae861f9244f93d","SlowFast","2_3",1,"1_4",0
"60fd588771ae861f9244f93d","SlowFast","2_3",1,"1_5",0
"60fd588771ae861f9244f93d","SlowFast","2_4",0,"1_1",0
"60fd588771ae861f9244f93d","SlowFast","2_4",0,"1_2",0
"60fd588771ae861f9244f93d","SlowFast","2_4",0,"1_3",0
"60fd588771ae861f9244f93d","SlowFast","2_4",0,"1_4",0
"60fd588771ae861f9244f93d","SlowFast","2_4",0,"1_5",0
"60fd588771ae861f9244f93d","SlowFast","2_5",0,"1_1",0
"60fd588771ae861f9244f93d","SlowFast","2_5",0,"1_2",0
"60fd588771ae861f9244f93d","SlowFast","2_5",0,"1_3",0
"60fd588771ae861f9244f93d","SlowFast","2_5",0,"1_4",0
"60fd588771ae861f9244f93d","SlowFast","2_5",0,"1_5",0
"66520f31e4b5df0b6b365ed3","SlowFast","2_1",1,"1_1",1
"66520f31e4b5df0b6b365ed3","SlowFast","2_1",1,"1_2",0
"66520f31e4b5df0b6b365ed3","SlowFast","2_1",1,"1_3",0
"66520f31e4b5df0b6b365ed3","SlowFast","2_1",1,"1_4",0
"66520f31e4b5df0b6b365ed3","SlowFast","2_1",1,"1_5",0
"66520f31e4b5df0b6b365ed3","SlowFast","2_2",1,"1_1",1
"66520f31e4b5df0b6b365ed3","SlowFast","2_2",1,"1_2",0
"66520f31e4b5df0b6b365ed3","SlowFast","2_2",1,"1_3",0
"66520f31e4b5df0b6b365ed3","SlowFast","2_2",1,"1_4",0
"66520f31e4b5df0b6b365ed3","SlowFast","2_2",1,"1_5",0
"66520f31e4b5df0b6b365ed3","SlowFast","2_3",1,"1_1",1
"66520f31e4b5df0b6b365ed3","SlowFast","2_3",1,"1_2",0
"66520f31e4b5df0b6b365ed3","SlowFast","2_3",1,"1_3",0
"66520f31e4b5df0b6b365ed3","SlowFast","2_3",1,"1_4",0
"66520f31e4b5df0b6b365ed3","SlowFast","2_3",1,"1_5",0
"66520f31e4b5df0b6b365ed3","SlowFast","2_4",0,"1_1",1
"66520f31e4b5df0b6b365ed3","SlowFast","2_4",0,"1_2",0
"66520f31e4b5df0b6b365ed3","SlowFast","2_4",0,"1_3",0
"66520f31e4b5df0b6b365ed3","SlowFast","2_4",0,"1_4",0
"66520f31e4b5df0b6b365ed3","SlowFast","2_4",0,"1_5",0
"66520f31e4b5df0b6b365ed3","SlowFast","2_5",0,"1_1",1
"66520f31e4b5df0b6b365ed3","SlowFast","2_5",0,"1_2",0
"66520f31e4b5df0b6b365ed3","SlowFast","2_5",0,"1_3",0
"66520f31e4b5df0b6b365ed3","SlowFast","2_5",0,"1_4",0
"66520f31e4b5df0b6b365ed3","SlowFast","2_5",0,"1_5",0
"662949c833c1030e15fc33af","FastSlow","2_1",1,"1_1",0
"662949c833c1030e15fc33af","FastSlow","2_1",1,"1_2",1
"662949c833c1030e15fc33af","FastSlow","2_1",1,"1_3",1
"662949c833c1030e15fc33af","FastSlow","2_1",1,"1_4",1
"662949c833c1030e15fc33af","FastSlow","2_1",1,"1_5",0
"662949c833c1030e15fc33af","FastSlow","2_2",1,"1_1",0
"662949c833c1030e15fc33af","FastSlow","2_2",1,"1_2",1
"662949c833c1030e15fc33af","FastSlow","2_2",1,"1_3",1
"662949c833c1030e15fc33af","FastSlow","2_2",1,"1_4",1
"662949c833c1030e15fc33af","FastSlow","2_2",1,"1_5",0
"662949c833c1030e15fc33af","FastSlow","2_3",1,"1_1",0
"662949c833c1030e15fc33af","FastSlow","2_3",1,"1_2",1
"662949c833c1030e15fc33af","FastSlow","2_3",1,"1_3",1
"662949c833c1030e15fc33af","FastSlow","2_3",1,"1_4",1
"662949c833c1030e15fc33af","FastSlow","2_3",1,"1_5",0
"662949c833c1030e15fc33af","FastSlow","2_4",1,"1_1",0
"662949c833c1030e15fc33af","FastSlow","2_4",1,"1_2",1
"662949c833c1030e15fc33af","FastSlow","2_4",1,"1_3",1
"662949c833c1030e15fc33af","FastSlow","2_4",1,"1_4",1
"662949c833c1030e15fc33af","FastSlow","2_4",1,"1_5",0
"662949c833c1030e15fc33af","FastSlow","2_5",0,"1_1",0
"662949c833c1030e15fc33af","FastSlow","2_5",0,"1_2",1
"662949c833c1030e15fc33af","FastSlow","2_5",0,"1_3",1
"662949c833c1030e15fc33af","FastSlow","2_5",0,"1_4",1
"662949c833c1030e15fc33af","FastSlow","2_5",0,"1_5",0
"691dced9f97f5138c31d2ab8","FastSlow","2_1",1,"1_1",1
"691dced9f97f5138c31d2ab8","FastSlow","2_1",1,"1_2",1
"691dced9f97f5138c31d2ab8","FastSlow","2_1",1,"1_3",1
"691dced9f97f5138c31d2ab8","FastSlow","2_1",1,"1_4",1
"691dced9f97f5138c31d2ab8","FastSlow","2_1",1,"1_5",0
"691dced9f97f5138c31d2ab8","FastSlow","2_2",0,"1_1",1
"691dced9f97f5138c31d2ab8","FastSlow","2_2",0,"1_2",1
"691dced9f97f5138c31d2ab8","FastSlow","2_2",0,"1_3",1
"691dced9f97f5138c31d2ab8","FastSlow","2_2",0,"1_4",1
"691dced9f97f5138c31d2ab8","FastSlow","2_2",0,"1_5",0
"691dced9f97f5138c31d2ab8","FastSlow","2_3",1,"1_1",1
"691dced9f97f5138c31d2ab8","FastSlow","2_3",1,"1_2",1
"691dced9f97f5138c31d2ab8","FastSlow","2_3",1,"1_3",1
"691dced9f97f5138c31d2ab8","FastSlow","2_3",1,"1_4",1
"691dced9f97f5138c31d2ab8","FastSlow","2_3",1,"1_5",0
"691dced9f97f5138c31d2ab8","FastSlow","2_4",0,"1_1",1
"691dced9f97f5138c31d2ab8","FastSlow","2_4",0,"1_2",1
"691dced9f97f5138c31d2ab8","FastSlow","2_4",0,"1_3",1
"691dced9f97f5138c31d2ab8","FastSlow","2_4",0,"1_4",1
"691dced9f97f5138c31d2ab8","FastSlow","2_4",0,"1_5",0
"691dced9f97f5138c31d2ab8","FastSlow","2_5",0,"1_1",1
"691dced9f97f5138c31d2ab8","FastSlow","2_5",0,"1_2",1
"691dced9f97f5138c31d2ab8","FastSlow","2_5",0,"1_3",1
"691dced9f97f5138c31d2ab8","FastSlow","2_5",0,"1_4",1
"691dced9f97f5138c31d2ab8","FastSlow","2_5",0,"1_5",0
"66c37a08436b5a1851123557","SlowFast","2_1",1,"1_1",1
"66c37a08436b5a1851123557","SlowFast","2_1",1,"1_2",1
"66c37a08436b5a1851123557","SlowFast","2_1",1,"1_3",1
"66c37a08436b5a1851123557","SlowFast","2_1",1,"1_4",1
"66c37a08436b5a1851123557","SlowFast","2_1",1,"1_5",0
"66c37a08436b5a1851123557","SlowFast","2_2",1,"1_1",1
"66c37a08436b5a1851123557","SlowFast","2_2",1,"1_2",1
"66c37a08436b5a1851123557","SlowFast","2_2",1,"1_3",1
"66c37a08436b5a1851123557","SlowFast","2_2",1,"1_4",1
"66c37a08436b5a1851123557","SlowFast","2_2",1,"1_5",0
"66c37a08436b5a1851123557","SlowFast","2_3",1,"1_1",1
"66c37a08436b5a1851123557","SlowFast","2_3",1,"1_2",1
"66c37a08436b5a1851123557","SlowFast","2_3",1,"1_3",1
"66c37a08436b5a1851123557","SlowFast","2_3",1,"1_4",1
"66c37a08436b5a1851123557","SlowFast","2_3",1,"1_5",0
"66c37a08436b5a1851123557","SlowFast","2_4",0,"1_1",1
"66c37a08436b5a1851123557","SlowFast","2_4",0,"1_2",1
"66c37a08436b5a1851123557","SlowFast","2_4",0,"1_3",1
"66c37a08436b5a1851123557","SlowFast","2_4",0,"1_4",1
"66c37a08436b5a1851123557","SlowFast","2_4",0,"1_5",0
"66c37a08436b5a1851123557","SlowFast","2_5",0,"1_1",1
"66c37a08436b5a1851123557","SlowFast","2_5",0,"1_2",1
"66c37a08436b5a1851123557","SlowFast","2_5",0,"1_3",1
"66c37a08436b5a1851123557","SlowFast","2_5",0,"1_4",1
"66c37a08436b5a1851123557","SlowFast","2_5",0,"1_5",0
"676c45d92368330a2c254895","FastSlow","2_1",1,"1_1",1
"676c45d92368330a2c254895","FastSlow","2_1",1,"1_2",1
"676c45d92368330a2c254895","FastSlow","2_1",1,"1_3",1
"676c45d92368330a2c254895","FastSlow","2_1",1,"1_4",1
"676c45d92368330a2c254895","FastSlow","2_1",1,"1_5",0
"676c45d92368330a2c254895","FastSlow","2_2",1,"1_1",1
"676c45d92368330a2c254895","FastSlow","2_2",1,"1_2",1
"676c45d92368330a2c254895","FastSlow","2_2",1,"1_3",1
"676c45d92368330a2c254895","FastSlow","2_2",1,"1_4",1
"676c45d92368330a2c254895","FastSlow","2_2",1,"1_5",0
"676c45d92368330a2c254895","FastSlow","2_3",0,"1_1",1
"676c45d92368330a2c254895","FastSlow","2_3",0,"1_2",1
"676c45d92368330a2c254895","FastSlow","2_3",0,"1_3",1
"676c45d92368330a2c254895","FastSlow","2_3",0,"1_4",1
"676c45d92368330a2c254895","FastSlow","2_3",0,"1_5",0
"676c45d92368330a2c254895","FastSlow","2_4",1,"1_1",1
"676c45d92368330a2c254895","FastSlow","2_4",1,"1_2",1
"676c45d92368330a2c254895","FastSlow","2_4",1,"1_3",1
"676c45d92368330a2c254895","FastSlow","2_4",1,"1_4",1
"676c45d92368330a2c254895","FastSlow","2_4",1,"1_5",0
"676c45d92368330a2c254895","FastSlow","2_5",0,"1_1",1
"676c45d92368330a2c254895","FastSlow","2_5",0,"1_2",1
"676c45d92368330a2c254895","FastSlow","2_5",0,"1_3",1
"676c45d92368330a2c254895","FastSlow","2_5",0,"1_4",1
"676c45d92368330a2c254895","FastSlow","2_5",0,"1_5",0
"664124a221f88b6a260a3df3","SlowFast","2_1",1,"1_1",1
"664124a221f88b6a260a3df3","SlowFast","2_1",1,"1_2",0
"664124a221f88b6a260a3df3","SlowFast","2_1",1,"1_3",0
"664124a221f88b6a260a3df3","SlowFast","2_1",1,"1_4",0
"664124a221f88b6a260a3df3","SlowFast","2_1",1,"1_5",0
"664124a221f88b6a260a3df3","SlowFast","2_2",1,"1_1",1
"664124a221f88b6a260a3df3","SlowFast","2_2",1,"1_2",0
"664124a221f88b6a260a3df3","SlowFast","2_2",1,"1_3",0
"664124a221f88b6a260a3df3","SlowFast","2_2",1,"1_4",0
"664124a221f88b6a260a3df3","SlowFast","2_2",1,"1_5",0
"664124a221f88b6a260a3df3","SlowFast","2_3",0,"1_1",1
"664124a221f88b6a260a3df3","SlowFast","2_3",0,"1_2",0
"664124a221f88b6a260a3df3","SlowFast","2_3",0,"1_3",0
"664124a221f88b6a260a3df3","SlowFast","2_3",0,"1_4",0
"664124a221f88b6a260a3df3","SlowFast","2_3",0,"1_5",0
"664124a221f88b6a260a3df3","SlowFast","2_4",0,"1_1",1
"664124a221f88b6a260a3df3","SlowFast","2_4",0,"1_2",0
"664124a221f88b6a260a3df3","SlowFast","2_4",0,"1_3",0
"664124a221f88b6a260a3df3","SlowFast","2_4",0,"1_4",0
"664124a221f88b6a260a3df3","SlowFast","2_4",0,"1_5",0
"664124a221f88b6a260a3df3","SlowFast","2_5",0,"1_1",1
"664124a221f88b6a260a3df3","SlowFast","2_5",0,"1_2",0
"664124a221f88b6a260a3df3","SlowFast","2_5",0,"1_3",0
"664124a221f88b6a260a3df3","SlowFast","2_5",0,"1_4",0
"664124a221f88b6a260a3df3","SlowFast","2_5",0,"1_5",0
"67cb9bcd58ae4c2c3291f3bf","FastSlow","2_1",1,"1_1",1
"67cb9bcd58ae4c2c3291f3bf","FastSlow","2_1",1,"1_2",1
"67cb9bcd58ae4c2c3291f3bf","FastSlow","2_1",1,"1_3",0
"67cb9bcd58ae4c2c3291f3bf","FastSlow","2_1",1,"1_4",0
"67cb9bcd58ae4c2c3291f3bf","FastSlow","2_1",1,"1_5",0
"67cb9bcd58ae4c2c3291f3bf","FastSlow","2_2",0,"1_1",1
"67cb9bcd58ae4c2c3291f3bf","FastSlow","2_2",0,"1_2",1
"67cb9bcd58ae4c2c3291f3bf","FastSlow","2_2",0,"1_3",0
"67cb9bcd58ae4c2c3291f3bf","FastSlow","2_2",0,"1_4",0
"67cb9bcd58ae4c2c3291f3bf","FastSlow","2_2",0,"1_5",0
"67cb9bcd58ae4c2c3291f3bf","FastSlow","2_3",0,"1_1",1
"67cb9bcd58ae4c2c3291f3bf","FastSlow","2_3",0,"1_2",1
"67cb9bcd58ae4c2c3291f3bf","FastSlow","2_3",0,"1_3",0
"67cb9bcd58ae4c2c3291f3bf","FastSlow","2_3",0,"1_4",0
"67cb9bcd58ae4c2c3291f3bf","FastSlow","2_3",0,"1_5",0
"67cb9bcd58ae4c2c3291f3bf","FastSlow","2_4",0,"1_1",1
"67cb9bcd58ae4c2c3291f3bf","FastSlow","2_4",0,"1_2",1
"67cb9bcd58ae4c2c3291f3bf","FastSlow","2_4",0,"1_3",0
"67cb9bcd58ae4c2c3291f3bf","FastSlow","2_4",0,"1_4",0
"67cb9bcd58ae4c2c3291f3bf","FastSlow","2_4",0,"1_5",0
"67cb9bcd58ae4c2c3291f3bf","FastSlow","2_5",0,"1_1",1
"67cb9bcd58ae4c2c3291f3bf","FastSlow","2_5",0,"1_2",1
"67cb9bcd58ae4c2c3291f3bf","FastSlow","2_5",0,"1_3",0
"67cb9bcd58ae4c2c3291f3bf","FastSlow","2_5",0,"1_4",0
"67cb9bcd58ae4c2c3291f3bf","FastSlow","2_5",0,"1_5",0
"611945fc6980c74d56ebaa43","FastSlow","2_1",1,"1_1",1
"611945fc6980c74d56ebaa43","FastSlow","2_1",1,"1_2",0
"611945fc6980c74d56ebaa43","FastSlow","2_1",1,"1_3",0
"611945fc6980c74d56ebaa43","FastSlow","2_1",1,"1_4",0
"611945fc6980c74d56ebaa43","FastSlow","2_1",1,"1_5",0
"611945fc6980c74d56ebaa43","FastSlow","2_2",0,"1_1",1
"611945fc6980c74d56ebaa43","FastSlow","2_2",0,"1_2",0
"611945fc6980c74d56ebaa43","FastSlow","2_2",0,"1_3",0
"611945fc6980c74d56ebaa43","FastSlow","2_2",0,"1_4",0
"611945fc6980c74d56ebaa43","FastSlow","2_2",0,"1_5",0
"611945fc6980c74d56ebaa43","FastSlow","2_3",0,"1_1",1
"611945fc6980c74d56ebaa43","FastSlow","2_3",0,"1_2",0
"611945fc6980c74d56ebaa43","FastSlow","2_3",0,"1_3",0
"611945fc6980c74d56ebaa43","FastSlow","2_3",0,"1_4",0
"611945fc6980c74d56ebaa43","FastSlow","2_3",0,"1_5",0
"611945fc6980c74d56ebaa43","FastSlow","2_4",0,"1_1",1
"611945fc6980c74d56ebaa43","FastSlow","2_4",0,"1_2",0
"611945fc6980c74d56ebaa43","FastSlow","2_4",0,"1_3",0
"611945fc6980c74d56ebaa43","FastSlow","2_4",0,"1_4",0
"611945fc6980c74d56ebaa43","FastSlow","2_4",0,"1_5",0
"611945fc6980c74d56ebaa43","FastSlow","2_5",0,"1_1",1
"611945fc6980c74d56ebaa43","FastSlow","2_5",0,"1_2",0
"611945fc6980c74d56ebaa43","FastSlow","2_5",0,"1_3",0
"611945fc6980c74d56ebaa43","FastSlow","2_5",0,"1_4",0
"611945fc6980c74d56ebaa43","FastSlow","2_5",0,"1_5",0
"6615d2264e4143b2a0c983d6","FastSlow","2_1",1,"1_1",1
"6615d2264e4143b2a0c983d6","FastSlow","2_1",1,"1_2",0
"6615d2264e4143b2a0c983d6","FastSlow","2_1",1,"1_3",0
"6615d2264e4143b2a0c983d6","FastSlow","2_1",1,"1_4",0
"6615d2264e4143b2a0c983d6","FastSlow","2_1",1,"1_5",0
"6615d2264e4143b2a0c983d6","FastSlow","2_2",0,"1_1",1
"6615d2264e4143b2a0c983d6","FastSlow","2_2",0,"1_2",0
"6615d2264e4143b2a0c983d6","FastSlow","2_2",0,"1_3",0
"6615d2264e4143b2a0c983d6","FastSlow","2_2",0,"1_4",0
"6615d2264e4143b2a0c983d6","FastSlow","2_2",0,"1_5",0
"6615d2264e4143b2a0c983d6","FastSlow","2_3",0,"1_1",1
"6615d2264e4143b2a0c983d6","FastSlow","2_3",0,"1_2",0
"6615d2264e4143b2a0c983d6","FastSlow","2_3",0,"1_3",0
"6615d2264e4143b2a0c983d6","FastSlow","2_3",0,"1_4",0
"6615d2264e4143b2a0c983d6","FastSlow","2_3",0,"1_5",0
"6615d2264e4143b2a0c983d6","FastSlow","2_4",0,"1_1",1
"6615d2264e4143b2a0c983d6","FastSlow","2_4",0,"1_2",0
"6615d2264e4143b2a0c983d6","FastSlow","2_4",0,"1_3",0
"6615d2264e4143b2a0c983d6","FastSlow","2_4",0,"1_4",0
"6615d2264e4143b2a0c983d6","FastSlow","2_4",0,"1_5",0
"6615d2264e4143b2a0c983d6","FastSlow","2_5",0,"1_1",1
"6615d2264e4143b2a0c983d6","FastSlow","2_5",0,"1_2",0
"6615d2264e4143b2a0c983d6","FastSlow","2_5",0,"1_3",0
"6615d2264e4143b2a0c983d6","FastSlow","2_5",0,"1_4",0
"6615d2264e4143b2a0c983d6","FastSlow","2_5",0,"1_5",0
"6679ed3623ba9780099483c0","SlowFast","2_1",1,"1_1",1
"6679ed3623ba9780099483c0","SlowFast","2_1",1,"1_2",0
"6679ed3623ba9780099483c0","SlowFast","2_1",1,"1_3",0
"6679ed3623ba9780099483c0","SlowFast","2_1",1,"1_4",1
"6679ed3623ba9780099483c0","SlowFast","2_1",1,"1_5",0
"6679ed3623ba9780099483c0","SlowFast","2_2",1,"1_1",1
"6679ed3623ba9780099483c0","SlowFast","2_2",1,"1_2",0
"6679ed3623ba9780099483c0","SlowFast","2_2",1,"1_3",0
"6679ed3623ba9780099483c0","SlowFast","2_2",1,"1_4",1
"6679ed3623ba9780099483c0","SlowFast","2_2",1,"1_5",0
"6679ed3623ba9780099483c0","SlowFast","2_3",0,"1_1",1
"6679ed3623ba9780099483c0","SlowFast","2_3",0,"1_2",0
"6679ed3623ba9780099483c0","SlowFast","2_3",0,"1_3",0
"6679ed3623ba9780099483c0","SlowFast","2_3",0,"1_4",1
"6679ed3623ba9780099483c0","SlowFast","2_3",0,"1_5",0
"6679ed3623ba9780099483c0","SlowFast","2_4",0,"1_1",1
"6679ed3623ba9780099483c0","SlowFast","2_4",0,"1_2",0
"6679ed3623ba9780099483c0","SlowFast","2_4",0,"1_3",0
"6679ed3623ba9780099483c0","SlowFast","2_4",0,"1_4",1
"6679ed3623ba9780099483c0","SlowFast","2_4",0,"1_5",0
"6679ed3623ba9780099483c0","SlowFast","2_5",0,"1_1",1
"6679ed3623ba9780099483c0","SlowFast","2_5",0,"1_2",0
"6679ed3623ba9780099483c0","SlowFast","2_5",0,"1_3",0
"6679ed3623ba9780099483c0","SlowFast","2_5",0,"1_4",1
"6679ed3623ba9780099483c0","SlowFast","2_5",0,"1_5",0
"60fe095a27a19c4dc0eb5e0e","SlowFast","2_1",1,"1_1",0
"60fe095a27a19c4dc0eb5e0e","SlowFast","2_1",1,"1_2",0
"60fe095a27a19c4dc0eb5e0e","SlowFast","2_1",1,"1_3",0
"60fe095a27a19c4dc0eb5e0e","SlowFast","2_1",1,"1_4",0
"60fe095a27a19c4dc0eb5e0e","SlowFast","2_1",1,"1_5",0
"60fe095a27a19c4dc0eb5e0e","SlowFast","2_2",0,"1_1",0
"60fe095a27a19c4dc0eb5e0e","SlowFast","2_2",0,"1_2",0
"60fe095a27a19c4dc0eb5e0e","SlowFast","2_2",0,"1_3",0
"60fe095a27a19c4dc0eb5e0e","SlowFast","2_2",0,"1_4",0
"60fe095a27a19c4dc0eb5e0e","SlowFast","2_2",0,"1_5",0
"60fe095a27a19c4dc0eb5e0e","SlowFast","2_3",0,"1_1",0
"60fe095a27a19c4dc0eb5e0e","SlowFast","2_3",0,"1_2",0
"60fe095a27a19c4dc0eb5e0e","SlowFast","2_3",0,"1_3",0
"60fe095a27a19c4dc0eb5e0e","SlowFast","2_3",0,"1_4",0
"60fe095a27a19c4dc0eb5e0e","SlowFast","2_3",0,"1_5",0
"60fe095a27a19c4dc0eb5e0e","SlowFast","2_4",0,"1_1",0
"60fe095a27a19c4dc0eb5e0e","SlowFast","2_4",0,"1_2",0
"60fe095a27a19c4dc0eb5e0e","SlowFast","2_4",0,"1_3",0
"60fe095a27a19c4dc0eb5e0e","SlowFast","2_4",0,"1_4",0
"60fe095a27a19c4dc0eb5e0e","SlowFast","2_4",0,"1_5",0
"60fe095a27a19c4dc0eb5e0e","SlowFast","2_5",0,"1_1",0
"60fe095a27a19c4dc0eb5e0e","SlowFast","2_5",0,"1_2",0
"60fe095a27a19c4dc0eb5e0e","SlowFast","2_5",0,"1_3",0
"60fe095a27a19c4dc0eb5e0e","SlowFast","2_5",0,"1_4",0
"60fe095a27a19c4dc0eb5e0e","SlowFast","2_5",0,"1_5",0
"6553953daddeb31f9794b59c","FastSlow","2_1",0,"1_1",1
"6553953daddeb31f9794b59c","FastSlow","2_1",0,"1_2",1
"6553953daddeb31f9794b59c","FastSlow","2_1",0,"1_3",0
"6553953daddeb31f9794b59c","FastSlow","2_1",0,"1_4",0
"6553953daddeb31f9794b59c","FastSlow","2_1",0,"1_5",0
"6553953daddeb31f9794b59c","FastSlow","2_2",0,"1_1",1
"6553953daddeb31f9794b59c","FastSlow","2_2",0,"1_2",1
"6553953daddeb31f9794b59c","FastSlow","2_2",0,"1_3",0
"6553953daddeb31f9794b59c","FastSlow","2_2",0,"1_4",0
"6553953daddeb31f9794b59c","FastSlow","2_2",0,"1_5",0
"6553953daddeb31f9794b59c","FastSlow","2_3",0,"1_1",1
"6553953daddeb31f9794b59c","FastSlow","2_3",0,"1_2",1
"6553953daddeb31f9794b59c","FastSlow","2_3",0,"1_3",0
"6553953daddeb31f9794b59c","FastSlow","2_3",0,"1_4",0
"6553953daddeb31f9794b59c","FastSlow","2_3",0,"1_5",0
"6553953daddeb31f9794b59c","FastSlow","2_4",0,"1_1",1
"6553953daddeb31f9794b59c","FastSlow","2_4",0,"1_2",1
"6553953daddeb31f9794b59c","FastSlow","2_4",0,"1_3",0
"6553953daddeb31f9794b59c","FastSlow","2_4",0,"1_4",0
"6553953daddeb31f9794b59c","FastSlow","2_4",0,"1_5",0
"6553953daddeb31f9794b59c","FastSlow","2_5",0,"1_1",1
"6553953daddeb31f9794b59c","FastSlow","2_5",0,"1_2",1
"6553953daddeb31f9794b59c","FastSlow","2_5",0,"1_3",0
"6553953daddeb31f9794b59c","FastSlow","2_5",0,"1_4",0
"6553953daddeb31f9794b59c","FastSlow","2_5",0,"1_5",0
"662e86c0ca96b47a056ccd7b","SlowFast","2_1",1,"1_1",1
"662e86c0ca96b47a056ccd7b","SlowFast","2_1",1,"1_2",0
"662e86c0ca96b47a056ccd7b","SlowFast","2_1",1,"1_3",0
"662e86c0ca96b47a056ccd7b","SlowFast","2_1",1,"1_4",0
"662e86c0ca96b47a056ccd7b","SlowFast","2_1",1,"1_5",0
"662e86c0ca96b47a056ccd7b","SlowFast","2_2",1,"1_1",1
"662e86c0ca96b47a056ccd7b","SlowFast","2_2",1,"1_2",0
"662e86c0ca96b47a056ccd7b","SlowFast","2_2",1,"1_3",0
"662e86c0ca96b47a056ccd7b","SlowFast","2_2",1,"1_4",0
"662e86c0ca96b47a056ccd7b","SlowFast","2_2",1,"1_5",0
"662e86c0ca96b47a056ccd7b","SlowFast","2_3",1,"1_1",1
"662e86c0ca96b47a056ccd7b","SlowFast","2_3",1,"1_2",0
"662e86c0ca96b47a056ccd7b","SlowFast","2_3",1,"1_3",0
"662e86c0ca96b47a056ccd7b","SlowFast","2_3",1,"1_4",0
"662e86c0ca96b47a056ccd7b","SlowFast","2_3",1,"1_5",0
"662e86c0ca96b47a056ccd7b","SlowFast","2_4",0,"1_1",1
"662e86c0ca96b47a056ccd7b","SlowFast","2_4",0,"1_2",0
"662e86c0ca96b47a056ccd7b","SlowFast","2_4",0,"1_3",0
"662e86c0ca96b47a056ccd7b","SlowFast","2_4",0,"1_4",0
"662e86c0ca96b47a056ccd7b","SlowFast","2_4",0,"1_5",0
"662e86c0ca96b47a056ccd7b","SlowFast","2_5",0,"1_1",1
"662e86c0ca96b47a056ccd7b","SlowFast","2_5",0,"1_2",0
"662e86c0ca96b47a056ccd7b","SlowFast","2_5",0,"1_3",0
"662e86c0ca96b47a056ccd7b","SlowFast","2_5",0,"1_4",0
"662e86c0ca96b47a056ccd7b","SlowFast","2_5",0,"1_5",0
"665922cc624996d90589447a","FastSlow","2_1",0,"1_1",1
"665922cc624996d90589447a","FastSlow","2_1",0,"1_2",0
"665922cc624996d90589447a","FastSlow","2_1",0,"1_3",0
"665922cc624996d90589447a","FastSlow","2_1",0,"1_4",0
"665922cc624996d90589447a","FastSlow","2_1",0,"1_5",0
"665922cc624996d90589447a","FastSlow","2_2",0,"1_1",1
"665922cc624996d90589447a","FastSlow","2_2",0,"1_2",0
"665922cc624996d90589447a","FastSlow","2_2",0,"1_3",0
"665922cc624996d90589447a","FastSlow","2_2",0,"1_4",0
"665922cc624996d90589447a","FastSlow","2_2",0,"1_5",0
"665922cc624996d90589447a","FastSlow","2_3",0,"1_1",1
"665922cc624996d90589447a","FastSlow","2_3",0,"1_2",0
"665922cc624996d90589447a","FastSlow","2_3",0,"1_3",0
"665922cc624996d90589447a","FastSlow","2_3",0,"1_4",0
"665922cc624996d90589447a","FastSlow","2_3",0,"1_5",0
"665922cc624996d90589447a","FastSlow","2_4",0,"1_1",1
"665922cc624996d90589447a","FastSlow","2_4",0,"1_2",0
"665922cc624996d90589447a","FastSlow","2_4",0,"1_3",0
"665922cc624996d90589447a","FastSlow","2_4",0,"1_4",0
"665922cc624996d90589447a","FastSlow","2_4",0,"1_5",0
"665922cc624996d90589447a","FastSlow","2_5",0,"1_1",1
"665922cc624996d90589447a","FastSlow","2_5",0,"1_2",0
"665922cc624996d90589447a","FastSlow","2_5",0,"1_3",0
"665922cc624996d90589447a","FastSlow","2_5",0,"1_4",0
"665922cc624996d90589447a","FastSlow","2_5",0,"1_5",0
"646d380eee9fe3fcc1d147f2","FastSlow","2_1",1,"1_1",1
"646d380eee9fe3fcc1d147f2","FastSlow","2_1",1,"1_2",1
"646d380eee9fe3fcc1d147f2","FastSlow","2_1",1,"1_3",1
"646d380eee9fe3fcc1d147f2","FastSlow","2_1",1,"1_4",1
"646d380eee9fe3fcc1d147f2","FastSlow","2_1",1,"1_5",0
"646d380eee9fe3fcc1d147f2","FastSlow","2_2",1,"1_1",1
"646d380eee9fe3fcc1d147f2","FastSlow","2_2",1,"1_2",1
"646d380eee9fe3fcc1d147f2","FastSlow","2_2",1,"1_3",1
"646d380eee9fe3fcc1d147f2","FastSlow","2_2",1,"1_4",1
"646d380eee9fe3fcc1d147f2","FastSlow","2_2",1,"1_5",0
"646d380eee9fe3fcc1d147f2","FastSlow","2_3",1,"1_1",1
"646d380eee9fe3fcc1d147f2","FastSlow","2_3",1,"1_2",1
"646d380eee9fe3fcc1d147f2","FastSlow","2_3",1,"1_3",1
"646d380eee9fe3fcc1d147f2","FastSlow","2_3",1,"1_4",1
"646d380eee9fe3fcc1d147f2","FastSlow","2_3",1,"1_5",0
"646d380eee9fe3fcc1d147f2","FastSlow","2_4",1,"1_1",1
"646d380eee9fe3fcc1d147f2","FastSlow","2_4",1,"1_2",1
"646d380eee9fe3fcc1d147f2","FastSlow","2_4",1,"1_3",1
"646d380eee9fe3fcc1d147f2","FastSlow","2_4",1,"1_4",1
"646d380eee9fe3fcc1d147f2","FastSlow","2_4",1,"1_5",0
"646d380eee9fe3fcc1d147f2","FastSlow","2_5",0,"1_1",1
"646d380eee9fe3fcc1d147f2","FastSlow","2_5",0,"1_2",1
"646d380eee9fe3fcc1d147f2","FastSlow","2_5",0,"1_3",1
"646d380eee9fe3fcc1d147f2","FastSlow","2_5",0,"1_4",1
"646d380eee9fe3fcc1d147f2","FastSlow","2_5",0,"1_5",0
"673db17d5d5612c8cfd7e7b9","FastSlow","2_1",1,"1_1",1
"673db17d5d5612c8cfd7e7b9","FastSlow","2_1",1,"1_2",0
"673db17d5d5612c8cfd7e7b9","FastSlow","2_1",1,"1_3",0
"673db17d5d5612c8cfd7e7b9","FastSlow","2_1",1,"1_4",0
"673db17d5d5612c8cfd7e7b9","FastSlow","2_1",1,"1_5",0
"673db17d5d5612c8cfd7e7b9","FastSlow","2_2",0,"1_1",1
"673db17d5d5612c8cfd7e7b9","FastSlow","2_2",0,"1_2",0
"673db17d5d5612c8cfd7e7b9","FastSlow","2_2",0,"1_3",0
"673db17d5d5612c8cfd7e7b9","FastSlow","2_2",0,"1_4",0
"673db17d5d5612c8cfd7e7b9","FastSlow","2_2",0,"1_5",0
"673db17d5d5612c8cfd7e7b9","FastSlow","2_3",1,"1_1",1
"673db17d5d5612c8cfd7e7b9","FastSlow","2_3",1,"1_2",0
"673db17d5d5612c8cfd7e7b9","FastSlow","2_3",1,"1_3",0
"673db17d5d5612c8cfd7e7b9","FastSlow","2_3",1,"1_4",0
"673db17d5d5612c8cfd7e7b9","FastSlow","2_3",1,"1_5",0
"673db17d5d5612c8cfd7e7b9","FastSlow","2_4",0,"1_1",1
"673db17d5d5612c8cfd7e7b9","FastSlow","2_4",0,"1_2",0
"673db17d5d5612c8cfd7e7b9","FastSlow","2_4",0,"1_3",0
"673db17d5d5612c8cfd7e7b9","FastSlow","2_4",0,"1_4",0
"673db17d5d5612c8cfd7e7b9","FastSlow","2_4",0,"1_5",0
"673db17d5d5612c8cfd7e7b9","FastSlow","2_5",0,"1_1",1
"673db17d5d5612c8cfd7e7b9","FastSlow","2_5",0,"1_2",0
"673db17d5d5612c8cfd7e7b9","FastSlow","2_5",0,"1_3",0
"673db17d5d5612c8cfd7e7b9","FastSlow","2_5",0,"1_4",0
"673db17d5d5612c8cfd7e7b9","FastSlow","2_5",0,"1_5",0
"6108193d19ecf066ec729083","SlowFast","2_1",1,"1_1",1
"6108193d19ecf066ec729083","SlowFast","2_1",1,"1_2",1
"6108193d19ecf066ec729083","SlowFast","2_1",1,"1_3",0
"6108193d19ecf066ec729083","SlowFast","2_1",1,"1_4",1
"6108193d19ecf066ec729083","SlowFast","2_1",1,"1_5",0
"6108193d19ecf066ec729083","SlowFast","2_2",0,"1_1",1
"6108193d19ecf066ec729083","SlowFast","2_2",0,"1_2",1
"6108193d19ecf066ec729083","SlowFast","2_2",0,"1_3",0
"6108193d19ecf066ec729083","SlowFast","2_2",0,"1_4",1
"6108193d19ecf066ec729083","SlowFast","2_2",0,"1_5",0
"6108193d19ecf066ec729083","SlowFast","2_3",1,"1_1",1
"6108193d19ecf066ec729083","SlowFast","2_3",1,"1_2",1
"6108193d19ecf066ec729083","SlowFast","2_3",1,"1_3",0
"6108193d19ecf066ec729083","SlowFast","2_3",1,"1_4",1
"6108193d19ecf066ec729083","SlowFast","2_3",1,"1_5",0
"6108193d19ecf066ec729083","SlowFast","2_4",1,"1_1",1
"6108193d19ecf066ec729083","SlowFast","2_4",1,"1_2",1
"6108193d19ecf066ec729083","SlowFast","2_4",1,"1_3",0
"6108193d19ecf066ec729083","SlowFast","2_4",1,"1_4",1
"6108193d19ecf066ec729083","SlowFast","2_4",1,"1_5",0
"6108193d19ecf066ec729083","SlowFast","2_5",1,"1_1",1
"6108193d19ecf066ec729083","SlowFast","2_5",1,"1_2",1
"6108193d19ecf066ec729083","SlowFast","2_5",1,"1_3",0
"6108193d19ecf066ec729083","SlowFast","2_5",1,"1_4",1
"6108193d19ecf066ec729083","SlowFast","2_5",1,"1_5",0
"660da7d2c59a62056d87c9b8","FastSlow","2_1",1,"1_1",1
"660da7d2c59a62056d87c9b8","FastSlow","2_1",1,"1_2",1
"660da7d2c59a62056d87c9b8","FastSlow","2_1",1,"1_3",1
"660da7d2c59a62056d87c9b8","FastSlow","2_1",1,"1_4",0
"660da7d2c59a62056d87c9b8","FastSlow","2_1",1,"1_5",0
"660da7d2c59a62056d87c9b8","FastSlow","2_2",0,"1_1",1
"660da7d2c59a62056d87c9b8","FastSlow","2_2",0,"1_2",1
"660da7d2c59a62056d87c9b8","FastSlow","2_2",0,"1_3",1
"660da7d2c59a62056d87c9b8","FastSlow","2_2",0,"1_4",0
"660da7d2c59a62056d87c9b8","FastSlow","2_2",0,"1_5",0
"660da7d2c59a62056d87c9b8","FastSlow","2_3",1,"1_1",1
"660da7d2c59a62056d87c9b8","FastSlow","2_3",1,"1_2",1
"660da7d2c59a62056d87c9b8","FastSlow","2_3",1,"1_3",1
"660da7d2c59a62056d87c9b8","FastSlow","2_3",1,"1_4",0
"660da7d2c59a62056d87c9b8","FastSlow","2_3",1,"1_5",0
"660da7d2c59a62056d87c9b8","FastSlow","2_4",0,"1_1",1
"660da7d2c59a62056d87c9b8","FastSlow","2_4",0,"1_2",1
"660da7d2c59a62056d87c9b8","FastSlow","2_4",0,"1_3",1
"660da7d2c59a62056d87c9b8","FastSlow","2_4",0,"1_4",0
"660da7d2c59a62056d87c9b8","FastSlow","2_4",0,"1_5",0
"660da7d2c59a62056d87c9b8","FastSlow","2_5",0,"1_1",1
"660da7d2c59a62056d87c9b8","FastSlow","2_5",0,"1_2",1
"660da7d2c59a62056d87c9b8","FastSlow","2_5",0,"1_3",1
"660da7d2c59a62056d87c9b8","FastSlow","2_5",0,"1_4",0
"660da7d2c59a62056d87c9b8","FastSlow","2_5",0,"1_5",0
"673692b20c987b50040128fc","FastSlow","2_1",0,"1_1",0
"673692b20c987b50040128fc","FastSlow","2_1",0,"1_2",0
"673692b20c987b50040128fc","FastSlow","2_1",0,"1_3",0
"673692b20c987b50040128fc","FastSlow","2_1",0,"1_4",0
"673692b20c987b50040128fc","FastSlow","2_1",0,"1_5",0
"673692b20c987b50040128fc","FastSlow","2_2",0,"1_1",0
"673692b20c987b50040128fc","FastSlow","2_2",0,"1_2",0
"673692b20c987b50040128fc","FastSlow","2_2",0,"1_3",0
"673692b20c987b50040128fc","FastSlow","2_2",0,"1_4",0
"673692b20c987b50040128fc","FastSlow","2_2",0,"1_5",0
"673692b20c987b50040128fc","FastSlow","2_3",0,"1_1",0
"673692b20c987b50040128fc","FastSlow","2_3",0,"1_2",0
"673692b20c987b50040128fc","FastSlow","2_3",0,"1_3",0
"673692b20c987b50040128fc","FastSlow","2_3",0,"1_4",0
"673692b20c987b50040128fc","FastSlow","2_3",0,"1_5",0
"673692b20c987b50040128fc","FastSlow","2_4",0,"1_1",0
"673692b20c987b50040128fc","FastSlow","2_4",0,"1_2",0
"673692b20c987b50040128fc","FastSlow","2_4",0,"1_3",0
"673692b20c987b50040128fc","FastSlow","2_4",0,"1_4",0
"673692b20c987b50040128fc","FastSlow","2_4",0,"1_5",0
"673692b20c987b50040128fc","FastSlow","2_5",0,"1_1",0
"673692b20c987b50040128fc","FastSlow","2_5",0,"1_2",0
"673692b20c987b50040128fc","FastSlow","2_5",0,"1_3",0
"673692b20c987b50040128fc","FastSlow","2_5",0,"1_4",0
"673692b20c987b50040128fc","FastSlow","2_5",0,"1_5",0
"66d916af0cf8c145a0aa3220","SlowFast","2_1",1,"1_1",1
"66d916af0cf8c145a0aa3220","SlowFast","2_1",1,"1_2",1
"66d916af0cf8c145a0aa3220","SlowFast","2_1",1,"1_3",0
"66d916af0cf8c145a0aa3220","SlowFast","2_1",1,"1_4",1
"66d916af0cf8c145a0aa3220","SlowFast","2_1",1,"1_5",0
"66d916af0cf8c145a0aa3220","SlowFast","2_2",0,"1_1",1
"66d916af0cf8c145a0aa3220","SlowFast","2_2",0,"1_2",1
"66d916af0cf8c145a0aa3220","SlowFast","2_2",0,"1_3",0
"66d916af0cf8c145a0aa3220","SlowFast","2_2",0,"1_4",1
"66d916af0cf8c145a0aa3220","SlowFast","2_2",0,"1_5",0
"66d916af0cf8c145a0aa3220","SlowFast","2_3",1,"1_1",1
"66d916af0cf8c145a0aa3220","SlowFast","2_3",1,"1_2",1
"66d916af0cf8c145a0aa3220","SlowFast","2_3",1,"1_3",0
"66d916af0cf8c145a0aa3220","SlowFast","2_3",1,"1_4",1
"66d916af0cf8c145a0aa3220","SlowFast","2_3",1,"1_5",0
"66d916af0cf8c145a0aa3220","SlowFast","2_4",1,"1_1",1
"66d916af0cf8c145a0aa3220","SlowFast","2_4",1,"1_2",1
"66d916af0cf8c145a0aa3220","SlowFast","2_4",1,"1_3",0
"66d916af0cf8c145a0aa3220","SlowFast","2_4",1,"1_4",1
"66d916af0cf8c145a0aa3220","SlowFast","2_4",1,"1_5",0
"66d916af0cf8c145a0aa3220","SlowFast","2_5",0,"1_1",1
"66d916af0cf8c145a0aa3220","SlowFast","2_5",0,"1_2",1
"66d916af0cf8c145a0aa3220","SlowFast","2_5",0,"1_3",0
"66d916af0cf8c145a0aa3220","SlowFast","2_5",0,"1_4",1
"66d916af0cf8c145a0aa3220","SlowFast","2_5",0,"1_5",0
"66c7e6e05a6d60e4278bfda7","FastSlow","2_1",1,"1_1",1
"66c7e6e05a6d60e4278bfda7","FastSlow","2_1",1,"1_2",0
"66c7e6e05a6d60e4278bfda7","FastSlow","2_1",1,"1_3",0
"66c7e6e05a6d60e4278bfda7","FastSlow","2_1",1,"1_4",0
"66c7e6e05a6d60e4278bfda7","FastSlow","2_1",1,"1_5",0
"66c7e6e05a6d60e4278bfda7","FastSlow","2_2",0,"1_1",1
"66c7e6e05a6d60e4278bfda7","FastSlow","2_2",0,"1_2",0
"66c7e6e05a6d60e4278bfda7","FastSlow","2_2",0,"1_3",0
"66c7e6e05a6d60e4278bfda7","FastSlow","2_2",0,"1_4",0
"66c7e6e05a6d60e4278bfda7","FastSlow","2_2",0,"1_5",0
"66c7e6e05a6d60e4278bfda7","FastSlow","2_3",1,"1_1",1
"66c7e6e05a6d60e4278bfda7","FastSlow","2_3",1,"1_2",0
"66c7e6e05a6d60e4278bfda7","FastSlow","2_3",1,"1_3",0
"66c7e6e05a6d60e4278bfda7","FastSlow","2_3",1,"1_4",0
"66c7e6e05a6d60e4278bfda7","FastSlow","2_3",1,"1_5",0
"66c7e6e05a6d60e4278bfda7","FastSlow","2_4",0,"1_1",1
"66c7e6e05a6d60e4278bfda7","FastSlow","2_4",0,"1_2",0
"66c7e6e05a6d60e4278bfda7","FastSlow","2_4",0,"1_3",0
"66c7e6e05a6d60e4278bfda7","FastSlow","2_4",0,"1_4",0
"66c7e6e05a6d60e4278bfda7","FastSlow","2_4",0,"1_5",0
"66c7e6e05a6d60e4278bfda7","FastSlow","2_5",0,"1_1",1
"66c7e6e05a6d60e4278bfda7","FastSlow","2_5",0,"1_2",0
"66c7e6e05a6d60e4278bfda7","FastSlow","2_5",0,"1_3",0
"66c7e6e05a6d60e4278bfda7","FastSlow","2_5",0,"1_4",0
"66c7e6e05a6d60e4278bfda7","FastSlow","2_5",0,"1_5",0
"6462217d7bd09447661ed6a4","SlowFast","2_1",1,"1_1",1
"6462217d7bd09447661ed6a4","SlowFast","2_1",1,"1_2",1
"6462217d7bd09447661ed6a4","SlowFast","2_1",1,"1_3",1
"6462217d7bd09447661ed6a4","SlowFast","2_1",1,"1_4",1
"6462217d7bd09447661ed6a4","SlowFast","2_1",1,"1_5",1
"6462217d7bd09447661ed6a4","SlowFast","2_2",1,"1_1",1
"6462217d7bd09447661ed6a4","SlowFast","2_2",1,"1_2",1
"6462217d7bd09447661ed6a4","SlowFast","2_2",1,"1_3",1
"6462217d7bd09447661ed6a4","SlowFast","2_2",1,"1_4",1
"6462217d7bd09447661ed6a4","SlowFast","2_2",1,"1_5",1
"6462217d7bd09447661ed6a4","SlowFast","2_3",1,"1_1",1
"6462217d7bd09447661ed6a4","SlowFast","2_3",1,"1_2",1
"6462217d7bd09447661ed6a4","SlowFast","2_3",1,"1_3",1
"6462217d7bd09447661ed6a4","SlowFast","2_3",1,"1_4",1
"6462217d7bd09447661ed6a4","SlowFast","2_3",1,"1_5",1
"6462217d7bd09447661ed6a4","SlowFast","2_4",1,"1_1",1
"6462217d7bd09447661ed6a4","SlowFast","2_4",1,"1_2",1
"6462217d7bd09447661ed6a4","SlowFast","2_4",1,"1_3",1
"6462217d7bd09447661ed6a4","SlowFast","2_4",1,"1_4",1
"6462217d7bd09447661ed6a4","SlowFast","2_4",1,"1_5",1
"6462217d7bd09447661ed6a4","SlowFast","2_5",1,"1_1",1
"6462217d7bd09447661ed6a4","SlowFast","2_5",1,"1_2",1
"6462217d7bd09447661ed6a4","SlowFast","2_5",1,"1_3",1
"6462217d7bd09447661ed6a4","SlowFast","2_5",1,"1_4",1
"6462217d7bd09447661ed6a4","SlowFast","2_5",1,"1_5",1
"6637f53e203e2f5f706d70ec","SlowFast","2_1",1,"1_1",1
"6637f53e203e2f5f706d70ec","SlowFast","2_1",1,"1_2",0
"6637f53e203e2f5f706d70ec","SlowFast","2_1",1,"1_3",1
"6637f53e203e2f5f706d70ec","SlowFast","2_1",1,"1_4",0
"6637f53e203e2f5f706d70ec","SlowFast","2_1",1,"1_5",0
"6637f53e203e2f5f706d70ec","SlowFast","2_2",0,"1_1",1
"6637f53e203e2f5f706d70ec","SlowFast","2_2",0,"1_2",0
"6637f53e203e2f5f706d70ec","SlowFast","2_2",0,"1_3",1
"6637f53e203e2f5f706d70ec","SlowFast","2_2",0,"1_4",0
"6637f53e203e2f5f706d70ec","SlowFast","2_2",0,"1_5",0
"6637f53e203e2f5f706d70ec","SlowFast","2_3",1,"1_1",1
"6637f53e203e2f5f706d70ec","SlowFast","2_3",1,"1_2",0
"6637f53e203e2f5f706d70ec","SlowFast","2_3",1,"1_3",1
"6637f53e203e2f5f706d70ec","SlowFast","2_3",1,"1_4",0
"6637f53e203e2f5f706d70ec","SlowFast","2_3",1,"1_5",0
"6637f53e203e2f5f706d70ec","SlowFast","2_4",0,"1_1",1
"6637f53e203e2f5f706d70ec","SlowFast","2_4",0,"1_2",0
"6637f53e203e2f5f706d70ec","SlowFast","2_4",0,"1_3",1
"6637f53e203e2f5f706d70ec","SlowFast","2_4",0,"1_4",0
"6637f53e203e2f5f706d70ec","SlowFast","2_4",0,"1_5",0
"6637f53e203e2f5f706d70ec","SlowFast","2_5",0,"1_1",1
"6637f53e203e2f5f706d70ec","SlowFast","2_5",0,"1_2",0
"6637f53e203e2f5f706d70ec","SlowFast","2_5",0,"1_3",1
"6637f53e203e2f5f706d70ec","SlowFast","2_5",0,"1_4",0
"6637f53e203e2f5f706d70ec","SlowFast","2_5",0,"1_5",0
"67644050f9258796cab737f2","SlowFast","2_1",1,"1_1",1
"67644050f9258796cab737f2","SlowFast","2_1",1,"1_2",0
"67644050f9258796cab737f2","SlowFast","2_1",1,"1_3",0
"67644050f9258796cab737f2","SlowFast","2_1",1,"1_4",0
"67644050f9258796cab737f2","SlowFast","2_1",1,"1_5",0
"67644050f9258796cab737f2","SlowFast","2_2",0,"1_1",1
"67644050f9258796cab737f2","SlowFast","2_2",0,"1_2",0
"67644050f9258796cab737f2","SlowFast","2_2",0,"1_3",0
"67644050f9258796cab737f2","SlowFast","2_2",0,"1_4",0
"67644050f9258796cab737f2","SlowFast","2_2",0,"1_5",0
"67644050f9258796cab737f2","SlowFast","2_3",0,"1_1",1
"67644050f9258796cab737f2","SlowFast","2_3",0,"1_2",0
"67644050f9258796cab737f2","SlowFast","2_3",0,"1_3",0
"67644050f9258796cab737f2","SlowFast","2_3",0,"1_4",0
"67644050f9258796cab737f2","SlowFast","2_3",0,"1_5",0
"67644050f9258796cab737f2","SlowFast","2_4",1,"1_1",1
"67644050f9258796cab737f2","SlowFast","2_4",1,"1_2",0
"67644050f9258796cab737f2","SlowFast","2_4",1,"1_3",0
"67644050f9258796cab737f2","SlowFast","2_4",1,"1_4",0
"67644050f9258796cab737f2","SlowFast","2_4",1,"1_5",0
"67644050f9258796cab737f2","SlowFast","2_5",0,"1_1",1
"67644050f9258796cab737f2","SlowFast","2_5",0,"1_2",0
"67644050f9258796cab737f2","SlowFast","2_5",0,"1_3",0
"67644050f9258796cab737f2","SlowFast","2_5",0,"1_4",0
"67644050f9258796cab737f2","SlowFast","2_5",0,"1_5",0
"6732a429118814387a90a02f","FastSlow","2_1",0,"1_1",1
"6732a429118814387a90a02f","FastSlow","2_1",0,"1_2",0
"6732a429118814387a90a02f","FastSlow","2_1",0,"1_3",1
"6732a429118814387a90a02f","FastSlow","2_1",0,"1_4",1
"6732a429118814387a90a02f","FastSlow","2_1",0,"1_5",0
"6732a429118814387a90a02f","FastSlow","2_2",0,"1_1",1
"6732a429118814387a90a02f","FastSlow","2_2",0,"1_2",0
"6732a429118814387a90a02f","FastSlow","2_2",0,"1_3",1
"6732a429118814387a90a02f","FastSlow","2_2",0,"1_4",1
"6732a429118814387a90a02f","FastSlow","2_2",0,"1_5",0
"6732a429118814387a90a02f","FastSlow","2_3",1,"1_1",1
"6732a429118814387a90a02f","FastSlow","2_3",1,"1_2",0
"6732a429118814387a90a02f","FastSlow","2_3",1,"1_3",1
"6732a429118814387a90a02f","FastSlow","2_3",1,"1_4",1
"6732a429118814387a90a02f","FastSlow","2_3",1,"1_5",0
"6732a429118814387a90a02f","FastSlow","2_4",0,"1_1",1
"6732a429118814387a90a02f","FastSlow","2_4",0,"1_2",0
"6732a429118814387a90a02f","FastSlow","2_4",0,"1_3",1
"6732a429118814387a90a02f","FastSlow","2_4",0,"1_4",1
"6732a429118814387a90a02f","FastSlow","2_4",0,"1_5",0
"6732a429118814387a90a02f","FastSlow","2_5",0,"1_1",1
"6732a429118814387a90a02f","FastSlow","2_5",0,"1_2",0
"6732a429118814387a90a02f","FastSlow","2_5",0,"1_3",1
"6732a429118814387a90a02f","FastSlow","2_5",0,"1_4",1
"6732a429118814387a90a02f","FastSlow","2_5",0,"1_5",0
"64137d0dfe71cf6624348d27","SlowFast","2_1",1,"1_1",1
"64137d0dfe71cf6624348d27","SlowFast","2_1",1,"1_2",1
"64137d0dfe71cf6624348d27","SlowFast","2_1",1,"1_3",0
"64137d0dfe71cf6624348d27","SlowFast","2_1",1,"1_4",0
"64137d0dfe71cf6624348d27","SlowFast","2_1",1,"1_5",0
"64137d0dfe71cf6624348d27","SlowFast","2_2",0,"1_1",1
"64137d0dfe71cf6624348d27","SlowFast","2_2",0,"1_2",1
"64137d0dfe71cf6624348d27","SlowFast","2_2",0,"1_3",0
"64137d0dfe71cf6624348d27","SlowFast","2_2",0,"1_4",0
"64137d0dfe71cf6624348d27","SlowFast","2_2",0,"1_5",0
"64137d0dfe71cf6624348d27","SlowFast","2_3",1,"1_1",1
"64137d0dfe71cf6624348d27","SlowFast","2_3",1,"1_2",1
"64137d0dfe71cf6624348d27","SlowFast","2_3",1,"1_3",0
"64137d0dfe71cf6624348d27","SlowFast","2_3",1,"1_4",0
"64137d0dfe71cf6624348d27","SlowFast","2_3",1,"1_5",0
"64137d0dfe71cf6624348d27","SlowFast","2_4",1,"1_1",1
"64137d0dfe71cf6624348d27","SlowFast","2_4",1,"1_2",1
"64137d0dfe71cf6624348d27","SlowFast","2_4",1,"1_3",0
"64137d0dfe71cf6624348d27","SlowFast","2_4",1,"1_4",0
"64137d0dfe71cf6624348d27","SlowFast","2_4",1,"1_5",0
"64137d0dfe71cf6624348d27","SlowFast","2_5",0,"1_1",1
"64137d0dfe71cf6624348d27","SlowFast","2_5",0,"1_2",1
"64137d0dfe71cf6624348d27","SlowFast","2_5",0,"1_3",0
"64137d0dfe71cf6624348d27","SlowFast","2_5",0,"1_4",0
"64137d0dfe71cf6624348d27","SlowFast","2_5",0,"1_5",0
"60d22e68bb03e1da436b8b7c","SlowFast","2_1",0,"1_1",1
"60d22e68bb03e1da436b8b7c","SlowFast","2_1",0,"1_2",0
"60d22e68bb03e1da436b8b7c","SlowFast","2_1",0,"1_3",1
"60d22e68bb03e1da436b8b7c","SlowFast","2_1",0,"1_4",0
"60d22e68bb03e1da436b8b7c","SlowFast","2_1",0,"1_5",0
"60d22e68bb03e1da436b8b7c","SlowFast","2_2",0,"1_1",1
"60d22e68bb03e1da436b8b7c","SlowFast","2_2",0,"1_2",0
"60d22e68bb03e1da436b8b7c","SlowFast","2_2",0,"1_3",1
"60d22e68bb03e1da436b8b7c","SlowFast","2_2",0,"1_4",0
"60d22e68bb03e1da436b8b7c","SlowFast","2_2",0,"1_5",0
"60d22e68bb03e1da436b8b7c","SlowFast","2_3",1,"1_1",1
"60d22e68bb03e1da436b8b7c","SlowFast","2_3",1,"1_2",0
"60d22e68bb03e1da436b8b7c","SlowFast","2_3",1,"1_3",1
"60d22e68bb03e1da436b8b7c","SlowFast","2_3",1,"1_4",0
"60d22e68bb03e1da436b8b7c","SlowFast","2_3",1,"1_5",0
"60d22e68bb03e1da436b8b7c","SlowFast","2_4",0,"1_1",1
"60d22e68bb03e1da436b8b7c","SlowFast","2_4",0,"1_2",0
"60d22e68bb03e1da436b8b7c","SlowFast","2_4",0,"1_3",1
"60d22e68bb03e1da436b8b7c","SlowFast","2_4",0,"1_4",0
"60d22e68bb03e1da436b8b7c","SlowFast","2_4",0,"1_5",0
"60d22e68bb03e1da436b8b7c","SlowFast","2_5",0,"1_1",1
"60d22e68bb03e1da436b8b7c","SlowFast","2_5",0,"1_2",0
"60d22e68bb03e1da436b8b7c","SlowFast","2_5",0,"1_3",1
"60d22e68bb03e1da436b8b7c","SlowFast","2_5",0,"1_4",0
"60d22e68bb03e1da436b8b7c","SlowFast","2_5",0,"1_5",0
"63ced898ebd3ce898ec80299","FastSlow","2_1",1,"1_1",1
"63ced898ebd3ce898ec80299","FastSlow","2_1",1,"1_2",1
"63ced898ebd3ce898ec80299","FastSlow","2_1",1,"1_3",0
"63ced898ebd3ce898ec80299","FastSlow","2_1",1,"1_4",1
"63ced898ebd3ce898ec80299","FastSlow","2_1",1,"1_5",0
"63ced898ebd3ce898ec80299","FastSlow","2_2",0,"1_1",1
"63ced898ebd3ce898ec80299","FastSlow","2_2",0,"1_2",1
"63ced898ebd3ce898ec80299","FastSlow","2_2",0,"1_3",0
"63ced898ebd3ce898ec80299","FastSlow","2_2",0,"1_4",1
"63ced898ebd3ce898ec80299","FastSlow","2_2",0,"1_5",0
"63ced898ebd3ce898ec80299","FastSlow","2_3",0,"1_1",1
"63ced898ebd3ce898ec80299","FastSlow","2_3",0,"1_2",1
"63ced898ebd3ce898ec80299","FastSlow","2_3",0,"1_3",0
"63ced898ebd3ce898ec80299","FastSlow","2_3",0,"1_4",1
"63ced898ebd3ce898ec80299","FastSlow","2_3",0,"1_5",0
"63ced898ebd3ce898ec80299","FastSlow","2_4",0,"1_1",1
"63ced898ebd3ce898ec80299","FastSlow","2_4",0,"1_2",1
"63ced898ebd3ce898ec80299","FastSlow","2_4",0,"1_3",0
"63ced898ebd3ce898ec80299","FastSlow","2_4",0,"1_4",1
"63ced898ebd3ce898ec80299","FastSlow","2_4",0,"1_5",0
"63ced898ebd3ce898ec80299","FastSlow","2_5",0,"1_1",1
"63ced898ebd3ce898ec80299","FastSlow","2_5",0,"1_2",1
"63ced898ebd3ce898ec80299","FastSlow","2_5",0,"1_3",0
"63ced898ebd3ce898ec80299","FastSlow","2_5",0,"1_4",1
"63ced898ebd3ce898ec80299","FastSlow","2_5",0,"1_5",0
"664b700b38e720bf4c02dfd7","FastSlow","2_1",1,"1_1",1
"664b700b38e720bf4c02dfd7","FastSlow","2_1",1,"1_2",0
"664b700b38e720bf4c02dfd7","FastSlow","2_1",1,"1_3",0
"664b700b38e720bf4c02dfd7","FastSlow","2_1",1,"1_4",0
"664b700b38e720bf4c02dfd7","FastSlow","2_1",1,"1_5",0
"664b700b38e720bf4c02dfd7","FastSlow","2_2",0,"1_1",1
"664b700b38e720bf4c02dfd7","FastSlow","2_2",0,"1_2",0
"664b700b38e720bf4c02dfd7","FastSlow","2_2",0,"1_3",0
"664b700b38e720bf4c02dfd7","FastSlow","2_2",0,"1_4",0
"664b700b38e720bf4c02dfd7","FastSlow","2_2",0,"1_5",0
"664b700b38e720bf4c02dfd7","FastSlow","2_3",0,"1_1",1
"664b700b38e720bf4c02dfd7","FastSlow","2_3",0,"1_2",0
"664b700b38e720bf4c02dfd7","FastSlow","2_3",0,"1_3",0
"664b700b38e720bf4c02dfd7","FastSlow","2_3",0,"1_4",0
"664b700b38e720bf4c02dfd7","FastSlow","2_3",0,"1_5",0
"664b700b38e720bf4c02dfd7","FastSlow","2_4",0,"1_1",1
"664b700b38e720bf4c02dfd7","FastSlow","2_4",0,"1_2",0
"664b700b38e720bf4c02dfd7","FastSlow","2_4",0,"1_3",0
"664b700b38e720bf4c02dfd7","FastSlow","2_4",0,"1_4",0
"664b700b38e720bf4c02dfd7","FastSlow","2_4",0,"1_5",0
"664b700b38e720bf4c02dfd7","FastSlow","2_5",0,"1_1",1
"664b700b38e720bf4c02dfd7","FastSlow","2_5",0,"1_2",0
"664b700b38e720bf4c02dfd7","FastSlow","2_5",0,"1_3",0
"664b700b38e720bf4c02dfd7","FastSlow","2_5",0,"1_4",0
"664b700b38e720bf4c02dfd7","FastSlow","2_5",0,"1_5",0
"5d9b7c7efaa2860364b16476","FastSlow","2_1",1,"1_1",1
"5d9b7c7efaa2860364b16476","FastSlow","2_1",1,"1_2",1
"5d9b7c7efaa2860364b16476","FastSlow","2_1",1,"1_3",1
"5d9b7c7efaa2860364b16476","FastSlow","2_1",1,"1_4",0
"5d9b7c7efaa2860364b16476","FastSlow","2_1",1,"1_5",1
"5d9b7c7efaa2860364b16476","FastSlow","2_2",0,"1_1",1
"5d9b7c7efaa2860364b16476","FastSlow","2_2",0,"1_2",1
"5d9b7c7efaa2860364b16476","FastSlow","2_2",0,"1_3",1
"5d9b7c7efaa2860364b16476","FastSlow","2_2",0,"1_4",0
"5d9b7c7efaa2860364b16476","FastSlow","2_2",0,"1_5",1
"5d9b7c7efaa2860364b16476","FastSlow","2_3",1,"1_1",1
"5d9b7c7efaa2860364b16476","FastSlow","2_3",1,"1_2",1
"5d9b7c7efaa2860364b16476","FastSlow","2_3",1,"1_3",1
"5d9b7c7efaa2860364b16476","FastSlow","2_3",1,"1_4",0
"5d9b7c7efaa2860364b16476","FastSlow","2_3",1,"1_5",1
"5d9b7c7efaa2860364b16476","FastSlow","2_4",1,"1_1",1
"5d9b7c7efaa2860364b16476","FastSlow","2_4",1,"1_2",1
"5d9b7c7efaa2860364b16476","FastSlow","2_4",1,"1_3",1
"5d9b7c7efaa2860364b16476","FastSlow","2_4",1,"1_4",0
"5d9b7c7efaa2860364b16476","FastSlow","2_4",1,"1_5",1
"5d9b7c7efaa2860364b16476","FastSlow","2_5",0,"1_1",1
"5d9b7c7efaa2860364b16476","FastSlow","2_5",0,"1_2",1
"5d9b7c7efaa2860364b16476","FastSlow","2_5",0,"1_3",1
"5d9b7c7efaa2860364b16476","FastSlow","2_5",0,"1_4",0
"5d9b7c7efaa2860364b16476","FastSlow","2_5",0,"1_5",1
"5d9e7982996ad300179048fa","SlowFast","2_1",0,"1_1",1
"5d9e7982996ad300179048fa","SlowFast","2_1",0,"1_2",0
"5d9e7982996ad300179048fa","SlowFast","2_1",0,"1_3",0
"5d9e7982996ad300179048fa","SlowFast","2_1",0,"1_4",0
"5d9e7982996ad300179048fa","SlowFast","2_1",0,"1_5",0
"5d9e7982996ad300179048fa","SlowFast","2_2",0,"1_1",1
"5d9e7982996ad300179048fa","SlowFast","2_2",0,"1_2",0
"5d9e7982996ad300179048fa","SlowFast","2_2",0,"1_3",0
"5d9e7982996ad300179048fa","SlowFast","2_2",0,"1_4",0
"5d9e7982996ad300179048fa","SlowFast","2_2",0,"1_5",0
"5d9e7982996ad300179048fa","SlowFast","2_3",0,"1_1",1
"5d9e7982996ad300179048fa","SlowFast","2_3",0,"1_2",0
"5d9e7982996ad300179048fa","SlowFast","2_3",0,"1_3",0
"5d9e7982996ad300179048fa","SlowFast","2_3",0,"1_4",0
"5d9e7982996ad300179048fa","SlowFast","2_3",0,"1_5",0
"5d9e7982996ad300179048fa","SlowFast","2_4",0,"1_1",1
"5d9e7982996ad300179048fa","SlowFast","2_4",0,"1_2",0
"5d9e7982996ad300179048fa","SlowFast","2_4",0,"1_3",0
"5d9e7982996ad300179048fa","SlowFast","2_4",0,"1_4",0
"5d9e7982996ad300179048fa","SlowFast","2_4",0,"1_5",0
"5d9e7982996ad300179048fa","SlowFast","2_5",0,"1_1",1
"5d9e7982996ad300179048fa","SlowFast","2_5",0,"1_2",0
"5d9e7982996ad300179048fa","SlowFast","2_5",0,"1_3",0
"5d9e7982996ad300179048fa","SlowFast","2_5",0,"1_4",0
"5d9e7982996ad300179048fa","SlowFast","2_5",0,"1_5",0
"691e246aacdd6da848319345","SlowFast","2_1",1,"1_1",1
"691e246aacdd6da848319345","SlowFast","2_1",1,"1_2",1
"691e246aacdd6da848319345","SlowFast","2_1",1,"1_3",0
"691e246aacdd6da848319345","SlowFast","2_1",1,"1_4",1
"691e246aacdd6da848319345","SlowFast","2_1",1,"1_5",1
"691e246aacdd6da848319345","SlowFast","2_2",1,"1_1",1
"691e246aacdd6da848319345","SlowFast","2_2",1,"1_2",1
"691e246aacdd6da848319345","SlowFast","2_2",1,"1_3",0
"691e246aacdd6da848319345","SlowFast","2_2",1,"1_4",1
"691e246aacdd6da848319345","SlowFast","2_2",1,"1_5",1
"691e246aacdd6da848319345","SlowFast","2_3",1,"1_1",1
"691e246aacdd6da848319345","SlowFast","2_3",1,"1_2",1
"691e246aacdd6da848319345","SlowFast","2_3",1,"1_3",0
"691e246aacdd6da848319345","SlowFast","2_3",1,"1_4",1
"691e246aacdd6da848319345","SlowFast","2_3",1,"1_5",1
"691e246aacdd6da848319345","SlowFast","2_4",0,"1_1",1
"691e246aacdd6da848319345","SlowFast","2_4",0,"1_2",1
"691e246aacdd6da848319345","SlowFast","2_4",0,"1_3",0
"691e246aacdd6da848319345","SlowFast","2_4",0,"1_4",1
"691e246aacdd6da848319345","SlowFast","2_4",0,"1_5",1
"691e246aacdd6da848319345","SlowFast","2_5",0,"1_1",1
"691e246aacdd6da848319345","SlowFast","2_5",0,"1_2",1
"691e246aacdd6da848319345","SlowFast","2_5",0,"1_3",0
"691e246aacdd6da848319345","SlowFast","2_5",0,"1_4",1
"691e246aacdd6da848319345","SlowFast","2_5",0,"1_5",1
"66ddf1fdcc5c581ffea00af4","FastSlow","2_1",1,"1_1",1
"66ddf1fdcc5c581ffea00af4","FastSlow","2_1",1,"1_2",1
"66ddf1fdcc5c581ffea00af4","FastSlow","2_1",1,"1_3",1
"66ddf1fdcc5c581ffea00af4","FastSlow","2_1",1,"1_4",0
"66ddf1fdcc5c581ffea00af4","FastSlow","2_1",1,"1_5",0
"66ddf1fdcc5c581ffea00af4","FastSlow","2_2",0,"1_1",1
"66ddf1fdcc5c581ffea00af4","FastSlow","2_2",0,"1_2",1
"66ddf1fdcc5c581ffea00af4","FastSlow","2_2",0,"1_3",1
"66ddf1fdcc5c581ffea00af4","FastSlow","2_2",0,"1_4",0
"66ddf1fdcc5c581ffea00af4","FastSlow","2_2",0,"1_5",0
"66ddf1fdcc5c581ffea00af4","FastSlow","2_3",0,"1_1",1
"66ddf1fdcc5c581ffea00af4","FastSlow","2_3",0,"1_2",1
"66ddf1fdcc5c581ffea00af4","FastSlow","2_3",0,"1_3",1
"66ddf1fdcc5c581ffea00af4","FastSlow","2_3",0,"1_4",0
"66ddf1fdcc5c581ffea00af4","FastSlow","2_3",0,"1_5",0
"66ddf1fdcc5c581ffea00af4","FastSlow","2_4",0,"1_1",1
"66ddf1fdcc5c581ffea00af4","FastSlow","2_4",0,"1_2",1
"66ddf1fdcc5c581ffea00af4","FastSlow","2_4",0,"1_3",1
"66ddf1fdcc5c581ffea00af4","FastSlow","2_4",0,"1_4",0
"66ddf1fdcc5c581ffea00af4","FastSlow","2_4",0,"1_5",0
"66ddf1fdcc5c581ffea00af4","FastSlow","2_5",0,"1_1",1
"66ddf1fdcc5c581ffea00af4","FastSlow","2_5",0,"1_2",1
"66ddf1fdcc5c581ffea00af4","FastSlow","2_5",0,"1_3",1
"66ddf1fdcc5c581ffea00af4","FastSlow","2_5",0,"1_4",0
"66ddf1fdcc5c581ffea00af4","FastSlow","2_5",0,"1_5",0
"66198f45c36ffa489c2e903b","FastSlow","2_1",1,"1_1",0
"66198f45c36ffa489c2e903b","FastSlow","2_1",1,"1_2",0
"66198f45c36ffa489c2e903b","FastSlow","2_1",1,"1_3",0
"66198f45c36ffa489c2e903b","FastSlow","2_1",1,"1_4",0
"66198f45c36ffa489c2e903b","FastSlow","2_1",1,"1_5",0
"66198f45c36ffa489c2e903b","FastSlow","2_2",0,"1_1",0
"66198f45c36ffa489c2e903b","FastSlow","2_2",0,"1_2",0
"66198f45c36ffa489c2e903b","FastSlow","2_2",0,"1_3",0
"66198f45c36ffa489c2e903b","FastSlow","2_2",0,"1_4",0
"66198f45c36ffa489c2e903b","FastSlow","2_2",0,"1_5",0
"66198f45c36ffa489c2e903b","FastSlow","2_3",0,"1_1",0
"66198f45c36ffa489c2e903b","FastSlow","2_3",0,"1_2",0
"66198f45c36ffa489c2e903b","FastSlow","2_3",0,"1_3",0
"66198f45c36ffa489c2e903b","FastSlow","2_3",0,"1_4",0
"66198f45c36ffa489c2e903b","FastSlow","2_3",0,"1_5",0
"66198f45c36ffa489c2e903b","FastSlow","2_4",0,"1_1",0
"66198f45c36ffa489c2e903b","FastSlow","2_4",0,"1_2",0
"66198f45c36ffa489c2e903b","FastSlow","2_4",0,"1_3",0
"66198f45c36ffa489c2e903b","FastSlow","2_4",0,"1_4",0
"66198f45c36ffa489c2e903b","FastSlow","2_4",0,"1_5",0
"66198f45c36ffa489c2e903b","FastSlow","2_5",0,"1_1",0
"66198f45c36ffa489c2e903b","FastSlow","2_5",0,"1_2",0
"66198f45c36ffa489c2e903b","FastSlow","2_5",0,"1_3",0
"66198f45c36ffa489c2e903b","FastSlow","2_5",0,"1_4",0
"66198f45c36ffa489c2e903b","FastSlow","2_5",0,"1_5",0
"66c0e61e88d109a1324701f3","SlowFast","2_1",0,"1_1",1
"66c0e61e88d109a1324701f3","SlowFast","2_1",0,"1_2",1
"66c0e61e88d109a1324701f3","SlowFast","2_1",0,"1_3",0
"66c0e61e88d109a1324701f3","SlowFast","2_1",0,"1_4",0
"66c0e61e88d109a1324701f3","SlowFast","2_1",0,"1_5",0
"66c0e61e88d109a1324701f3","SlowFast","2_2",1,"1_1",1
"66c0e61e88d109a1324701f3","SlowFast","2_2",1,"1_2",1
"66c0e61e88d109a1324701f3","SlowFast","2_2",1,"1_3",0
"66c0e61e88d109a1324701f3","SlowFast","2_2",1,"1_4",0
"66c0e61e88d109a1324701f3","SlowFast","2_2",1,"1_5",0
"66c0e61e88d109a1324701f3","SlowFast","2_3",1,"1_1",1
"66c0e61e88d109a1324701f3","SlowFast","2_3",1,"1_2",1
"66c0e61e88d109a1324701f3","SlowFast","2_3",1,"1_3",0
"66c0e61e88d109a1324701f3","SlowFast","2_3",1,"1_4",0
"66c0e61e88d109a1324701f3","SlowFast","2_3",1,"1_5",0
"66c0e61e88d109a1324701f3","SlowFast","2_4",1,"1_1",1
"66c0e61e88d109a1324701f3","SlowFast","2_4",1,"1_2",1
"66c0e61e88d109a1324701f3","SlowFast","2_4",1,"1_3",0
"66c0e61e88d109a1324701f3","SlowFast","2_4",1,"1_4",0
"66c0e61e88d109a1324701f3","SlowFast","2_4",1,"1_5",0
"66c0e61e88d109a1324701f3","SlowFast","2_5",0,"1_1",1
"66c0e61e88d109a1324701f3","SlowFast","2_5",0,"1_2",1
"66c0e61e88d109a1324701f3","SlowFast","2_5",0,"1_3",0
"66c0e61e88d109a1324701f3","SlowFast","2_5",0,"1_4",0
"66c0e61e88d109a1324701f3","SlowFast","2_5",0,"1_5",0
"66371cc4de71aac65b5f1980","FastSlow","2_1",0,"1_1",1
"66371cc4de71aac65b5f1980","FastSlow","2_1",0,"1_2",0
"66371cc4de71aac65b5f1980","FastSlow","2_1",0,"1_3",0
"66371cc4de71aac65b5f1980","FastSlow","2_1",0,"1_4",0
"66371cc4de71aac65b5f1980","FastSlow","2_1",0,"1_5",0
"66371cc4de71aac65b5f1980","FastSlow","2_2",0,"1_1",1
"66371cc4de71aac65b5f1980","FastSlow","2_2",0,"1_2",0
"66371cc4de71aac65b5f1980","FastSlow","2_2",0,"1_3",0
"66371cc4de71aac65b5f1980","FastSlow","2_2",0,"1_4",0
"66371cc4de71aac65b5f1980","FastSlow","2_2",0,"1_5",0
"66371cc4de71aac65b5f1980","FastSlow","2_3",1,"1_1",1
"66371cc4de71aac65b5f1980","FastSlow","2_3",1,"1_2",0
"66371cc4de71aac65b5f1980","FastSlow","2_3",1,"1_3",0
"66371cc4de71aac65b5f1980","FastSlow","2_3",1,"1_4",0
"66371cc4de71aac65b5f1980","FastSlow","2_3",1,"1_5",0
"66371cc4de71aac65b5f1980","FastSlow","2_4",0,"1_1",1
"66371cc4de71aac65b5f1980","FastSlow","2_4",0,"1_2",0
"66371cc4de71aac65b5f1980","FastSlow","2_4",0,"1_3",0
"66371cc4de71aac65b5f1980","FastSlow","2_4",0,"1_4",0
"66371cc4de71aac65b5f1980","FastSlow","2_4",0,"1_5",0
"66371cc4de71aac65b5f1980","FastSlow","2_5",0,"1_1",1
"66371cc4de71aac65b5f1980","FastSlow","2_5",0,"1_2",0
"66371cc4de71aac65b5f1980","FastSlow","2_5",0,"1_3",0
"66371cc4de71aac65b5f1980","FastSlow","2_5",0,"1_4",0
"66371cc4de71aac65b5f1980","FastSlow","2_5",0,"1_5",0
"66045663fbc92e11eb7e557c","SlowFast","2_1",1,"1_1",1
"66045663fbc92e11eb7e557c","SlowFast","2_1",1,"1_2",1
"66045663fbc92e11eb7e557c","SlowFast","2_1",1,"1_3",1
"66045663fbc92e11eb7e557c","SlowFast","2_1",1,"1_4",0
"66045663fbc92e11eb7e557c","SlowFast","2_1",1,"1_5",0
"66045663fbc92e11eb7e557c","SlowFast","2_2",1,"1_1",1
"66045663fbc92e11eb7e557c","SlowFast","2_2",1,"1_2",1
"66045663fbc92e11eb7e557c","SlowFast","2_2",1,"1_3",1
"66045663fbc92e11eb7e557c","SlowFast","2_2",1,"1_4",0
"66045663fbc92e11eb7e557c","SlowFast","2_2",1,"1_5",0
"66045663fbc92e11eb7e557c","SlowFast","2_3",0,"1_1",1
"66045663fbc92e11eb7e557c","SlowFast","2_3",0,"1_2",1
"66045663fbc92e11eb7e557c","SlowFast","2_3",0,"1_3",1
"66045663fbc92e11eb7e557c","SlowFast","2_3",0,"1_4",0
"66045663fbc92e11eb7e557c","SlowFast","2_3",0,"1_5",0
"66045663fbc92e11eb7e557c","SlowFast","2_4",1,"1_1",1
"66045663fbc92e11eb7e557c","SlowFast","2_4",1,"1_2",1
"66045663fbc92e11eb7e557c","SlowFast","2_4",1,"1_3",1
"66045663fbc92e11eb7e557c","SlowFast","2_4",1,"1_4",0
"66045663fbc92e11eb7e557c","SlowFast","2_4",1,"1_5",0
"66045663fbc92e11eb7e557c","SlowFast","2_5",0,"1_1",1
"66045663fbc92e11eb7e557c","SlowFast","2_5",0,"1_2",1
"66045663fbc92e11eb7e557c","SlowFast","2_5",0,"1_3",1
"66045663fbc92e11eb7e557c","SlowFast","2_5",0,"1_4",0
"66045663fbc92e11eb7e557c","SlowFast","2_5",0,"1_5",0
"664671b9d20e4b68c8b78770","FastSlow","2_1",1,"1_1",1
"664671b9d20e4b68c8b78770","FastSlow","2_1",1,"1_2",1
"664671b9d20e4b68c8b78770","FastSlow","2_1",1,"1_3",1
"664671b9d20e4b68c8b78770","FastSlow","2_1",1,"1_4",1
"664671b9d20e4b68c8b78770","FastSlow","2_1",1,"1_5",0
"664671b9d20e4b68c8b78770","FastSlow","2_2",1,"1_1",1
"664671b9d20e4b68c8b78770","FastSlow","2_2",1,"1_2",1
"664671b9d20e4b68c8b78770","FastSlow","2_2",1,"1_3",1
"664671b9d20e4b68c8b78770","FastSlow","2_2",1,"1_4",1
"664671b9d20e4b68c8b78770","FastSlow","2_2",1,"1_5",0
"664671b9d20e4b68c8b78770","FastSlow","2_3",0,"1_1",1
"664671b9d20e4b68c8b78770","FastSlow","2_3",0,"1_2",1
"664671b9d20e4b68c8b78770","FastSlow","2_3",0,"1_3",1
"664671b9d20e4b68c8b78770","FastSlow","2_3",0,"1_4",1
"664671b9d20e4b68c8b78770","FastSlow","2_3",0,"1_5",0
"664671b9d20e4b68c8b78770","FastSlow","2_4",1,"1_1",1
"664671b9d20e4b68c8b78770","FastSlow","2_4",1,"1_2",1
"664671b9d20e4b68c8b78770","FastSlow","2_4",1,"1_3",1
"664671b9d20e4b68c8b78770","FastSlow","2_4",1,"1_4",1
"664671b9d20e4b68c8b78770","FastSlow","2_4",1,"1_5",0
"664671b9d20e4b68c8b78770","FastSlow","2_5",0,"1_1",1
"664671b9d20e4b68c8b78770","FastSlow","2_5",0,"1_2",1
"664671b9d20e4b68c8b78770","FastSlow","2_5",0,"1_3",1
"664671b9d20e4b68c8b78770","FastSlow","2_5",0,"1_4",1
"664671b9d20e4b68c8b78770","FastSlow","2_5",0,"1_5",0
"662ed97e23a6d55bb855adae","FastSlow","2_1",1,"1_1",1
"662ed97e23a6d55bb855adae","FastSlow","2_1",1,"1_2",1
"662ed97e23a6d55bb855adae","FastSlow","2_1",1,"1_3",1
"662ed97e23a6d55bb855adae","FastSlow","2_1",1,"1_4",0
"662ed97e23a6d55bb855adae","FastSlow","2_1",1,"1_5",0
"662ed97e23a6d55bb855adae","FastSlow","2_2",0,"1_1",1
"662ed97e23a6d55bb855adae","FastSlow","2_2",0,"1_2",1
"662ed97e23a6d55bb855adae","FastSlow","2_2",0,"1_3",1
"662ed97e23a6d55bb855adae","FastSlow","2_2",0,"1_4",0
"662ed97e23a6d55bb855adae","FastSlow","2_2",0,"1_5",0
"662ed97e23a6d55bb855adae","FastSlow","2_3",0,"1_1",1
"662ed97e23a6d55bb855adae","FastSlow","2_3",0,"1_2",1
"662ed97e23a6d55bb855adae","FastSlow","2_3",0,"1_3",1
"662ed97e23a6d55bb855adae","FastSlow","2_3",0,"1_4",0
"662ed97e23a6d55bb855adae","FastSlow","2_3",0,"1_5",0
"662ed97e23a6d55bb855adae","FastSlow","2_4",0,"1_1",1
"662ed97e23a6d55bb855adae","FastSlow","2_4",0,"1_2",1
"662ed97e23a6d55bb855adae","FastSlow","2_4",0,"1_3",1
"662ed97e23a6d55bb855adae","FastSlow","2_4",0,"1_4",0
"662ed97e23a6d55bb855adae","FastSlow","2_4",0,"1_5",0
"662ed97e23a6d55bb855adae","FastSlow","2_5",0,"1_1",1
"662ed97e23a6d55bb855adae","FastSlow","2_5",0,"1_2",1
"662ed97e23a6d55bb855adae","FastSlow","2_5",0,"1_3",1
"662ed97e23a6d55bb855adae","FastSlow","2_5",0,"1_4",0
"662ed97e23a6d55bb855adae","FastSlow","2_5",0,"1_5",0
"667e27322e43770fb9f2bb8c","SlowFast","2_1",1,"1_1",1
"667e27322e43770fb9f2bb8c","SlowFast","2_1",1,"1_2",0
"667e27322e43770fb9f2bb8c","SlowFast","2_1",1,"1_3",0
"667e27322e43770fb9f2bb8c","SlowFast","2_1",1,"1_4",0
"667e27322e43770fb9f2bb8c","SlowFast","2_1",1,"1_5",0
"667e27322e43770fb9f2bb8c","SlowFast","2_2",0,"1_1",1
"667e27322e43770fb9f2bb8c","SlowFast","2_2",0,"1_2",0
"667e27322e43770fb9f2bb8c","SlowFast","2_2",0,"1_3",0
"667e27322e43770fb9f2bb8c","SlowFast","2_2",0,"1_4",0
"667e27322e43770fb9f2bb8c","SlowFast","2_2",0,"1_5",0
"667e27322e43770fb9f2bb8c","SlowFast","2_3",1,"1_1",1
"667e27322e43770fb9f2bb8c","SlowFast","2_3",1,"1_2",0
"667e27322e43770fb9f2bb8c","SlowFast","2_3",1,"1_3",0
"667e27322e43770fb9f2bb8c","SlowFast","2_3",1,"1_4",0
"667e27322e43770fb9f2bb8c","SlowFast","2_3",1,"1_5",0
"667e27322e43770fb9f2bb8c","SlowFast","2_4",0,"1_1",1
"667e27322e43770fb9f2bb8c","SlowFast","2_4",0,"1_2",0
"667e27322e43770fb9f2bb8c","SlowFast","2_4",0,"1_3",0
"667e27322e43770fb9f2bb8c","SlowFast","2_4",0,"1_4",0
"667e27322e43770fb9f2bb8c","SlowFast","2_4",0,"1_5",0
"667e27322e43770fb9f2bb8c","SlowFast","2_5",0,"1_1",1
"667e27322e43770fb9f2bb8c","SlowFast","2_5",0,"1_2",0
"667e27322e43770fb9f2bb8c","SlowFast","2_5",0,"1_3",0
"667e27322e43770fb9f2bb8c","SlowFast","2_5",0,"1_4",0
"667e27322e43770fb9f2bb8c","SlowFast","2_5",0,"1_5",0
"671bfaa7d312fef1ab1d7fa0","SlowFast","2_1",1,"1_1",1
"671bfaa7d312fef1ab1d7fa0","SlowFast","2_1",1,"1_2",0
"671bfaa7d312fef1ab1d7fa0","SlowFast","2_1",1,"1_3",1
"671bfaa7d312fef1ab1d7fa0","SlowFast","2_1",1,"1_4",1
"671bfaa7d312fef1ab1d7fa0","SlowFast","2_1",1,"1_5",0
"671bfaa7d312fef1ab1d7fa0","SlowFast","2_2",1,"1_1",1
"671bfaa7d312fef1ab1d7fa0","SlowFast","2_2",1,"1_2",0
"671bfaa7d312fef1ab1d7fa0","SlowFast","2_2",1,"1_3",1
"671bfaa7d312fef1ab1d7fa0","SlowFast","2_2",1,"1_4",1
"671bfaa7d312fef1ab1d7fa0","SlowFast","2_2",1,"1_5",0
"671bfaa7d312fef1ab1d7fa0","SlowFast","2_3",1,"1_1",1
"671bfaa7d312fef1ab1d7fa0","SlowFast","2_3",1,"1_2",0
"671bfaa7d312fef1ab1d7fa0","SlowFast","2_3",1,"1_3",1
"671bfaa7d312fef1ab1d7fa0","SlowFast","2_3",1,"1_4",1
"671bfaa7d312fef1ab1d7fa0","SlowFast","2_3",1,"1_5",0
"671bfaa7d312fef1ab1d7fa0","SlowFast","2_4",0,"1_1",1
"671bfaa7d312fef1ab1d7fa0","SlowFast","2_4",0,"1_2",0
"671bfaa7d312fef1ab1d7fa0","SlowFast","2_4",0,"1_3",1
"671bfaa7d312fef1ab1d7fa0","SlowFast","2_4",0,"1_4",1
"671bfaa7d312fef1ab1d7fa0","SlowFast","2_4",0,"1_5",0
"671bfaa7d312fef1ab1d7fa0","SlowFast","2_5",0,"1_1",1
"671bfaa7d312fef1ab1d7fa0","SlowFast","2_5",0,"1_2",0
"671bfaa7d312fef1ab1d7fa0","SlowFast","2_5",0,"1_3",1
"671bfaa7d312fef1ab1d7fa0","SlowFast","2_5",0,"1_4",1
"671bfaa7d312fef1ab1d7fa0","SlowFast","2_5",0,"1_5",0
"6717f0ac88d9f27d9b79af31","SlowFast","2_1",1,"1_1",1
"6717f0ac88d9f27d9b79af31","SlowFast","2_1",1,"1_2",0
"6717f0ac88d9f27d9b79af31","SlowFast","2_1",1,"1_3",1
"6717f0ac88d9f27d9b79af31","SlowFast","2_1",1,"1_4",1
"6717f0ac88d9f27d9b79af31","SlowFast","2_1",1,"1_5",0
"6717f0ac88d9f27d9b79af31","SlowFast","2_2",1,"1_1",1
"6717f0ac88d9f27d9b79af31","SlowFast","2_2",1,"1_2",0
"6717f0ac88d9f27d9b79af31","SlowFast","2_2",1,"1_3",1
"6717f0ac88d9f27d9b79af31","SlowFast","2_2",1,"1_4",1
"6717f0ac88d9f27d9b79af31","SlowFast","2_2",1,"1_5",0
"6717f0ac88d9f27d9b79af31","SlowFast","2_3",1,"1_1",1
"6717f0ac88d9f27d9b79af31","SlowFast","2_3",1,"1_2",0
"6717f0ac88d9f27d9b79af31","SlowFast","2_3",1,"1_3",1
"6717f0ac88d9f27d9b79af31","SlowFast","2_3",1,"1_4",1
"6717f0ac88d9f27d9b79af31","SlowFast","2_3",1,"1_5",0
"6717f0ac88d9f27d9b79af31","SlowFast","2_4",1,"1_1",1
"6717f0ac88d9f27d9b79af31","SlowFast","2_4",1,"1_2",0
"6717f0ac88d9f27d9b79af31","SlowFast","2_4",1,"1_3",1
"6717f0ac88d9f27d9b79af31","SlowFast","2_4",1,"1_4",1
"6717f0ac88d9f27d9b79af31","SlowFast","2_4",1,"1_5",0
"6717f0ac88d9f27d9b79af31","SlowFast","2_5",0,"1_1",1
"6717f0ac88d9f27d9b79af31","SlowFast","2_5",0,"1_2",0
"6717f0ac88d9f27d9b79af31","SlowFast","2_5",0,"1_3",1
"6717f0ac88d9f27d9b79af31","SlowFast","2_5",0,"1_4",1
"6717f0ac88d9f27d9b79af31","SlowFast","2_5",0,"1_5",0
"67342c07d23b6cf0da5a030c","FastSlow","2_1",0,"1_1",1
"67342c07d23b6cf0da5a030c","FastSlow","2_1",0,"1_2",1
"67342c07d23b6cf0da5a030c","FastSlow","2_1",0,"1_3",1
"67342c07d23b6cf0da5a030c","FastSlow","2_1",0,"1_4",1
"67342c07d23b6cf0da5a030c","FastSlow","2_1",0,"1_5",0
"67342c07d23b6cf0da5a030c","FastSlow","2_2",1,"1_1",1
"67342c07d23b6cf0da5a030c","FastSlow","2_2",1,"1_2",1
"67342c07d23b6cf0da5a030c","FastSlow","2_2",1,"1_3",1
"67342c07d23b6cf0da5a030c","FastSlow","2_2",1,"1_4",1
"67342c07d23b6cf0da5a030c","FastSlow","2_2",1,"1_5",0
"67342c07d23b6cf0da5a030c","FastSlow","2_3",0,"1_1",1
"67342c07d23b6cf0da5a030c","FastSlow","2_3",0,"1_2",1
"67342c07d23b6cf0da5a030c","FastSlow","2_3",0,"1_3",1
"67342c07d23b6cf0da5a030c","FastSlow","2_3",0,"1_4",1
"67342c07d23b6cf0da5a030c","FastSlow","2_3",0,"1_5",0
"67342c07d23b6cf0da5a030c","FastSlow","2_4",0,"1_1",1
"67342c07d23b6cf0da5a030c","FastSlow","2_4",0,"1_2",1
"67342c07d23b6cf0da5a030c","FastSlow","2_4",0,"1_3",1
"67342c07d23b6cf0da5a030c","FastSlow","2_4",0,"1_4",1
"67342c07d23b6cf0da5a030c","FastSlow","2_4",0,"1_5",0
"67342c07d23b6cf0da5a030c","FastSlow","2_5",1,"1_1",1
"67342c07d23b6cf0da5a030c","FastSlow","2_5",1,"1_2",1
"67342c07d23b6cf0da5a030c","FastSlow","2_5",1,"1_3",1
"67342c07d23b6cf0da5a030c","FastSlow","2_5",1,"1_4",1
"67342c07d23b6cf0da5a030c","FastSlow","2_5",1,"1_5",0
"66c54542fde51396756cb576","FastSlow","2_1",1,"1_1",1
"66c54542fde51396756cb576","FastSlow","2_1",1,"1_2",1
"66c54542fde51396756cb576","FastSlow","2_1",1,"1_3",1
"66c54542fde51396756cb576","FastSlow","2_1",1,"1_4",0
"66c54542fde51396756cb576","FastSlow","2_1",1,"1_5",0
"66c54542fde51396756cb576","FastSlow","2_2",0,"1_1",1
"66c54542fde51396756cb576","FastSlow","2_2",0,"1_2",1
"66c54542fde51396756cb576","FastSlow","2_2",0,"1_3",1
"66c54542fde51396756cb576","FastSlow","2_2",0,"1_4",0
"66c54542fde51396756cb576","FastSlow","2_2",0,"1_5",0
"66c54542fde51396756cb576","FastSlow","2_3",0,"1_1",1
"66c54542fde51396756cb576","FastSlow","2_3",0,"1_2",1
"66c54542fde51396756cb576","FastSlow","2_3",0,"1_3",1
"66c54542fde51396756cb576","FastSlow","2_3",0,"1_4",0
"66c54542fde51396756cb576","FastSlow","2_3",0,"1_5",0
"66c54542fde51396756cb576","FastSlow","2_4",0,"1_1",1
"66c54542fde51396756cb576","FastSlow","2_4",0,"1_2",1
"66c54542fde51396756cb576","FastSlow","2_4",0,"1_3",1
"66c54542fde51396756cb576","FastSlow","2_4",0,"1_4",0
"66c54542fde51396756cb576","FastSlow","2_4",0,"1_5",0
"66c54542fde51396756cb576","FastSlow","2_5",0,"1_1",1
"66c54542fde51396756cb576","FastSlow","2_5",0,"1_2",1
"66c54542fde51396756cb576","FastSlow","2_5",0,"1_3",1
"66c54542fde51396756cb576","FastSlow","2_5",0,"1_4",0
"66c54542fde51396756cb576","FastSlow","2_5",0,"1_5",0
"60fdf6b3117c2aeb33f2dd99","FastSlow","2_1",0,"1_1",1
"60fdf6b3117c2aeb33f2dd99","FastSlow","2_1",0,"1_2",0
"60fdf6b3117c2aeb33f2dd99","FastSlow","2_1",0,"1_3",0
"60fdf6b3117c2aeb33f2dd99","FastSlow","2_1",0,"1_4",0
"60fdf6b3117c2aeb33f2dd99","FastSlow","2_1",0,"1_5",0
"60fdf6b3117c2aeb33f2dd99","FastSlow","2_2",0,"1_1",1
"60fdf6b3117c2aeb33f2dd99","FastSlow","2_2",0,"1_2",0
"60fdf6b3117c2aeb33f2dd99","FastSlow","2_2",0,"1_3",0
"60fdf6b3117c2aeb33f2dd99","FastSlow","2_2",0,"1_4",0
"60fdf6b3117c2aeb33f2dd99","FastSlow","2_2",0,"1_5",0
"60fdf6b3117c2aeb33f2dd99","FastSlow","2_3",0,"1_1",1
"60fdf6b3117c2aeb33f2dd99","FastSlow","2_3",0,"1_2",0
"60fdf6b3117c2aeb33f2dd99","FastSlow","2_3",0,"1_3",0
"60fdf6b3117c2aeb33f2dd99","FastSlow","2_3",0,"1_4",0
"60fdf6b3117c2aeb33f2dd99","FastSlow","2_3",0,"1_5",0
"60fdf6b3117c2aeb33f2dd99","FastSlow","2_4",0,"1_1",1
"60fdf6b3117c2aeb33f2dd99","FastSlow","2_4",0,"1_2",0
"60fdf6b3117c2aeb33f2dd99","FastSlow","2_4",0,"1_3",0
"60fdf6b3117c2aeb33f2dd99","FastSlow","2_4",0,"1_4",0
"60fdf6b3117c2aeb33f2dd99","FastSlow","2_4",0,"1_5",0
"60fdf6b3117c2aeb33f2dd99","FastSlow","2_5",0,"1_1",1
"60fdf6b3117c2aeb33f2dd99","FastSlow","2_5",0,"1_2",0
"60fdf6b3117c2aeb33f2dd99","FastSlow","2_5",0,"1_3",0
"60fdf6b3117c2aeb33f2dd99","FastSlow","2_5",0,"1_4",0
"60fdf6b3117c2aeb33f2dd99","FastSlow","2_5",0,"1_5",0
"66b6e70b2a7cebe3d1c15dc0","SlowFast","2_1",1,"1_1",1
"66b6e70b2a7cebe3d1c15dc0","SlowFast","2_1",1,"1_2",1
"66b6e70b2a7cebe3d1c15dc0","SlowFast","2_1",1,"1_3",0
"66b6e70b2a7cebe3d1c15dc0","SlowFast","2_1",1,"1_4",0
"66b6e70b2a7cebe3d1c15dc0","SlowFast","2_1",1,"1_5",0
"66b6e70b2a7cebe3d1c15dc0","SlowFast","2_2",1,"1_1",1
"66b6e70b2a7cebe3d1c15dc0","SlowFast","2_2",1,"1_2",1
"66b6e70b2a7cebe3d1c15dc0","SlowFast","2_2",1,"1_3",0
"66b6e70b2a7cebe3d1c15dc0","SlowFast","2_2",1,"1_4",0
"66b6e70b2a7cebe3d1c15dc0","SlowFast","2_2",1,"1_5",0
"66b6e70b2a7cebe3d1c15dc0","SlowFast","2_3",0,"1_1",1
"66b6e70b2a7cebe3d1c15dc0","SlowFast","2_3",0,"1_2",1
"66b6e70b2a7cebe3d1c15dc0","SlowFast","2_3",0,"1_3",0
"66b6e70b2a7cebe3d1c15dc0","SlowFast","2_3",0,"1_4",0
"66b6e70b2a7cebe3d1c15dc0","SlowFast","2_3",0,"1_5",0
"66b6e70b2a7cebe3d1c15dc0","SlowFast","2_4",0,"1_1",1
"66b6e70b2a7cebe3d1c15dc0","SlowFast","2_4",0,"1_2",1
"66b6e70b2a7cebe3d1c15dc0","SlowFast","2_4",0,"1_3",0
"66b6e70b2a7cebe3d1c15dc0","SlowFast","2_4",0,"1_4",0
"66b6e70b2a7cebe3d1c15dc0","SlowFast","2_4",0,"1_5",0
"66b6e70b2a7cebe3d1c15dc0","SlowFast","2_5",0,"1_1",1
"66b6e70b2a7cebe3d1c15dc0","SlowFast","2_5",0,"1_2",1
"66b6e70b2a7cebe3d1c15dc0","SlowFast","2_5",0,"1_3",0
"66b6e70b2a7cebe3d1c15dc0","SlowFast","2_5",0,"1_4",0
"66b6e70b2a7cebe3d1c15dc0","SlowFast","2_5",0,"1_5",0
"67d94f701307ac0887c44909","FastSlow","2_1",1,"1_1",1
"67d94f701307ac0887c44909","FastSlow","2_1",1,"1_2",1
"67d94f701307ac0887c44909","FastSlow","2_1",1,"1_3",0
"67d94f701307ac0887c44909","FastSlow","2_1",1,"1_4",1
"67d94f701307ac0887c44909","FastSlow","2_1",1,"1_5",1
"67d94f701307ac0887c44909","FastSlow","2_2",0,"1_1",1
"67d94f701307ac0887c44909","FastSlow","2_2",0,"1_2",1
"67d94f701307ac0887c44909","FastSlow","2_2",0,"1_3",0
"67d94f701307ac0887c44909","FastSlow","2_2",0,"1_4",1
"67d94f701307ac0887c44909","FastSlow","2_2",0,"1_5",1
"67d94f701307ac0887c44909","FastSlow","2_3",1,"1_1",1
"67d94f701307ac0887c44909","FastSlow","2_3",1,"1_2",1
"67d94f701307ac0887c44909","FastSlow","2_3",1,"1_3",0
"67d94f701307ac0887c44909","FastSlow","2_3",1,"1_4",1
"67d94f701307ac0887c44909","FastSlow","2_3",1,"1_5",1
"67d94f701307ac0887c44909","FastSlow","2_4",0,"1_1",1
"67d94f701307ac0887c44909","FastSlow","2_4",0,"1_2",1
"67d94f701307ac0887c44909","FastSlow","2_4",0,"1_3",0
"67d94f701307ac0887c44909","FastSlow","2_4",0,"1_4",1
"67d94f701307ac0887c44909","FastSlow","2_4",0,"1_5",1
"67d94f701307ac0887c44909","FastSlow","2_5",0,"1_1",1
"67d94f701307ac0887c44909","FastSlow","2_5",0,"1_2",1
"67d94f701307ac0887c44909","FastSlow","2_5",0,"1_3",0
"67d94f701307ac0887c44909","FastSlow","2_5",0,"1_4",1
"67d94f701307ac0887c44909","FastSlow","2_5",0,"1_5",1
"66293f9169949f4ac196a2c4","FastSlow","2_1",1,"1_1",1
"66293f9169949f4ac196a2c4","FastSlow","2_1",1,"1_2",0
"66293f9169949f4ac196a2c4","FastSlow","2_1",1,"1_3",0
"66293f9169949f4ac196a2c4","FastSlow","2_1",1,"1_4",0
"66293f9169949f4ac196a2c4","FastSlow","2_1",1,"1_5",0
"66293f9169949f4ac196a2c4","FastSlow","2_2",0,"1_1",1
"66293f9169949f4ac196a2c4","FastSlow","2_2",0,"1_2",0
"66293f9169949f4ac196a2c4","FastSlow","2_2",0,"1_3",0
"66293f9169949f4ac196a2c4","FastSlow","2_2",0,"1_4",0
"66293f9169949f4ac196a2c4","FastSlow","2_2",0,"1_5",0
"66293f9169949f4ac196a2c4","FastSlow","2_3",1,"1_1",1
"66293f9169949f4ac196a2c4","FastSlow","2_3",1,"1_2",0
"66293f9169949f4ac196a2c4","FastSlow","2_3",1,"1_3",0
"66293f9169949f4ac196a2c4","FastSlow","2_3",1,"1_4",0
"66293f9169949f4ac196a2c4","FastSlow","2_3",1,"1_5",0
"66293f9169949f4ac196a2c4","FastSlow","2_4",0,"1_1",1
"66293f9169949f4ac196a2c4","FastSlow","2_4",0,"1_2",0
"66293f9169949f4ac196a2c4","FastSlow","2_4",0,"1_3",0
"66293f9169949f4ac196a2c4","FastSlow","2_4",0,"1_4",0
"66293f9169949f4ac196a2c4","FastSlow","2_4",0,"1_5",0
"66293f9169949f4ac196a2c4","FastSlow","2_5",0,"1_1",1
"66293f9169949f4ac196a2c4","FastSlow","2_5",0,"1_2",0
"66293f9169949f4ac196a2c4","FastSlow","2_5",0,"1_3",0
"66293f9169949f4ac196a2c4","FastSlow","2_5",0,"1_4",0
"66293f9169949f4ac196a2c4","FastSlow","2_5",0,"1_5",0
"68cdd1f9acf6b2542a73e563","SlowFast","2_1",1,"1_1",1
"68cdd1f9acf6b2542a73e563","SlowFast","2_1",1,"1_2",1
"68cdd1f9acf6b2542a73e563","SlowFast","2_1",1,"1_3",1
"68cdd1f9acf6b2542a73e563","SlowFast","2_1",1,"1_4",0
"68cdd1f9acf6b2542a73e563","SlowFast","2_1",1,"1_5",0
"68cdd1f9acf6b2542a73e563","SlowFast","2_2",0,"1_1",1
"68cdd1f9acf6b2542a73e563","SlowFast","2_2",0,"1_2",1
"68cdd1f9acf6b2542a73e563","SlowFast","2_2",0,"1_3",1
"68cdd1f9acf6b2542a73e563","SlowFast","2_2",0,"1_4",0
"68cdd1f9acf6b2542a73e563","SlowFast","2_2",0,"1_5",0
"68cdd1f9acf6b2542a73e563","SlowFast","2_3",1,"1_1",1
"68cdd1f9acf6b2542a73e563","SlowFast","2_3",1,"1_2",1
"68cdd1f9acf6b2542a73e563","SlowFast","2_3",1,"1_3",1
"68cdd1f9acf6b2542a73e563","SlowFast","2_3",1,"1_4",0
"68cdd1f9acf6b2542a73e563","SlowFast","2_3",1,"1_5",0
"68cdd1f9acf6b2542a73e563","SlowFast","2_4",0,"1_1",1
"68cdd1f9acf6b2542a73e563","SlowFast","2_4",0,"1_2",1
"68cdd1f9acf6b2542a73e563","SlowFast","2_4",0,"1_3",1
"68cdd1f9acf6b2542a73e563","SlowFast","2_4",0,"1_4",0
"68cdd1f9acf6b2542a73e563","SlowFast","2_4",0,"1_5",0
"68cdd1f9acf6b2542a73e563","SlowFast","2_5",0,"1_1",1
"68cdd1f9acf6b2542a73e563","SlowFast","2_5",0,"1_2",1
"68cdd1f9acf6b2542a73e563","SlowFast","2_5",0,"1_3",1
"68cdd1f9acf6b2542a73e563","SlowFast","2_5",0,"1_4",0
"68cdd1f9acf6b2542a73e563","SlowFast","2_5",0,"1_5",0
"66efa54508a57ab4d42cab20","FastSlow","2_1",0,"1_1",1
"66efa54508a57ab4d42cab20","FastSlow","2_1",0,"1_2",1
"66efa54508a57ab4d42cab20","FastSlow","2_1",0,"1_3",1
"66efa54508a57ab4d42cab20","FastSlow","2_1",0,"1_4",0
"66efa54508a57ab4d42cab20","FastSlow","2_1",0,"1_5",0
"66efa54508a57ab4d42cab20","FastSlow","2_2",0,"1_1",1
"66efa54508a57ab4d42cab20","FastSlow","2_2",0,"1_2",1
"66efa54508a57ab4d42cab20","FastSlow","2_2",0,"1_3",1
"66efa54508a57ab4d42cab20","FastSlow","2_2",0,"1_4",0
"66efa54508a57ab4d42cab20","FastSlow","2_2",0,"1_5",0
"66efa54508a57ab4d42cab20","FastSlow","2_3",0,"1_1",1
"66efa54508a57ab4d42cab20","FastSlow","2_3",0,"1_2",1
"66efa54508a57ab4d42cab20","FastSlow","2_3",0,"1_3",1
"66efa54508a57ab4d42cab20","FastSlow","2_3",0,"1_4",0
"66efa54508a57ab4d42cab20","FastSlow","2_3",0,"1_5",0
"66efa54508a57ab4d42cab20","FastSlow","2_4",0,"1_1",1
"66efa54508a57ab4d42cab20","FastSlow","2_4",0,"1_2",1
"66efa54508a57ab4d42cab20","FastSlow","2_4",0,"1_3",1
"66efa54508a57ab4d42cab20","FastSlow","2_4",0,"1_4",0
"66efa54508a57ab4d42cab20","FastSlow","2_4",0,"1_5",0
"66efa54508a57ab4d42cab20","FastSlow","2_5",0,"1_1",1
"66efa54508a57ab4d42cab20","FastSlow","2_5",0,"1_2",1
"66efa54508a57ab4d42cab20","FastSlow","2_5",0,"1_3",1
"66efa54508a57ab4d42cab20","FastSlow","2_5",0,"1_4",0
"66efa54508a57ab4d42cab20","FastSlow","2_5",0,"1_5",0
"6746659a4a38c50b80da4c63","SlowFast","2_1",1,"1_1",1
"6746659a4a38c50b80da4c63","SlowFast","2_1",1,"1_2",1
"6746659a4a38c50b80da4c63","SlowFast","2_1",1,"1_3",1
"6746659a4a38c50b80da4c63","SlowFast","2_1",1,"1_4",0
"6746659a4a38c50b80da4c63","SlowFast","2_1",1,"1_5",0
"6746659a4a38c50b80da4c63","SlowFast","2_2",1,"1_1",1
"6746659a4a38c50b80da4c63","SlowFast","2_2",1,"1_2",1
"6746659a4a38c50b80da4c63","SlowFast","2_2",1,"1_3",1
"6746659a4a38c50b80da4c63","SlowFast","2_2",1,"1_4",0
"6746659a4a38c50b80da4c63","SlowFast","2_2",1,"1_5",0
"6746659a4a38c50b80da4c63","SlowFast","2_3",1,"1_1",1
"6746659a4a38c50b80da4c63","SlowFast","2_3",1,"1_2",1
"6746659a4a38c50b80da4c63","SlowFast","2_3",1,"1_3",1
"6746659a4a38c50b80da4c63","SlowFast","2_3",1,"1_4",0
"6746659a4a38c50b80da4c63","SlowFast","2_3",1,"1_5",0
"6746659a4a38c50b80da4c63","SlowFast","2_4",1,"1_1",1
"6746659a4a38c50b80da4c63","SlowFast","2_4",1,"1_2",1
"6746659a4a38c50b80da4c63","SlowFast","2_4",1,"1_3",1
"6746659a4a38c50b80da4c63","SlowFast","2_4",1,"1_4",0
"6746659a4a38c50b80da4c63","SlowFast","2_4",1,"1_5",0
"6746659a4a38c50b80da4c63","SlowFast","2_5",0,"1_1",1
"6746659a4a38c50b80da4c63","SlowFast","2_5",0,"1_2",1
"6746659a4a38c50b80da4c63","SlowFast","2_5",0,"1_3",1
"6746659a4a38c50b80da4c63","SlowFast","2_5",0,"1_4",0
"6746659a4a38c50b80da4c63","SlowFast","2_5",0,"1_5",0
"6736485fd762ccba28f44a81","FastSlow","2_1",0,"1_1",1
"6736485fd762ccba28f44a81","FastSlow","2_1",0,"1_2",0
"6736485fd762ccba28f44a81","FastSlow","2_1",0,"1_3",0
"6736485fd762ccba28f44a81","FastSlow","2_1",0,"1_4",0
"6736485fd762ccba28f44a81","FastSlow","2_1",0,"1_5",0
"6736485fd762ccba28f44a81","FastSlow","2_2",0,"1_1",1
"6736485fd762ccba28f44a81","FastSlow","2_2",0,"1_2",0
"6736485fd762ccba28f44a81","FastSlow","2_2",0,"1_3",0
"6736485fd762ccba28f44a81","FastSlow","2_2",0,"1_4",0
"6736485fd762ccba28f44a81","FastSlow","2_2",0,"1_5",0
"6736485fd762ccba28f44a81","FastSlow","2_3",1,"1_1",1
"6736485fd762ccba28f44a81","FastSlow","2_3",1,"1_2",0
"6736485fd762ccba28f44a81","FastSlow","2_3",1,"1_3",0
"6736485fd762ccba28f44a81","FastSlow","2_3",1,"1_4",0
"6736485fd762ccba28f44a81","FastSlow","2_3",1,"1_5",0
"6736485fd762ccba28f44a81","FastSlow","2_4",0,"1_1",1
"6736485fd762ccba28f44a81","FastSlow","2_4",0,"1_2",0
"6736485fd762ccba28f44a81","FastSlow","2_4",0,"1_3",0
"6736485fd762ccba28f44a81","FastSlow","2_4",0,"1_4",0
"6736485fd762ccba28f44a81","FastSlow","2_4",0,"1_5",0
"6736485fd762ccba28f44a81","FastSlow","2_5",0,"1_1",1
"6736485fd762ccba28f44a81","FastSlow","2_5",0,"1_2",0
"6736485fd762ccba28f44a81","FastSlow","2_5",0,"1_3",0
"6736485fd762ccba28f44a81","FastSlow","2_5",0,"1_4",0
"6736485fd762ccba28f44a81","FastSlow","2_5",0,"1_5",0
"655fa1d61a31921e732c6447","SlowFast","2_1",1,"1_1",1
"655fa1d61a31921e732c6447","SlowFast","2_1",1,"1_2",1
"655fa1d61a31921e732c6447","SlowFast","2_1",1,"1_3",0
"655fa1d61a31921e732c6447","SlowFast","2_1",1,"1_4",1
"655fa1d61a31921e732c6447","SlowFast","2_1",1,"1_5",0
"655fa1d61a31921e732c6447","SlowFast","2_2",0,"1_1",1
"655fa1d61a31921e732c6447","SlowFast","2_2",0,"1_2",1
"655fa1d61a31921e732c6447","SlowFast","2_2",0,"1_3",0
"655fa1d61a31921e732c6447","SlowFast","2_2",0,"1_4",1
"655fa1d61a31921e732c6447","SlowFast","2_2",0,"1_5",0
"655fa1d61a31921e732c6447","SlowFast","2_3",1,"1_1",1
"655fa1d61a31921e732c6447","SlowFast","2_3",1,"1_2",1
"655fa1d61a31921e732c6447","SlowFast","2_3",1,"1_3",0
"655fa1d61a31921e732c6447","SlowFast","2_3",1,"1_4",1
"655fa1d61a31921e732c6447","SlowFast","2_3",1,"1_5",0
"655fa1d61a31921e732c6447","SlowFast","2_4",1,"1_1",1
"655fa1d61a31921e732c6447","SlowFast","2_4",1,"1_2",1
"655fa1d61a31921e732c6447","SlowFast","2_4",1,"1_3",0
"655fa1d61a31921e732c6447","SlowFast","2_4",1,"1_4",1
"655fa1d61a31921e732c6447","SlowFast","2_4",1,"1_5",0
"655fa1d61a31921e732c6447","SlowFast","2_5",0,"1_1",1
"655fa1d61a31921e732c6447","SlowFast","2_5",0,"1_2",1
"655fa1d61a31921e732c6447","SlowFast","2_5",0,"1_3",0
"655fa1d61a31921e732c6447","SlowFast","2_5",0,"1_4",1
"655fa1d61a31921e732c6447","SlowFast","2_5",0,"1_5",0
"6598fe3a39833e045566f441","FastSlow","2_1",1,"1_1",1
"6598fe3a39833e045566f441","FastSlow","2_1",1,"1_2",1
"6598fe3a39833e045566f441","FastSlow","2_1",1,"1_3",0
"6598fe3a39833e045566f441","FastSlow","2_1",1,"1_4",1
"6598fe3a39833e045566f441","FastSlow","2_1",1,"1_5",0
"6598fe3a39833e045566f441","FastSlow","2_2",1,"1_1",1
"6598fe3a39833e045566f441","FastSlow","2_2",1,"1_2",1
"6598fe3a39833e045566f441","FastSlow","2_2",1,"1_3",0
"6598fe3a39833e045566f441","FastSlow","2_2",1,"1_4",1
"6598fe3a39833e045566f441","FastSlow","2_2",1,"1_5",0
"6598fe3a39833e045566f441","FastSlow","2_3",1,"1_1",1
"6598fe3a39833e045566f441","FastSlow","2_3",1,"1_2",1
"6598fe3a39833e045566f441","FastSlow","2_3",1,"1_3",0
"6598fe3a39833e045566f441","FastSlow","2_3",1,"1_4",1
"6598fe3a39833e045566f441","FastSlow","2_3",1,"1_5",0
"6598fe3a39833e045566f441","FastSlow","2_4",0,"1_1",1
"6598fe3a39833e045566f441","FastSlow","2_4",0,"1_2",1
"6598fe3a39833e045566f441","FastSlow","2_4",0,"1_3",0
"6598fe3a39833e045566f441","FastSlow","2_4",0,"1_4",1
"6598fe3a39833e045566f441","FastSlow","2_4",0,"1_5",0
"6598fe3a39833e045566f441","FastSlow","2_5",0,"1_1",1
"6598fe3a39833e045566f441","FastSlow","2_5",0,"1_2",1
"6598fe3a39833e045566f441","FastSlow","2_5",0,"1_3",0
"6598fe3a39833e045566f441","FastSlow","2_5",0,"1_4",1
"6598fe3a39833e045566f441","FastSlow","2_5",0,"1_5",0
"678e1a303a8e378f3e02cdf3","SlowFast","2_1",0,"1_1",1
"678e1a303a8e378f3e02cdf3","SlowFast","2_1",0,"1_2",0
"678e1a303a8e378f3e02cdf3","SlowFast","2_1",0,"1_3",0
"678e1a303a8e378f3e02cdf3","SlowFast","2_1",0,"1_4",0
"678e1a303a8e378f3e02cdf3","SlowFast","2_1",0,"1_5",0
"678e1a303a8e378f3e02cdf3","SlowFast","2_2",0,"1_1",1
"678e1a303a8e378f3e02cdf3","SlowFast","2_2",0,"1_2",0
"678e1a303a8e378f3e02cdf3","SlowFast","2_2",0,"1_3",0
"678e1a303a8e378f3e02cdf3","SlowFast","2_2",0,"1_4",0
"678e1a303a8e378f3e02cdf3","SlowFast","2_2",0,"1_5",0
"678e1a303a8e378f3e02cdf3","SlowFast","2_3",1,"1_1",1
"678e1a303a8e378f3e02cdf3","SlowFast","2_3",1,"1_2",0
"678e1a303a8e378f3e02cdf3","SlowFast","2_3",1,"1_3",0
"678e1a303a8e378f3e02cdf3","SlowFast","2_3",1,"1_4",0
"678e1a303a8e378f3e02cdf3","SlowFast","2_3",1,"1_5",0
"678e1a303a8e378f3e02cdf3","SlowFast","2_4",0,"1_1",1
"678e1a303a8e378f3e02cdf3","SlowFast","2_4",0,"1_2",0
"678e1a303a8e378f3e02cdf3","SlowFast","2_4",0,"1_3",0
"678e1a303a8e378f3e02cdf3","SlowFast","2_4",0,"1_4",0
"678e1a303a8e378f3e02cdf3","SlowFast","2_4",0,"1_5",0
"678e1a303a8e378f3e02cdf3","SlowFast","2_5",0,"1_1",1
"678e1a303a8e378f3e02cdf3","SlowFast","2_5",0,"1_2",0
"678e1a303a8e378f3e02cdf3","SlowFast","2_5",0,"1_3",0
"678e1a303a8e378f3e02cdf3","SlowFast","2_5",0,"1_4",0
"678e1a303a8e378f3e02cdf3","SlowFast","2_5",0,"1_5",0
"6706d002bb8720b5daad439f","FastSlow","2_1",1,"1_1",1
"6706d002bb8720b5daad439f","FastSlow","2_1",1,"1_2",1
"6706d002bb8720b5daad439f","FastSlow","2_1",1,"1_3",0
"6706d002bb8720b5daad439f","FastSlow","2_1",1,"1_4",0
"6706d002bb8720b5daad439f","FastSlow","2_1",1,"1_5",0
"6706d002bb8720b5daad439f","FastSlow","2_2",0,"1_1",1
"6706d002bb8720b5daad439f","FastSlow","2_2",0,"1_2",1
"6706d002bb8720b5daad439f","FastSlow","2_2",0,"1_3",0
"6706d002bb8720b5daad439f","FastSlow","2_2",0,"1_4",0
"6706d002bb8720b5daad439f","FastSlow","2_2",0,"1_5",0
"6706d002bb8720b5daad439f","FastSlow","2_3",0,"1_1",1
"6706d002bb8720b5daad439f","FastSlow","2_3",0,"1_2",1
"6706d002bb8720b5daad439f","FastSlow","2_3",0,"1_3",0
"6706d002bb8720b5daad439f","FastSlow","2_3",0,"1_4",0
"6706d002bb8720b5daad439f","FastSlow","2_3",0,"1_5",0
"6706d002bb8720b5daad439f","FastSlow","2_4",0,"1_1",1
"6706d002bb8720b5daad439f","FastSlow","2_4",0,"1_2",1
"6706d002bb8720b5daad439f","FastSlow","2_4",0,"1_3",0
"6706d002bb8720b5daad439f","FastSlow","2_4",0,"1_4",0
"6706d002bb8720b5daad439f","FastSlow","2_4",0,"1_5",0
"6706d002bb8720b5daad439f","FastSlow","2_5",0,"1_1",1
"6706d002bb8720b5daad439f","FastSlow","2_5",0,"1_2",1
"6706d002bb8720b5daad439f","FastSlow","2_5",0,"1_3",0
"6706d002bb8720b5daad439f","FastSlow","2_5",0,"1_4",0
"6706d002bb8720b5daad439f","FastSlow","2_5",0,"1_5",0
"6283dfc2f6449b4dea57a4e5","FastSlow","2_1",1,"1_1",1
"6283dfc2f6449b4dea57a4e5","FastSlow","2_1",1,"1_2",0
"6283dfc2f6449b4dea57a4e5","FastSlow","2_1",1,"1_3",1
"6283dfc2f6449b4dea57a4e5","FastSlow","2_1",1,"1_4",0
"6283dfc2f6449b4dea57a4e5","FastSlow","2_1",1,"1_5",0
"6283dfc2f6449b4dea57a4e5","FastSlow","2_2",0,"1_1",1
"6283dfc2f6449b4dea57a4e5","FastSlow","2_2",0,"1_2",0
"6283dfc2f6449b4dea57a4e5","FastSlow","2_2",0,"1_3",1
"6283dfc2f6449b4dea57a4e5","FastSlow","2_2",0,"1_4",0
"6283dfc2f6449b4dea57a4e5","FastSlow","2_2",0,"1_5",0
"6283dfc2f6449b4dea57a4e5","FastSlow","2_3",0,"1_1",1
"6283dfc2f6449b4dea57a4e5","FastSlow","2_3",0,"1_2",0
"6283dfc2f6449b4dea57a4e5","FastSlow","2_3",0,"1_3",1
"6283dfc2f6449b4dea57a4e5","FastSlow","2_3",0,"1_4",0
"6283dfc2f6449b4dea57a4e5","FastSlow","2_3",0,"1_5",0
"6283dfc2f6449b4dea57a4e5","FastSlow","2_4",0,"1_1",1
"6283dfc2f6449b4dea57a4e5","FastSlow","2_4",0,"1_2",0
"6283dfc2f6449b4dea57a4e5","FastSlow","2_4",0,"1_3",1
"6283dfc2f6449b4dea57a4e5","FastSlow","2_4",0,"1_4",0
"6283dfc2f6449b4dea57a4e5","FastSlow","2_4",0,"1_5",0
"6283dfc2f6449b4dea57a4e5","FastSlow","2_5",0,"1_1",1
"6283dfc2f6449b4dea57a4e5","FastSlow","2_5",0,"1_2",0
"6283dfc2f6449b4dea57a4e5","FastSlow","2_5",0,"1_3",1
"6283dfc2f6449b4dea57a4e5","FastSlow","2_5",0,"1_4",0
"6283dfc2f6449b4dea57a4e5","FastSlow","2_5",0,"1_5",0
"5d58471ffe8768001a31d33a","SlowFast","2_1",1,"1_1",1
"5d58471ffe8768001a31d33a","SlowFast","2_1",1,"1_2",1
"5d58471ffe8768001a31d33a","SlowFast","2_1",1,"1_3",1
"5d58471ffe8768001a31d33a","SlowFast","2_1",1,"1_4",1
"5d58471ffe8768001a31d33a","SlowFast","2_1",1,"1_5",0
"5d58471ffe8768001a31d33a","SlowFast","2_2",0,"1_1",1
"5d58471ffe8768001a31d33a","SlowFast","2_2",0,"1_2",1
"5d58471ffe8768001a31d33a","SlowFast","2_2",0,"1_3",1
"5d58471ffe8768001a31d33a","SlowFast","2_2",0,"1_4",1
"5d58471ffe8768001a31d33a","SlowFast","2_2",0,"1_5",0
"5d58471ffe8768001a31d33a","SlowFast","2_3",1,"1_1",1
"5d58471ffe8768001a31d33a","SlowFast","2_3",1,"1_2",1
"5d58471ffe8768001a31d33a","SlowFast","2_3",1,"1_3",1
"5d58471ffe8768001a31d33a","SlowFast","2_3",1,"1_4",1
"5d58471ffe8768001a31d33a","SlowFast","2_3",1,"1_5",0
"5d58471ffe8768001a31d33a","SlowFast","2_4",1,"1_1",1
"5d58471ffe8768001a31d33a","SlowFast","2_4",1,"1_2",1
"5d58471ffe8768001a31d33a","SlowFast","2_4",1,"1_3",1
"5d58471ffe8768001a31d33a","SlowFast","2_4",1,"1_4",1
"5d58471ffe8768001a31d33a","SlowFast","2_4",1,"1_5",0
"5d58471ffe8768001a31d33a","SlowFast","2_5",0,"1_1",1
"5d58471ffe8768001a31d33a","SlowFast","2_5",0,"1_2",1
"5d58471ffe8768001a31d33a","SlowFast","2_5",0,"1_3",1
"5d58471ffe8768001a31d33a","SlowFast","2_5",0,"1_4",1
"5d58471ffe8768001a31d33a","SlowFast","2_5",0,"1_5",0
"6530fed5b3281d288757fca9","FastSlow","2_1",1,"1_1",1
"6530fed5b3281d288757fca9","FastSlow","2_1",1,"1_2",0
"6530fed5b3281d288757fca9","FastSlow","2_1",1,"1_3",0
"6530fed5b3281d288757fca9","FastSlow","2_1",1,"1_4",1
"6530fed5b3281d288757fca9","FastSlow","2_1",1,"1_5",0
"6530fed5b3281d288757fca9","FastSlow","2_2",0,"1_1",1
"6530fed5b3281d288757fca9","FastSlow","2_2",0,"1_2",0
"6530fed5b3281d288757fca9","FastSlow","2_2",0,"1_3",0
"6530fed5b3281d288757fca9","FastSlow","2_2",0,"1_4",1
"6530fed5b3281d288757fca9","FastSlow","2_2",0,"1_5",0
"6530fed5b3281d288757fca9","FastSlow","2_3",1,"1_1",1
"6530fed5b3281d288757fca9","FastSlow","2_3",1,"1_2",0
"6530fed5b3281d288757fca9","FastSlow","2_3",1,"1_3",0
"6530fed5b3281d288757fca9","FastSlow","2_3",1,"1_4",1
"6530fed5b3281d288757fca9","FastSlow","2_3",1,"1_5",0
"6530fed5b3281d288757fca9","FastSlow","2_4",0,"1_1",1
"6530fed5b3281d288757fca9","FastSlow","2_4",0,"1_2",0
"6530fed5b3281d288757fca9","FastSlow","2_4",0,"1_3",0
"6530fed5b3281d288757fca9","FastSlow","2_4",0,"1_4",1
"6530fed5b3281d288757fca9","FastSlow","2_4",0,"1_5",0
"6530fed5b3281d288757fca9","FastSlow","2_5",0,"1_1",1
"6530fed5b3281d288757fca9","FastSlow","2_5",0,"1_2",0
"6530fed5b3281d288757fca9","FastSlow","2_5",0,"1_3",0
"6530fed5b3281d288757fca9","FastSlow","2_5",0,"1_4",1
"6530fed5b3281d288757fca9","FastSlow","2_5",0,"1_5",0
"66aebc2458180fbfae675464","SlowFast","2_1",1,"1_1",1
"66aebc2458180fbfae675464","SlowFast","2_1",1,"1_2",1
"66aebc2458180fbfae675464","SlowFast","2_1",1,"1_3",1
"66aebc2458180fbfae675464","SlowFast","2_1",1,"1_4",1
"66aebc2458180fbfae675464","SlowFast","2_1",1,"1_5",0
"66aebc2458180fbfae675464","SlowFast","2_2",1,"1_1",1
"66aebc2458180fbfae675464","SlowFast","2_2",1,"1_2",1
"66aebc2458180fbfae675464","SlowFast","2_2",1,"1_3",1
"66aebc2458180fbfae675464","SlowFast","2_2",1,"1_4",1
"66aebc2458180fbfae675464","SlowFast","2_2",1,"1_5",0
"66aebc2458180fbfae675464","SlowFast","2_3",1,"1_1",1
"66aebc2458180fbfae675464","SlowFast","2_3",1,"1_2",1
"66aebc2458180fbfae675464","SlowFast","2_3",1,"1_3",1
"66aebc2458180fbfae675464","SlowFast","2_3",1,"1_4",1
"66aebc2458180fbfae675464","SlowFast","2_3",1,"1_5",0
"66aebc2458180fbfae675464","SlowFast","2_4",1,"1_1",1
"66aebc2458180fbfae675464","SlowFast","2_4",1,"1_2",1
"66aebc2458180fbfae675464","SlowFast","2_4",1,"1_3",1
"66aebc2458180fbfae675464","SlowFast","2_4",1,"1_4",1
"66aebc2458180fbfae675464","SlowFast","2_4",1,"1_5",0
"66aebc2458180fbfae675464","SlowFast","2_5",1,"1_1",1
"66aebc2458180fbfae675464","SlowFast","2_5",1,"1_2",1
"66aebc2458180fbfae675464","SlowFast","2_5",1,"1_3",1
"66aebc2458180fbfae675464","SlowFast","2_5",1,"1_4",1
"66aebc2458180fbfae675464","SlowFast","2_5",1,"1_5",0
"655f94a8e52c55fdec3da167","SlowFast","2_1",1,"1_1",1
"655f94a8e52c55fdec3da167","SlowFast","2_1",1,"1_2",1
"655f94a8e52c55fdec3da167","SlowFast","2_1",1,"1_3",1
"655f94a8e52c55fdec3da167","SlowFast","2_1",1,"1_4",1
"655f94a8e52c55fdec3da167","SlowFast","2_1",1,"1_5",0
"655f94a8e52c55fdec3da167","SlowFast","2_2",1,"1_1",1
"655f94a8e52c55fdec3da167","SlowFast","2_2",1,"1_2",1
"655f94a8e52c55fdec3da167","SlowFast","2_2",1,"1_3",1
"655f94a8e52c55fdec3da167","SlowFast","2_2",1,"1_4",1
"655f94a8e52c55fdec3da167","SlowFast","2_2",1,"1_5",0
"655f94a8e52c55fdec3da167","SlowFast","2_3",1,"1_1",1
"655f94a8e52c55fdec3da167","SlowFast","2_3",1,"1_2",1
"655f94a8e52c55fdec3da167","SlowFast","2_3",1,"1_3",1
"655f94a8e52c55fdec3da167","SlowFast","2_3",1,"1_4",1
"655f94a8e52c55fdec3da167","SlowFast","2_3",1,"1_5",0
"655f94a8e52c55fdec3da167","SlowFast","2_4",1,"1_1",1
"655f94a8e52c55fdec3da167","SlowFast","2_4",1,"1_2",1
"655f94a8e52c55fdec3da167","SlowFast","2_4",1,"1_3",1
"655f94a8e52c55fdec3da167","SlowFast","2_4",1,"1_4",1
"655f94a8e52c55fdec3da167","SlowFast","2_4",1,"1_5",0
"655f94a8e52c55fdec3da167","SlowFast","2_5",1,"1_1",1
"655f94a8e52c55fdec3da167","SlowFast","2_5",1,"1_2",1
"655f94a8e52c55fdec3da167","SlowFast","2_5",1,"1_3",1
"655f94a8e52c55fdec3da167","SlowFast","2_5",1,"1_4",1
"655f94a8e52c55fdec3da167","SlowFast","2_5",1,"1_5",0
"6681e05e37692ab271e02312","FastSlow","2_1",1,"1_1",1
"6681e05e37692ab271e02312","FastSlow","2_1",1,"1_2",0
"6681e05e37692ab271e02312","FastSlow","2_1",1,"1_3",0
"6681e05e37692ab271e02312","FastSlow","2_1",1,"1_4",0
"6681e05e37692ab271e02312","FastSlow","2_1",1,"1_5",0
"6681e05e37692ab271e02312","FastSlow","2_2",0,"1_1",1
"6681e05e37692ab271e02312","FastSlow","2_2",0,"1_2",0
"6681e05e37692ab271e02312","FastSlow","2_2",0,"1_3",0
"6681e05e37692ab271e02312","FastSlow","2_2",0,"1_4",0
"6681e05e37692ab271e02312","FastSlow","2_2",0,"1_5",0
"6681e05e37692ab271e02312","FastSlow","2_3",0,"1_1",1
"6681e05e37692ab271e02312","FastSlow","2_3",0,"1_2",0
"6681e05e37692ab271e02312","FastSlow","2_3",0,"1_3",0
"6681e05e37692ab271e02312","FastSlow","2_3",0,"1_4",0
"6681e05e37692ab271e02312","FastSlow","2_3",0,"1_5",0
"6681e05e37692ab271e02312","FastSlow","2_4",0,"1_1",1
"6681e05e37692ab271e02312","FastSlow","2_4",0,"1_2",0
"6681e05e37692ab271e02312","FastSlow","2_4",0,"1_3",0
"6681e05e37692ab271e02312","FastSlow","2_4",0,"1_4",0
"6681e05e37692ab271e02312","FastSlow","2_4",0,"1_5",0
"6681e05e37692ab271e02312","FastSlow","2_5",0,"1_1",1
"6681e05e37692ab271e02312","FastSlow","2_5",0,"1_2",0
"6681e05e37692ab271e02312","FastSlow","2_5",0,"1_3",0
"6681e05e37692ab271e02312","FastSlow","2_5",0,"1_4",0
"6681e05e37692ab271e02312","FastSlow","2_5",0,"1_5",0
"62a74daa695f792361470dd1","FastSlow","2_1",0,"1_1",1
"62a74daa695f792361470dd1","FastSlow","2_1",0,"1_2",0
"62a74daa695f792361470dd1","FastSlow","2_1",0,"1_3",0
"62a74daa695f792361470dd1","FastSlow","2_1",0,"1_4",0
"62a74daa695f792361470dd1","FastSlow","2_1",0,"1_5",0
"62a74daa695f792361470dd1","FastSlow","2_2",1,"1_1",1
"62a74daa695f792361470dd1","FastSlow","2_2",1,"1_2",0
"62a74daa695f792361470dd1","FastSlow","2_2",1,"1_3",0
"62a74daa695f792361470dd1","FastSlow","2_2",1,"1_4",0
"62a74daa695f792361470dd1","FastSlow","2_2",1,"1_5",0
"62a74daa695f792361470dd1","FastSlow","2_3",0,"1_1",1
"62a74daa695f792361470dd1","FastSlow","2_3",0,"1_2",0
"62a74daa695f792361470dd1","FastSlow","2_3",0,"1_3",0
"62a74daa695f792361470dd1","FastSlow","2_3",0,"1_4",0
"62a74daa695f792361470dd1","FastSlow","2_3",0,"1_5",0
"62a74daa695f792361470dd1","FastSlow","2_4",0,"1_1",1
"62a74daa695f792361470dd1","FastSlow","2_4",0,"1_2",0
"62a74daa695f792361470dd1","FastSlow","2_4",0,"1_3",0
"62a74daa695f792361470dd1","FastSlow","2_4",0,"1_4",0
"62a74daa695f792361470dd1","FastSlow","2_4",0,"1_5",0
"62a74daa695f792361470dd1","FastSlow","2_5",0,"1_1",1
"62a74daa695f792361470dd1","FastSlow","2_5",0,"1_2",0
"62a74daa695f792361470dd1","FastSlow","2_5",0,"1_3",0
"62a74daa695f792361470dd1","FastSlow","2_5",0,"1_4",0
"62a74daa695f792361470dd1","FastSlow","2_5",0,"1_5",0
"66699f85a69c5a20e26d0446","SlowFast","2_1",0,"1_1",0
"66699f85a69c5a20e26d0446","SlowFast","2_1",0,"1_2",0
"66699f85a69c5a20e26d0446","SlowFast","2_1",0,"1_3",0
"66699f85a69c5a20e26d0446","SlowFast","2_1",0,"1_4",0
"66699f85a69c5a20e26d0446","SlowFast","2_1",0,"1_5",0
"66699f85a69c5a20e26d0446","SlowFast","2_2",0,"1_1",0
"66699f85a69c5a20e26d0446","SlowFast","2_2",0,"1_2",0
"66699f85a69c5a20e26d0446","SlowFast","2_2",0,"1_3",0
"66699f85a69c5a20e26d0446","SlowFast","2_2",0,"1_4",0
"66699f85a69c5a20e26d0446","SlowFast","2_2",0,"1_5",0
"66699f85a69c5a20e26d0446","SlowFast","2_3",0,"1_1",0
"66699f85a69c5a20e26d0446","SlowFast","2_3",0,"1_2",0
"66699f85a69c5a20e26d0446","SlowFast","2_3",0,"1_3",0
"66699f85a69c5a20e26d0446","SlowFast","2_3",0,"1_4",0
"66699f85a69c5a20e26d0446","SlowFast","2_3",0,"1_5",0
"66699f85a69c5a20e26d0446","SlowFast","2_4",0,"1_1",0
"66699f85a69c5a20e26d0446","SlowFast","2_4",0,"1_2",0
"66699f85a69c5a20e26d0446","SlowFast","2_4",0,"1_3",0
"66699f85a69c5a20e26d0446","SlowFast","2_4",0,"1_4",0
"66699f85a69c5a20e26d0446","SlowFast","2_4",0,"1_5",0
"66699f85a69c5a20e26d0446","SlowFast","2_5",0,"1_1",0
"66699f85a69c5a20e26d0446","SlowFast","2_5",0,"1_2",0
"66699f85a69c5a20e26d0446","SlowFast","2_5",0,"1_3",0
"66699f85a69c5a20e26d0446","SlowFast","2_5",0,"1_4",0
"66699f85a69c5a20e26d0446","SlowFast","2_5",0,"1_5",0
"67a70cc6d537c72bc20ddfaf","SlowFast","2_1",1,"1_1",1
"67a70cc6d537c72bc20ddfaf","SlowFast","2_1",1,"1_2",1
"67a70cc6d537c72bc20ddfaf","SlowFast","2_1",1,"1_3",1
"67a70cc6d537c72bc20ddfaf","SlowFast","2_1",1,"1_4",1
"67a70cc6d537c72bc20ddfaf","SlowFast","2_1",1,"1_5",0
"67a70cc6d537c72bc20ddfaf","SlowFast","2_2",1,"1_1",1
"67a70cc6d537c72bc20ddfaf","SlowFast","2_2",1,"1_2",1
"67a70cc6d537c72bc20ddfaf","SlowFast","2_2",1,"1_3",1
"67a70cc6d537c72bc20ddfaf","SlowFast","2_2",1,"1_4",1
"67a70cc6d537c72bc20ddfaf","SlowFast","2_2",1,"1_5",0
"67a70cc6d537c72bc20ddfaf","SlowFast","2_3",1,"1_1",1
"67a70cc6d537c72bc20ddfaf","SlowFast","2_3",1,"1_2",1
"67a70cc6d537c72bc20ddfaf","SlowFast","2_3",1,"1_3",1
"67a70cc6d537c72bc20ddfaf","SlowFast","2_3",1,"1_4",1
"67a70cc6d537c72bc20ddfaf","SlowFast","2_3",1,"1_5",0
"67a70cc6d537c72bc20ddfaf","SlowFast","2_4",1,"1_1",1
"67a70cc6d537c72bc20ddfaf","SlowFast","2_4",1,"1_2",1
"67a70cc6d537c72bc20ddfaf","SlowFast","2_4",1,"1_3",1
"67a70cc6d537c72bc20ddfaf","SlowFast","2_4",1,"1_4",1
"67a70cc6d537c72bc20ddfaf","SlowFast","2_4",1,"1_5",0
"67a70cc6d537c72bc20ddfaf","SlowFast","2_5",0,"1_1",1
"67a70cc6d537c72bc20ddfaf","SlowFast","2_5",0,"1_2",1
"67a70cc6d537c72bc20ddfaf","SlowFast","2_5",0,"1_3",1
"67a70cc6d537c72bc20ddfaf","SlowFast","2_5",0,"1_4",1
"67a70cc6d537c72bc20ddfaf","SlowFast","2_5",0,"1_5",0
"67dda74a3edfea472c7838bd","FastSlow","2_1",1,"1_1",1
"67dda74a3edfea472c7838bd","FastSlow","2_1",1,"1_2",1
"67dda74a3edfea472c7838bd","FastSlow","2_1",1,"1_3",0
"67dda74a3edfea472c7838bd","FastSlow","2_1",1,"1_4",0
"67dda74a3edfea472c7838bd","FastSlow","2_1",1,"1_5",0
"67dda74a3edfea472c7838bd","FastSlow","2_2",0,"1_1",1
"67dda74a3edfea472c7838bd","FastSlow","2_2",0,"1_2",1
"67dda74a3edfea472c7838bd","FastSlow","2_2",0,"1_3",0
"67dda74a3edfea472c7838bd","FastSlow","2_2",0,"1_4",0
"67dda74a3edfea472c7838bd","FastSlow","2_2",0,"1_5",0
"67dda74a3edfea472c7838bd","FastSlow","2_3",1,"1_1",1
"67dda74a3edfea472c7838bd","FastSlow","2_3",1,"1_2",1
"67dda74a3edfea472c7838bd","FastSlow","2_3",1,"1_3",0
"67dda74a3edfea472c7838bd","FastSlow","2_3",1,"1_4",0
"67dda74a3edfea472c7838bd","FastSlow","2_3",1,"1_5",0
"67dda74a3edfea472c7838bd","FastSlow","2_4",0,"1_1",1
"67dda74a3edfea472c7838bd","FastSlow","2_4",0,"1_2",1
"67dda74a3edfea472c7838bd","FastSlow","2_4",0,"1_3",0
"67dda74a3edfea472c7838bd","FastSlow","2_4",0,"1_4",0
"67dda74a3edfea472c7838bd","FastSlow","2_4",0,"1_5",0
"67dda74a3edfea472c7838bd","FastSlow","2_5",0,"1_1",1
"67dda74a3edfea472c7838bd","FastSlow","2_5",0,"1_2",1
"67dda74a3edfea472c7838bd","FastSlow","2_5",0,"1_3",0
"67dda74a3edfea472c7838bd","FastSlow","2_5",0,"1_4",0
"67dda74a3edfea472c7838bd","FastSlow","2_5",0,"1_5",0
"68f162dee751e800eaf375ac","SlowFast","2_1",1,"1_1",1
"68f162dee751e800eaf375ac","SlowFast","2_1",1,"1_2",1
"68f162dee751e800eaf375ac","SlowFast","2_1",1,"1_3",1
"68f162dee751e800eaf375ac","SlowFast","2_1",1,"1_4",1
"68f162dee751e800eaf375ac","SlowFast","2_1",1,"1_5",0
"68f162dee751e800eaf375ac","SlowFast","2_2",1,"1_1",1
"68f162dee751e800eaf375ac","SlowFast","2_2",1,"1_2",1
"68f162dee751e800eaf375ac","SlowFast","2_2",1,"1_3",1
"68f162dee751e800eaf375ac","SlowFast","2_2",1,"1_4",1
"68f162dee751e800eaf375ac","SlowFast","2_2",1,"1_5",0
"68f162dee751e800eaf375ac","SlowFast","2_3",1,"1_1",1
"68f162dee751e800eaf375ac","SlowFast","2_3",1,"1_2",1
"68f162dee751e800eaf375ac","SlowFast","2_3",1,"1_3",1
"68f162dee751e800eaf375ac","SlowFast","2_3",1,"1_4",1
"68f162dee751e800eaf375ac","SlowFast","2_3",1,"1_5",0
"68f162dee751e800eaf375ac","SlowFast","2_4",1,"1_1",1
"68f162dee751e800eaf375ac","SlowFast","2_4",1,"1_2",1
"68f162dee751e800eaf375ac","SlowFast","2_4",1,"1_3",1
"68f162dee751e800eaf375ac","SlowFast","2_4",1,"1_4",1
"68f162dee751e800eaf375ac","SlowFast","2_4",1,"1_5",0
"68f162dee751e800eaf375ac","SlowFast","2_5",1,"1_1",1
"68f162dee751e800eaf375ac","SlowFast","2_5",1,"1_2",1
"68f162dee751e800eaf375ac","SlowFast","2_5",1,"1_3",1
"68f162dee751e800eaf375ac","SlowFast","2_5",1,"1_4",1
"68f162dee751e800eaf375ac","SlowFast","2_5",1,"1_5",0
"677b03282a32bc17e223ca06","FastSlow","2_1",0,"1_1",1
"677b03282a32bc17e223ca06","FastSlow","2_1",0,"1_2",0
"677b03282a32bc17e223ca06","FastSlow","2_1",0,"1_3",0
"677b03282a32bc17e223ca06","FastSlow","2_1",0,"1_4",0
"677b03282a32bc17e223ca06","FastSlow","2_1",0,"1_5",0
"677b03282a32bc17e223ca06","FastSlow","2_2",0,"1_1",1
"677b03282a32bc17e223ca06","FastSlow","2_2",0,"1_2",0
"677b03282a32bc17e223ca06","FastSlow","2_2",0,"1_3",0
"677b03282a32bc17e223ca06","FastSlow","2_2",0,"1_4",0
"677b03282a32bc17e223ca06","FastSlow","2_2",0,"1_5",0
"677b03282a32bc17e223ca06","FastSlow","2_3",0,"1_1",1
"677b03282a32bc17e223ca06","FastSlow","2_3",0,"1_2",0
"677b03282a32bc17e223ca06","FastSlow","2_3",0,"1_3",0
"677b03282a32bc17e223ca06","FastSlow","2_3",0,"1_4",0
"677b03282a32bc17e223ca06","FastSlow","2_3",0,"1_5",0
"677b03282a32bc17e223ca06","FastSlow","2_4",0,"1_1",1
"677b03282a32bc17e223ca06","FastSlow","2_4",0,"1_2",0
"677b03282a32bc17e223ca06","FastSlow","2_4",0,"1_3",0
"677b03282a32bc17e223ca06","FastSlow","2_4",0,"1_4",0
"677b03282a32bc17e223ca06","FastSlow","2_4",0,"1_5",0
"677b03282a32bc17e223ca06","FastSlow","2_5",0,"1_1",1
"677b03282a32bc17e223ca06","FastSlow","2_5",0,"1_2",0
"677b03282a32bc17e223ca06","FastSlow","2_5",0,"1_3",0
"677b03282a32bc17e223ca06","FastSlow","2_5",0,"1_4",0
"677b03282a32bc17e223ca06","FastSlow","2_5",0,"1_5",0
"67d098fc823ae75b808b84bb","FastSlow","2_1",0,"1_1",1
"67d098fc823ae75b808b84bb","FastSlow","2_1",0,"1_2",0
"67d098fc823ae75b808b84bb","FastSlow","2_1",0,"1_3",0
"67d098fc823ae75b808b84bb","FastSlow","2_1",0,"1_4",0
"67d098fc823ae75b808b84bb","FastSlow","2_1",0,"1_5",0
"67d098fc823ae75b808b84bb","FastSlow","2_2",0,"1_1",1
"67d098fc823ae75b808b84bb","FastSlow","2_2",0,"1_2",0
"67d098fc823ae75b808b84bb","FastSlow","2_2",0,"1_3",0
"67d098fc823ae75b808b84bb","FastSlow","2_2",0,"1_4",0
"67d098fc823ae75b808b84bb","FastSlow","2_2",0,"1_5",0
"67d098fc823ae75b808b84bb","FastSlow","2_3",1,"1_1",1
"67d098fc823ae75b808b84bb","FastSlow","2_3",1,"1_2",0
"67d098fc823ae75b808b84bb","FastSlow","2_3",1,"1_3",0
"67d098fc823ae75b808b84bb","FastSlow","2_3",1,"1_4",0
"67d098fc823ae75b808b84bb","FastSlow","2_3",1,"1_5",0
"67d098fc823ae75b808b84bb","FastSlow","2_4",0,"1_1",1
"67d098fc823ae75b808b84bb","FastSlow","2_4",0,"1_2",0
"67d098fc823ae75b808b84bb","FastSlow","2_4",0,"1_3",0
"67d098fc823ae75b808b84bb","FastSlow","2_4",0,"1_4",0
"67d098fc823ae75b808b84bb","FastSlow","2_4",0,"1_5",0
"67d098fc823ae75b808b84bb","FastSlow","2_5",0,"1_1",1
"67d098fc823ae75b808b84bb","FastSlow","2_5",0,"1_2",0
"67d098fc823ae75b808b84bb","FastSlow","2_5",0,"1_3",0
"67d098fc823ae75b808b84bb","FastSlow","2_5",0,"1_4",0
"67d098fc823ae75b808b84bb","FastSlow","2_5",0,"1_5",0
"662940dea9a111e5c424f984","FastSlow","2_1",1,"1_1",1
"662940dea9a111e5c424f984","FastSlow","2_1",1,"1_2",1
"662940dea9a111e5c424f984","FastSlow","2_1",1,"1_3",1
"662940dea9a111e5c424f984","FastSlow","2_1",1,"1_4",0
"662940dea9a111e5c424f984","FastSlow","2_1",1,"1_5",0
"662940dea9a111e5c424f984","FastSlow","2_2",1,"1_1",1
"662940dea9a111e5c424f984","FastSlow","2_2",1,"1_2",1
"662940dea9a111e5c424f984","FastSlow","2_2",1,"1_3",1
"662940dea9a111e5c424f984","FastSlow","2_2",1,"1_4",0
"662940dea9a111e5c424f984","FastSlow","2_2",1,"1_5",0
"662940dea9a111e5c424f984","FastSlow","2_3",1,"1_1",1
"662940dea9a111e5c424f984","FastSlow","2_3",1,"1_2",1
"662940dea9a111e5c424f984","FastSlow","2_3",1,"1_3",1
"662940dea9a111e5c424f984","FastSlow","2_3",1,"1_4",0
"662940dea9a111e5c424f984","FastSlow","2_3",1,"1_5",0
"662940dea9a111e5c424f984","FastSlow","2_4",1,"1_1",1
"662940dea9a111e5c424f984","FastSlow","2_4",1,"1_2",1
"662940dea9a111e5c424f984","FastSlow","2_4",1,"1_3",1
"662940dea9a111e5c424f984","FastSlow","2_4",1,"1_4",0
"662940dea9a111e5c424f984","FastSlow","2_4",1,"1_5",0
"662940dea9a111e5c424f984","FastSlow","2_5",0,"1_1",1
"662940dea9a111e5c424f984","FastSlow","2_5",0,"1_2",1
"662940dea9a111e5c424f984","FastSlow","2_5",0,"1_3",1
"662940dea9a111e5c424f984","FastSlow","2_5",0,"1_4",0
"662940dea9a111e5c424f984","FastSlow","2_5",0,"1_5",0
"663a5c27da2d5c4350225119","FastSlow","2_1",1,"1_1",1
"663a5c27da2d5c4350225119","FastSlow","2_1",1,"1_2",1
"663a5c27da2d5c4350225119","FastSlow","2_1",1,"1_3",1
"663a5c27da2d5c4350225119","FastSlow","2_1",1,"1_4",1
"663a5c27da2d5c4350225119","FastSlow","2_1",1,"1_5",0
"663a5c27da2d5c4350225119","FastSlow","2_2",1,"1_1",1
"663a5c27da2d5c4350225119","FastSlow","2_2",1,"1_2",1
"663a5c27da2d5c4350225119","FastSlow","2_2",1,"1_3",1
"663a5c27da2d5c4350225119","FastSlow","2_2",1,"1_4",1
"663a5c27da2d5c4350225119","FastSlow","2_2",1,"1_5",0
"663a5c27da2d5c4350225119","FastSlow","2_3",1,"1_1",1
"663a5c27da2d5c4350225119","FastSlow","2_3",1,"1_2",1
"663a5c27da2d5c4350225119","FastSlow","2_3",1,"1_3",1
"663a5c27da2d5c4350225119","FastSlow","2_3",1,"1_4",1
"663a5c27da2d5c4350225119","FastSlow","2_3",1,"1_5",0
"663a5c27da2d5c4350225119","FastSlow","2_4",1,"1_1",1
"663a5c27da2d5c4350225119","FastSlow","2_4",1,"1_2",1
"663a5c27da2d5c4350225119","FastSlow","2_4",1,"1_3",1
"663a5c27da2d5c4350225119","FastSlow","2_4",1,"1_4",1
"663a5c27da2d5c4350225119","FastSlow","2_4",1,"1_5",0
"663a5c27da2d5c4350225119","FastSlow","2_5",0,"1_1",1
"663a5c27da2d5c4350225119","FastSlow","2_5",0,"1_2",1
"663a5c27da2d5c4350225119","FastSlow","2_5",0,"1_3",1
"663a5c27da2d5c4350225119","FastSlow","2_5",0,"1_4",1
"663a5c27da2d5c4350225119","FastSlow","2_5",0,"1_5",0
"5c4f94452090bd0001c43b93","SlowFast","2_1",1,"1_1",1
"5c4f94452090bd0001c43b93","SlowFast","2_1",1,"1_2",0
"5c4f94452090bd0001c43b93","SlowFast","2_1",1,"1_3",1
"5c4f94452090bd0001c43b93","SlowFast","2_1",1,"1_4",1
"5c4f94452090bd0001c43b93","SlowFast","2_1",1,"1_5",0
"5c4f94452090bd0001c43b93","SlowFast","2_2",1,"1_1",1
"5c4f94452090bd0001c43b93","SlowFast","2_2",1,"1_2",0
"5c4f94452090bd0001c43b93","SlowFast","2_2",1,"1_3",1
"5c4f94452090bd0001c43b93","SlowFast","2_2",1,"1_4",1
"5c4f94452090bd0001c43b93","SlowFast","2_2",1,"1_5",0
"5c4f94452090bd0001c43b93","SlowFast","2_3",1,"1_1",1
"5c4f94452090bd0001c43b93","SlowFast","2_3",1,"1_2",0
"5c4f94452090bd0001c43b93","SlowFast","2_3",1,"1_3",1
"5c4f94452090bd0001c43b93","SlowFast","2_3",1,"1_4",1
"5c4f94452090bd0001c43b93","SlowFast","2_3",1,"1_5",0
"5c4f94452090bd0001c43b93","SlowFast","2_4",1,"1_1",1
"5c4f94452090bd0001c43b93","SlowFast","2_4",1,"1_2",0
"5c4f94452090bd0001c43b93","SlowFast","2_4",1,"1_3",1
"5c4f94452090bd0001c43b93","SlowFast","2_4",1,"1_4",1
"5c4f94452090bd0001c43b93","SlowFast","2_4",1,"1_5",0
"5c4f94452090bd0001c43b93","SlowFast","2_5",0,"1_1",1
"5c4f94452090bd0001c43b93","SlowFast","2_5",0,"1_2",0
"5c4f94452090bd0001c43b93","SlowFast","2_5",0,"1_3",1
"5c4f94452090bd0001c43b93","SlowFast","2_5",0,"1_4",1
"5c4f94452090bd0001c43b93","SlowFast","2_5",0,"1_5",0
"67dc8ad530b342275638eaa6","SlowFast","2_1",0,"1_1",1
"67dc8ad530b342275638eaa6","SlowFast","2_1",0,"1_2",0
"67dc8ad530b342275638eaa6","SlowFast","2_1",0,"1_3",0
"67dc8ad530b342275638eaa6","SlowFast","2_1",0,"1_4",1
"67dc8ad530b342275638eaa6","SlowFast","2_1",0,"1_5",0
"67dc8ad530b342275638eaa6","SlowFast","2_2",1,"1_1",1
"67dc8ad530b342275638eaa6","SlowFast","2_2",1,"1_2",0
"67dc8ad530b342275638eaa6","SlowFast","2_2",1,"1_3",0
"67dc8ad530b342275638eaa6","SlowFast","2_2",1,"1_4",1
"67dc8ad530b342275638eaa6","SlowFast","2_2",1,"1_5",0
"67dc8ad530b342275638eaa6","SlowFast","2_3",1,"1_1",1
"67dc8ad530b342275638eaa6","SlowFast","2_3",1,"1_2",0
"67dc8ad530b342275638eaa6","SlowFast","2_3",1,"1_3",0
"67dc8ad530b342275638eaa6","SlowFast","2_3",1,"1_4",1
"67dc8ad530b342275638eaa6","SlowFast","2_3",1,"1_5",0
"67dc8ad530b342275638eaa6","SlowFast","2_4",0,"1_1",1
"67dc8ad530b342275638eaa6","SlowFast","2_4",0,"1_2",0
"67dc8ad530b342275638eaa6","SlowFast","2_4",0,"1_3",0
"67dc8ad530b342275638eaa6","SlowFast","2_4",0,"1_4",1
"67dc8ad530b342275638eaa6","SlowFast","2_4",0,"1_5",0
"67dc8ad530b342275638eaa6","SlowFast","2_5",0,"1_1",1
"67dc8ad530b342275638eaa6","SlowFast","2_5",0,"1_2",0
"67dc8ad530b342275638eaa6","SlowFast","2_5",0,"1_3",0
"67dc8ad530b342275638eaa6","SlowFast","2_5",0,"1_4",1
"67dc8ad530b342275638eaa6","SlowFast","2_5",0,"1_5",0
"678fae0185832a6eb332af06","FastSlow","2_1",0,"1_1",0
"678fae0185832a6eb332af06","FastSlow","2_1",0,"1_2",0
"678fae0185832a6eb332af06","FastSlow","2_1",0,"1_3",0
"678fae0185832a6eb332af06","FastSlow","2_1",0,"1_4",0
"678fae0185832a6eb332af06","FastSlow","2_1",0,"1_5",0
"678fae0185832a6eb332af06","FastSlow","2_2",0,"1_1",0
"678fae0185832a6eb332af06","FastSlow","2_2",0,"1_2",0
"678fae0185832a6eb332af06","FastSlow","2_2",0,"1_3",0
"678fae0185832a6eb332af06","FastSlow","2_2",0,"1_4",0
"678fae0185832a6eb332af06","FastSlow","2_2",0,"1_5",0
"678fae0185832a6eb332af06","FastSlow","2_3",0,"1_1",0
"678fae0185832a6eb332af06","FastSlow","2_3",0,"1_2",0
"678fae0185832a6eb332af06","FastSlow","2_3",0,"1_3",0
"678fae0185832a6eb332af06","FastSlow","2_3",0,"1_4",0
"678fae0185832a6eb332af06","FastSlow","2_3",0,"1_5",0
"678fae0185832a6eb332af06","FastSlow","2_4",0,"1_1",0
"678fae0185832a6eb332af06","FastSlow","2_4",0,"1_2",0
"678fae0185832a6eb332af06","FastSlow","2_4",0,"1_3",0
"678fae0185832a6eb332af06","FastSlow","2_4",0,"1_4",0
"678fae0185832a6eb332af06","FastSlow","2_4",0,"1_5",0
"678fae0185832a6eb332af06","FastSlow","2_5",0,"1_1",0
"678fae0185832a6eb332af06","FastSlow","2_5",0,"1_2",0
"678fae0185832a6eb332af06","FastSlow","2_5",0,"1_3",0
"678fae0185832a6eb332af06","FastSlow","2_5",0,"1_4",0
"678fae0185832a6eb332af06","FastSlow","2_5",0,"1_5",0
"674cf37224bda3c152954bc3","SlowFast","2_1",1,"1_1",1
"674cf37224bda3c152954bc3","SlowFast","2_1",1,"1_2",1
"674cf37224bda3c152954bc3","SlowFast","2_1",1,"1_3",1
"674cf37224bda3c152954bc3","SlowFast","2_1",1,"1_4",0
"674cf37224bda3c152954bc3","SlowFast","2_1",1,"1_5",0
"674cf37224bda3c152954bc3","SlowFast","2_2",1,"1_1",1
"674cf37224bda3c152954bc3","SlowFast","2_2",1,"1_2",1
"674cf37224bda3c152954bc3","SlowFast","2_2",1,"1_3",1
"674cf37224bda3c152954bc3","SlowFast","2_2",1,"1_4",0
"674cf37224bda3c152954bc3","SlowFast","2_2",1,"1_5",0
"674cf37224bda3c152954bc3","SlowFast","2_3",1,"1_1",1
"674cf37224bda3c152954bc3","SlowFast","2_3",1,"1_2",1
"674cf37224bda3c152954bc3","SlowFast","2_3",1,"1_3",1
"674cf37224bda3c152954bc3","SlowFast","2_3",1,"1_4",0
"674cf37224bda3c152954bc3","SlowFast","2_3",1,"1_5",0
"674cf37224bda3c152954bc3","SlowFast","2_4",1,"1_1",1
"674cf37224bda3c152954bc3","SlowFast","2_4",1,"1_2",1
"674cf37224bda3c152954bc3","SlowFast","2_4",1,"1_3",1
"674cf37224bda3c152954bc3","SlowFast","2_4",1,"1_4",0
"674cf37224bda3c152954bc3","SlowFast","2_4",1,"1_5",0
"674cf37224bda3c152954bc3","SlowFast","2_5",1,"1_1",1
"674cf37224bda3c152954bc3","SlowFast","2_5",1,"1_2",1
"674cf37224bda3c152954bc3","SlowFast","2_5",1,"1_3",1
"674cf37224bda3c152954bc3","SlowFast","2_5",1,"1_4",0
"674cf37224bda3c152954bc3","SlowFast","2_5",1,"1_5",0
"6660f30d9cab7604513cf59b","FastSlow","2_1",1,"1_1",1
"6660f30d9cab7604513cf59b","FastSlow","2_1",1,"1_2",1
"6660f30d9cab7604513cf59b","FastSlow","2_1",1,"1_3",0
"6660f30d9cab7604513cf59b","FastSlow","2_1",1,"1_4",1
"6660f30d9cab7604513cf59b","FastSlow","2_1",1,"1_5",0
"6660f30d9cab7604513cf59b","FastSlow","2_2",0,"1_1",1
"6660f30d9cab7604513cf59b","FastSlow","2_2",0,"1_2",1
"6660f30d9cab7604513cf59b","FastSlow","2_2",0,"1_3",0
"6660f30d9cab7604513cf59b","FastSlow","2_2",0,"1_4",1
"6660f30d9cab7604513cf59b","FastSlow","2_2",0,"1_5",0
"6660f30d9cab7604513cf59b","FastSlow","2_3",0,"1_1",1
"6660f30d9cab7604513cf59b","FastSlow","2_3",0,"1_2",1
"6660f30d9cab7604513cf59b","FastSlow","2_3",0,"1_3",0
"6660f30d9cab7604513cf59b","FastSlow","2_3",0,"1_4",1
"6660f30d9cab7604513cf59b","FastSlow","2_3",0,"1_5",0
"6660f30d9cab7604513cf59b","FastSlow","2_4",0,"1_1",1
"6660f30d9cab7604513cf59b","FastSlow","2_4",0,"1_2",1
"6660f30d9cab7604513cf59b","FastSlow","2_4",0,"1_3",0
"6660f30d9cab7604513cf59b","FastSlow","2_4",0,"1_4",1
"6660f30d9cab7604513cf59b","FastSlow","2_4",0,"1_5",0
"6660f30d9cab7604513cf59b","FastSlow","2_5",0,"1_1",1
"6660f30d9cab7604513cf59b","FastSlow","2_5",0,"1_2",1
"6660f30d9cab7604513cf59b","FastSlow","2_5",0,"1_3",0
"6660f30d9cab7604513cf59b","FastSlow","2_5",0,"1_4",1
"6660f30d9cab7604513cf59b","FastSlow","2_5",0,"1_5",0
"6750e0068ca44f6ecff8b70d","SlowFast","2_1",1,"1_1",1
"6750e0068ca44f6ecff8b70d","SlowFast","2_1",1,"1_2",1
"6750e0068ca44f6ecff8b70d","SlowFast","2_1",1,"1_3",0
"6750e0068ca44f6ecff8b70d","SlowFast","2_1",1,"1_4",0
"6750e0068ca44f6ecff8b70d","SlowFast","2_1",1,"1_5",0
"6750e0068ca44f6ecff8b70d","SlowFast","2_2",0,"1_1",1
"6750e0068ca44f6ecff8b70d","SlowFast","2_2",0,"1_2",1
"6750e0068ca44f6ecff8b70d","SlowFast","2_2",0,"1_3",0
"6750e0068ca44f6ecff8b70d","SlowFast","2_2",0,"1_4",0
"6750e0068ca44f6ecff8b70d","SlowFast","2_2",0,"1_5",0
"6750e0068ca44f6ecff8b70d","SlowFast","2_3",0,"1_1",1
"6750e0068ca44f6ecff8b70d","SlowFast","2_3",0,"1_2",1
"6750e0068ca44f6ecff8b70d","SlowFast","2_3",0,"1_3",0
"6750e0068ca44f6ecff8b70d","SlowFast","2_3",0,"1_4",0
"6750e0068ca44f6ecff8b70d","SlowFast","2_3",0,"1_5",0
"6750e0068ca44f6ecff8b70d","SlowFast","2_4",0,"1_1",1
"6750e0068ca44f6ecff8b70d","SlowFast","2_4",0,"1_2",1
"6750e0068ca44f6ecff8b70d","SlowFast","2_4",0,"1_3",0
"6750e0068ca44f6ecff8b70d","SlowFast","2_4",0,"1_4",0
"6750e0068ca44f6ecff8b70d","SlowFast","2_4",0,"1_5",0
"6750e0068ca44f6ecff8b70d","SlowFast","2_5",0,"1_1",1
"6750e0068ca44f6ecff8b70d","SlowFast","2_5",0,"1_2",1
"6750e0068ca44f6ecff8b70d","SlowFast","2_5",0,"1_3",0
"6750e0068ca44f6ecff8b70d","SlowFast","2_5",0,"1_4",0
"6750e0068ca44f6ecff8b70d","SlowFast","2_5",0,"1_5",0
"66744faaf566bdef7376dbe2","SlowFast","2_1",1,"1_1",1
"66744faaf566bdef7376dbe2","SlowFast","2_1",1,"1_2",0
"66744faaf566bdef7376dbe2","SlowFast","2_1",1,"1_3",1
"66744faaf566bdef7376dbe2","SlowFast","2_1",1,"1_4",0
"66744faaf566bdef7376dbe2","SlowFast","2_1",1,"1_5",0
"66744faaf566bdef7376dbe2","SlowFast","2_2",1,"1_1",1
"66744faaf566bdef7376dbe2","SlowFast","2_2",1,"1_2",0
"66744faaf566bdef7376dbe2","SlowFast","2_2",1,"1_3",1
"66744faaf566bdef7376dbe2","SlowFast","2_2",1,"1_4",0
"66744faaf566bdef7376dbe2","SlowFast","2_2",1,"1_5",0
"66744faaf566bdef7376dbe2","SlowFast","2_3",1,"1_1",1
"66744faaf566bdef7376dbe2","SlowFast","2_3",1,"1_2",0
"66744faaf566bdef7376dbe2","SlowFast","2_3",1,"1_3",1
"66744faaf566bdef7376dbe2","SlowFast","2_3",1,"1_4",0
"66744faaf566bdef7376dbe2","SlowFast","2_3",1,"1_5",0
"66744faaf566bdef7376dbe2","SlowFast","2_4",1,"1_1",1
"66744faaf566bdef7376dbe2","SlowFast","2_4",1,"1_2",0
"66744faaf566bdef7376dbe2","SlowFast","2_4",1,"1_3",1
"66744faaf566bdef7376dbe2","SlowFast","2_4",1,"1_4",0
"66744faaf566bdef7376dbe2","SlowFast","2_4",1,"1_5",0
"66744faaf566bdef7376dbe2","SlowFast","2_5",0,"1_1",1
"66744faaf566bdef7376dbe2","SlowFast","2_5",0,"1_2",0
"66744faaf566bdef7376dbe2","SlowFast","2_5",0,"1_3",1
"66744faaf566bdef7376dbe2","SlowFast","2_5",0,"1_4",0
"66744faaf566bdef7376dbe2","SlowFast","2_5",0,"1_5",0
"5eac4d104476b027d56dab0f","SlowFast","2_1",1,"1_1",1
"5eac4d104476b027d56dab0f","SlowFast","2_1",1,"1_2",0
"5eac4d104476b027d56dab0f","SlowFast","2_1",1,"1_3",1
"5eac4d104476b027d56dab0f","SlowFast","2_1",1,"1_4",0
"5eac4d104476b027d56dab0f","SlowFast","2_1",1,"1_5",0
"5eac4d104476b027d56dab0f","SlowFast","2_2",1,"1_1",1
"5eac4d104476b027d56dab0f","SlowFast","2_2",1,"1_2",0
"5eac4d104476b027d56dab0f","SlowFast","2_2",1,"1_3",1
"5eac4d104476b027d56dab0f","SlowFast","2_2",1,"1_4",0
"5eac4d104476b027d56dab0f","SlowFast","2_2",1,"1_5",0
"5eac4d104476b027d56dab0f","SlowFast","2_3",0,"1_1",1
"5eac4d104476b027d56dab0f","SlowFast","2_3",0,"1_2",0
"5eac4d104476b027d56dab0f","SlowFast","2_3",0,"1_3",1
"5eac4d104476b027d56dab0f","SlowFast","2_3",0,"1_4",0
"5eac4d104476b027d56dab0f","SlowFast","2_3",0,"1_5",0
"5eac4d104476b027d56dab0f","SlowFast","2_4",0,"1_1",1
"5eac4d104476b027d56dab0f","SlowFast","2_4",0,"1_2",0
"5eac4d104476b027d56dab0f","SlowFast","2_4",0,"1_3",1
"5eac4d104476b027d56dab0f","SlowFast","2_4",0,"1_4",0
"5eac4d104476b027d56dab0f","SlowFast","2_4",0,"1_5",0
"5eac4d104476b027d56dab0f","SlowFast","2_5",0,"1_1",1
"5eac4d104476b027d56dab0f","SlowFast","2_5",0,"1_2",0
"5eac4d104476b027d56dab0f","SlowFast","2_5",0,"1_3",1
"5eac4d104476b027d56dab0f","SlowFast","2_5",0,"1_4",0
"5eac4d104476b027d56dab0f","SlowFast","2_5",0,"1_5",0
"652809036a4ca0c161cda6e7","FastSlow","2_1",0,"1_1",1
"652809036a4ca0c161cda6e7","FastSlow","2_1",0,"1_2",1
"652809036a4ca0c161cda6e7","FastSlow","2_1",0,"1_3",0
"652809036a4ca0c161cda6e7","FastSlow","2_1",0,"1_4",0
"652809036a4ca0c161cda6e7","FastSlow","2_1",0,"1_5",0
"652809036a4ca0c161cda6e7","FastSlow","2_2",0,"1_1",1
"652809036a4ca0c161cda6e7","FastSlow","2_2",0,"1_2",1
"652809036a4ca0c161cda6e7","FastSlow","2_2",0,"1_3",0
"652809036a4ca0c161cda6e7","FastSlow","2_2",0,"1_4",0
"652809036a4ca0c161cda6e7","FastSlow","2_2",0,"1_5",0
"652809036a4ca0c161cda6e7","FastSlow","2_3",0,"1_1",1
"652809036a4ca0c161cda6e7","FastSlow","2_3",0,"1_2",1
"652809036a4ca0c161cda6e7","FastSlow","2_3",0,"1_3",0
"652809036a4ca0c161cda6e7","FastSlow","2_3",0,"1_4",0
"652809036a4ca0c161cda6e7","FastSlow","2_3",0,"1_5",0
"652809036a4ca0c161cda6e7","FastSlow","2_4",0,"1_1",1
"652809036a4ca0c161cda6e7","FastSlow","2_4",0,"1_2",1
"652809036a4ca0c161cda6e7","FastSlow","2_4",0,"1_3",0
"652809036a4ca0c161cda6e7","FastSlow","2_4",0,"1_4",0
"652809036a4ca0c161cda6e7","FastSlow","2_4",0,"1_5",0
"652809036a4ca0c161cda6e7","FastSlow","2_5",0,"1_1",1
"652809036a4ca0c161cda6e7","FastSlow","2_5",0,"1_2",1
"652809036a4ca0c161cda6e7","FastSlow","2_5",0,"1_3",0
"652809036a4ca0c161cda6e7","FastSlow","2_5",0,"1_4",0
"652809036a4ca0c161cda6e7","FastSlow","2_5",0,"1_5",0
"65cbb49693940ca0627dbc8d","SlowFast","2_1",1,"1_1",1
"65cbb49693940ca0627dbc8d","SlowFast","2_1",1,"1_2",1
"65cbb49693940ca0627dbc8d","SlowFast","2_1",1,"1_3",0
"65cbb49693940ca0627dbc8d","SlowFast","2_1",1,"1_4",1
"65cbb49693940ca0627dbc8d","SlowFast","2_1",1,"1_5",0
"65cbb49693940ca0627dbc8d","SlowFast","2_2",1,"1_1",1
"65cbb49693940ca0627dbc8d","SlowFast","2_2",1,"1_2",1
"65cbb49693940ca0627dbc8d","SlowFast","2_2",1,"1_3",0
"65cbb49693940ca0627dbc8d","SlowFast","2_2",1,"1_4",1
"65cbb49693940ca0627dbc8d","SlowFast","2_2",1,"1_5",0
"65cbb49693940ca0627dbc8d","SlowFast","2_3",1,"1_1",1
"65cbb49693940ca0627dbc8d","SlowFast","2_3",1,"1_2",1
"65cbb49693940ca0627dbc8d","SlowFast","2_3",1,"1_3",0
"65cbb49693940ca0627dbc8d","SlowFast","2_3",1,"1_4",1
"65cbb49693940ca0627dbc8d","SlowFast","2_3",1,"1_5",0
"65cbb49693940ca0627dbc8d","SlowFast","2_4",1,"1_1",1
"65cbb49693940ca0627dbc8d","SlowFast","2_4",1,"1_2",1
"65cbb49693940ca0627dbc8d","SlowFast","2_4",1,"1_3",0
"65cbb49693940ca0627dbc8d","SlowFast","2_4",1,"1_4",1
"65cbb49693940ca0627dbc8d","SlowFast","2_4",1,"1_5",0
"65cbb49693940ca0627dbc8d","SlowFast","2_5",0,"1_1",1
"65cbb49693940ca0627dbc8d","SlowFast","2_5",0,"1_2",1
"65cbb49693940ca0627dbc8d","SlowFast","2_5",0,"1_3",0
"65cbb49693940ca0627dbc8d","SlowFast","2_5",0,"1_4",1
"65cbb49693940ca0627dbc8d","SlowFast","2_5",0,"1_5",0
"663c1925ab9d8b179a23180e","FastSlow","2_1",0,"1_1",1
"663c1925ab9d8b179a23180e","FastSlow","2_1",0,"1_2",0
"663c1925ab9d8b179a23180e","FastSlow","2_1",0,"1_3",0
"663c1925ab9d8b179a23180e","FastSlow","2_1",0,"1_4",0
"663c1925ab9d8b179a23180e","FastSlow","2_1",0,"1_5",0
"663c1925ab9d8b179a23180e","FastSlow","2_2",0,"1_1",1
"663c1925ab9d8b179a23180e","FastSlow","2_2",0,"1_2",0
"663c1925ab9d8b179a23180e","FastSlow","2_2",0,"1_3",0
"663c1925ab9d8b179a23180e","FastSlow","2_2",0,"1_4",0
"663c1925ab9d8b179a23180e","FastSlow","2_2",0,"1_5",0
"663c1925ab9d8b179a23180e","FastSlow","2_3",0,"1_1",1
"663c1925ab9d8b179a23180e","FastSlow","2_3",0,"1_2",0
"663c1925ab9d8b179a23180e","FastSlow","2_3",0,"1_3",0
"663c1925ab9d8b179a23180e","FastSlow","2_3",0,"1_4",0
"663c1925ab9d8b179a23180e","FastSlow","2_3",0,"1_5",0
"663c1925ab9d8b179a23180e","FastSlow","2_4",0,"1_1",1
"663c1925ab9d8b179a23180e","FastSlow","2_4",0,"1_2",0
"663c1925ab9d8b179a23180e","FastSlow","2_4",0,"1_3",0
"663c1925ab9d8b179a23180e","FastSlow","2_4",0,"1_4",0
"663c1925ab9d8b179a23180e","FastSlow","2_4",0,"1_5",0
"663c1925ab9d8b179a23180e","FastSlow","2_5",0,"1_1",1
"663c1925ab9d8b179a23180e","FastSlow","2_5",0,"1_2",0
"663c1925ab9d8b179a23180e","FastSlow","2_5",0,"1_3",0
"663c1925ab9d8b179a23180e","FastSlow","2_5",0,"1_4",0
"663c1925ab9d8b179a23180e","FastSlow","2_5",0,"1_5",0
"5e9e3474861e20000a318a01","SlowFast","2_1",0,"1_1",0
"5e9e3474861e20000a318a01","SlowFast","2_1",0,"1_2",0
"5e9e3474861e20000a318a01","SlowFast","2_1",0,"1_3",0
"5e9e3474861e20000a318a01","SlowFast","2_1",0,"1_4",0
"5e9e3474861e20000a318a01","SlowFast","2_1",0,"1_5",0
"5e9e3474861e20000a318a01","SlowFast","2_2",0,"1_1",0
"5e9e3474861e20000a318a01","SlowFast","2_2",0,"1_2",0
"5e9e3474861e20000a318a01","SlowFast","2_2",0,"1_3",0
"5e9e3474861e20000a318a01","SlowFast","2_2",0,"1_4",0
"5e9e3474861e20000a318a01","SlowFast","2_2",0,"1_5",0
"5e9e3474861e20000a318a01","SlowFast","2_3",0,"1_1",0
"5e9e3474861e20000a318a01","SlowFast","2_3",0,"1_2",0
"5e9e3474861e20000a318a01","SlowFast","2_3",0,"1_3",0
"5e9e3474861e20000a318a01","SlowFast","2_3",0,"1_4",0
"5e9e3474861e20000a318a01","SlowFast","2_3",0,"1_5",0
"5e9e3474861e20000a318a01","SlowFast","2_4",0,"1_1",0
"5e9e3474861e20000a318a01","SlowFast","2_4",0,"1_2",0
"5e9e3474861e20000a318a01","SlowFast","2_4",0,"1_3",0
"5e9e3474861e20000a318a01","SlowFast","2_4",0,"1_4",0
"5e9e3474861e20000a318a01","SlowFast","2_4",0,"1_5",0
"5e9e3474861e20000a318a01","SlowFast","2_5",0,"1_1",0
"5e9e3474861e20000a318a01","SlowFast","2_5",0,"1_2",0
"5e9e3474861e20000a318a01","SlowFast","2_5",0,"1_3",0
"5e9e3474861e20000a318a01","SlowFast","2_5",0,"1_4",0
"5e9e3474861e20000a318a01","SlowFast","2_5",0,"1_5",0
"69260c4b906d9de7bf60ad13","FastSlow","2_1",1,"1_1",1
"69260c4b906d9de7bf60ad13","FastSlow","2_1",1,"1_2",0
"69260c4b906d9de7bf60ad13","FastSlow","2_1",1,"1_3",0
"69260c4b906d9de7bf60ad13","FastSlow","2_1",1,"1_4",0
"69260c4b906d9de7bf60ad13","FastSlow","2_1",1,"1_5",0
"69260c4b906d9de7bf60ad13","FastSlow","2_2",0,"1_1",1
"69260c4b906d9de7bf60ad13","FastSlow","2_2",0,"1_2",0
"69260c4b906d9de7bf60ad13","FastSlow","2_2",0,"1_3",0
"69260c4b906d9de7bf60ad13","FastSlow","2_2",0,"1_4",0
"69260c4b906d9de7bf60ad13","FastSlow","2_2",0,"1_5",0
"69260c4b906d9de7bf60ad13","FastSlow","2_3",0,"1_1",1
"69260c4b906d9de7bf60ad13","FastSlow","2_3",0,"1_2",0
"69260c4b906d9de7bf60ad13","FastSlow","2_3",0,"1_3",0
"69260c4b906d9de7bf60ad13","FastSlow","2_3",0,"1_4",0
"69260c4b906d9de7bf60ad13","FastSlow","2_3",0,"1_5",0
"69260c4b906d9de7bf60ad13","FastSlow","2_4",0,"1_1",1
"69260c4b906d9de7bf60ad13","FastSlow","2_4",0,"1_2",0
"69260c4b906d9de7bf60ad13","FastSlow","2_4",0,"1_3",0
"69260c4b906d9de7bf60ad13","FastSlow","2_4",0,"1_4",0
"69260c4b906d9de7bf60ad13","FastSlow","2_4",0,"1_5",0
"69260c4b906d9de7bf60ad13","FastSlow","2_5",0,"1_1",1
"69260c4b906d9de7bf60ad13","FastSlow","2_5",0,"1_2",0
"69260c4b906d9de7bf60ad13","FastSlow","2_5",0,"1_3",0
"69260c4b906d9de7bf60ad13","FastSlow","2_5",0,"1_4",0
"69260c4b906d9de7bf60ad13","FastSlow","2_5",0,"1_5",0
"60fce0fcf9abe7218c789734","SlowFast","2_1",1,"1_1",1
"60fce0fcf9abe7218c789734","SlowFast","2_1",1,"1_2",1
"60fce0fcf9abe7218c789734","SlowFast","2_1",1,"1_3",0
"60fce0fcf9abe7218c789734","SlowFast","2_1",1,"1_4",1
"60fce0fcf9abe7218c789734","SlowFast","2_1",1,"1_5",0
"60fce0fcf9abe7218c789734","SlowFast","2_2",0,"1_1",1
"60fce0fcf9abe7218c789734","SlowFast","2_2",0,"1_2",1
"60fce0fcf9abe7218c789734","SlowFast","2_2",0,"1_3",0
"60fce0fcf9abe7218c789734","SlowFast","2_2",0,"1_4",1
"60fce0fcf9abe7218c789734","SlowFast","2_2",0,"1_5",0
"60fce0fcf9abe7218c789734","SlowFast","2_3",1,"1_1",1
"60fce0fcf9abe7218c789734","SlowFast","2_3",1,"1_2",1
"60fce0fcf9abe7218c789734","SlowFast","2_3",1,"1_3",0
"60fce0fcf9abe7218c789734","SlowFast","2_3",1,"1_4",1
"60fce0fcf9abe7218c789734","SlowFast","2_3",1,"1_5",0
"60fce0fcf9abe7218c789734","SlowFast","2_4",1,"1_1",1
"60fce0fcf9abe7218c789734","SlowFast","2_4",1,"1_2",1
"60fce0fcf9abe7218c789734","SlowFast","2_4",1,"1_3",0
"60fce0fcf9abe7218c789734","SlowFast","2_4",1,"1_4",1
"60fce0fcf9abe7218c789734","SlowFast","2_4",1,"1_5",0
"60fce0fcf9abe7218c789734","SlowFast","2_5",0,"1_1",1
"60fce0fcf9abe7218c789734","SlowFast","2_5",0,"1_2",1
"60fce0fcf9abe7218c789734","SlowFast","2_5",0,"1_3",0
"60fce0fcf9abe7218c789734","SlowFast","2_5",0,"1_4",1
"60fce0fcf9abe7218c789734","SlowFast","2_5",0,"1_5",0
