"prolific_pid","question_observed","success_observed","time_observed","question_evaluated","human_evaluation","total_score","condition_label","observed_q_perceived_difficulty","observed_q_perceived_difficulty_indiv","observed_q_objective_difficulty"
"571178ec3d47e80011635b88","2_1",1,1,"1_1","1",9,"2.1_right_fast",0.396726726726727,0.21,0.234463276836158
"571178ec3d47e80011635b88","2_1",1,1,"1_2","1",9,"2.1_right_fast",0.396726726726727,0.21,0.234463276836158
"571178ec3d47e80011635b88","2_1",1,1,"1_3","1",9,"2.1_right_fast",0.396726726726727,0.21,0.234463276836158
"571178ec3d47e80011635b88","2_1",1,1,"1_4","1",9,"2.1_right_fast",0.396726726726727,0.21,0.234463276836158
"571178ec3d47e80011635b88","2_1",1,1,"1_5","0",9,"2.1_right_fast",0.396726726726727,0.21,0.234463276836158
"571178ec3d47e80011635b88","2_2",1,1,"1_1","1",9,"2.2_right_fast",0.566398891966759,0.2,0.536723163841808
"571178ec3d47e80011635b88","2_2",1,1,"1_2","1",9,"2.2_right_fast",0.566398891966759,0.2,0.536723163841808
"571178ec3d47e80011635b88","2_2",1,1,"1_3","1",9,"2.2_right_fast",0.566398891966759,0.2,0.536723163841808
"571178ec3d47e80011635b88","2_2",1,1,"1_4","1",9,"2.2_right_fast",0.566398891966759,0.2,0.536723163841808
"571178ec3d47e80011635b88","2_2",1,1,"1_5","0",9,"2.2_right_fast",0.566398891966759,0.2,0.536723163841808
"571178ec3d47e80011635b88","2_4",1,1,"1_1","1",9,"2.4_right_fast",0.518938053097345,0.42,0.675141242937853
"571178ec3d47e80011635b88","2_4",1,1,"1_2","1",9,"2.4_right_fast",0.518938053097345,0.42,0.675141242937853
"571178ec3d47e80011635b88","2_4",1,1,"1_3","1",9,"2.4_right_fast",0.518938053097345,0.42,0.675141242937853
"571178ec3d47e80011635b88","2_4",1,1,"1_4","1",9,"2.4_right_fast",0.518938053097345,0.42,0.675141242937853
"571178ec3d47e80011635b88","2_4",1,1,"1_5","0",9,"2.4_right_fast",0.518938053097345,0.42,0.675141242937853
"571178ec3d47e80011635b88","2_5",1,1,"1_1","1",9,"2.5_right_fast",0.760870712401055,0.91,0.915254237288136
"571178ec3d47e80011635b88","2_5",1,1,"1_2","1",9,"2.5_right_fast",0.760870712401055,0.91,0.915254237288136
"571178ec3d47e80011635b88","2_5",1,1,"1_3","1",9,"2.5_right_fast",0.760870712401055,0.91,0.915254237288136
"571178ec3d47e80011635b88","2_5",1,1,"1_4","1",9,"2.5_right_fast",0.760870712401055,0.91,0.915254237288136
"571178ec3d47e80011635b88","2_5",1,1,"1_5","1",9,"2.5_right_fast",0.760870712401055,0.91,0.915254237288136
"571178ec3d47e80011635b88","2_4",0,1,"1_1","1",9,"2.4_wrong_fast",0.518938053097345,0.68,0.675141242937853
"571178ec3d47e80011635b88","2_4",0,1,"1_2","1",9,"2.4_wrong_fast",0.518938053097345,0.68,0.675141242937853
"571178ec3d47e80011635b88","2_4",0,1,"1_3","1",9,"2.4_wrong_fast",0.518938053097345,0.68,0.675141242937853
"571178ec3d47e80011635b88","2_4",0,1,"1_4","0",9,"2.4_wrong_fast",0.518938053097345,0.68,0.675141242937853
"571178ec3d47e80011635b88","2_4",0,1,"1_5","0",9,"2.4_wrong_fast",0.518938053097345,0.68,0.675141242937853
"57dab7f721d77800018e42fe","2_3",1,0,"1_1","1",6,"2.3_right_slow",0.577430167597765,0.53,0.446327683615819
"57dab7f721d77800018e42fe","2_3",1,0,"1_2","1",6,"2.3_right_slow",0.577430167597765,0.53,0.446327683615819
"57dab7f721d77800018e42fe","2_3",1,0,"1_3","1",6,"2.3_right_slow",0.577430167597765,0.53,0.446327683615819
"57dab7f721d77800018e42fe","2_3",1,0,"1_4","1",6,"2.3_right_slow",0.577430167597765,0.53,0.446327683615819
"57dab7f721d77800018e42fe","2_3",1,0,"1_5","0",6,"2.3_right_slow",0.577430167597765,0.53,0.446327683615819
"57dab7f721d77800018e42fe","2_1",0,0,"1_1","1",6,"2.1_wrong_slow",0.396726726726727,0.44,0.234463276836158
"57dab7f721d77800018e42fe","2_1",0,0,"1_2","0",6,"2.1_wrong_slow",0.396726726726727,0.44,0.234463276836158
"57dab7f721d77800018e42fe","2_1",0,0,"1_3","0",6,"2.1_wrong_slow",0.396726726726727,0.44,0.234463276836158
"57dab7f721d77800018e42fe","2_1",0,0,"1_4","0",6,"2.1_wrong_slow",0.396726726726727,0.44,0.234463276836158
"57dab7f721d77800018e42fe","2_1",0,0,"1_5","0",6,"2.1_wrong_slow",0.396726726726727,0.44,0.234463276836158
"57dab7f721d77800018e42fe","2_2",0,0,"1_1","1",6,"2.2_wrong_slow",0.566398891966759,0.49,0.536723163841808
"57dab7f721d77800018e42fe","2_2",0,0,"1_2","0",6,"2.2_wrong_slow",0.566398891966759,0.49,0.536723163841808
"57dab7f721d77800018e42fe","2_2",0,0,"1_3","1",6,"2.2_wrong_slow",0.566398891966759,0.49,0.536723163841808
"57dab7f721d77800018e42fe","2_2",0,0,"1_4","0",6,"2.2_wrong_slow",0.566398891966759,0.49,0.536723163841808
"57dab7f721d77800018e42fe","2_2",0,0,"1_5","0",6,"2.2_wrong_slow",0.566398891966759,0.49,0.536723163841808
"57dab7f721d77800018e42fe","2_5",0,0,"1_1","1",6,"2.5_wrong_slow",0.760870712401055,0.63,0.915254237288136
"57dab7f721d77800018e42fe","2_5",0,0,"1_2","0",6,"2.5_wrong_slow",0.760870712401055,0.63,0.915254237288136
"57dab7f721d77800018e42fe","2_5",0,0,"1_3","1",6,"2.5_wrong_slow",0.760870712401055,0.63,0.915254237288136
"57dab7f721d77800018e42fe","2_5",0,0,"1_4","0",6,"2.5_wrong_slow",0.760870712401055,0.63,0.915254237288136
"57dab7f721d77800018e42fe","2_5",0,0,"1_5","0",6,"2.5_wrong_slow",0.760870712401055,0.63,0.915254237288136
"57dab7f721d77800018e42fe","2_2",0,1,"1_1","1",6,"2.2_wrong_fast",0.566398891966759,0.57,0.536723163841808
"57dab7f721d77800018e42fe","2_2",0,1,"1_2","0",6,"2.2_wrong_fast",0.566398891966759,0.57,0.536723163841808
"57dab7f721d77800018e42fe","2_2",0,1,"1_3","1",6,"2.2_wrong_fast",0.566398891966759,0.57,0.536723163841808
"57dab7f721d77800018e42fe","2_2",0,1,"1_4","0",6,"2.2_wrong_fast",0.566398891966759,0.57,0.536723163841808
"57dab7f721d77800018e42fe","2_2",0,1,"1_5","0",6,"2.2_wrong_fast",0.566398891966759,0.57,0.536723163841808
"5a82032017ef350001706e9a","2_2",1,0,"1_1","1",3,"2.2_right_slow",0.566398891966759,0.88,0.536723163841808
"5a82032017ef350001706e9a","2_2",1,0,"1_2","1",3,"2.2_right_slow",0.566398891966759,0.88,0.536723163841808
"5a82032017ef350001706e9a","2_2",1,0,"1_3","1",3,"2.2_right_slow",0.566398891966759,0.88,0.536723163841808
"5a82032017ef350001706e9a","2_2",1,0,"1_4","1",3,"2.2_right_slow",0.566398891966759,0.88,0.536723163841808
"5a82032017ef350001706e9a","2_2",1,0,"1_5","0",3,"2.2_right_slow",0.566398891966759,0.88,0.536723163841808
"5a82032017ef350001706e9a","2_5",1,0,"1_1","1",3,"2.5_right_slow",0.760870712401055,0.92,0.915254237288136
"5a82032017ef350001706e9a","2_5",1,0,"1_2","1",3,"2.5_right_slow",0.760870712401055,0.92,0.915254237288136
"5a82032017ef350001706e9a","2_5",1,0,"1_3","1",3,"2.5_right_slow",0.760870712401055,0.92,0.915254237288136
"5a82032017ef350001706e9a","2_5",1,0,"1_4","1",3,"2.5_right_slow",0.760870712401055,0.92,0.915254237288136
"5a82032017ef350001706e9a","2_5",1,0,"1_5","1",3,"2.5_right_slow",0.760870712401055,0.92,0.915254237288136
"5a82032017ef350001706e9a","2_5",0,0,"1_1","1",3,"2.5_wrong_slow",0.760870712401055,0.92,0.915254237288136
"5a82032017ef350001706e9a","2_5",0,0,"1_2","0",3,"2.5_wrong_slow",0.760870712401055,0.92,0.915254237288136
"5a82032017ef350001706e9a","2_5",0,0,"1_3","0",3,"2.5_wrong_slow",0.760870712401055,0.92,0.915254237288136
"5a82032017ef350001706e9a","2_5",0,0,"1_4","1",3,"2.5_wrong_slow",0.760870712401055,0.92,0.915254237288136
"5a82032017ef350001706e9a","2_5",0,0,"1_5","0",3,"2.5_wrong_slow",0.760870712401055,0.92,0.915254237288136
"5a82032017ef350001706e9a","2_1",0,1,"1_1","1",3,"2.1_wrong_fast",0.396726726726727,0.91,0.234463276836158
"5a82032017ef350001706e9a","2_1",0,1,"1_2","0",3,"2.1_wrong_fast",0.396726726726727,0.91,0.234463276836158
"5a82032017ef350001706e9a","2_1",0,1,"1_3","1",3,"2.1_wrong_fast",0.396726726726727,0.91,0.234463276836158
"5a82032017ef350001706e9a","2_1",0,1,"1_4","1",3,"2.1_wrong_fast",0.396726726726727,0.91,0.234463276836158
"5a82032017ef350001706e9a","2_1",0,1,"1_5","0",3,"2.1_wrong_fast",0.396726726726727,0.91,0.234463276836158
"5a82032017ef350001706e9a","2_3",0,1,"1_1","1",3,"2.3_wrong_fast",0.577430167597765,0.95,0.446327683615819
"5a82032017ef350001706e9a","2_3",0,1,"1_2","0",3,"2.3_wrong_fast",0.577430167597765,0.95,0.446327683615819
"5a82032017ef350001706e9a","2_3",0,1,"1_3","0",3,"2.3_wrong_fast",0.577430167597765,0.95,0.446327683615819
"5a82032017ef350001706e9a","2_3",0,1,"1_4","1",3,"2.3_wrong_fast",0.577430167597765,0.95,0.446327683615819
"5a82032017ef350001706e9a","2_3",0,1,"1_5","0",3,"2.3_wrong_fast",0.577430167597765,0.95,0.446327683615819
"5aa2dcf36219a30001f57b7e","2_1",1,0,"1_1","1",6,"2.1_right_slow",0.396726726726727,0.1,0.234463276836158
"5aa2dcf36219a30001f57b7e","2_1",1,0,"1_2","0",6,"2.1_right_slow",0.396726726726727,0.1,0.234463276836158
"5aa2dcf36219a30001f57b7e","2_1",1,0,"1_3","1",6,"2.1_right_slow",0.396726726726727,0.1,0.234463276836158
"5aa2dcf36219a30001f57b7e","2_1",1,0,"1_4","1",6,"2.1_right_slow",0.396726726726727,0.1,0.234463276836158
"5aa2dcf36219a30001f57b7e","2_1",1,0,"1_5","0",6,"2.1_right_slow",0.396726726726727,0.1,0.234463276836158
"5aa2dcf36219a30001f57b7e","2_5",1,0,"1_1","1",6,"2.5_right_slow",0.760870712401055,0.8,0.915254237288136
"5aa2dcf36219a30001f57b7e","2_5",1,0,"1_2","1",6,"2.5_right_slow",0.760870712401055,0.8,0.915254237288136
"5aa2dcf36219a30001f57b7e","2_5",1,0,"1_3","1",6,"2.5_right_slow",0.760870712401055,0.8,0.915254237288136
"5aa2dcf36219a30001f57b7e","2_5",1,0,"1_4","1",6,"2.5_right_slow",0.760870712401055,0.8,0.915254237288136
"5aa2dcf36219a30001f57b7e","2_5",1,0,"1_5","0",6,"2.5_right_slow",0.760870712401055,0.8,0.915254237288136
"5aa2dcf36219a30001f57b7e","2_1",0,0,"1_1","1",6,"2.1_wrong_slow",0.396726726726727,0.38,0.234463276836158
"5aa2dcf36219a30001f57b7e","2_1",0,0,"1_2","0",6,"2.1_wrong_slow",0.396726726726727,0.38,0.234463276836158
"5aa2dcf36219a30001f57b7e","2_1",0,0,"1_3","0",6,"2.1_wrong_slow",0.396726726726727,0.38,0.234463276836158
"5aa2dcf36219a30001f57b7e","2_1",0,0,"1_4","0",6,"2.1_wrong_slow",0.396726726726727,0.38,0.234463276836158
"5aa2dcf36219a30001f57b7e","2_1",0,0,"1_5","0",6,"2.1_wrong_slow",0.396726726726727,0.38,0.234463276836158
"5aa2dcf36219a30001f57b7e","2_5",0,0,"1_1","1",6,"2.5_wrong_slow",0.760870712401055,0.74,0.915254237288136
"5aa2dcf36219a30001f57b7e","2_5",0,0,"1_2","0",6,"2.5_wrong_slow",0.760870712401055,0.74,0.915254237288136
"5aa2dcf36219a30001f57b7e","2_5",0,0,"1_3","0",6,"2.5_wrong_slow",0.760870712401055,0.74,0.915254237288136
"5aa2dcf36219a30001f57b7e","2_5",0,0,"1_4","1",6,"2.5_wrong_slow",0.760870712401055,0.74,0.915254237288136
"5aa2dcf36219a30001f57b7e","2_5",0,0,"1_5","0",6,"2.5_wrong_slow",0.760870712401055,0.74,0.915254237288136
"5aa2dcf36219a30001f57b7e","2_4",0,1,"1_1","1",6,"2.4_wrong_fast",0.518938053097345,0.23,0.675141242937853
"5aa2dcf36219a30001f57b7e","2_4",0,1,"1_2","0",6,"2.4_wrong_fast",0.518938053097345,0.23,0.675141242937853
"5aa2dcf36219a30001f57b7e","2_4",0,1,"1_3","1",6,"2.4_wrong_fast",0.518938053097345,0.23,0.675141242937853
"5aa2dcf36219a30001f57b7e","2_4",0,1,"1_4","0",6,"2.4_wrong_fast",0.518938053097345,0.23,0.675141242937853
"5aa2dcf36219a30001f57b7e","2_4",0,1,"1_5","0",6,"2.4_wrong_fast",0.518938053097345,0.23,0.675141242937853
"5aa838354eecca0001de0a20","2_1",1,0,"1_1","1",1,"2.1_right_slow",0.396726726726727,0.4,0.234463276836158
"5aa838354eecca0001de0a20","2_1",1,0,"1_2","1",1,"2.1_right_slow",0.396726726726727,0.4,0.234463276836158
"5aa838354eecca0001de0a20","2_1",1,0,"1_3","1",1,"2.1_right_slow",0.396726726726727,0.4,0.234463276836158
"5aa838354eecca0001de0a20","2_1",1,0,"1_4","1",1,"2.1_right_slow",0.396726726726727,0.4,0.234463276836158
"5aa838354eecca0001de0a20","2_1",1,0,"1_5","0",1,"2.1_right_slow",0.396726726726727,0.4,0.234463276836158
"5aa838354eecca0001de0a20","2_2",0,0,"1_1","1",1,"2.2_wrong_slow",0.566398891966759,0.63,0.536723163841808
"5aa838354eecca0001de0a20","2_2",0,0,"1_2","1",1,"2.2_wrong_slow",0.566398891966759,0.63,0.536723163841808
"5aa838354eecca0001de0a20","2_2",0,0,"1_3","0",1,"2.2_wrong_slow",0.566398891966759,0.63,0.536723163841808
"5aa838354eecca0001de0a20","2_2",0,0,"1_4","1",1,"2.2_wrong_slow",0.566398891966759,0.63,0.536723163841808
"5aa838354eecca0001de0a20","2_2",0,0,"1_5","0",1,"2.2_wrong_slow",0.566398891966759,0.63,0.536723163841808
"5aa838354eecca0001de0a20","2_3",0,0,"1_1","1",1,"2.3_wrong_slow",0.577430167597765,0.56,0.446327683615819
"5aa838354eecca0001de0a20","2_3",0,0,"1_2","1",1,"2.3_wrong_slow",0.577430167597765,0.56,0.446327683615819
"5aa838354eecca0001de0a20","2_3",0,0,"1_3","1",1,"2.3_wrong_slow",0.577430167597765,0.56,0.446327683615819
"5aa838354eecca0001de0a20","2_3",0,0,"1_4","1",1,"2.3_wrong_slow",0.577430167597765,0.56,0.446327683615819
"5aa838354eecca0001de0a20","2_3",0,0,"1_5","0",1,"2.3_wrong_slow",0.577430167597765,0.56,0.446327683615819
"5aa838354eecca0001de0a20","2_3",1,1,"1_1","1",1,"2.3_right_fast",0.577430167597765,0.75,0.446327683615819
"5aa838354eecca0001de0a20","2_3",1,1,"1_2","1",1,"2.3_right_fast",0.577430167597765,0.75,0.446327683615819
"5aa838354eecca0001de0a20","2_3",1,1,"1_3","1",1,"2.3_right_fast",0.577430167597765,0.75,0.446327683615819
"5aa838354eecca0001de0a20","2_3",1,1,"1_4","1",1,"2.3_right_fast",0.577430167597765,0.75,0.446327683615819
"5aa838354eecca0001de0a20","2_3",1,1,"1_5","0",1,"2.3_right_fast",0.577430167597765,0.75,0.446327683615819
"5aa838354eecca0001de0a20","2_2",0,1,"1_1","1",1,"2.2_wrong_fast",0.566398891966759,0.77,0.536723163841808
"5aa838354eecca0001de0a20","2_2",0,1,"1_2","1",1,"2.2_wrong_fast",0.566398891966759,0.77,0.536723163841808
"5aa838354eecca0001de0a20","2_2",0,1,"1_3","1",1,"2.2_wrong_fast",0.566398891966759,0.77,0.536723163841808
"5aa838354eecca0001de0a20","2_2",0,1,"1_4","1",1,"2.2_wrong_fast",0.566398891966759,0.77,0.536723163841808
"5aa838354eecca0001de0a20","2_2",0,1,"1_5","0",1,"2.2_wrong_fast",0.566398891966759,0.77,0.536723163841808
"5b7df1f09fcd3c00011904a4","2_2",1,0,"1_1","1",4,"2.2_right_slow",0.566398891966759,0.3,0.536723163841808
"5b7df1f09fcd3c00011904a4","2_2",1,0,"1_2","1",4,"2.2_right_slow",0.566398891966759,0.3,0.536723163841808
"5b7df1f09fcd3c00011904a4","2_2",1,0,"1_3","1",4,"2.2_right_slow",0.566398891966759,0.3,0.536723163841808
"5b7df1f09fcd3c00011904a4","2_2",1,0,"1_4","1",4,"2.2_right_slow",0.566398891966759,0.3,0.536723163841808
"5b7df1f09fcd3c00011904a4","2_2",1,0,"1_5","0",4,"2.2_right_slow",0.566398891966759,0.3,0.536723163841808
"5b7df1f09fcd3c00011904a4","2_3",1,0,"1_1","1",4,"2.3_right_slow",0.577430167597765,0.4,0.446327683615819
"5b7df1f09fcd3c00011904a4","2_3",1,0,"1_2","1",4,"2.3_right_slow",0.577430167597765,0.4,0.446327683615819
"5b7df1f09fcd3c00011904a4","2_3",1,0,"1_3","1",4,"2.3_right_slow",0.577430167597765,0.4,0.446327683615819
"5b7df1f09fcd3c00011904a4","2_3",1,0,"1_4","1",4,"2.3_right_slow",0.577430167597765,0.4,0.446327683615819
"5b7df1f09fcd3c00011904a4","2_3",1,0,"1_5","1",4,"2.3_right_slow",0.577430167597765,0.4,0.446327683615819
"5b7df1f09fcd3c00011904a4","2_1",1,1,"1_1","1",4,"2.1_right_fast",0.396726726726727,0.2,0.234463276836158
"5b7df1f09fcd3c00011904a4","2_1",1,1,"1_2","1",4,"2.1_right_fast",0.396726726726727,0.2,0.234463276836158
"5b7df1f09fcd3c00011904a4","2_1",1,1,"1_3","1",4,"2.1_right_fast",0.396726726726727,0.2,0.234463276836158
"5b7df1f09fcd3c00011904a4","2_1",1,1,"1_4","1",4,"2.1_right_fast",0.396726726726727,0.2,0.234463276836158
"5b7df1f09fcd3c00011904a4","2_1",1,1,"1_5","1",4,"2.1_right_fast",0.396726726726727,0.2,0.234463276836158
"5b7df1f09fcd3c00011904a4","2_4",1,1,"1_1","1",4,"2.4_right_fast",0.518938053097345,0.7,0.675141242937853
"5b7df1f09fcd3c00011904a4","2_4",1,1,"1_2","1",4,"2.4_right_fast",0.518938053097345,0.7,0.675141242937853
"5b7df1f09fcd3c00011904a4","2_4",1,1,"1_3","1",4,"2.4_right_fast",0.518938053097345,0.7,0.675141242937853
"5b7df1f09fcd3c00011904a4","2_4",1,1,"1_4","1",4,"2.4_right_fast",0.518938053097345,0.7,0.675141242937853
"5b7df1f09fcd3c00011904a4","2_4",1,1,"1_5","1",4,"2.4_right_fast",0.518938053097345,0.7,0.675141242937853
"5b7df1f09fcd3c00011904a4","2_5",0,1,"1_1","1",4,"2.5_wrong_fast",0.760870712401055,0.8,0.915254237288136
"5b7df1f09fcd3c00011904a4","2_5",0,1,"1_2","1",4,"2.5_wrong_fast",0.760870712401055,0.8,0.915254237288136
"5b7df1f09fcd3c00011904a4","2_5",0,1,"1_3","1",4,"2.5_wrong_fast",0.760870712401055,0.8,0.915254237288136
"5b7df1f09fcd3c00011904a4","2_5",0,1,"1_4","1",4,"2.5_wrong_fast",0.760870712401055,0.8,0.915254237288136
"5b7df1f09fcd3c00011904a4","2_5",0,1,"1_5","0",4,"2.5_wrong_fast",0.760870712401055,0.8,0.915254237288136
"5b9056617b384b0001d13167","2_3",1,0,"1_1","1",11,"2.3_right_slow",0.577430167597765,0.5,0.446327683615819
"5b9056617b384b0001d13167","2_3",1,0,"1_2","1",11,"2.3_right_slow",0.577430167597765,0.5,0.446327683615819
"5b9056617b384b0001d13167","2_3",1,0,"1_3","1",11,"2.3_right_slow",0.577430167597765,0.5,0.446327683615819
"5b9056617b384b0001d13167","2_3",1,0,"1_4","1",11,"2.3_right_slow",0.577430167597765,0.5,0.446327683615819
"5b9056617b384b0001d13167","2_3",1,0,"1_5","1",11,"2.3_right_slow",0.577430167597765,0.5,0.446327683615819
"5b9056617b384b0001d13167","2_5",1,0,"1_1","1",11,"2.5_right_slow",0.760870712401055,0.6,0.915254237288136
"5b9056617b384b0001d13167","2_5",1,0,"1_2","1",11,"2.5_right_slow",0.760870712401055,0.6,0.915254237288136
"5b9056617b384b0001d13167","2_5",1,0,"1_3","1",11,"2.5_right_slow",0.760870712401055,0.6,0.915254237288136
"5b9056617b384b0001d13167","2_5",1,0,"1_4","1",11,"2.5_right_slow",0.760870712401055,0.6,0.915254237288136
"5b9056617b384b0001d13167","2_5",1,0,"1_5","1",11,"2.5_right_slow",0.760870712401055,0.6,0.915254237288136
"5b9056617b384b0001d13167","2_4",0,0,"1_1","1",11,"2.4_wrong_slow",0.518938053097345,0.5,0.675141242937853
"5b9056617b384b0001d13167","2_4",0,0,"1_2","1",11,"2.4_wrong_slow",0.518938053097345,0.5,0.675141242937853
"5b9056617b384b0001d13167","2_4",0,0,"1_3","0",11,"2.4_wrong_slow",0.518938053097345,0.5,0.675141242937853
"5b9056617b384b0001d13167","2_4",0,0,"1_4","0",11,"2.4_wrong_slow",0.518938053097345,0.5,0.675141242937853
"5b9056617b384b0001d13167","2_4",0,0,"1_5","0",11,"2.4_wrong_slow",0.518938053097345,0.5,0.675141242937853
"5b9056617b384b0001d13167","2_3",0,1,"1_1","1",11,"2.3_wrong_fast",0.577430167597765,0.6,0.446327683615819
"5b9056617b384b0001d13167","2_3",0,1,"1_2","1",11,"2.3_wrong_fast",0.577430167597765,0.6,0.446327683615819
"5b9056617b384b0001d13167","2_3",0,1,"1_3","0",11,"2.3_wrong_fast",0.577430167597765,0.6,0.446327683615819
"5b9056617b384b0001d13167","2_3",0,1,"1_4","1",11,"2.3_wrong_fast",0.577430167597765,0.6,0.446327683615819
"5b9056617b384b0001d13167","2_3",0,1,"1_5","0",11,"2.3_wrong_fast",0.577430167597765,0.6,0.446327683615819
"5b9056617b384b0001d13167","2_5",0,1,"1_1","1",11,"2.5_wrong_fast",0.760870712401055,0.66,0.915254237288136
"5b9056617b384b0001d13167","2_5",0,1,"1_2","1",11,"2.5_wrong_fast",0.760870712401055,0.66,0.915254237288136
"5b9056617b384b0001d13167","2_5",0,1,"1_3","0",11,"2.5_wrong_fast",0.760870712401055,0.66,0.915254237288136
"5b9056617b384b0001d13167","2_5",0,1,"1_4","0",11,"2.5_wrong_fast",0.760870712401055,0.66,0.915254237288136
"5b9056617b384b0001d13167","2_5",0,1,"1_5","0",11,"2.5_wrong_fast",0.760870712401055,0.66,0.915254237288136
"5bacc09b709f60000104352f","2_4",1,0,"1_1","1",13,"2.4_right_slow",0.518938053097345,0.3,0.675141242937853
"5bacc09b709f60000104352f","2_4",1,0,"1_2","1",13,"2.4_right_slow",0.518938053097345,0.3,0.675141242937853
"5bacc09b709f60000104352f","2_4",1,0,"1_3","1",13,"2.4_right_slow",0.518938053097345,0.3,0.675141242937853
"5bacc09b709f60000104352f","2_4",1,0,"1_4","1",13,"2.4_right_slow",0.518938053097345,0.3,0.675141242937853
"5bacc09b709f60000104352f","2_4",1,0,"1_5","0",13,"2.4_right_slow",0.518938053097345,0.3,0.675141242937853
"5bacc09b709f60000104352f","2_4",0,0,"1_1","1",13,"2.4_wrong_slow",0.518938053097345,0.6,0.675141242937853
"5bacc09b709f60000104352f","2_4",0,0,"1_2","0",13,"2.4_wrong_slow",0.518938053097345,0.6,0.675141242937853
"5bacc09b709f60000104352f","2_4",0,0,"1_3","1",13,"2.4_wrong_slow",0.518938053097345,0.6,0.675141242937853
"5bacc09b709f60000104352f","2_4",0,0,"1_4","0",13,"2.4_wrong_slow",0.518938053097345,0.6,0.675141242937853
"5bacc09b709f60000104352f","2_4",0,0,"1_5","0",13,"2.4_wrong_slow",0.518938053097345,0.6,0.675141242937853
"5bacc09b709f60000104352f","2_1",1,1,"1_1","1",13,"2.1_right_fast",0.396726726726727,0.15,0.234463276836158
"5bacc09b709f60000104352f","2_1",1,1,"1_2","1",13,"2.1_right_fast",0.396726726726727,0.15,0.234463276836158
"5bacc09b709f60000104352f","2_1",1,1,"1_3","1",13,"2.1_right_fast",0.396726726726727,0.15,0.234463276836158
"5bacc09b709f60000104352f","2_1",1,1,"1_4","1",13,"2.1_right_fast",0.396726726726727,0.15,0.234463276836158
"5bacc09b709f60000104352f","2_1",1,1,"1_5","0",13,"2.1_right_fast",0.396726726726727,0.15,0.234463276836158
"5bacc09b709f60000104352f","2_2",0,1,"1_1","1",13,"2.2_wrong_fast",0.566398891966759,0.69,0.536723163841808
"5bacc09b709f60000104352f","2_2",0,1,"1_2","1",13,"2.2_wrong_fast",0.566398891966759,0.69,0.536723163841808
"5bacc09b709f60000104352f","2_2",0,1,"1_3","1",13,"2.2_wrong_fast",0.566398891966759,0.69,0.536723163841808
"5bacc09b709f60000104352f","2_2",0,1,"1_4","0",13,"2.2_wrong_fast",0.566398891966759,0.69,0.536723163841808
"5bacc09b709f60000104352f","2_2",0,1,"1_5","0",13,"2.2_wrong_fast",0.566398891966759,0.69,0.536723163841808
"5bacc09b709f60000104352f","2_5",0,1,"1_1","1",13,"2.5_wrong_fast",0.760870712401055,0.9,0.915254237288136
"5bacc09b709f60000104352f","2_5",0,1,"1_2","1",13,"2.5_wrong_fast",0.760870712401055,0.9,0.915254237288136
"5bacc09b709f60000104352f","2_5",0,1,"1_3","1",13,"2.5_wrong_fast",0.760870712401055,0.9,0.915254237288136
"5bacc09b709f60000104352f","2_5",0,1,"1_4","1",13,"2.5_wrong_fast",0.760870712401055,0.9,0.915254237288136
"5bacc09b709f60000104352f","2_5",0,1,"1_5","0",13,"2.5_wrong_fast",0.760870712401055,0.9,0.915254237288136
"5c0595bb1a20110001e9f1e1","2_5",1,0,"1_1","1",6,"2.5_right_slow",0.760870712401055,0.95,0.915254237288136
"5c0595bb1a20110001e9f1e1","2_5",1,0,"1_2","1",6,"2.5_right_slow",0.760870712401055,0.95,0.915254237288136
"5c0595bb1a20110001e9f1e1","2_5",1,0,"1_3","1",6,"2.5_right_slow",0.760870712401055,0.95,0.915254237288136
"5c0595bb1a20110001e9f1e1","2_5",1,0,"1_4","1",6,"2.5_right_slow",0.760870712401055,0.95,0.915254237288136
"5c0595bb1a20110001e9f1e1","2_5",1,0,"1_5","1",6,"2.5_right_slow",0.760870712401055,0.95,0.915254237288136
"5c0595bb1a20110001e9f1e1","2_5",0,0,"1_1","1",6,"2.5_wrong_slow",0.760870712401055,0.95,0.915254237288136
"5c0595bb1a20110001e9f1e1","2_5",0,0,"1_2","1",6,"2.5_wrong_slow",0.760870712401055,0.95,0.915254237288136
"5c0595bb1a20110001e9f1e1","2_5",0,0,"1_3","0",6,"2.5_wrong_slow",0.760870712401055,0.95,0.915254237288136
"5c0595bb1a20110001e9f1e1","2_5",0,0,"1_4","1",6,"2.5_wrong_slow",0.760870712401055,0.95,0.915254237288136
"5c0595bb1a20110001e9f1e1","2_5",0,0,"1_5","0",6,"2.5_wrong_slow",0.760870712401055,0.95,0.915254237288136
"5c0595bb1a20110001e9f1e1","2_3",1,1,"1_1","1",6,"2.3_right_fast",0.577430167597765,0.7,0.446327683615819
"5c0595bb1a20110001e9f1e1","2_3",1,1,"1_2","1",6,"2.3_right_fast",0.577430167597765,0.7,0.446327683615819
"5c0595bb1a20110001e9f1e1","2_3",1,1,"1_3","1",6,"2.3_right_fast",0.577430167597765,0.7,0.446327683615819
"5c0595bb1a20110001e9f1e1","2_3",1,1,"1_4","1",6,"2.3_right_fast",0.577430167597765,0.7,0.446327683615819
"5c0595bb1a20110001e9f1e1","2_3",1,1,"1_5","0",6,"2.3_right_fast",0.577430167597765,0.7,0.446327683615819
"5c0595bb1a20110001e9f1e1","2_1",0,1,"1_1","0",6,"2.1_wrong_fast",0.396726726726727,0.3,0.234463276836158
"5c0595bb1a20110001e9f1e1","2_1",0,1,"1_2","0",6,"2.1_wrong_fast",0.396726726726727,0.3,0.234463276836158
"5c0595bb1a20110001e9f1e1","2_1",0,1,"1_3","0",6,"2.1_wrong_fast",0.396726726726727,0.3,0.234463276836158
"5c0595bb1a20110001e9f1e1","2_1",0,1,"1_4","0",6,"2.1_wrong_fast",0.396726726726727,0.3,0.234463276836158
"5c0595bb1a20110001e9f1e1","2_1",0,1,"1_5","0",6,"2.1_wrong_fast",0.396726726726727,0.3,0.234463276836158
"5c0595bb1a20110001e9f1e1","2_2",0,1,"1_1","1",6,"2.2_wrong_fast",0.566398891966759,0.8,0.536723163841808
"5c0595bb1a20110001e9f1e1","2_2",0,1,"1_2","0",6,"2.2_wrong_fast",0.566398891966759,0.8,0.536723163841808
"5c0595bb1a20110001e9f1e1","2_2",0,1,"1_3","0",6,"2.2_wrong_fast",0.566398891966759,0.8,0.536723163841808
"5c0595bb1a20110001e9f1e1","2_2",0,1,"1_4","0",6,"2.2_wrong_fast",0.566398891966759,0.8,0.536723163841808
"5c0595bb1a20110001e9f1e1","2_2",0,1,"1_5","0",6,"2.2_wrong_fast",0.566398891966759,0.8,0.536723163841808
"5c4f94452090bd0001c43b93","2_5",1,0,"1_1","1",11,"2.5_right_slow",0.760870712401055,0.91,0.915254237288136
"5c4f94452090bd0001c43b93","2_5",1,0,"1_2","1",11,"2.5_right_slow",0.760870712401055,0.91,0.915254237288136
"5c4f94452090bd0001c43b93","2_5",1,0,"1_3","1",11,"2.5_right_slow",0.760870712401055,0.91,0.915254237288136
"5c4f94452090bd0001c43b93","2_5",1,0,"1_4","1",11,"2.5_right_slow",0.760870712401055,0.91,0.915254237288136
"5c4f94452090bd0001c43b93","2_5",1,0,"1_5","1",11,"2.5_right_slow",0.760870712401055,0.91,0.915254237288136
"5c4f94452090bd0001c43b93","2_4",0,0,"1_1","1",11,"2.4_wrong_slow",0.518938053097345,0.55,0.675141242937853
"5c4f94452090bd0001c43b93","2_4",0,0,"1_2","0",11,"2.4_wrong_slow",0.518938053097345,0.55,0.675141242937853
"5c4f94452090bd0001c43b93","2_4",0,0,"1_3","1",11,"2.4_wrong_slow",0.518938053097345,0.55,0.675141242937853
"5c4f94452090bd0001c43b93","2_4",0,0,"1_4","1",11,"2.4_wrong_slow",0.518938053097345,0.55,0.675141242937853
"5c4f94452090bd0001c43b93","2_4",0,0,"1_5","0",11,"2.4_wrong_slow",0.518938053097345,0.55,0.675141242937853
"5c4f94452090bd0001c43b93","2_2",1,1,"1_1","1",11,"2.2_right_fast",0.566398891966759,0.74,0.536723163841808
"5c4f94452090bd0001c43b93","2_2",1,1,"1_2","1",11,"2.2_right_fast",0.566398891966759,0.74,0.536723163841808
"5c4f94452090bd0001c43b93","2_2",1,1,"1_3","0",11,"2.2_right_fast",0.566398891966759,0.74,0.536723163841808
"5c4f94452090bd0001c43b93","2_2",1,1,"1_4","1",11,"2.2_right_fast",0.566398891966759,0.74,0.536723163841808
"5c4f94452090bd0001c43b93","2_2",1,1,"1_5","0",11,"2.2_right_fast",0.566398891966759,0.74,0.536723163841808
"5c4f94452090bd0001c43b93","2_4",1,1,"1_1","1",11,"2.4_right_fast",0.518938053097345,0.48,0.675141242937853
"5c4f94452090bd0001c43b93","2_4",1,1,"1_2","1",11,"2.4_right_fast",0.518938053097345,0.48,0.675141242937853
"5c4f94452090bd0001c43b93","2_4",1,1,"1_3","0",11,"2.4_right_fast",0.518938053097345,0.48,0.675141242937853
"5c4f94452090bd0001c43b93","2_4",1,1,"1_4","1",11,"2.4_right_fast",0.518938053097345,0.48,0.675141242937853
"5c4f94452090bd0001c43b93","2_4",1,1,"1_5","0",11,"2.4_right_fast",0.518938053097345,0.48,0.675141242937853
"5c4f94452090bd0001c43b93","2_3",0,1,"1_1","1",11,"2.3_wrong_fast",0.577430167597765,0.65,0.446327683615819
"5c4f94452090bd0001c43b93","2_3",0,1,"1_2","1",11,"2.3_wrong_fast",0.577430167597765,0.65,0.446327683615819
"5c4f94452090bd0001c43b93","2_3",0,1,"1_3","1",11,"2.3_wrong_fast",0.577430167597765,0.65,0.446327683615819
"5c4f94452090bd0001c43b93","2_3",0,1,"1_4","1",11,"2.3_wrong_fast",0.577430167597765,0.65,0.446327683615819
"5c4f94452090bd0001c43b93","2_3",0,1,"1_5","0",11,"2.3_wrong_fast",0.577430167597765,0.65,0.446327683615819
"5cbb9a4b96211700015d0e2b","2_3",1,0,"1_1","1",11,"2.3_right_slow",0.577430167597765,0.45,0.446327683615819
"5cbb9a4b96211700015d0e2b","2_3",1,0,"1_2","1",11,"2.3_right_slow",0.577430167597765,0.45,0.446327683615819
"5cbb9a4b96211700015d0e2b","2_3",1,0,"1_3","1",11,"2.3_right_slow",0.577430167597765,0.45,0.446327683615819
"5cbb9a4b96211700015d0e2b","2_3",1,0,"1_4","1",11,"2.3_right_slow",0.577430167597765,0.45,0.446327683615819
"5cbb9a4b96211700015d0e2b","2_3",1,0,"1_5","0",11,"2.3_right_slow",0.577430167597765,0.45,0.446327683615819
"5cbb9a4b96211700015d0e2b","2_1",0,0,"1_1","0",11,"2.1_wrong_slow",0.396726726726727,0.1,0.234463276836158
"5cbb9a4b96211700015d0e2b","2_1",0,0,"1_2","0",11,"2.1_wrong_slow",0.396726726726727,0.1,0.234463276836158
"5cbb9a4b96211700015d0e2b","2_1",0,0,"1_3","0",11,"2.1_wrong_slow",0.396726726726727,0.1,0.234463276836158
"5cbb9a4b96211700015d0e2b","2_1",0,0,"1_4","0",11,"2.1_wrong_slow",0.396726726726727,0.1,0.234463276836158
"5cbb9a4b96211700015d0e2b","2_1",0,0,"1_5","0",11,"2.1_wrong_slow",0.396726726726727,0.1,0.234463276836158
"5cbb9a4b96211700015d0e2b","2_4",0,0,"1_1","0",11,"2.4_wrong_slow",0.518938053097345,0.1,0.675141242937853
"5cbb9a4b96211700015d0e2b","2_4",0,0,"1_2","0",11,"2.4_wrong_slow",0.518938053097345,0.1,0.675141242937853
"5cbb9a4b96211700015d0e2b","2_4",0,0,"1_3","0",11,"2.4_wrong_slow",0.518938053097345,0.1,0.675141242937853
"5cbb9a4b96211700015d0e2b","2_4",0,0,"1_4","0",11,"2.4_wrong_slow",0.518938053097345,0.1,0.675141242937853
"5cbb9a4b96211700015d0e2b","2_4",0,0,"1_5","0",11,"2.4_wrong_slow",0.518938053097345,0.1,0.675141242937853
"5cbb9a4b96211700015d0e2b","2_2",1,1,"1_1","1",11,"2.2_right_fast",0.566398891966759,0.45,0.536723163841808
"5cbb9a4b96211700015d0e2b","2_2",1,1,"1_2","1",11,"2.2_right_fast",0.566398891966759,0.45,0.536723163841808
"5cbb9a4b96211700015d0e2b","2_2",1,1,"1_3","1",11,"2.2_right_fast",0.566398891966759,0.45,0.536723163841808
"5cbb9a4b96211700015d0e2b","2_2",1,1,"1_4","1",11,"2.2_right_fast",0.566398891966759,0.45,0.536723163841808
"5cbb9a4b96211700015d0e2b","2_2",1,1,"1_5","0",11,"2.2_right_fast",0.566398891966759,0.45,0.536723163841808
"5cbb9a4b96211700015d0e2b","2_4",1,1,"1_1","1",11,"2.4_right_fast",0.518938053097345,0.45,0.675141242937853
"5cbb9a4b96211700015d0e2b","2_4",1,1,"1_2","1",11,"2.4_right_fast",0.518938053097345,0.45,0.675141242937853
"5cbb9a4b96211700015d0e2b","2_4",1,1,"1_3","0",11,"2.4_right_fast",0.518938053097345,0.45,0.675141242937853
"5cbb9a4b96211700015d0e2b","2_4",1,1,"1_4","1",11,"2.4_right_fast",0.518938053097345,0.45,0.675141242937853
"5cbb9a4b96211700015d0e2b","2_4",1,1,"1_5","0",11,"2.4_right_fast",0.518938053097345,0.45,0.675141242937853
"5d58471ffe8768001a31d33a","2_5",1,0,"1_1","1",6,"2.5_right_slow",0.760870712401055,0.92,0.915254237288136
"5d58471ffe8768001a31d33a","2_5",1,0,"1_2","1",6,"2.5_right_slow",0.760870712401055,0.92,0.915254237288136
"5d58471ffe8768001a31d33a","2_5",1,0,"1_3","1",6,"2.5_right_slow",0.760870712401055,0.92,0.915254237288136
"5d58471ffe8768001a31d33a","2_5",1,0,"1_4","1",6,"2.5_right_slow",0.760870712401055,0.92,0.915254237288136
"5d58471ffe8768001a31d33a","2_5",1,0,"1_5","1",6,"2.5_right_slow",0.760870712401055,0.92,0.915254237288136
"5d58471ffe8768001a31d33a","2_2",0,0,"1_1","1",6,"2.2_wrong_slow",0.566398891966759,0.38,0.536723163841808
"5d58471ffe8768001a31d33a","2_2",0,0,"1_2","0",6,"2.2_wrong_slow",0.566398891966759,0.38,0.536723163841808
"5d58471ffe8768001a31d33a","2_2",0,0,"1_3","1",6,"2.2_wrong_slow",0.566398891966759,0.38,0.536723163841808
"5d58471ffe8768001a31d33a","2_2",0,0,"1_4","1",6,"2.2_wrong_slow",0.566398891966759,0.38,0.536723163841808
"5d58471ffe8768001a31d33a","2_2",0,0,"1_5","0",6,"2.2_wrong_slow",0.566398891966759,0.38,0.536723163841808
"5d58471ffe8768001a31d33a","2_4",0,0,"1_1","1",6,"2.4_wrong_slow",0.518938053097345,0.24,0.675141242937853
"5d58471ffe8768001a31d33a","2_4",0,0,"1_2","0",6,"2.4_wrong_slow",0.518938053097345,0.24,0.675141242937853
"5d58471ffe8768001a31d33a","2_4",0,0,"1_3","0",6,"2.4_wrong_slow",0.518938053097345,0.24,0.675141242937853
"5d58471ffe8768001a31d33a","2_4",0,0,"1_4","0",6,"2.4_wrong_slow",0.518938053097345,0.24,0.675141242937853
"5d58471ffe8768001a31d33a","2_4",0,0,"1_5","0",6,"2.4_wrong_slow",0.518938053097345,0.24,0.675141242937853
"5d58471ffe8768001a31d33a","2_5",1,1,"1_1","1",6,"2.5_right_fast",0.760870712401055,0.91,0.915254237288136
"5d58471ffe8768001a31d33a","2_5",1,1,"1_2","1",6,"2.5_right_fast",0.760870712401055,0.91,0.915254237288136
"5d58471ffe8768001a31d33a","2_5",1,1,"1_3","1",6,"2.5_right_fast",0.760870712401055,0.91,0.915254237288136
"5d58471ffe8768001a31d33a","2_5",1,1,"1_4","1",6,"2.5_right_fast",0.760870712401055,0.91,0.915254237288136
"5d58471ffe8768001a31d33a","2_5",1,1,"1_5","1",6,"2.5_right_fast",0.760870712401055,0.91,0.915254237288136
"5d58471ffe8768001a31d33a","2_4",0,1,"1_1","1",6,"2.4_wrong_fast",0.518938053097345,0.28,0.675141242937853
"5d58471ffe8768001a31d33a","2_4",0,1,"1_2","0",6,"2.4_wrong_fast",0.518938053097345,0.28,0.675141242937853
"5d58471ffe8768001a31d33a","2_4",0,1,"1_3","1",6,"2.4_wrong_fast",0.518938053097345,0.28,0.675141242937853
"5d58471ffe8768001a31d33a","2_4",0,1,"1_4","0",6,"2.4_wrong_fast",0.518938053097345,0.28,0.675141242937853
"5d58471ffe8768001a31d33a","2_4",0,1,"1_5","0",6,"2.4_wrong_fast",0.518938053097345,0.28,0.675141242937853
"5d618a9955fc54000164673f","2_5",1,0,"1_1","1",6,"2.5_right_slow",0.760870712401055,0.25,0.915254237288136
"5d618a9955fc54000164673f","2_5",1,0,"1_2","1",6,"2.5_right_slow",0.760870712401055,0.25,0.915254237288136
"5d618a9955fc54000164673f","2_5",1,0,"1_3","1",6,"2.5_right_slow",0.760870712401055,0.25,0.915254237288136
"5d618a9955fc54000164673f","2_5",1,0,"1_4","1",6,"2.5_right_slow",0.760870712401055,0.25,0.915254237288136
"5d618a9955fc54000164673f","2_5",1,0,"1_5","0",6,"2.5_right_slow",0.760870712401055,0.25,0.915254237288136
"5d618a9955fc54000164673f","2_2",0,0,"1_1","1",6,"2.2_wrong_slow",0.566398891966759,0.24,0.536723163841808
"5d618a9955fc54000164673f","2_2",0,0,"1_2","0",6,"2.2_wrong_slow",0.566398891966759,0.24,0.536723163841808
"5d618a9955fc54000164673f","2_2",0,0,"1_3","0",6,"2.2_wrong_slow",0.566398891966759,0.24,0.536723163841808
"5d618a9955fc54000164673f","2_2",0,0,"1_4","1",6,"2.2_wrong_slow",0.566398891966759,0.24,0.536723163841808
"5d618a9955fc54000164673f","2_2",0,0,"1_5","0",6,"2.2_wrong_slow",0.566398891966759,0.24,0.536723163841808
"5d618a9955fc54000164673f","2_1",1,1,"1_1","1",6,"2.1_right_fast",0.396726726726727,0.65,0.234463276836158
"5d618a9955fc54000164673f","2_1",1,1,"1_2","1",6,"2.1_right_fast",0.396726726726727,0.65,0.234463276836158
"5d618a9955fc54000164673f","2_1",1,1,"1_3","1",6,"2.1_right_fast",0.396726726726727,0.65,0.234463276836158
"5d618a9955fc54000164673f","2_1",1,1,"1_4","1",6,"2.1_right_fast",0.396726726726727,0.65,0.234463276836158
"5d618a9955fc54000164673f","2_1",1,1,"1_5","0",6,"2.1_right_fast",0.396726726726727,0.65,0.234463276836158
"5d618a9955fc54000164673f","2_2",0,1,"1_1","1",6,"2.2_wrong_fast",0.566398891966759,0.3,0.536723163841808
"5d618a9955fc54000164673f","2_2",0,1,"1_2","1",6,"2.2_wrong_fast",0.566398891966759,0.3,0.536723163841808
"5d618a9955fc54000164673f","2_2",0,1,"1_3","1",6,"2.2_wrong_fast",0.566398891966759,0.3,0.536723163841808
"5d618a9955fc54000164673f","2_2",0,1,"1_4","1",6,"2.2_wrong_fast",0.566398891966759,0.3,0.536723163841808
"5d618a9955fc54000164673f","2_2",0,1,"1_5","0",6,"2.2_wrong_fast",0.566398891966759,0.3,0.536723163841808
"5d618a9955fc54000164673f","2_4",0,1,"1_1","1",6,"2.4_wrong_fast",0.518938053097345,0.4,0.675141242937853
"5d618a9955fc54000164673f","2_4",0,1,"1_2","1",6,"2.4_wrong_fast",0.518938053097345,0.4,0.675141242937853
"5d618a9955fc54000164673f","2_4",0,1,"1_3","1",6,"2.4_wrong_fast",0.518938053097345,0.4,0.675141242937853
"5d618a9955fc54000164673f","2_4",0,1,"1_4","1",6,"2.4_wrong_fast",0.518938053097345,0.4,0.675141242937853
"5d618a9955fc54000164673f","2_4",0,1,"1_5","0",6,"2.4_wrong_fast",0.518938053097345,0.4,0.675141242937853
"5d89109e91ce580015b93bb5","2_1",1,0,"1_1","1",9,"2.1_right_slow",0.396726726726727,0.3,0.234463276836158
"5d89109e91ce580015b93bb5","2_1",1,0,"1_2","0",9,"2.1_right_slow",0.396726726726727,0.3,0.234463276836158
"5d89109e91ce580015b93bb5","2_1",1,0,"1_3","0",9,"2.1_right_slow",0.396726726726727,0.3,0.234463276836158
"5d89109e91ce580015b93bb5","2_1",1,0,"1_4","1",9,"2.1_right_slow",0.396726726726727,0.3,0.234463276836158
"5d89109e91ce580015b93bb5","2_1",1,0,"1_5","0",9,"2.1_right_slow",0.396726726726727,0.3,0.234463276836158
"5d89109e91ce580015b93bb5","2_3",1,0,"1_1","1",9,"2.3_right_slow",0.577430167597765,0.7,0.446327683615819
"5d89109e91ce580015b93bb5","2_3",1,0,"1_2","1",9,"2.3_right_slow",0.577430167597765,0.7,0.446327683615819
"5d89109e91ce580015b93bb5","2_3",1,0,"1_3","1",9,"2.3_right_slow",0.577430167597765,0.7,0.446327683615819
"5d89109e91ce580015b93bb5","2_3",1,0,"1_4","1",9,"2.3_right_slow",0.577430167597765,0.7,0.446327683615819
"5d89109e91ce580015b93bb5","2_3",1,0,"1_5","1",9,"2.3_right_slow",0.577430167597765,0.7,0.446327683615819
"5d89109e91ce580015b93bb5","2_1",1,1,"1_1","1",9,"2.1_right_fast",0.396726726726727,0.5,0.234463276836158
"5d89109e91ce580015b93bb5","2_1",1,1,"1_2","1",9,"2.1_right_fast",0.396726726726727,0.5,0.234463276836158
"5d89109e91ce580015b93bb5","2_1",1,1,"1_3","0",9,"2.1_right_fast",0.396726726726727,0.5,0.234463276836158
"5d89109e91ce580015b93bb5","2_1",1,1,"1_4","1",9,"2.1_right_fast",0.396726726726727,0.5,0.234463276836158
"5d89109e91ce580015b93bb5","2_1",1,1,"1_5","0",9,"2.1_right_fast",0.396726726726727,0.5,0.234463276836158
"5d89109e91ce580015b93bb5","2_3",1,1,"1_1","1",9,"2.3_right_fast",0.577430167597765,0.85,0.446327683615819
"5d89109e91ce580015b93bb5","2_3",1,1,"1_2","1",9,"2.3_right_fast",0.577430167597765,0.85,0.446327683615819
"5d89109e91ce580015b93bb5","2_3",1,1,"1_3","1",9,"2.3_right_fast",0.577430167597765,0.85,0.446327683615819
"5d89109e91ce580015b93bb5","2_3",1,1,"1_4","1",9,"2.3_right_fast",0.577430167597765,0.85,0.446327683615819
"5d89109e91ce580015b93bb5","2_3",1,1,"1_5","1",9,"2.3_right_fast",0.577430167597765,0.85,0.446327683615819
"5d89109e91ce580015b93bb5","2_4",1,1,"1_1","1",9,"2.4_right_fast",0.518938053097345,0.65,0.675141242937853
"5d89109e91ce580015b93bb5","2_4",1,1,"1_2","1",9,"2.4_right_fast",0.518938053097345,0.65,0.675141242937853
"5d89109e91ce580015b93bb5","2_4",1,1,"1_3","0",9,"2.4_right_fast",0.518938053097345,0.65,0.675141242937853
"5d89109e91ce580015b93bb5","2_4",1,1,"1_4","1",9,"2.4_right_fast",0.518938053097345,0.65,0.675141242937853
"5d89109e91ce580015b93bb5","2_4",1,1,"1_5","0",9,"2.4_right_fast",0.518938053097345,0.65,0.675141242937853
"5d9b7c7efaa2860364b16476","2_2",1,0,"1_1","1",12,"2.2_right_slow",0.566398891966759,0.57,0.536723163841808
"5d9b7c7efaa2860364b16476","2_2",1,0,"1_2","1",12,"2.2_right_slow",0.566398891966759,0.57,0.536723163841808
"5d9b7c7efaa2860364b16476","2_2",1,0,"1_3","1",12,"2.2_right_slow",0.566398891966759,0.57,0.536723163841808
"5d9b7c7efaa2860364b16476","2_2",1,0,"1_4","0",12,"2.2_right_slow",0.566398891966759,0.57,0.536723163841808
"5d9b7c7efaa2860364b16476","2_2",1,0,"1_5","1",12,"2.2_right_slow",0.566398891966759,0.57,0.536723163841808
"5d9b7c7efaa2860364b16476","2_2",0,0,"1_1","1",12,"2.2_wrong_slow",0.566398891966759,0.23,0.536723163841808
"5d9b7c7efaa2860364b16476","2_2",0,0,"1_2","1",12,"2.2_wrong_slow",0.566398891966759,0.23,0.536723163841808
"5d9b7c7efaa2860364b16476","2_2",0,0,"1_3","1",12,"2.2_wrong_slow",0.566398891966759,0.23,0.536723163841808
"5d9b7c7efaa2860364b16476","2_2",0,0,"1_4","1",12,"2.2_wrong_slow",0.566398891966759,0.23,0.536723163841808
"5d9b7c7efaa2860364b16476","2_2",0,0,"1_5","1",12,"2.2_wrong_slow",0.566398891966759,0.23,0.536723163841808
"5d9b7c7efaa2860364b16476","2_4",0,0,"1_1","1",12,"2.4_wrong_slow",0.518938053097345,0.31,0.675141242937853
"5d9b7c7efaa2860364b16476","2_4",0,0,"1_2","1",12,"2.4_wrong_slow",0.518938053097345,0.31,0.675141242937853
"5d9b7c7efaa2860364b16476","2_4",0,0,"1_3","1",12,"2.4_wrong_slow",0.518938053097345,0.31,0.675141242937853
"5d9b7c7efaa2860364b16476","2_4",0,0,"1_4","0",12,"2.4_wrong_slow",0.518938053097345,0.31,0.675141242937853
"5d9b7c7efaa2860364b16476","2_4",0,0,"1_5","0",12,"2.4_wrong_slow",0.518938053097345,0.31,0.675141242937853
"5d9b7c7efaa2860364b16476","2_1",1,1,"1_1","1",12,"2.1_right_fast",0.396726726726727,0.66,0.234463276836158
"5d9b7c7efaa2860364b16476","2_1",1,1,"1_2","1",12,"2.1_right_fast",0.396726726726727,0.66,0.234463276836158
"5d9b7c7efaa2860364b16476","2_1",1,1,"1_3","1",12,"2.1_right_fast",0.396726726726727,0.66,0.234463276836158
"5d9b7c7efaa2860364b16476","2_1",1,1,"1_4","1",12,"2.1_right_fast",0.396726726726727,0.66,0.234463276836158
"5d9b7c7efaa2860364b16476","2_1",1,1,"1_5","1",12,"2.1_right_fast",0.396726726726727,0.66,0.234463276836158
"5d9b7c7efaa2860364b16476","2_2",1,1,"1_1","1",12,"2.2_right_fast",0.566398891966759,0.27,0.536723163841808
"5d9b7c7efaa2860364b16476","2_2",1,1,"1_2","1",12,"2.2_right_fast",0.566398891966759,0.27,0.536723163841808
"5d9b7c7efaa2860364b16476","2_2",1,1,"1_3","1",12,"2.2_right_fast",0.566398891966759,0.27,0.536723163841808
"5d9b7c7efaa2860364b16476","2_2",1,1,"1_4","1",12,"2.2_right_fast",0.566398891966759,0.27,0.536723163841808
"5d9b7c7efaa2860364b16476","2_2",1,1,"1_5","0",12,"2.2_right_fast",0.566398891966759,0.27,0.536723163841808
"5d9e7982996ad300179048fa","2_3",1,0,"1_1","1",1,"2.3_right_slow",0.577430167597765,0.4,0.446327683615819
"5d9e7982996ad300179048fa","2_3",1,0,"1_2","1",1,"2.3_right_slow",0.577430167597765,0.4,0.446327683615819
"5d9e7982996ad300179048fa","2_3",1,0,"1_3","1",1,"2.3_right_slow",0.577430167597765,0.4,0.446327683615819
"5d9e7982996ad300179048fa","2_3",1,0,"1_4","1",1,"2.3_right_slow",0.577430167597765,0.4,0.446327683615819
"5d9e7982996ad300179048fa","2_3",1,0,"1_5","0",1,"2.3_right_slow",0.577430167597765,0.4,0.446327683615819
"5d9e7982996ad300179048fa","2_2",0,0,"1_1","1",1,"2.2_wrong_slow",0.566398891966759,0.45,0.536723163841808
"5d9e7982996ad300179048fa","2_2",0,0,"1_2","1",1,"2.2_wrong_slow",0.566398891966759,0.45,0.536723163841808
"5d9e7982996ad300179048fa","2_2",0,0,"1_3","1",1,"2.2_wrong_slow",0.566398891966759,0.45,0.536723163841808
"5d9e7982996ad300179048fa","2_2",0,0,"1_4","1",1,"2.2_wrong_slow",0.566398891966759,0.45,0.536723163841808
"5d9e7982996ad300179048fa","2_2",0,0,"1_5","0",1,"2.2_wrong_slow",0.566398891966759,0.45,0.536723163841808
"5d9e7982996ad300179048fa","2_5",0,0,"1_1","1",1,"2.5_wrong_slow",0.760870712401055,0.63,0.915254237288136
"5d9e7982996ad300179048fa","2_5",0,0,"1_2","0",1,"2.5_wrong_slow",0.760870712401055,0.63,0.915254237288136
"5d9e7982996ad300179048fa","2_5",0,0,"1_3","1",1,"2.5_wrong_slow",0.760870712401055,0.63,0.915254237288136
"5d9e7982996ad300179048fa","2_5",0,0,"1_4","0",1,"2.5_wrong_slow",0.760870712401055,0.63,0.915254237288136
"5d9e7982996ad300179048fa","2_5",0,0,"1_5","0",1,"2.5_wrong_slow",0.760870712401055,0.63,0.915254237288136
"5d9e7982996ad300179048fa","2_4",0,1,"1_1","1",1,"2.4_wrong_fast",0.518938053097345,0.65,0.675141242937853
"5d9e7982996ad300179048fa","2_4",0,1,"1_2","0",1,"2.4_wrong_fast",0.518938053097345,0.65,0.675141242937853
"5d9e7982996ad300179048fa","2_4",0,1,"1_3","1",1,"2.4_wrong_fast",0.518938053097345,0.65,0.675141242937853
"5d9e7982996ad300179048fa","2_4",0,1,"1_4","0",1,"2.4_wrong_fast",0.518938053097345,0.65,0.675141242937853
"5d9e7982996ad300179048fa","2_4",0,1,"1_5","0",1,"2.4_wrong_fast",0.518938053097345,0.65,0.675141242937853
"5d9e7982996ad300179048fa","2_5",0,1,"1_1","1",1,"2.5_wrong_fast",0.760870712401055,0.63,0.915254237288136
"5d9e7982996ad300179048fa","2_5",0,1,"1_2","0",1,"2.5_wrong_fast",0.760870712401055,0.63,0.915254237288136
"5d9e7982996ad300179048fa","2_5",0,1,"1_3","1",1,"2.5_wrong_fast",0.760870712401055,0.63,0.915254237288136
"5d9e7982996ad300179048fa","2_5",0,1,"1_4","0",1,"2.5_wrong_fast",0.760870712401055,0.63,0.915254237288136
"5d9e7982996ad300179048fa","2_5",0,1,"1_5","0",1,"2.5_wrong_fast",0.760870712401055,0.63,0.915254237288136
"5dea10b4446c9012dc5e3fe3","2_4",0,0,"1_1","0",1,"2.4_wrong_slow",0.518938053097345,0.84,0.675141242937853
"5dea10b4446c9012dc5e3fe3","2_4",0,0,"1_2","0",1,"2.4_wrong_slow",0.518938053097345,0.84,0.675141242937853
"5dea10b4446c9012dc5e3fe3","2_4",0,0,"1_3","0",1,"2.4_wrong_slow",0.518938053097345,0.84,0.675141242937853
"5dea10b4446c9012dc5e3fe3","2_4",0,0,"1_4","0",1,"2.4_wrong_slow",0.518938053097345,0.84,0.675141242937853
"5dea10b4446c9012dc5e3fe3","2_4",0,0,"1_5","0",1,"2.4_wrong_slow",0.518938053097345,0.84,0.675141242937853
"5dea10b4446c9012dc5e3fe3","2_5",0,0,"1_1","0",1,"2.5_wrong_slow",0.760870712401055,0.8,0.915254237288136
"5dea10b4446c9012dc5e3fe3","2_5",0,0,"1_2","0",1,"2.5_wrong_slow",0.760870712401055,0.8,0.915254237288136
"5dea10b4446c9012dc5e3fe3","2_5",0,0,"1_3","0",1,"2.5_wrong_slow",0.760870712401055,0.8,0.915254237288136
"5dea10b4446c9012dc5e3fe3","2_5",0,0,"1_4","0",1,"2.5_wrong_slow",0.760870712401055,0.8,0.915254237288136
"5dea10b4446c9012dc5e3fe3","2_5",0,0,"1_5","0",1,"2.5_wrong_slow",0.760870712401055,0.8,0.915254237288136
"5dea10b4446c9012dc5e3fe3","2_3",1,1,"1_1","1",1,"2.3_right_fast",0.577430167597765,0.7,0.446327683615819
"5dea10b4446c9012dc5e3fe3","2_3",1,1,"1_2","1",1,"2.3_right_fast",0.577430167597765,0.7,0.446327683615819
"5dea10b4446c9012dc5e3fe3","2_3",1,1,"1_3","1",1,"2.3_right_fast",0.577430167597765,0.7,0.446327683615819
"5dea10b4446c9012dc5e3fe3","2_3",1,1,"1_4","0",1,"2.3_right_fast",0.577430167597765,0.7,0.446327683615819
"5dea10b4446c9012dc5e3fe3","2_3",1,1,"1_5","0",1,"2.3_right_fast",0.577430167597765,0.7,0.446327683615819
"5dea10b4446c9012dc5e3fe3","2_1",0,1,"1_1","0",1,"2.1_wrong_fast",0.396726726726727,0.69,0.234463276836158
"5dea10b4446c9012dc5e3fe3","2_1",0,1,"1_2","0",1,"2.1_wrong_fast",0.396726726726727,0.69,0.234463276836158
"5dea10b4446c9012dc5e3fe3","2_1",0,1,"1_3","0",1,"2.1_wrong_fast",0.396726726726727,0.69,0.234463276836158
"5dea10b4446c9012dc5e3fe3","2_1",0,1,"1_4","0",1,"2.1_wrong_fast",0.396726726726727,0.69,0.234463276836158
"5dea10b4446c9012dc5e3fe3","2_1",0,1,"1_5","0",1,"2.1_wrong_fast",0.396726726726727,0.69,0.234463276836158
"5dea10b4446c9012dc5e3fe3","2_2",0,1,"1_1","1",1,"2.2_wrong_fast",0.566398891966759,0.75,0.536723163841808
"5dea10b4446c9012dc5e3fe3","2_2",0,1,"1_2","0",1,"2.2_wrong_fast",0.566398891966759,0.75,0.536723163841808
"5dea10b4446c9012dc5e3fe3","2_2",0,1,"1_3","0",1,"2.2_wrong_fast",0.566398891966759,0.75,0.536723163841808
"5dea10b4446c9012dc5e3fe3","2_2",0,1,"1_4","0",1,"2.2_wrong_fast",0.566398891966759,0.75,0.536723163841808
"5dea10b4446c9012dc5e3fe3","2_2",0,1,"1_5","0",1,"2.2_wrong_fast",0.566398891966759,0.75,0.536723163841808
"5e1ba7e1085a1c3dd2db39fc","2_4",0,0,"1_1","1",7,"2.4_wrong_slow",0.518938053097345,0.4,0.675141242937853
"5e1ba7e1085a1c3dd2db39fc","2_4",0,0,"1_2","0",7,"2.4_wrong_slow",0.518938053097345,0.4,0.675141242937853
"5e1ba7e1085a1c3dd2db39fc","2_4",0,0,"1_3","0",7,"2.4_wrong_slow",0.518938053097345,0.4,0.675141242937853
"5e1ba7e1085a1c3dd2db39fc","2_4",0,0,"1_4","0",7,"2.4_wrong_slow",0.518938053097345,0.4,0.675141242937853
"5e1ba7e1085a1c3dd2db39fc","2_4",0,0,"1_5","0",7,"2.4_wrong_slow",0.518938053097345,0.4,0.675141242937853
"5e1ba7e1085a1c3dd2db39fc","2_5",0,0,"1_1","1",7,"2.5_wrong_slow",0.760870712401055,0.81,0.915254237288136
"5e1ba7e1085a1c3dd2db39fc","2_5",0,0,"1_2","1",7,"2.5_wrong_slow",0.760870712401055,0.81,0.915254237288136
"5e1ba7e1085a1c3dd2db39fc","2_5",0,0,"1_3","1",7,"2.5_wrong_slow",0.760870712401055,0.81,0.915254237288136
"5e1ba7e1085a1c3dd2db39fc","2_5",0,0,"1_4","1",7,"2.5_wrong_slow",0.760870712401055,0.81,0.915254237288136
"5e1ba7e1085a1c3dd2db39fc","2_5",0,0,"1_5","0",7,"2.5_wrong_slow",0.760870712401055,0.81,0.915254237288136
"5e1ba7e1085a1c3dd2db39fc","2_4",1,1,"1_1","1",7,"2.4_right_fast",0.518938053097345,0.61,0.675141242937853
"5e1ba7e1085a1c3dd2db39fc","2_4",1,1,"1_2","1",7,"2.4_right_fast",0.518938053097345,0.61,0.675141242937853
"5e1ba7e1085a1c3dd2db39fc","2_4",1,1,"1_3","1",7,"2.4_right_fast",0.518938053097345,0.61,0.675141242937853
"5e1ba7e1085a1c3dd2db39fc","2_4",1,1,"1_4","1",7,"2.4_right_fast",0.518938053097345,0.61,0.675141242937853
"5e1ba7e1085a1c3dd2db39fc","2_4",1,1,"1_5","0",7,"2.4_right_fast",0.518938053097345,0.61,0.675141242937853
"5e1ba7e1085a1c3dd2db39fc","2_1",0,1,"1_1","0",7,"2.1_wrong_fast",0.396726726726727,0.7,0.234463276836158
"5e1ba7e1085a1c3dd2db39fc","2_1",0,1,"1_2","0",7,"2.1_wrong_fast",0.396726726726727,0.7,0.234463276836158
"5e1ba7e1085a1c3dd2db39fc","2_1",0,1,"1_3","0",7,"2.1_wrong_fast",0.396726726726727,0.7,0.234463276836158
"5e1ba7e1085a1c3dd2db39fc","2_1",0,1,"1_4","1",7,"2.1_wrong_fast",0.396726726726727,0.7,0.234463276836158
"5e1ba7e1085a1c3dd2db39fc","2_1",0,1,"1_5","0",7,"2.1_wrong_fast",0.396726726726727,0.7,0.234463276836158
"5e1ba7e1085a1c3dd2db39fc","2_4",0,1,"1_1","1",7,"2.4_wrong_fast",0.518938053097345,0.7,0.675141242937853
"5e1ba7e1085a1c3dd2db39fc","2_4",0,1,"1_2","0",7,"2.4_wrong_fast",0.518938053097345,0.7,0.675141242937853
"5e1ba7e1085a1c3dd2db39fc","2_4",0,1,"1_3","1",7,"2.4_wrong_fast",0.518938053097345,0.7,0.675141242937853
"5e1ba7e1085a1c3dd2db39fc","2_4",0,1,"1_4","0",7,"2.4_wrong_fast",0.518938053097345,0.7,0.675141242937853
"5e1ba7e1085a1c3dd2db39fc","2_4",0,1,"1_5","0",7,"2.4_wrong_fast",0.518938053097345,0.7,0.675141242937853
"5e31c4596ef37a1ab34f4454","2_4",1,0,"1_1","1",10,"2.4_right_slow",0.518938053097345,0.25,0.675141242937853
"5e31c4596ef37a1ab34f4454","2_4",1,0,"1_2","1",10,"2.4_right_slow",0.518938053097345,0.25,0.675141242937853
"5e31c4596ef37a1ab34f4454","2_4",1,0,"1_3","1",10,"2.4_right_slow",0.518938053097345,0.25,0.675141242937853
"5e31c4596ef37a1ab34f4454","2_4",1,0,"1_4","1",10,"2.4_right_slow",0.518938053097345,0.25,0.675141242937853
"5e31c4596ef37a1ab34f4454","2_4",1,0,"1_5","0",10,"2.4_right_slow",0.518938053097345,0.25,0.675141242937853
"5e31c4596ef37a1ab34f4454","2_3",0,0,"1_1","1",10,"2.3_wrong_slow",0.577430167597765,0.65,0.446327683615819
"5e31c4596ef37a1ab34f4454","2_3",0,0,"1_2","1",10,"2.3_wrong_slow",0.577430167597765,0.65,0.446327683615819
"5e31c4596ef37a1ab34f4454","2_3",0,0,"1_3","0",10,"2.3_wrong_slow",0.577430167597765,0.65,0.446327683615819
"5e31c4596ef37a1ab34f4454","2_3",0,0,"1_4","1",10,"2.3_wrong_slow",0.577430167597765,0.65,0.446327683615819
"5e31c4596ef37a1ab34f4454","2_3",0,0,"1_5","0",10,"2.3_wrong_slow",0.577430167597765,0.65,0.446327683615819
"5e31c4596ef37a1ab34f4454","2_5",0,0,"1_1","1",10,"2.5_wrong_slow",0.760870712401055,0.7,0.915254237288136
"5e31c4596ef37a1ab34f4454","2_5",0,0,"1_2","0",10,"2.5_wrong_slow",0.760870712401055,0.7,0.915254237288136
"5e31c4596ef37a1ab34f4454","2_5",0,0,"1_3","1",10,"2.5_wrong_slow",0.760870712401055,0.7,0.915254237288136
"5e31c4596ef37a1ab34f4454","2_5",0,0,"1_4","1",10,"2.5_wrong_slow",0.760870712401055,0.7,0.915254237288136
"5e31c4596ef37a1ab34f4454","2_5",0,0,"1_5","0",10,"2.5_wrong_slow",0.760870712401055,0.7,0.915254237288136
"5e31c4596ef37a1ab34f4454","2_4",1,1,"1_1","1",10,"2.4_right_fast",0.518938053097345,0.75,0.675141242937853
"5e31c4596ef37a1ab34f4454","2_4",1,1,"1_2","1",10,"2.4_right_fast",0.518938053097345,0.75,0.675141242937853
"5e31c4596ef37a1ab34f4454","2_4",1,1,"1_3","1",10,"2.4_right_fast",0.518938053097345,0.75,0.675141242937853
"5e31c4596ef37a1ab34f4454","2_4",1,1,"1_4","1",10,"2.4_right_fast",0.518938053097345,0.75,0.675141242937853
"5e31c4596ef37a1ab34f4454","2_4",1,1,"1_5","0",10,"2.4_right_fast",0.518938053097345,0.75,0.675141242937853
"5e31c4596ef37a1ab34f4454","2_3",0,1,"1_1","1",10,"2.3_wrong_fast",0.577430167597765,0.85,0.446327683615819
"5e31c4596ef37a1ab34f4454","2_3",0,1,"1_2","0",10,"2.3_wrong_fast",0.577430167597765,0.85,0.446327683615819
"5e31c4596ef37a1ab34f4454","2_3",0,1,"1_3","0",10,"2.3_wrong_fast",0.577430167597765,0.85,0.446327683615819
"5e31c4596ef37a1ab34f4454","2_3",0,1,"1_4","1",10,"2.3_wrong_fast",0.577430167597765,0.85,0.446327683615819
"5e31c4596ef37a1ab34f4454","2_3",0,1,"1_5","0",10,"2.3_wrong_fast",0.577430167597765,0.85,0.446327683615819
"5e3360a4499e7932901951cb","2_1",1,0,"1_1","1",11,"2.1_right_slow",0.396726726726727,0,0.234463276836158
"5e3360a4499e7932901951cb","2_1",1,0,"1_2","1",11,"2.1_right_slow",0.396726726726727,0,0.234463276836158
"5e3360a4499e7932901951cb","2_1",1,0,"1_3","1",11,"2.1_right_slow",0.396726726726727,0,0.234463276836158
"5e3360a4499e7932901951cb","2_1",1,0,"1_4","1",11,"2.1_right_slow",0.396726726726727,0,0.234463276836158
"5e3360a4499e7932901951cb","2_1",1,0,"1_5","0",11,"2.1_right_slow",0.396726726726727,0,0.234463276836158
"5e3360a4499e7932901951cb","2_3",0,0,"1_1","1",11,"2.3_wrong_slow",0.577430167597765,0.15,0.446327683615819
"5e3360a4499e7932901951cb","2_3",0,0,"1_2","1",11,"2.3_wrong_slow",0.577430167597765,0.15,0.446327683615819
"5e3360a4499e7932901951cb","2_3",0,0,"1_3","0",11,"2.3_wrong_slow",0.577430167597765,0.15,0.446327683615819
"5e3360a4499e7932901951cb","2_3",0,0,"1_4","1",11,"2.3_wrong_slow",0.577430167597765,0.15,0.446327683615819
"5e3360a4499e7932901951cb","2_3",0,0,"1_5","0",11,"2.3_wrong_slow",0.577430167597765,0.15,0.446327683615819
"5e3360a4499e7932901951cb","2_1",1,1,"1_1","1",11,"2.1_right_fast",0.396726726726727,0,0.234463276836158
"5e3360a4499e7932901951cb","2_1",1,1,"1_2","1",11,"2.1_right_fast",0.396726726726727,0,0.234463276836158
"5e3360a4499e7932901951cb","2_1",1,1,"1_3","1",11,"2.1_right_fast",0.396726726726727,0,0.234463276836158
"5e3360a4499e7932901951cb","2_1",1,1,"1_4","1",11,"2.1_right_fast",0.396726726726727,0,0.234463276836158
"5e3360a4499e7932901951cb","2_1",1,1,"1_5","0",11,"2.1_right_fast",0.396726726726727,0,0.234463276836158
"5e3360a4499e7932901951cb","2_5",1,1,"1_1","1",11,"2.5_right_fast",0.760870712401055,0.5,0.915254237288136
"5e3360a4499e7932901951cb","2_5",1,1,"1_2","1",11,"2.5_right_fast",0.760870712401055,0.5,0.915254237288136
"5e3360a4499e7932901951cb","2_5",1,1,"1_3","1",11,"2.5_right_fast",0.760870712401055,0.5,0.915254237288136
"5e3360a4499e7932901951cb","2_5",1,1,"1_4","1",11,"2.5_right_fast",0.760870712401055,0.5,0.915254237288136
"5e3360a4499e7932901951cb","2_5",1,1,"1_5","1",11,"2.5_right_fast",0.760870712401055,0.5,0.915254237288136
"5e3360a4499e7932901951cb","2_5",0,1,"1_1","1",11,"2.5_wrong_fast",0.760870712401055,0.5,0.915254237288136
"5e3360a4499e7932901951cb","2_5",0,1,"1_2","1",11,"2.5_wrong_fast",0.760870712401055,0.5,0.915254237288136
"5e3360a4499e7932901951cb","2_5",0,1,"1_3","1",11,"2.5_wrong_fast",0.760870712401055,0.5,0.915254237288136
"5e3360a4499e7932901951cb","2_5",0,1,"1_4","1",11,"2.5_wrong_fast",0.760870712401055,0.5,0.915254237288136
"5e3360a4499e7932901951cb","2_5",0,1,"1_5","0",11,"2.5_wrong_fast",0.760870712401055,0.5,0.915254237288136
"5e6687c2666c4a40886ebc43","2_3",1,0,"1_1","1",5,"2.3_right_slow",0.577430167597765,0.25,0.446327683615819
"5e6687c2666c4a40886ebc43","2_3",1,0,"1_2","1",5,"2.3_right_slow",0.577430167597765,0.25,0.446327683615819
"5e6687c2666c4a40886ebc43","2_3",1,0,"1_3","1",5,"2.3_right_slow",0.577430167597765,0.25,0.446327683615819
"5e6687c2666c4a40886ebc43","2_3",1,0,"1_4","1",5,"2.3_right_slow",0.577430167597765,0.25,0.446327683615819
"5e6687c2666c4a40886ebc43","2_3",1,0,"1_5","1",5,"2.3_right_slow",0.577430167597765,0.25,0.446327683615819
"5e6687c2666c4a40886ebc43","2_1",1,1,"1_1","1",5,"2.1_right_fast",0.396726726726727,0.25,0.234463276836158
"5e6687c2666c4a40886ebc43","2_1",1,1,"1_2","1",5,"2.1_right_fast",0.396726726726727,0.25,0.234463276836158
"5e6687c2666c4a40886ebc43","2_1",1,1,"1_3","1",5,"2.1_right_fast",0.396726726726727,0.25,0.234463276836158
"5e6687c2666c4a40886ebc43","2_1",1,1,"1_4","1",5,"2.1_right_fast",0.396726726726727,0.25,0.234463276836158
"5e6687c2666c4a40886ebc43","2_1",1,1,"1_5","1",5,"2.1_right_fast",0.396726726726727,0.25,0.234463276836158
"5e6687c2666c4a40886ebc43","2_5",1,1,"1_1","1",5,"2.5_right_fast",0.760870712401055,0.8,0.915254237288136
"5e6687c2666c4a40886ebc43","2_5",1,1,"1_2","1",5,"2.5_right_fast",0.760870712401055,0.8,0.915254237288136
"5e6687c2666c4a40886ebc43","2_5",1,1,"1_3","1",5,"2.5_right_fast",0.760870712401055,0.8,0.915254237288136
"5e6687c2666c4a40886ebc43","2_5",1,1,"1_4","1",5,"2.5_right_fast",0.760870712401055,0.8,0.915254237288136
"5e6687c2666c4a40886ebc43","2_5",1,1,"1_5","1",5,"2.5_right_fast",0.760870712401055,0.8,0.915254237288136
"5e6687c2666c4a40886ebc43","2_2",0,1,"1_1","1",5,"2.2_wrong_fast",0.566398891966759,0.7,0.536723163841808
"5e6687c2666c4a40886ebc43","2_2",0,1,"1_2","1",5,"2.2_wrong_fast",0.566398891966759,0.7,0.536723163841808
"5e6687c2666c4a40886ebc43","2_2",0,1,"1_3","1",5,"2.2_wrong_fast",0.566398891966759,0.7,0.536723163841808
"5e6687c2666c4a40886ebc43","2_2",0,1,"1_4","1",5,"2.2_wrong_fast",0.566398891966759,0.7,0.536723163841808
"5e6687c2666c4a40886ebc43","2_2",0,1,"1_5","0",5,"2.2_wrong_fast",0.566398891966759,0.7,0.536723163841808
"5e6687c2666c4a40886ebc43","2_4",0,1,"1_1","1",5,"2.4_wrong_fast",0.518938053097345,0.7,0.675141242937853
"5e6687c2666c4a40886ebc43","2_4",0,1,"1_2","1",5,"2.4_wrong_fast",0.518938053097345,0.7,0.675141242937853
"5e6687c2666c4a40886ebc43","2_4",0,1,"1_3","0",5,"2.4_wrong_fast",0.518938053097345,0.7,0.675141242937853
"5e6687c2666c4a40886ebc43","2_4",0,1,"1_4","0",5,"2.4_wrong_fast",0.518938053097345,0.7,0.675141242937853
"5e6687c2666c4a40886ebc43","2_4",0,1,"1_5","0",5,"2.4_wrong_fast",0.518938053097345,0.7,0.675141242937853
"5e68a509d40a4914619d2171","2_3",1,0,"1_1","1",1,"2.3_right_slow",0.577430167597765,0.29,0.446327683615819
"5e68a509d40a4914619d2171","2_3",1,0,"1_2","1",1,"2.3_right_slow",0.577430167597765,0.29,0.446327683615819
"5e68a509d40a4914619d2171","2_3",1,0,"1_3","1",1,"2.3_right_slow",0.577430167597765,0.29,0.446327683615819
"5e68a509d40a4914619d2171","2_3",1,0,"1_4","1",1,"2.3_right_slow",0.577430167597765,0.29,0.446327683615819
"5e68a509d40a4914619d2171","2_3",1,0,"1_5","0",1,"2.3_right_slow",0.577430167597765,0.29,0.446327683615819
"5e68a509d40a4914619d2171","2_1",0,0,"1_1","0",1,"2.1_wrong_slow",0.396726726726727,0.67,0.234463276836158
"5e68a509d40a4914619d2171","2_1",0,0,"1_2","0",1,"2.1_wrong_slow",0.396726726726727,0.67,0.234463276836158
"5e68a509d40a4914619d2171","2_1",0,0,"1_3","0",1,"2.1_wrong_slow",0.396726726726727,0.67,0.234463276836158
"5e68a509d40a4914619d2171","2_1",0,0,"1_4","0",1,"2.1_wrong_slow",0.396726726726727,0.67,0.234463276836158
"5e68a509d40a4914619d2171","2_1",0,0,"1_5","0",1,"2.1_wrong_slow",0.396726726726727,0.67,0.234463276836158
"5e68a509d40a4914619d2171","2_4",0,0,"1_1","1",1,"2.4_wrong_slow",0.518938053097345,0.4,0.675141242937853
"5e68a509d40a4914619d2171","2_4",0,0,"1_2","1",1,"2.4_wrong_slow",0.518938053097345,0.4,0.675141242937853
"5e68a509d40a4914619d2171","2_4",0,0,"1_3","1",1,"2.4_wrong_slow",0.518938053097345,0.4,0.675141242937853
"5e68a509d40a4914619d2171","2_4",0,0,"1_4","0",1,"2.4_wrong_slow",0.518938053097345,0.4,0.675141242937853
"5e68a509d40a4914619d2171","2_4",0,0,"1_5","0",1,"2.4_wrong_slow",0.518938053097345,0.4,0.675141242937853
"5e68a509d40a4914619d2171","2_3",1,1,"1_1","1",1,"2.3_right_fast",0.577430167597765,0.6,0.446327683615819
"5e68a509d40a4914619d2171","2_3",1,1,"1_2","0",1,"2.3_right_fast",0.577430167597765,0.6,0.446327683615819
"5e68a509d40a4914619d2171","2_3",1,1,"1_3","1",1,"2.3_right_fast",0.577430167597765,0.6,0.446327683615819
"5e68a509d40a4914619d2171","2_3",1,1,"1_4","1",1,"2.3_right_fast",0.577430167597765,0.6,0.446327683615819
"5e68a509d40a4914619d2171","2_3",1,1,"1_5","0",1,"2.3_right_fast",0.577430167597765,0.6,0.446327683615819
"5e68a509d40a4914619d2171","2_4",1,1,"1_1","1",1,"2.4_right_fast",0.518938053097345,0.79,0.675141242937853
"5e68a509d40a4914619d2171","2_4",1,1,"1_2","1",1,"2.4_right_fast",0.518938053097345,0.79,0.675141242937853
"5e68a509d40a4914619d2171","2_4",1,1,"1_3","1",1,"2.4_right_fast",0.518938053097345,0.79,0.675141242937853
"5e68a509d40a4914619d2171","2_4",1,1,"1_4","1",1,"2.4_right_fast",0.518938053097345,0.79,0.675141242937853
"5e68a509d40a4914619d2171","2_4",1,1,"1_5","1",1,"2.4_right_fast",0.518938053097345,0.79,0.675141242937853
"5e98e245aa25c6120f522a40","2_1",1,0,"1_1","1",6,"2.1_right_slow",0.396726726726727,0.35,0.234463276836158
"5e98e245aa25c6120f522a40","2_1",1,0,"1_2","1",6,"2.1_right_slow",0.396726726726727,0.35,0.234463276836158
"5e98e245aa25c6120f522a40","2_1",1,0,"1_3","0",6,"2.1_right_slow",0.396726726726727,0.35,0.234463276836158
"5e98e245aa25c6120f522a40","2_1",1,0,"1_4","1",6,"2.1_right_slow",0.396726726726727,0.35,0.234463276836158
"5e98e245aa25c6120f522a40","2_1",1,0,"1_5","0",6,"2.1_right_slow",0.396726726726727,0.35,0.234463276836158
"5e98e245aa25c6120f522a40","2_4",1,0,"1_1","1",6,"2.4_right_slow",0.518938053097345,0.25,0.675141242937853
"5e98e245aa25c6120f522a40","2_4",1,0,"1_2","0",6,"2.4_right_slow",0.518938053097345,0.25,0.675141242937853
"5e98e245aa25c6120f522a40","2_4",1,0,"1_3","0",6,"2.4_right_slow",0.518938053097345,0.25,0.675141242937853
"5e98e245aa25c6120f522a40","2_4",1,0,"1_4","1",6,"2.4_right_slow",0.518938053097345,0.25,0.675141242937853
"5e98e245aa25c6120f522a40","2_4",1,0,"1_5","0",6,"2.4_right_slow",0.518938053097345,0.25,0.675141242937853
"5e98e245aa25c6120f522a40","2_1",0,0,"1_1","0",6,"2.1_wrong_slow",0.396726726726727,0.35,0.234463276836158
"5e98e245aa25c6120f522a40","2_1",0,0,"1_2","0",6,"2.1_wrong_slow",0.396726726726727,0.35,0.234463276836158
"5e98e245aa25c6120f522a40","2_1",0,0,"1_3","0",6,"2.1_wrong_slow",0.396726726726727,0.35,0.234463276836158
"5e98e245aa25c6120f522a40","2_1",0,0,"1_4","1",6,"2.1_wrong_slow",0.396726726726727,0.35,0.234463276836158
"5e98e245aa25c6120f522a40","2_1",0,0,"1_5","0",6,"2.1_wrong_slow",0.396726726726727,0.35,0.234463276836158
"5e98e245aa25c6120f522a40","2_4",0,1,"1_1","1",6,"2.4_wrong_fast",0.518938053097345,0.6,0.675141242937853
"5e98e245aa25c6120f522a40","2_4",0,1,"1_2","0",6,"2.4_wrong_fast",0.518938053097345,0.6,0.675141242937853
"5e98e245aa25c6120f522a40","2_4",0,1,"1_3","0",6,"2.4_wrong_fast",0.518938053097345,0.6,0.675141242937853
"5e98e245aa25c6120f522a40","2_4",0,1,"1_4","1",6,"2.4_wrong_fast",0.518938053097345,0.6,0.675141242937853
"5e98e245aa25c6120f522a40","2_4",0,1,"1_5","0",6,"2.4_wrong_fast",0.518938053097345,0.6,0.675141242937853
"5e98e245aa25c6120f522a40","2_5",0,1,"1_1","1",6,"2.5_wrong_fast",0.760870712401055,0.95,0.915254237288136
"5e98e245aa25c6120f522a40","2_5",0,1,"1_2","0",6,"2.5_wrong_fast",0.760870712401055,0.95,0.915254237288136
"5e98e245aa25c6120f522a40","2_5",0,1,"1_3","0",6,"2.5_wrong_fast",0.760870712401055,0.95,0.915254237288136
"5e98e245aa25c6120f522a40","2_5",0,1,"1_4","1",6,"2.5_wrong_fast",0.760870712401055,0.95,0.915254237288136
"5e98e245aa25c6120f522a40","2_5",0,1,"1_5","0",6,"2.5_wrong_fast",0.760870712401055,0.95,0.915254237288136
"5e9dc87fa311c01108463305","2_1",1,0,"1_1","1",5,"2.1_right_slow",0.396726726726727,0.31,0.234463276836158
"5e9dc87fa311c01108463305","2_1",1,0,"1_2","1",5,"2.1_right_slow",0.396726726726727,0.31,0.234463276836158
"5e9dc87fa311c01108463305","2_1",1,0,"1_3","0",5,"2.1_right_slow",0.396726726726727,0.31,0.234463276836158
"5e9dc87fa311c01108463305","2_1",1,0,"1_4","1",5,"2.1_right_slow",0.396726726726727,0.31,0.234463276836158
"5e9dc87fa311c01108463305","2_1",1,0,"1_5","0",5,"2.1_right_slow",0.396726726726727,0.31,0.234463276836158
"5e9dc87fa311c01108463305","2_3",1,0,"1_1","1",5,"2.3_right_slow",0.577430167597765,0.7,0.446327683615819
"5e9dc87fa311c01108463305","2_3",1,0,"1_2","1",5,"2.3_right_slow",0.577430167597765,0.7,0.446327683615819
"5e9dc87fa311c01108463305","2_3",1,0,"1_3","1",5,"2.3_right_slow",0.577430167597765,0.7,0.446327683615819
"5e9dc87fa311c01108463305","2_3",1,0,"1_4","1",5,"2.3_right_slow",0.577430167597765,0.7,0.446327683615819
"5e9dc87fa311c01108463305","2_3",1,0,"1_5","0",5,"2.3_right_slow",0.577430167597765,0.7,0.446327683615819
"5e9dc87fa311c01108463305","2_1",0,1,"1_1","0",5,"2.1_wrong_fast",0.396726726726727,0.58,0.234463276836158
"5e9dc87fa311c01108463305","2_1",0,1,"1_2","0",5,"2.1_wrong_fast",0.396726726726727,0.58,0.234463276836158
"5e9dc87fa311c01108463305","2_1",0,1,"1_3","0",5,"2.1_wrong_fast",0.396726726726727,0.58,0.234463276836158
"5e9dc87fa311c01108463305","2_1",0,1,"1_4","0",5,"2.1_wrong_fast",0.396726726726727,0.58,0.234463276836158
"5e9dc87fa311c01108463305","2_1",0,1,"1_5","0",5,"2.1_wrong_fast",0.396726726726727,0.58,0.234463276836158
"5e9dc87fa311c01108463305","2_2",0,1,"1_1","1",5,"2.2_wrong_fast",0.566398891966759,0.88,0.536723163841808
"5e9dc87fa311c01108463305","2_2",0,1,"1_2","0",5,"2.2_wrong_fast",0.566398891966759,0.88,0.536723163841808
"5e9dc87fa311c01108463305","2_2",0,1,"1_3","0",5,"2.2_wrong_fast",0.566398891966759,0.88,0.536723163841808
"5e9dc87fa311c01108463305","2_2",0,1,"1_4","1",5,"2.2_wrong_fast",0.566398891966759,0.88,0.536723163841808
"5e9dc87fa311c01108463305","2_2",0,1,"1_5","0",5,"2.2_wrong_fast",0.566398891966759,0.88,0.536723163841808
"5e9dc87fa311c01108463305","2_3",0,1,"1_1","0",5,"2.3_wrong_fast",0.577430167597765,0.97,0.446327683615819
"5e9dc87fa311c01108463305","2_3",0,1,"1_2","0",5,"2.3_wrong_fast",0.577430167597765,0.97,0.446327683615819
"5e9dc87fa311c01108463305","2_3",0,1,"1_3","1",5,"2.3_wrong_fast",0.577430167597765,0.97,0.446327683615819
"5e9dc87fa311c01108463305","2_3",0,1,"1_4","1",5,"2.3_wrong_fast",0.577430167597765,0.97,0.446327683615819
"5e9dc87fa311c01108463305","2_3",0,1,"1_5","0",5,"2.3_wrong_fast",0.577430167597765,0.97,0.446327683615819
"5e9e3474861e20000a318a01","2_2",0,0,"1_1","0",NA,"2.2_wrong_slow",0.566398891966759,0.98,0.536723163841808
"5e9e3474861e20000a318a01","2_2",0,0,"1_2","0",NA,"2.2_wrong_slow",0.566398891966759,0.98,0.536723163841808
"5e9e3474861e20000a318a01","2_2",0,0,"1_3","0",NA,"2.2_wrong_slow",0.566398891966759,0.98,0.536723163841808
"5e9e3474861e20000a318a01","2_2",0,0,"1_4","0",NA,"2.2_wrong_slow",0.566398891966759,0.98,0.536723163841808
"5e9e3474861e20000a318a01","2_2",0,0,"1_5","0",NA,"2.2_wrong_slow",0.566398891966759,0.98,0.536723163841808
"5e9e3474861e20000a318a01","2_3",0,0,"1_1","1",NA,"2.3_wrong_slow",0.577430167597765,0.96,0.446327683615819
"5e9e3474861e20000a318a01","2_3",0,0,"1_2","0",NA,"2.3_wrong_slow",0.577430167597765,0.96,0.446327683615819
"5e9e3474861e20000a318a01","2_3",0,0,"1_3","0",NA,"2.3_wrong_slow",0.577430167597765,0.96,0.446327683615819
"5e9e3474861e20000a318a01","2_3",0,0,"1_4","0",NA,"2.3_wrong_slow",0.577430167597765,0.96,0.446327683615819
"5e9e3474861e20000a318a01","2_3",0,0,"1_5","0",NA,"2.3_wrong_slow",0.577430167597765,0.96,0.446327683615819
"5e9e3474861e20000a318a01","2_4",0,0,"1_1","0",NA,"2.4_wrong_slow",0.518938053097345,0.79,0.675141242937853
"5e9e3474861e20000a318a01","2_4",0,0,"1_2","0",NA,"2.4_wrong_slow",0.518938053097345,0.79,0.675141242937853
"5e9e3474861e20000a318a01","2_4",0,0,"1_3","0",NA,"2.4_wrong_slow",0.518938053097345,0.79,0.675141242937853
"5e9e3474861e20000a318a01","2_4",0,0,"1_4","0",NA,"2.4_wrong_slow",0.518938053097345,0.79,0.675141242937853
"5e9e3474861e20000a318a01","2_4",0,0,"1_5","0",NA,"2.4_wrong_slow",0.518938053097345,0.79,0.675141242937853
"5e9e3474861e20000a318a01","2_1",1,1,"1_1","0",NA,"2.1_right_fast",0.396726726726727,0.88,0.234463276836158
"5e9e3474861e20000a318a01","2_1",1,1,"1_2","0",NA,"2.1_right_fast",0.396726726726727,0.88,0.234463276836158
"5e9e3474861e20000a318a01","2_1",1,1,"1_3","0",NA,"2.1_right_fast",0.396726726726727,0.88,0.234463276836158
"5e9e3474861e20000a318a01","2_1",1,1,"1_4","0",NA,"2.1_right_fast",0.396726726726727,0.88,0.234463276836158
"5e9e3474861e20000a318a01","2_1",1,1,"1_5","0",NA,"2.1_right_fast",0.396726726726727,0.88,0.234463276836158
"5e9e3474861e20000a318a01","2_3",0,1,"1_1","0",NA,"2.3_wrong_fast",0.577430167597765,0.92,0.446327683615819
"5e9e3474861e20000a318a01","2_3",0,1,"1_2","0",NA,"2.3_wrong_fast",0.577430167597765,0.92,0.446327683615819
"5e9e3474861e20000a318a01","2_3",0,1,"1_3","0",NA,"2.3_wrong_fast",0.577430167597765,0.92,0.446327683615819
"5e9e3474861e20000a318a01","2_3",0,1,"1_4","0",NA,"2.3_wrong_fast",0.577430167597765,0.92,0.446327683615819
"5e9e3474861e20000a318a01","2_3",0,1,"1_5","0",NA,"2.3_wrong_fast",0.577430167597765,0.92,0.446327683615819
"5eac4d104476b027d56dab0f","2_1",1,0,"1_1","1",6,"2.1_right_slow",0.396726726726727,0.25,0.234463276836158
"5eac4d104476b027d56dab0f","2_1",1,0,"1_2","0",6,"2.1_right_slow",0.396726726726727,0.25,0.234463276836158
"5eac4d104476b027d56dab0f","2_1",1,0,"1_3","1",6,"2.1_right_slow",0.396726726726727,0.25,0.234463276836158
"5eac4d104476b027d56dab0f","2_1",1,0,"1_4","0",6,"2.1_right_slow",0.396726726726727,0.25,0.234463276836158
"5eac4d104476b027d56dab0f","2_1",1,0,"1_5","0",6,"2.1_right_slow",0.396726726726727,0.25,0.234463276836158
"5eac4d104476b027d56dab0f","2_2",1,0,"1_1","1",6,"2.2_right_slow",0.566398891966759,0.35,0.536723163841808
"5eac4d104476b027d56dab0f","2_2",1,0,"1_2","1",6,"2.2_right_slow",0.566398891966759,0.35,0.536723163841808
"5eac4d104476b027d56dab0f","2_2",1,0,"1_3","1",6,"2.2_right_slow",0.566398891966759,0.35,0.536723163841808
"5eac4d104476b027d56dab0f","2_2",1,0,"1_4","0",6,"2.2_right_slow",0.566398891966759,0.35,0.536723163841808
"5eac4d104476b027d56dab0f","2_2",1,0,"1_5","0",6,"2.2_right_slow",0.566398891966759,0.35,0.536723163841808
"5eac4d104476b027d56dab0f","2_2",0,0,"1_1","1",6,"2.2_wrong_slow",0.566398891966759,0.5,0.536723163841808
"5eac4d104476b027d56dab0f","2_2",0,0,"1_2","0",6,"2.2_wrong_slow",0.566398891966759,0.5,0.536723163841808
"5eac4d104476b027d56dab0f","2_2",0,0,"1_3","1",6,"2.2_wrong_slow",0.566398891966759,0.5,0.536723163841808
"5eac4d104476b027d56dab0f","2_2",0,0,"1_4","0",6,"2.2_wrong_slow",0.566398891966759,0.5,0.536723163841808
"5eac4d104476b027d56dab0f","2_2",0,0,"1_5","0",6,"2.2_wrong_slow",0.566398891966759,0.5,0.536723163841808
"5eac4d104476b027d56dab0f","2_5",0,0,"1_1","1",6,"2.5_wrong_slow",0.760870712401055,0.6,0.915254237288136
"5eac4d104476b027d56dab0f","2_5",0,0,"1_2","1",6,"2.5_wrong_slow",0.760870712401055,0.6,0.915254237288136
"5eac4d104476b027d56dab0f","2_5",0,0,"1_3","1",6,"2.5_wrong_slow",0.760870712401055,0.6,0.915254237288136
"5eac4d104476b027d56dab0f","2_5",0,0,"1_4","0",6,"2.5_wrong_slow",0.760870712401055,0.6,0.915254237288136
"5eac4d104476b027d56dab0f","2_5",0,0,"1_5","0",6,"2.5_wrong_slow",0.760870712401055,0.6,0.915254237288136
"5eac4d104476b027d56dab0f","2_3",0,1,"1_1","1",6,"2.3_wrong_fast",0.577430167597765,0.6,0.446327683615819
"5eac4d104476b027d56dab0f","2_3",0,1,"1_2","1",6,"2.3_wrong_fast",0.577430167597765,0.6,0.446327683615819
"5eac4d104476b027d56dab0f","2_3",0,1,"1_3","1",6,"2.3_wrong_fast",0.577430167597765,0.6,0.446327683615819
"5eac4d104476b027d56dab0f","2_3",0,1,"1_4","0",6,"2.3_wrong_fast",0.577430167597765,0.6,0.446327683615819
"5eac4d104476b027d56dab0f","2_3",0,1,"1_5","0",6,"2.3_wrong_fast",0.577430167597765,0.6,0.446327683615819
"5eb9be30dc83fb0e9107d418","2_1",0,0,"1_1","0",11,"2.1_wrong_slow",0.396726726726727,0.4,0.234463276836158
"5eb9be30dc83fb0e9107d418","2_1",0,0,"1_2","0",11,"2.1_wrong_slow",0.396726726726727,0.4,0.234463276836158
"5eb9be30dc83fb0e9107d418","2_1",0,0,"1_3","0",11,"2.1_wrong_slow",0.396726726726727,0.4,0.234463276836158
"5eb9be30dc83fb0e9107d418","2_1",0,0,"1_4","1",11,"2.1_wrong_slow",0.396726726726727,0.4,0.234463276836158
"5eb9be30dc83fb0e9107d418","2_1",0,0,"1_5","0",11,"2.1_wrong_slow",0.396726726726727,0.4,0.234463276836158
"5eb9be30dc83fb0e9107d418","2_2",0,0,"1_1","1",11,"2.2_wrong_slow",0.566398891966759,0.65,0.536723163841808
"5eb9be30dc83fb0e9107d418","2_2",0,0,"1_2","0",11,"2.2_wrong_slow",0.566398891966759,0.65,0.536723163841808
"5eb9be30dc83fb0e9107d418","2_2",0,0,"1_3","0",11,"2.2_wrong_slow",0.566398891966759,0.65,0.536723163841808
"5eb9be30dc83fb0e9107d418","2_2",0,0,"1_4","1",11,"2.2_wrong_slow",0.566398891966759,0.65,0.536723163841808
"5eb9be30dc83fb0e9107d418","2_2",0,0,"1_5","0",11,"2.2_wrong_slow",0.566398891966759,0.65,0.536723163841808
"5eb9be30dc83fb0e9107d418","2_1",1,1,"1_1","1",11,"2.1_right_fast",0.396726726726727,0.5,0.234463276836158
"5eb9be30dc83fb0e9107d418","2_1",1,1,"1_2","1",11,"2.1_right_fast",0.396726726726727,0.5,0.234463276836158
"5eb9be30dc83fb0e9107d418","2_1",1,1,"1_3","0",11,"2.1_right_fast",0.396726726726727,0.5,0.234463276836158
"5eb9be30dc83fb0e9107d418","2_1",1,1,"1_4","1",11,"2.1_right_fast",0.396726726726727,0.5,0.234463276836158
"5eb9be30dc83fb0e9107d418","2_1",1,1,"1_5","0",11,"2.1_right_fast",0.396726726726727,0.5,0.234463276836158
"5eb9be30dc83fb0e9107d418","2_4",1,1,"1_1","1",11,"2.4_right_fast",0.518938053097345,0.45,0.675141242937853
"5eb9be30dc83fb0e9107d418","2_4",1,1,"1_2","1",11,"2.4_right_fast",0.518938053097345,0.45,0.675141242937853
"5eb9be30dc83fb0e9107d418","2_4",1,1,"1_3","0",11,"2.4_right_fast",0.518938053097345,0.45,0.675141242937853
"5eb9be30dc83fb0e9107d418","2_4",1,1,"1_4","1",11,"2.4_right_fast",0.518938053097345,0.45,0.675141242937853
"5eb9be30dc83fb0e9107d418","2_4",1,1,"1_5","0",11,"2.4_right_fast",0.518938053097345,0.45,0.675141242937853
"5eb9be30dc83fb0e9107d418","2_4",0,1,"1_1","1",11,"2.4_wrong_fast",0.518938053097345,0.45,0.675141242937853
"5eb9be30dc83fb0e9107d418","2_4",0,1,"1_2","0",11,"2.4_wrong_fast",0.518938053097345,0.45,0.675141242937853
"5eb9be30dc83fb0e9107d418","2_4",0,1,"1_3","0",11,"2.4_wrong_fast",0.518938053097345,0.45,0.675141242937853
"5eb9be30dc83fb0e9107d418","2_4",0,1,"1_4","1",11,"2.4_wrong_fast",0.518938053097345,0.45,0.675141242937853
"5eb9be30dc83fb0e9107d418","2_4",0,1,"1_5","0",11,"2.4_wrong_fast",0.518938053097345,0.45,0.675141242937853
"5ec7e8a712268326deae8d87","2_5",1,0,"1_1","1",8,"2.5_right_slow",0.760870712401055,0.92,0.915254237288136
"5ec7e8a712268326deae8d87","2_5",1,0,"1_2","1",8,"2.5_right_slow",0.760870712401055,0.92,0.915254237288136
"5ec7e8a712268326deae8d87","2_5",1,0,"1_3","1",8,"2.5_right_slow",0.760870712401055,0.92,0.915254237288136
"5ec7e8a712268326deae8d87","2_5",1,0,"1_4","1",8,"2.5_right_slow",0.760870712401055,0.92,0.915254237288136
"5ec7e8a712268326deae8d87","2_5",1,0,"1_5","1",8,"2.5_right_slow",0.760870712401055,0.92,0.915254237288136
"5ec7e8a712268326deae8d87","2_1",1,1,"1_1","1",8,"2.1_right_fast",0.396726726726727,0.8,0.234463276836158
"5ec7e8a712268326deae8d87","2_1",1,1,"1_2","1",8,"2.1_right_fast",0.396726726726727,0.8,0.234463276836158
"5ec7e8a712268326deae8d87","2_1",1,1,"1_3","1",8,"2.1_right_fast",0.396726726726727,0.8,0.234463276836158
"5ec7e8a712268326deae8d87","2_1",1,1,"1_4","1",8,"2.1_right_fast",0.396726726726727,0.8,0.234463276836158
"5ec7e8a712268326deae8d87","2_1",1,1,"1_5","0",8,"2.1_right_fast",0.396726726726727,0.8,0.234463276836158
"5ec7e8a712268326deae8d87","2_2",1,1,"1_1","1",8,"2.2_right_fast",0.566398891966759,0.79,0.536723163841808
"5ec7e8a712268326deae8d87","2_2",1,1,"1_2","1",8,"2.2_right_fast",0.566398891966759,0.79,0.536723163841808
"5ec7e8a712268326deae8d87","2_2",1,1,"1_3","1",8,"2.2_right_fast",0.566398891966759,0.79,0.536723163841808
"5ec7e8a712268326deae8d87","2_2",1,1,"1_4","1",8,"2.2_right_fast",0.566398891966759,0.79,0.536723163841808
"5ec7e8a712268326deae8d87","2_2",1,1,"1_5","0",8,"2.2_right_fast",0.566398891966759,0.79,0.536723163841808
"5ec7e8a712268326deae8d87","2_4",1,1,"1_1","1",8,"2.4_right_fast",0.518938053097345,0.39,0.675141242937853
"5ec7e8a712268326deae8d87","2_4",1,1,"1_2","1",8,"2.4_right_fast",0.518938053097345,0.39,0.675141242937853
"5ec7e8a712268326deae8d87","2_4",1,1,"1_3","1",8,"2.4_right_fast",0.518938053097345,0.39,0.675141242937853
"5ec7e8a712268326deae8d87","2_4",1,1,"1_4","1",8,"2.4_right_fast",0.518938053097345,0.39,0.675141242937853
"5ec7e8a712268326deae8d87","2_4",1,1,"1_5","0",8,"2.4_right_fast",0.518938053097345,0.39,0.675141242937853
"5ec7e8a712268326deae8d87","2_3",0,1,"1_1","1",8,"2.3_wrong_fast",0.577430167597765,0.84,0.446327683615819
"5ec7e8a712268326deae8d87","2_3",0,1,"1_2","0",8,"2.3_wrong_fast",0.577430167597765,0.84,0.446327683615819
"5ec7e8a712268326deae8d87","2_3",0,1,"1_3","0",8,"2.3_wrong_fast",0.577430167597765,0.84,0.446327683615819
"5ec7e8a712268326deae8d87","2_3",0,1,"1_4","1",8,"2.3_wrong_fast",0.577430167597765,0.84,0.446327683615819
"5ec7e8a712268326deae8d87","2_3",0,1,"1_5","0",8,"2.3_wrong_fast",0.577430167597765,0.84,0.446327683615819
"5ecd78784dc5af0d97078c8b","2_2",0,0,"1_1","1",6,"2.2_wrong_slow",0.566398891966759,0.39,0.536723163841808
"5ecd78784dc5af0d97078c8b","2_2",0,0,"1_2","0",6,"2.2_wrong_slow",0.566398891966759,0.39,0.536723163841808
"5ecd78784dc5af0d97078c8b","2_2",0,0,"1_3","1",6,"2.2_wrong_slow",0.566398891966759,0.39,0.536723163841808
"5ecd78784dc5af0d97078c8b","2_2",0,0,"1_4","0",6,"2.2_wrong_slow",0.566398891966759,0.39,0.536723163841808
"5ecd78784dc5af0d97078c8b","2_2",0,0,"1_5","0",6,"2.2_wrong_slow",0.566398891966759,0.39,0.536723163841808
"5ecd78784dc5af0d97078c8b","2_3",0,0,"1_1","1",6,"2.3_wrong_slow",0.577430167597765,0.43,0.446327683615819
"5ecd78784dc5af0d97078c8b","2_3",0,0,"1_2","0",6,"2.3_wrong_slow",0.577430167597765,0.43,0.446327683615819
"5ecd78784dc5af0d97078c8b","2_3",0,0,"1_3","0",6,"2.3_wrong_slow",0.577430167597765,0.43,0.446327683615819
"5ecd78784dc5af0d97078c8b","2_3",0,0,"1_4","0",6,"2.3_wrong_slow",0.577430167597765,0.43,0.446327683615819
"5ecd78784dc5af0d97078c8b","2_3",0,0,"1_5","0",6,"2.3_wrong_slow",0.577430167597765,0.43,0.446327683615819
"5ecd78784dc5af0d97078c8b","2_1",1,1,"1_1","1",6,"2.1_right_fast",0.396726726726727,0.17,0.234463276836158
"5ecd78784dc5af0d97078c8b","2_1",1,1,"1_2","1",6,"2.1_right_fast",0.396726726726727,0.17,0.234463276836158
"5ecd78784dc5af0d97078c8b","2_1",1,1,"1_3","1",6,"2.1_right_fast",0.396726726726727,0.17,0.234463276836158
"5ecd78784dc5af0d97078c8b","2_1",1,1,"1_4","0",6,"2.1_right_fast",0.396726726726727,0.17,0.234463276836158
"5ecd78784dc5af0d97078c8b","2_1",1,1,"1_5","0",6,"2.1_right_fast",0.396726726726727,0.17,0.234463276836158
"5ecd78784dc5af0d97078c8b","2_2",0,1,"1_1","1",6,"2.2_wrong_fast",0.566398891966759,0.64,0.536723163841808
"5ecd78784dc5af0d97078c8b","2_2",0,1,"1_2","0",6,"2.2_wrong_fast",0.566398891966759,0.64,0.536723163841808
"5ecd78784dc5af0d97078c8b","2_2",0,1,"1_3","1",6,"2.2_wrong_fast",0.566398891966759,0.64,0.536723163841808
"5ecd78784dc5af0d97078c8b","2_2",0,1,"1_4","0",6,"2.2_wrong_fast",0.566398891966759,0.64,0.536723163841808
"5ecd78784dc5af0d97078c8b","2_2",0,1,"1_5","0",6,"2.2_wrong_fast",0.566398891966759,0.64,0.536723163841808
"5ecd78784dc5af0d97078c8b","2_3",0,1,"1_1","1",6,"2.3_wrong_fast",0.577430167597765,0.62,0.446327683615819
"5ecd78784dc5af0d97078c8b","2_3",0,1,"1_2","0",6,"2.3_wrong_fast",0.577430167597765,0.62,0.446327683615819
"5ecd78784dc5af0d97078c8b","2_3",0,1,"1_3","0",6,"2.3_wrong_fast",0.577430167597765,0.62,0.446327683615819
"5ecd78784dc5af0d97078c8b","2_3",0,1,"1_4","0",6,"2.3_wrong_fast",0.577430167597765,0.62,0.446327683615819
"5ecd78784dc5af0d97078c8b","2_3",0,1,"1_5","0",6,"2.3_wrong_fast",0.577430167597765,0.62,0.446327683615819
"5f4ae7cb6b68b56c2acb12c8","2_4",0,0,"1_1","1",9,"2.4_wrong_slow",0.518938053097345,0.24,0.675141242937853
"5f4ae7cb6b68b56c2acb12c8","2_4",0,0,"1_2","1",9,"2.4_wrong_slow",0.518938053097345,0.24,0.675141242937853
"5f4ae7cb6b68b56c2acb12c8","2_4",0,0,"1_3","0",9,"2.4_wrong_slow",0.518938053097345,0.24,0.675141242937853
"5f4ae7cb6b68b56c2acb12c8","2_4",0,0,"1_4","1",9,"2.4_wrong_slow",0.518938053097345,0.24,0.675141242937853
"5f4ae7cb6b68b56c2acb12c8","2_4",0,0,"1_5","0",9,"2.4_wrong_slow",0.518938053097345,0.24,0.675141242937853
"5f4ae7cb6b68b56c2acb12c8","2_5",0,0,"1_1","1",9,"2.5_wrong_slow",0.760870712401055,0.9,0.915254237288136
"5f4ae7cb6b68b56c2acb12c8","2_5",0,0,"1_2","1",9,"2.5_wrong_slow",0.760870712401055,0.9,0.915254237288136
"5f4ae7cb6b68b56c2acb12c8","2_5",0,0,"1_3","1",9,"2.5_wrong_slow",0.760870712401055,0.9,0.915254237288136
"5f4ae7cb6b68b56c2acb12c8","2_5",0,0,"1_4","1",9,"2.5_wrong_slow",0.760870712401055,0.9,0.915254237288136
"5f4ae7cb6b68b56c2acb12c8","2_5",0,0,"1_5","0",9,"2.5_wrong_slow",0.760870712401055,0.9,0.915254237288136
"5f4ae7cb6b68b56c2acb12c8","2_2",1,1,"1_1","1",9,"2.2_right_fast",0.566398891966759,0.44,0.536723163841808
"5f4ae7cb6b68b56c2acb12c8","2_2",1,1,"1_2","1",9,"2.2_right_fast",0.566398891966759,0.44,0.536723163841808
"5f4ae7cb6b68b56c2acb12c8","2_2",1,1,"1_3","1",9,"2.2_right_fast",0.566398891966759,0.44,0.536723163841808
"5f4ae7cb6b68b56c2acb12c8","2_2",1,1,"1_4","1",9,"2.2_right_fast",0.566398891966759,0.44,0.536723163841808
"5f4ae7cb6b68b56c2acb12c8","2_2",1,1,"1_5","0",9,"2.2_right_fast",0.566398891966759,0.44,0.536723163841808
"5f4ae7cb6b68b56c2acb12c8","2_3",1,1,"1_1","1",9,"2.3_right_fast",0.577430167597765,0.75,0.446327683615819
"5f4ae7cb6b68b56c2acb12c8","2_3",1,1,"1_2","1",9,"2.3_right_fast",0.577430167597765,0.75,0.446327683615819
"5f4ae7cb6b68b56c2acb12c8","2_3",1,1,"1_3","1",9,"2.3_right_fast",0.577430167597765,0.75,0.446327683615819
"5f4ae7cb6b68b56c2acb12c8","2_3",1,1,"1_4","1",9,"2.3_right_fast",0.577430167597765,0.75,0.446327683615819
"5f4ae7cb6b68b56c2acb12c8","2_3",1,1,"1_5","0",9,"2.3_right_fast",0.577430167597765,0.75,0.446327683615819
"5f4ae7cb6b68b56c2acb12c8","2_1",0,1,"1_1","0",9,"2.1_wrong_fast",0.396726726726727,0.35,0.234463276836158
"5f4ae7cb6b68b56c2acb12c8","2_1",0,1,"1_2","0",9,"2.1_wrong_fast",0.396726726726727,0.35,0.234463276836158
"5f4ae7cb6b68b56c2acb12c8","2_1",0,1,"1_3","0",9,"2.1_wrong_fast",0.396726726726727,0.35,0.234463276836158
"5f4ae7cb6b68b56c2acb12c8","2_1",0,1,"1_4","1",9,"2.1_wrong_fast",0.396726726726727,0.35,0.234463276836158
"5f4ae7cb6b68b56c2acb12c8","2_1",0,1,"1_5","0",9,"2.1_wrong_fast",0.396726726726727,0.35,0.234463276836158
"5f596d05be96271c16fe1106","2_1",1,0,"1_1","1",6,"2.1_right_slow",0.396726726726727,0.56,0.234463276836158
"5f596d05be96271c16fe1106","2_1",1,0,"1_2","0",6,"2.1_right_slow",0.396726726726727,0.56,0.234463276836158
"5f596d05be96271c16fe1106","2_1",1,0,"1_3","1",6,"2.1_right_slow",0.396726726726727,0.56,0.234463276836158
"5f596d05be96271c16fe1106","2_1",1,0,"1_4","1",6,"2.1_right_slow",0.396726726726727,0.56,0.234463276836158
"5f596d05be96271c16fe1106","2_1",1,0,"1_5","1",6,"2.1_right_slow",0.396726726726727,0.56,0.234463276836158
"5f596d05be96271c16fe1106","2_5",1,0,"1_1","1",6,"2.5_right_slow",0.760870712401055,0.36,0.915254237288136
"5f596d05be96271c16fe1106","2_5",1,0,"1_2","1",6,"2.5_right_slow",0.760870712401055,0.36,0.915254237288136
"5f596d05be96271c16fe1106","2_5",1,0,"1_3","1",6,"2.5_right_slow",0.760870712401055,0.36,0.915254237288136
"5f596d05be96271c16fe1106","2_5",1,0,"1_4","1",6,"2.5_right_slow",0.760870712401055,0.36,0.915254237288136
"5f596d05be96271c16fe1106","2_5",1,0,"1_5","0",6,"2.5_right_slow",0.760870712401055,0.36,0.915254237288136
"5f596d05be96271c16fe1106","2_1",0,0,"1_1","1",6,"2.1_wrong_slow",0.396726726726727,0.53,0.234463276836158
"5f596d05be96271c16fe1106","2_1",0,0,"1_2","1",6,"2.1_wrong_slow",0.396726726726727,0.53,0.234463276836158
"5f596d05be96271c16fe1106","2_1",0,0,"1_3","1",6,"2.1_wrong_slow",0.396726726726727,0.53,0.234463276836158
"5f596d05be96271c16fe1106","2_1",0,0,"1_4","1",6,"2.1_wrong_slow",0.396726726726727,0.53,0.234463276836158
"5f596d05be96271c16fe1106","2_1",0,0,"1_5","0",6,"2.1_wrong_slow",0.396726726726727,0.53,0.234463276836158
"5f596d05be96271c16fe1106","2_4",1,1,"1_1","1",6,"2.4_right_fast",0.518938053097345,0.2,0.675141242937853
"5f596d05be96271c16fe1106","2_4",1,1,"1_2","1",6,"2.4_right_fast",0.518938053097345,0.2,0.675141242937853
"5f596d05be96271c16fe1106","2_4",1,1,"1_3","1",6,"2.4_right_fast",0.518938053097345,0.2,0.675141242937853
"5f596d05be96271c16fe1106","2_4",1,1,"1_4","1",6,"2.4_right_fast",0.518938053097345,0.2,0.675141242937853
"5f596d05be96271c16fe1106","2_4",1,1,"1_5","0",6,"2.4_right_fast",0.518938053097345,0.2,0.675141242937853
"5f596d05be96271c16fe1106","2_3",0,1,"1_1","1",6,"2.3_wrong_fast",0.577430167597765,0.76,0.446327683615819
"5f596d05be96271c16fe1106","2_3",0,1,"1_2","1",6,"2.3_wrong_fast",0.577430167597765,0.76,0.446327683615819
"5f596d05be96271c16fe1106","2_3",0,1,"1_3","1",6,"2.3_wrong_fast",0.577430167597765,0.76,0.446327683615819
"5f596d05be96271c16fe1106","2_3",0,1,"1_4","1",6,"2.3_wrong_fast",0.577430167597765,0.76,0.446327683615819
"5f596d05be96271c16fe1106","2_3",0,1,"1_5","0",6,"2.3_wrong_fast",0.577430167597765,0.76,0.446327683615819
"5ff238852178d171f9c973b7","2_4",1,0,"1_1","1",4,"2.4_right_slow",0.518938053097345,0.7,0.675141242937853
"5ff238852178d171f9c973b7","2_4",1,0,"1_2","1",4,"2.4_right_slow",0.518938053097345,0.7,0.675141242937853
"5ff238852178d171f9c973b7","2_4",1,0,"1_3","0",4,"2.4_right_slow",0.518938053097345,0.7,0.675141242937853
"5ff238852178d171f9c973b7","2_4",1,0,"1_4","1",4,"2.4_right_slow",0.518938053097345,0.7,0.675141242937853
"5ff238852178d171f9c973b7","2_4",1,0,"1_5","0",4,"2.4_right_slow",0.518938053097345,0.7,0.675141242937853
"5ff238852178d171f9c973b7","2_5",1,0,"1_1","1",4,"2.5_right_slow",0.760870712401055,0.94,0.915254237288136
"5ff238852178d171f9c973b7","2_5",1,0,"1_2","1",4,"2.5_right_slow",0.760870712401055,0.94,0.915254237288136
"5ff238852178d171f9c973b7","2_5",1,0,"1_3","1",4,"2.5_right_slow",0.760870712401055,0.94,0.915254237288136
"5ff238852178d171f9c973b7","2_5",1,0,"1_4","1",4,"2.5_right_slow",0.760870712401055,0.94,0.915254237288136
"5ff238852178d171f9c973b7","2_5",1,0,"1_5","0",4,"2.5_right_slow",0.760870712401055,0.94,0.915254237288136
"5ff238852178d171f9c973b7","2_5",0,0,"1_1","1",4,"2.5_wrong_slow",0.760870712401055,0.99,0.915254237288136
"5ff238852178d171f9c973b7","2_5",0,0,"1_2","0",4,"2.5_wrong_slow",0.760870712401055,0.99,0.915254237288136
"5ff238852178d171f9c973b7","2_5",0,0,"1_3","0",4,"2.5_wrong_slow",0.760870712401055,0.99,0.915254237288136
"5ff238852178d171f9c973b7","2_5",0,0,"1_4","1",4,"2.5_wrong_slow",0.760870712401055,0.99,0.915254237288136
"5ff238852178d171f9c973b7","2_5",0,0,"1_5","0",4,"2.5_wrong_slow",0.760870712401055,0.99,0.915254237288136
"5ff238852178d171f9c973b7","2_2",1,1,"1_1","1",4,"2.2_right_fast",0.566398891966759,0.78,0.536723163841808
"5ff238852178d171f9c973b7","2_2",1,1,"1_2","1",4,"2.2_right_fast",0.566398891966759,0.78,0.536723163841808
"5ff238852178d171f9c973b7","2_2",1,1,"1_3","0",4,"2.2_right_fast",0.566398891966759,0.78,0.536723163841808
"5ff238852178d171f9c973b7","2_2",1,1,"1_4","1",4,"2.2_right_fast",0.566398891966759,0.78,0.536723163841808
"5ff238852178d171f9c973b7","2_2",1,1,"1_5","0",4,"2.2_right_fast",0.566398891966759,0.78,0.536723163841808
"5ff238852178d171f9c973b7","2_1",0,1,"1_1","1",4,"2.1_wrong_fast",0.396726726726727,0.71,0.234463276836158
"5ff238852178d171f9c973b7","2_1",0,1,"1_2","0",4,"2.1_wrong_fast",0.396726726726727,0.71,0.234463276836158
"5ff238852178d171f9c973b7","2_1",0,1,"1_3","0",4,"2.1_wrong_fast",0.396726726726727,0.71,0.234463276836158
"5ff238852178d171f9c973b7","2_1",0,1,"1_4","0",4,"2.1_wrong_fast",0.396726726726727,0.71,0.234463276836158
"5ff238852178d171f9c973b7","2_1",0,1,"1_5","0",4,"2.1_wrong_fast",0.396726726726727,0.71,0.234463276836158
"5ff7ee108c6cb45141fe8c61","2_1",1,0,"1_1","1",11,"2.1_right_slow",0.396726726726727,0.31,0.234463276836158
"5ff7ee108c6cb45141fe8c61","2_1",1,0,"1_2","1",11,"2.1_right_slow",0.396726726726727,0.31,0.234463276836158
"5ff7ee108c6cb45141fe8c61","2_1",1,0,"1_3","1",11,"2.1_right_slow",0.396726726726727,0.31,0.234463276836158
"5ff7ee108c6cb45141fe8c61","2_1",1,0,"1_4","0",11,"2.1_right_slow",0.396726726726727,0.31,0.234463276836158
"5ff7ee108c6cb45141fe8c61","2_1",1,0,"1_5","0",11,"2.1_right_slow",0.396726726726727,0.31,0.234463276836158
"5ff7ee108c6cb45141fe8c61","2_1",0,0,"1_1","0",11,"2.1_wrong_slow",0.396726726726727,0.2,0.234463276836158
"5ff7ee108c6cb45141fe8c61","2_1",0,0,"1_2","0",11,"2.1_wrong_slow",0.396726726726727,0.2,0.234463276836158
"5ff7ee108c6cb45141fe8c61","2_1",0,0,"1_3","0",11,"2.1_wrong_slow",0.396726726726727,0.2,0.234463276836158
"5ff7ee108c6cb45141fe8c61","2_1",0,0,"1_4","0",11,"2.1_wrong_slow",0.396726726726727,0.2,0.234463276836158
"5ff7ee108c6cb45141fe8c61","2_1",0,0,"1_5","0",11,"2.1_wrong_slow",0.396726726726727,0.2,0.234463276836158
"5ff7ee108c6cb45141fe8c61","2_2",0,0,"1_1","1",11,"2.2_wrong_slow",0.566398891966759,0.4,0.536723163841808
"5ff7ee108c6cb45141fe8c61","2_2",0,0,"1_2","1",11,"2.2_wrong_slow",0.566398891966759,0.4,0.536723163841808
"5ff7ee108c6cb45141fe8c61","2_2",0,0,"1_3","0",11,"2.2_wrong_slow",0.566398891966759,0.4,0.536723163841808
"5ff7ee108c6cb45141fe8c61","2_2",0,0,"1_4","0",11,"2.2_wrong_slow",0.566398891966759,0.4,0.536723163841808
"5ff7ee108c6cb45141fe8c61","2_2",0,0,"1_5","0",11,"2.2_wrong_slow",0.566398891966759,0.4,0.536723163841808
"5ff7ee108c6cb45141fe8c61","2_4",0,0,"1_1","1",11,"2.4_wrong_slow",0.518938053097345,0.7,0.675141242937853
"5ff7ee108c6cb45141fe8c61","2_4",0,0,"1_2","1",11,"2.4_wrong_slow",0.518938053097345,0.7,0.675141242937853
"5ff7ee108c6cb45141fe8c61","2_4",0,0,"1_3","0",11,"2.4_wrong_slow",0.518938053097345,0.7,0.675141242937853
"5ff7ee108c6cb45141fe8c61","2_4",0,0,"1_4","0",11,"2.4_wrong_slow",0.518938053097345,0.7,0.675141242937853
"5ff7ee108c6cb45141fe8c61","2_4",0,0,"1_5","0",11,"2.4_wrong_slow",0.518938053097345,0.7,0.675141242937853
"5ff7ee108c6cb45141fe8c61","2_3",0,1,"1_1","1",11,"2.3_wrong_fast",0.577430167597765,0.69,0.446327683615819
"5ff7ee108c6cb45141fe8c61","2_3",0,1,"1_2","1",11,"2.3_wrong_fast",0.577430167597765,0.69,0.446327683615819
"5ff7ee108c6cb45141fe8c61","2_3",0,1,"1_3","1",11,"2.3_wrong_fast",0.577430167597765,0.69,0.446327683615819
"5ff7ee108c6cb45141fe8c61","2_3",0,1,"1_4","0",11,"2.3_wrong_fast",0.577430167597765,0.69,0.446327683615819
"5ff7ee108c6cb45141fe8c61","2_3",0,1,"1_5","0",11,"2.3_wrong_fast",0.577430167597765,0.69,0.446327683615819
"60015f803919e70009ef8dc5","2_3",1,0,"1_1","1",NA,"2.3_right_slow",0.577430167597765,0.84,0.446327683615819
"60015f803919e70009ef8dc5","2_3",1,0,"1_2","1",NA,"2.3_right_slow",0.577430167597765,0.84,0.446327683615819
"60015f803919e70009ef8dc5","2_3",1,0,"1_3","1",NA,"2.3_right_slow",0.577430167597765,0.84,0.446327683615819
"60015f803919e70009ef8dc5","2_3",1,0,"1_4","0",NA,"2.3_right_slow",0.577430167597765,0.84,0.446327683615819
"60015f803919e70009ef8dc5","2_3",1,0,"1_5","0",NA,"2.3_right_slow",0.577430167597765,0.84,0.446327683615819
"60015f803919e70009ef8dc5","2_2",0,0,"1_1","1",NA,"2.2_wrong_slow",0.566398891966759,0.76,0.536723163841808
"60015f803919e70009ef8dc5","2_2",0,0,"1_2","1",NA,"2.2_wrong_slow",0.566398891966759,0.76,0.536723163841808
"60015f803919e70009ef8dc5","2_2",0,0,"1_3","1",NA,"2.2_wrong_slow",0.566398891966759,0.76,0.536723163841808
"60015f803919e70009ef8dc5","2_2",0,0,"1_4","1",NA,"2.2_wrong_slow",0.566398891966759,0.76,0.536723163841808
"60015f803919e70009ef8dc5","2_2",0,0,"1_5","0",NA,"2.2_wrong_slow",0.566398891966759,0.76,0.536723163841808
"60015f803919e70009ef8dc5","2_5",0,0,"1_1","1",NA,"2.5_wrong_slow",0.760870712401055,0.89,0.915254237288136
"60015f803919e70009ef8dc5","2_5",0,0,"1_2","1",NA,"2.5_wrong_slow",0.760870712401055,0.89,0.915254237288136
"60015f803919e70009ef8dc5","2_5",0,0,"1_3","1",NA,"2.5_wrong_slow",0.760870712401055,0.89,0.915254237288136
"60015f803919e70009ef8dc5","2_5",0,0,"1_4","0",NA,"2.5_wrong_slow",0.760870712401055,0.89,0.915254237288136
"60015f803919e70009ef8dc5","2_5",0,0,"1_5","0",NA,"2.5_wrong_slow",0.760870712401055,0.89,0.915254237288136
"60015f803919e70009ef8dc5","2_2",1,1,"1_1","1",NA,"2.2_right_fast",0.566398891966759,0.78,0.536723163841808
"60015f803919e70009ef8dc5","2_2",1,1,"1_2","1",NA,"2.2_right_fast",0.566398891966759,0.78,0.536723163841808
"60015f803919e70009ef8dc5","2_2",1,1,"1_3","1",NA,"2.2_right_fast",0.566398891966759,0.78,0.536723163841808
"60015f803919e70009ef8dc5","2_2",1,1,"1_4","0",NA,"2.2_right_fast",0.566398891966759,0.78,0.536723163841808
"60015f803919e70009ef8dc5","2_2",1,1,"1_5","0",NA,"2.2_right_fast",0.566398891966759,0.78,0.536723163841808
"60015f803919e70009ef8dc5","2_5",1,1,"1_1","1",NA,"2.5_right_fast",0.760870712401055,0.85,0.915254237288136
"60015f803919e70009ef8dc5","2_5",1,1,"1_2","1",NA,"2.5_right_fast",0.760870712401055,0.85,0.915254237288136
"60015f803919e70009ef8dc5","2_5",1,1,"1_3","1",NA,"2.5_right_fast",0.760870712401055,0.85,0.915254237288136
"60015f803919e70009ef8dc5","2_5",1,1,"1_4","1",NA,"2.5_right_fast",0.760870712401055,0.85,0.915254237288136
"60015f803919e70009ef8dc5","2_5",1,1,"1_5","1",NA,"2.5_right_fast",0.760870712401055,0.85,0.915254237288136
"6008bb26b4bbfe568fa29d80","2_1",1,0,"1_1","1",8,"2.1_right_slow",0.396726726726727,0.15,0.234463276836158
"6008bb26b4bbfe568fa29d80","2_1",1,0,"1_2","1",8,"2.1_right_slow",0.396726726726727,0.15,0.234463276836158
"6008bb26b4bbfe568fa29d80","2_1",1,0,"1_3","1",8,"2.1_right_slow",0.396726726726727,0.15,0.234463276836158
"6008bb26b4bbfe568fa29d80","2_1",1,0,"1_4","1",8,"2.1_right_slow",0.396726726726727,0.15,0.234463276836158
"6008bb26b4bbfe568fa29d80","2_1",1,0,"1_5","0",8,"2.1_right_slow",0.396726726726727,0.15,0.234463276836158
"6008bb26b4bbfe568fa29d80","2_4",1,0,"1_1","1",8,"2.4_right_slow",0.518938053097345,0.16,0.675141242937853
"6008bb26b4bbfe568fa29d80","2_4",1,0,"1_2","1",8,"2.4_right_slow",0.518938053097345,0.16,0.675141242937853
"6008bb26b4bbfe568fa29d80","2_4",1,0,"1_3","1",8,"2.4_right_slow",0.518938053097345,0.16,0.675141242937853
"6008bb26b4bbfe568fa29d80","2_4",1,0,"1_4","1",8,"2.4_right_slow",0.518938053097345,0.16,0.675141242937853
"6008bb26b4bbfe568fa29d80","2_4",1,0,"1_5","0",8,"2.4_right_slow",0.518938053097345,0.16,0.675141242937853
"6008bb26b4bbfe568fa29d80","2_1",0,0,"1_1","0",8,"2.1_wrong_slow",0.396726726726727,0.19,0.234463276836158
"6008bb26b4bbfe568fa29d80","2_1",0,0,"1_2","0",8,"2.1_wrong_slow",0.396726726726727,0.19,0.234463276836158
"6008bb26b4bbfe568fa29d80","2_1",0,0,"1_3","0",8,"2.1_wrong_slow",0.396726726726727,0.19,0.234463276836158
"6008bb26b4bbfe568fa29d80","2_1",0,0,"1_4","0",8,"2.1_wrong_slow",0.396726726726727,0.19,0.234463276836158
"6008bb26b4bbfe568fa29d80","2_1",0,0,"1_5","0",8,"2.1_wrong_slow",0.396726726726727,0.19,0.234463276836158
"6008bb26b4bbfe568fa29d80","2_5",1,1,"1_1","1",8,"2.5_right_fast",0.760870712401055,0.9,0.915254237288136
"6008bb26b4bbfe568fa29d80","2_5",1,1,"1_2","1",8,"2.5_right_fast",0.760870712401055,0.9,0.915254237288136
"6008bb26b4bbfe568fa29d80","2_5",1,1,"1_3","1",8,"2.5_right_fast",0.760870712401055,0.9,0.915254237288136
"6008bb26b4bbfe568fa29d80","2_5",1,1,"1_4","1",8,"2.5_right_fast",0.760870712401055,0.9,0.915254237288136
"6008bb26b4bbfe568fa29d80","2_5",1,1,"1_5","1",8,"2.5_right_fast",0.760870712401055,0.9,0.915254237288136
"6008bb26b4bbfe568fa29d80","2_2",0,1,"1_1","1",8,"2.2_wrong_fast",0.566398891966759,0.7,0.536723163841808
"6008bb26b4bbfe568fa29d80","2_2",0,1,"1_2","1",8,"2.2_wrong_fast",0.566398891966759,0.7,0.536723163841808
"6008bb26b4bbfe568fa29d80","2_2",0,1,"1_3","1",8,"2.2_wrong_fast",0.566398891966759,0.7,0.536723163841808
"6008bb26b4bbfe568fa29d80","2_2",0,1,"1_4","1",8,"2.2_wrong_fast",0.566398891966759,0.7,0.536723163841808
"6008bb26b4bbfe568fa29d80","2_2",0,1,"1_5","0",8,"2.2_wrong_fast",0.566398891966759,0.7,0.536723163841808
"60d22e68bb03e1da436b8b7c","2_4",0,0,"1_1","1",4,"2.4_wrong_slow",0.518938053097345,0.66,0.675141242937853
"60d22e68bb03e1da436b8b7c","2_4",0,0,"1_2","0",4,"2.4_wrong_slow",0.518938053097345,0.66,0.675141242937853
"60d22e68bb03e1da436b8b7c","2_4",0,0,"1_3","0",4,"2.4_wrong_slow",0.518938053097345,0.66,0.675141242937853
"60d22e68bb03e1da436b8b7c","2_4",0,0,"1_4","0",4,"2.4_wrong_slow",0.518938053097345,0.66,0.675141242937853
"60d22e68bb03e1da436b8b7c","2_4",0,0,"1_5","0",4,"2.4_wrong_slow",0.518938053097345,0.66,0.675141242937853
"60d22e68bb03e1da436b8b7c","2_3",1,1,"1_1","1",4,"2.3_right_fast",0.577430167597765,0.9,0.446327683615819
"60d22e68bb03e1da436b8b7c","2_3",1,1,"1_2","1",4,"2.3_right_fast",0.577430167597765,0.9,0.446327683615819
"60d22e68bb03e1da436b8b7c","2_3",1,1,"1_3","1",4,"2.3_right_fast",0.577430167597765,0.9,0.446327683615819
"60d22e68bb03e1da436b8b7c","2_3",1,1,"1_4","1",4,"2.3_right_fast",0.577430167597765,0.9,0.446327683615819
"60d22e68bb03e1da436b8b7c","2_3",1,1,"1_5","0",4,"2.3_right_fast",0.577430167597765,0.9,0.446327683615819
"60d22e68bb03e1da436b8b7c","2_4",1,1,"1_1","1",4,"2.4_right_fast",0.518938053097345,0.9,0.675141242937853
"60d22e68bb03e1da436b8b7c","2_4",1,1,"1_2","1",4,"2.4_right_fast",0.518938053097345,0.9,0.675141242937853
"60d22e68bb03e1da436b8b7c","2_4",1,1,"1_3","1",4,"2.4_right_fast",0.518938053097345,0.9,0.675141242937853
"60d22e68bb03e1da436b8b7c","2_4",1,1,"1_4","1",4,"2.4_right_fast",0.518938053097345,0.9,0.675141242937853
"60d22e68bb03e1da436b8b7c","2_4",1,1,"1_5","0",4,"2.4_right_fast",0.518938053097345,0.9,0.675141242937853
"60d22e68bb03e1da436b8b7c","2_2",0,1,"1_1","1",4,"2.2_wrong_fast",0.566398891966759,0.8,0.536723163841808
"60d22e68bb03e1da436b8b7c","2_2",0,1,"1_2","0",4,"2.2_wrong_fast",0.566398891966759,0.8,0.536723163841808
"60d22e68bb03e1da436b8b7c","2_2",0,1,"1_3","0",4,"2.2_wrong_fast",0.566398891966759,0.8,0.536723163841808
"60d22e68bb03e1da436b8b7c","2_2",0,1,"1_4","0",4,"2.2_wrong_fast",0.566398891966759,0.8,0.536723163841808
"60d22e68bb03e1da436b8b7c","2_2",0,1,"1_5","0",4,"2.2_wrong_fast",0.566398891966759,0.8,0.536723163841808
"60d22e68bb03e1da436b8b7c","2_4",0,1,"1_1","1",4,"2.4_wrong_fast",0.518938053097345,0.66,0.675141242937853
"60d22e68bb03e1da436b8b7c","2_4",0,1,"1_2","1",4,"2.4_wrong_fast",0.518938053097345,0.66,0.675141242937853
"60d22e68bb03e1da436b8b7c","2_4",0,1,"1_3","0",4,"2.4_wrong_fast",0.518938053097345,0.66,0.675141242937853
"60d22e68bb03e1da436b8b7c","2_4",0,1,"1_4","0",4,"2.4_wrong_fast",0.518938053097345,0.66,0.675141242937853
"60d22e68bb03e1da436b8b7c","2_4",0,1,"1_5","0",4,"2.4_wrong_fast",0.518938053097345,0.66,0.675141242937853
"60f1faa39def9e1f15734734","2_2",1,0,"1_1","1",13,"2.2_right_slow",0.566398891966759,0.7,0.536723163841808
"60f1faa39def9e1f15734734","2_2",1,0,"1_2","1",13,"2.2_right_slow",0.566398891966759,0.7,0.536723163841808
"60f1faa39def9e1f15734734","2_2",1,0,"1_3","1",13,"2.2_right_slow",0.566398891966759,0.7,0.536723163841808
"60f1faa39def9e1f15734734","2_2",1,0,"1_4","1",13,"2.2_right_slow",0.566398891966759,0.7,0.536723163841808
"60f1faa39def9e1f15734734","2_2",1,0,"1_5","0",13,"2.2_right_slow",0.566398891966759,0.7,0.536723163841808
"60f1faa39def9e1f15734734","2_4",1,0,"1_1","1",13,"2.4_right_slow",0.518938053097345,0.4,0.675141242937853
"60f1faa39def9e1f15734734","2_4",1,0,"1_2","1",13,"2.4_right_slow",0.518938053097345,0.4,0.675141242937853
"60f1faa39def9e1f15734734","2_4",1,0,"1_3","1",13,"2.4_right_slow",0.518938053097345,0.4,0.675141242937853
"60f1faa39def9e1f15734734","2_4",1,0,"1_4","1",13,"2.4_right_slow",0.518938053097345,0.4,0.675141242937853
"60f1faa39def9e1f15734734","2_4",1,0,"1_5","0",13,"2.4_right_slow",0.518938053097345,0.4,0.675141242937853
"60f1faa39def9e1f15734734","2_5",1,1,"1_1","1",13,"2.5_right_fast",0.760870712401055,0.9,0.915254237288136
"60f1faa39def9e1f15734734","2_5",1,1,"1_2","1",13,"2.5_right_fast",0.760870712401055,0.9,0.915254237288136
"60f1faa39def9e1f15734734","2_5",1,1,"1_3","1",13,"2.5_right_fast",0.760870712401055,0.9,0.915254237288136
"60f1faa39def9e1f15734734","2_5",1,1,"1_4","1",13,"2.5_right_fast",0.760870712401055,0.9,0.915254237288136
"60f1faa39def9e1f15734734","2_5",1,1,"1_5","1",13,"2.5_right_fast",0.760870712401055,0.9,0.915254237288136
"60f1faa39def9e1f15734734","2_1",0,1,"1_1","0",13,"2.1_wrong_fast",0.396726726726727,0.5,0.234463276836158
"60f1faa39def9e1f15734734","2_1",0,1,"1_2","0",13,"2.1_wrong_fast",0.396726726726727,0.5,0.234463276836158
"60f1faa39def9e1f15734734","2_1",0,1,"1_3","0",13,"2.1_wrong_fast",0.396726726726727,0.5,0.234463276836158
"60f1faa39def9e1f15734734","2_1",0,1,"1_4","0",13,"2.1_wrong_fast",0.396726726726727,0.5,0.234463276836158
"60f1faa39def9e1f15734734","2_1",0,1,"1_5","0",13,"2.1_wrong_fast",0.396726726726727,0.5,0.234463276836158
"60f1faa39def9e1f15734734","2_5",0,1,"1_1","1",13,"2.5_wrong_fast",0.760870712401055,0.75,0.915254237288136
"60f1faa39def9e1f15734734","2_5",0,1,"1_2","1",13,"2.5_wrong_fast",0.760870712401055,0.75,0.915254237288136
"60f1faa39def9e1f15734734","2_5",0,1,"1_3","1",13,"2.5_wrong_fast",0.760870712401055,0.75,0.915254237288136
"60f1faa39def9e1f15734734","2_5",0,1,"1_4","1",13,"2.5_wrong_fast",0.760870712401055,0.75,0.915254237288136
"60f1faa39def9e1f15734734","2_5",0,1,"1_5","0",13,"2.5_wrong_fast",0.760870712401055,0.75,0.915254237288136
"60fce0fcf9abe7218c789734","2_1",1,0,"1_1","1",7,"2.1_right_slow",0.396726726726727,0.1,0.234463276836158
"60fce0fcf9abe7218c789734","2_1",1,0,"1_2","0",7,"2.1_right_slow",0.396726726726727,0.1,0.234463276836158
"60fce0fcf9abe7218c789734","2_1",1,0,"1_3","0",7,"2.1_right_slow",0.396726726726727,0.1,0.234463276836158
"60fce0fcf9abe7218c789734","2_1",1,0,"1_4","0",7,"2.1_right_slow",0.396726726726727,0.1,0.234463276836158
"60fce0fcf9abe7218c789734","2_1",1,0,"1_5","0",7,"2.1_right_slow",0.396726726726727,0.1,0.234463276836158
"60fce0fcf9abe7218c789734","2_2",0,0,"1_1","1",7,"2.2_wrong_slow",0.566398891966759,0.32,0.536723163841808
"60fce0fcf9abe7218c789734","2_2",0,0,"1_2","0",7,"2.2_wrong_slow",0.566398891966759,0.32,0.536723163841808
"60fce0fcf9abe7218c789734","2_2",0,0,"1_3","1",7,"2.2_wrong_slow",0.566398891966759,0.32,0.536723163841808
"60fce0fcf9abe7218c789734","2_2",0,0,"1_4","1",7,"2.2_wrong_slow",0.566398891966759,0.32,0.536723163841808
"60fce0fcf9abe7218c789734","2_2",0,0,"1_5","0",7,"2.2_wrong_slow",0.566398891966759,0.32,0.536723163841808
"60fce0fcf9abe7218c789734","2_2",1,1,"1_1","1",7,"2.2_right_fast",0.566398891966759,0.33,0.536723163841808
"60fce0fcf9abe7218c789734","2_2",1,1,"1_2","1",7,"2.2_right_fast",0.566398891966759,0.33,0.536723163841808
"60fce0fcf9abe7218c789734","2_2",1,1,"1_3","1",7,"2.2_right_fast",0.566398891966759,0.33,0.536723163841808
"60fce0fcf9abe7218c789734","2_2",1,1,"1_4","1",7,"2.2_right_fast",0.566398891966759,0.33,0.536723163841808
"60fce0fcf9abe7218c789734","2_2",1,1,"1_5","0",7,"2.2_right_fast",0.566398891966759,0.33,0.536723163841808
"60fce0fcf9abe7218c789734","2_2",0,1,"1_1","0",7,"2.2_wrong_fast",0.566398891966759,0.31,0.536723163841808
"60fce0fcf9abe7218c789734","2_2",0,1,"1_2","0",7,"2.2_wrong_fast",0.566398891966759,0.31,0.536723163841808
"60fce0fcf9abe7218c789734","2_2",0,1,"1_3","0",7,"2.2_wrong_fast",0.566398891966759,0.31,0.536723163841808
"60fce0fcf9abe7218c789734","2_2",0,1,"1_4","1",7,"2.2_wrong_fast",0.566398891966759,0.31,0.536723163841808
"60fce0fcf9abe7218c789734","2_2",0,1,"1_5","0",7,"2.2_wrong_fast",0.566398891966759,0.31,0.536723163841808
"60fce0fcf9abe7218c789734","2_4",0,1,"1_1","1",7,"2.4_wrong_fast",0.518938053097345,0.38,0.675141242937853
"60fce0fcf9abe7218c789734","2_4",0,1,"1_2","1",7,"2.4_wrong_fast",0.518938053097345,0.38,0.675141242937853
"60fce0fcf9abe7218c789734","2_4",0,1,"1_3","1",7,"2.4_wrong_fast",0.518938053097345,0.38,0.675141242937853
"60fce0fcf9abe7218c789734","2_4",0,1,"1_4","1",7,"2.4_wrong_fast",0.518938053097345,0.38,0.675141242937853
"60fce0fcf9abe7218c789734","2_4",0,1,"1_5","0",7,"2.4_wrong_fast",0.518938053097345,0.38,0.675141242937853
"60fd588771ae861f9244f93d","2_1",0,0,"1_1","0",3,"2.1_wrong_slow",0.396726726726727,0.5,0.234463276836158
"60fd588771ae861f9244f93d","2_1",0,0,"1_2","0",3,"2.1_wrong_slow",0.396726726726727,0.5,0.234463276836158
"60fd588771ae861f9244f93d","2_1",0,0,"1_3","0",3,"2.1_wrong_slow",0.396726726726727,0.5,0.234463276836158
"60fd588771ae861f9244f93d","2_1",0,0,"1_4","0",3,"2.1_wrong_slow",0.396726726726727,0.5,0.234463276836158
"60fd588771ae861f9244f93d","2_1",0,0,"1_5","0",3,"2.1_wrong_slow",0.396726726726727,0.5,0.234463276836158
"60fd588771ae861f9244f93d","2_3",0,0,"1_1","1",3,"2.3_wrong_slow",0.577430167597765,0.86,0.446327683615819
"60fd588771ae861f9244f93d","2_3",0,0,"1_2","0",3,"2.3_wrong_slow",0.577430167597765,0.86,0.446327683615819
"60fd588771ae861f9244f93d","2_3",0,0,"1_3","0",3,"2.3_wrong_slow",0.577430167597765,0.86,0.446327683615819
"60fd588771ae861f9244f93d","2_3",0,0,"1_4","1",3,"2.3_wrong_slow",0.577430167597765,0.86,0.446327683615819
"60fd588771ae861f9244f93d","2_3",0,0,"1_5","0",3,"2.3_wrong_slow",0.577430167597765,0.86,0.446327683615819
"60fd588771ae861f9244f93d","2_5",0,0,"1_1","1",3,"2.5_wrong_slow",0.760870712401055,0.91,0.915254237288136
"60fd588771ae861f9244f93d","2_5",0,0,"1_2","0",3,"2.5_wrong_slow",0.760870712401055,0.91,0.915254237288136
"60fd588771ae861f9244f93d","2_5",0,0,"1_3","0",3,"2.5_wrong_slow",0.760870712401055,0.91,0.915254237288136
"60fd588771ae861f9244f93d","2_5",0,0,"1_4","1",3,"2.5_wrong_slow",0.760870712401055,0.91,0.915254237288136
"60fd588771ae861f9244f93d","2_5",0,0,"1_5","0",3,"2.5_wrong_slow",0.760870712401055,0.91,0.915254237288136
"60fd588771ae861f9244f93d","2_2",0,1,"1_1","1",3,"2.2_wrong_fast",0.566398891966759,0.9,0.536723163841808
"60fd588771ae861f9244f93d","2_2",0,1,"1_2","0",3,"2.2_wrong_fast",0.566398891966759,0.9,0.536723163841808
"60fd588771ae861f9244f93d","2_2",0,1,"1_3","0",3,"2.2_wrong_fast",0.566398891966759,0.9,0.536723163841808
"60fd588771ae861f9244f93d","2_2",0,1,"1_4","1",3,"2.2_wrong_fast",0.566398891966759,0.9,0.536723163841808
"60fd588771ae861f9244f93d","2_2",0,1,"1_5","0",3,"2.2_wrong_fast",0.566398891966759,0.9,0.536723163841808
"60fd588771ae861f9244f93d","2_4",0,1,"1_1","0",3,"2.4_wrong_fast",0.518938053097345,0.88,0.675141242937853
"60fd588771ae861f9244f93d","2_4",0,1,"1_2","0",3,"2.4_wrong_fast",0.518938053097345,0.88,0.675141242937853
"60fd588771ae861f9244f93d","2_4",0,1,"1_3","0",3,"2.4_wrong_fast",0.518938053097345,0.88,0.675141242937853
"60fd588771ae861f9244f93d","2_4",0,1,"1_4","0",3,"2.4_wrong_fast",0.518938053097345,0.88,0.675141242937853
"60fd588771ae861f9244f93d","2_4",0,1,"1_5","0",3,"2.4_wrong_fast",0.518938053097345,0.88,0.675141242937853
"60fdc72e09443e94b6697b62","2_1",1,0,"1_1","1",8,"2.1_right_slow",0.396726726726727,0.37,0.234463276836158
"60fdc72e09443e94b6697b62","2_1",1,0,"1_2","1",8,"2.1_right_slow",0.396726726726727,0.37,0.234463276836158
"60fdc72e09443e94b6697b62","2_1",1,0,"1_3","0",8,"2.1_right_slow",0.396726726726727,0.37,0.234463276836158
"60fdc72e09443e94b6697b62","2_1",1,0,"1_4","1",8,"2.1_right_slow",0.396726726726727,0.37,0.234463276836158
"60fdc72e09443e94b6697b62","2_1",1,0,"1_5","0",8,"2.1_right_slow",0.396726726726727,0.37,0.234463276836158
"60fdc72e09443e94b6697b62","2_1",0,0,"1_1","0",8,"2.1_wrong_slow",0.396726726726727,0.6,0.234463276836158
"60fdc72e09443e94b6697b62","2_1",0,0,"1_2","0",8,"2.1_wrong_slow",0.396726726726727,0.6,0.234463276836158
"60fdc72e09443e94b6697b62","2_1",0,0,"1_3","0",8,"2.1_wrong_slow",0.396726726726727,0.6,0.234463276836158
"60fdc72e09443e94b6697b62","2_1",0,0,"1_4","1",8,"2.1_wrong_slow",0.396726726726727,0.6,0.234463276836158
"60fdc72e09443e94b6697b62","2_1",0,0,"1_5","0",8,"2.1_wrong_slow",0.396726726726727,0.6,0.234463276836158
"60fdc72e09443e94b6697b62","2_3",0,0,"1_1","1",8,"2.3_wrong_slow",0.577430167597765,0.79,0.446327683615819
"60fdc72e09443e94b6697b62","2_3",0,0,"1_2","0",8,"2.3_wrong_slow",0.577430167597765,0.79,0.446327683615819
"60fdc72e09443e94b6697b62","2_3",0,0,"1_3","0",8,"2.3_wrong_slow",0.577430167597765,0.79,0.446327683615819
"60fdc72e09443e94b6697b62","2_3",0,0,"1_4","1",8,"2.3_wrong_slow",0.577430167597765,0.79,0.446327683615819
"60fdc72e09443e94b6697b62","2_3",0,0,"1_5","0",8,"2.3_wrong_slow",0.577430167597765,0.79,0.446327683615819
"60fdc72e09443e94b6697b62","2_4",0,0,"1_1","1",8,"2.4_wrong_slow",0.518938053097345,0.43,0.675141242937853
"60fdc72e09443e94b6697b62","2_4",0,0,"1_2","0",8,"2.4_wrong_slow",0.518938053097345,0.43,0.675141242937853
"60fdc72e09443e94b6697b62","2_4",0,0,"1_3","0",8,"2.4_wrong_slow",0.518938053097345,0.43,0.675141242937853
"60fdc72e09443e94b6697b62","2_4",0,0,"1_4","0",8,"2.4_wrong_slow",0.518938053097345,0.43,0.675141242937853
"60fdc72e09443e94b6697b62","2_4",0,0,"1_5","0",8,"2.4_wrong_slow",0.518938053097345,0.43,0.675141242937853
"60fdc72e09443e94b6697b62","2_5",1,1,"1_1","1",8,"2.5_right_fast",0.760870712401055,0.96,0.915254237288136
"60fdc72e09443e94b6697b62","2_5",1,1,"1_2","1",8,"2.5_right_fast",0.760870712401055,0.96,0.915254237288136
"60fdc72e09443e94b6697b62","2_5",1,1,"1_3","1",8,"2.5_right_fast",0.760870712401055,0.96,0.915254237288136
"60fdc72e09443e94b6697b62","2_5",1,1,"1_4","1",8,"2.5_right_fast",0.760870712401055,0.96,0.915254237288136
"60fdc72e09443e94b6697b62","2_5",1,1,"1_5","1",8,"2.5_right_fast",0.760870712401055,0.96,0.915254237288136
"60fdca90f099eae5d18ad2ef","2_1",1,0,"1_1","1",6,"2.1_right_slow",0.396726726726727,0.22,0.234463276836158
"60fdca90f099eae5d18ad2ef","2_1",1,0,"1_2","1",6,"2.1_right_slow",0.396726726726727,0.22,0.234463276836158
"60fdca90f099eae5d18ad2ef","2_1",1,0,"1_3","1",6,"2.1_right_slow",0.396726726726727,0.22,0.234463276836158
"60fdca90f099eae5d18ad2ef","2_1",1,0,"1_4","1",6,"2.1_right_slow",0.396726726726727,0.22,0.234463276836158
"60fdca90f099eae5d18ad2ef","2_1",1,0,"1_5","0",6,"2.1_right_slow",0.396726726726727,0.22,0.234463276836158
"60fdca90f099eae5d18ad2ef","2_5",1,0,"1_1","1",6,"2.5_right_slow",0.760870712401055,0.93,0.915254237288136
"60fdca90f099eae5d18ad2ef","2_5",1,0,"1_2","1",6,"2.5_right_slow",0.760870712401055,0.93,0.915254237288136
"60fdca90f099eae5d18ad2ef","2_5",1,0,"1_3","1",6,"2.5_right_slow",0.760870712401055,0.93,0.915254237288136
"60fdca90f099eae5d18ad2ef","2_5",1,0,"1_4","1",6,"2.5_right_slow",0.760870712401055,0.93,0.915254237288136
"60fdca90f099eae5d18ad2ef","2_5",1,0,"1_5","1",6,"2.5_right_slow",0.760870712401055,0.93,0.915254237288136
"60fdca90f099eae5d18ad2ef","2_4",0,0,"1_1","1",6,"2.4_wrong_slow",0.518938053097345,0.15,0.675141242937853
"60fdca90f099eae5d18ad2ef","2_4",0,0,"1_2","0",6,"2.4_wrong_slow",0.518938053097345,0.15,0.675141242937853
"60fdca90f099eae5d18ad2ef","2_4",0,0,"1_3","1",6,"2.4_wrong_slow",0.518938053097345,0.15,0.675141242937853
"60fdca90f099eae5d18ad2ef","2_4",0,0,"1_4","0",6,"2.4_wrong_slow",0.518938053097345,0.15,0.675141242937853
"60fdca90f099eae5d18ad2ef","2_4",0,0,"1_5","0",6,"2.4_wrong_slow",0.518938053097345,0.15,0.675141242937853
"60fdca90f099eae5d18ad2ef","2_5",1,1,"1_1","1",6,"2.5_right_fast",0.760870712401055,0.9,0.915254237288136
"60fdca90f099eae5d18ad2ef","2_5",1,1,"1_2","1",6,"2.5_right_fast",0.760870712401055,0.9,0.915254237288136
"60fdca90f099eae5d18ad2ef","2_5",1,1,"1_3","1",6,"2.5_right_fast",0.760870712401055,0.9,0.915254237288136
"60fdca90f099eae5d18ad2ef","2_5",1,1,"1_4","1",6,"2.5_right_fast",0.760870712401055,0.9,0.915254237288136
"60fdca90f099eae5d18ad2ef","2_5",1,1,"1_5","1",6,"2.5_right_fast",0.760870712401055,0.9,0.915254237288136
"60fdca90f099eae5d18ad2ef","2_5",0,1,"1_1","1",6,"2.5_wrong_fast",0.760870712401055,0.9,0.915254237288136
"60fdca90f099eae5d18ad2ef","2_5",0,1,"1_2","1",6,"2.5_wrong_fast",0.760870712401055,0.9,0.915254237288136
"60fdca90f099eae5d18ad2ef","2_5",0,1,"1_3","1",6,"2.5_wrong_fast",0.760870712401055,0.9,0.915254237288136
"60fdca90f099eae5d18ad2ef","2_5",0,1,"1_4","1",6,"2.5_wrong_fast",0.760870712401055,0.9,0.915254237288136
"60fdca90f099eae5d18ad2ef","2_5",0,1,"1_5","0",6,"2.5_wrong_fast",0.760870712401055,0.9,0.915254237288136
"60fdf6b3117c2aeb33f2dd99","2_2",1,0,"1_1","1",2,"2.2_right_slow",0.566398891966759,0.7,0.536723163841808
"60fdf6b3117c2aeb33f2dd99","2_2",1,0,"1_2","1",2,"2.2_right_slow",0.566398891966759,0.7,0.536723163841808
"60fdf6b3117c2aeb33f2dd99","2_2",1,0,"1_3","1",2,"2.2_right_slow",0.566398891966759,0.7,0.536723163841808
"60fdf6b3117c2aeb33f2dd99","2_2",1,0,"1_4","1",2,"2.2_right_slow",0.566398891966759,0.7,0.536723163841808
"60fdf6b3117c2aeb33f2dd99","2_2",1,0,"1_5","1",2,"2.2_right_slow",0.566398891966759,0.7,0.536723163841808
"60fdf6b3117c2aeb33f2dd99","2_5",1,0,"1_1","1",2,"2.5_right_slow",0.760870712401055,0.65,0.915254237288136
"60fdf6b3117c2aeb33f2dd99","2_5",1,0,"1_2","1",2,"2.5_right_slow",0.760870712401055,0.65,0.915254237288136
"60fdf6b3117c2aeb33f2dd99","2_5",1,0,"1_3","1",2,"2.5_right_slow",0.760870712401055,0.65,0.915254237288136
"60fdf6b3117c2aeb33f2dd99","2_5",1,0,"1_4","1",2,"2.5_right_slow",0.760870712401055,0.65,0.915254237288136
"60fdf6b3117c2aeb33f2dd99","2_5",1,0,"1_5","1",2,"2.5_right_slow",0.760870712401055,0.65,0.915254237288136
"60fdf6b3117c2aeb33f2dd99","2_4",1,1,"1_1","1",2,"2.4_right_fast",0.518938053097345,0.7,0.675141242937853
"60fdf6b3117c2aeb33f2dd99","2_4",1,1,"1_2","1",2,"2.4_right_fast",0.518938053097345,0.7,0.675141242937853
"60fdf6b3117c2aeb33f2dd99","2_4",1,1,"1_3","1",2,"2.4_right_fast",0.518938053097345,0.7,0.675141242937853
"60fdf6b3117c2aeb33f2dd99","2_4",1,1,"1_4","1",2,"2.4_right_fast",0.518938053097345,0.7,0.675141242937853
"60fdf6b3117c2aeb33f2dd99","2_4",1,1,"1_5","0",2,"2.4_right_fast",0.518938053097345,0.7,0.675141242937853
"60fdf6b3117c2aeb33f2dd99","2_5",1,1,"1_1","1",2,"2.5_right_fast",0.760870712401055,0.7,0.915254237288136
"60fdf6b3117c2aeb33f2dd99","2_5",1,1,"1_2","1",2,"2.5_right_fast",0.760870712401055,0.7,0.915254237288136
"60fdf6b3117c2aeb33f2dd99","2_5",1,1,"1_3","1",2,"2.5_right_fast",0.760870712401055,0.7,0.915254237288136
"60fdf6b3117c2aeb33f2dd99","2_5",1,1,"1_4","1",2,"2.5_right_fast",0.760870712401055,0.7,0.915254237288136
"60fdf6b3117c2aeb33f2dd99","2_5",1,1,"1_5","1",2,"2.5_right_fast",0.760870712401055,0.7,0.915254237288136
"60fdf6b3117c2aeb33f2dd99","2_4",0,1,"1_1","1",2,"2.4_wrong_fast",0.518938053097345,0.7,0.675141242937853
"60fdf6b3117c2aeb33f2dd99","2_4",0,1,"1_2","1",2,"2.4_wrong_fast",0.518938053097345,0.7,0.675141242937853
"60fdf6b3117c2aeb33f2dd99","2_4",0,1,"1_3","1",2,"2.4_wrong_fast",0.518938053097345,0.7,0.675141242937853
"60fdf6b3117c2aeb33f2dd99","2_4",0,1,"1_4","0",2,"2.4_wrong_fast",0.518938053097345,0.7,0.675141242937853
"60fdf6b3117c2aeb33f2dd99","2_4",0,1,"1_5","0",2,"2.4_wrong_fast",0.518938053097345,0.7,0.675141242937853
"60fe095a27a19c4dc0eb5e0e","2_5",1,0,"1_1","1",2,"2.5_right_slow",0.760870712401055,0.59,0.915254237288136
"60fe095a27a19c4dc0eb5e0e","2_5",1,0,"1_2","1",2,"2.5_right_slow",0.760870712401055,0.59,0.915254237288136
"60fe095a27a19c4dc0eb5e0e","2_5",1,0,"1_3","1",2,"2.5_right_slow",0.760870712401055,0.59,0.915254237288136
"60fe095a27a19c4dc0eb5e0e","2_5",1,0,"1_4","1",2,"2.5_right_slow",0.760870712401055,0.59,0.915254237288136
"60fe095a27a19c4dc0eb5e0e","2_5",1,0,"1_5","1",2,"2.5_right_slow",0.760870712401055,0.59,0.915254237288136
"60fe095a27a19c4dc0eb5e0e","2_2",0,0,"1_1","1",2,"2.2_wrong_slow",0.566398891966759,0.62,0.536723163841808
"60fe095a27a19c4dc0eb5e0e","2_2",0,0,"1_2","0",2,"2.2_wrong_slow",0.566398891966759,0.62,0.536723163841808
"60fe095a27a19c4dc0eb5e0e","2_2",0,0,"1_3","0",2,"2.2_wrong_slow",0.566398891966759,0.62,0.536723163841808
"60fe095a27a19c4dc0eb5e0e","2_2",0,0,"1_4","1",2,"2.2_wrong_slow",0.566398891966759,0.62,0.536723163841808
"60fe095a27a19c4dc0eb5e0e","2_2",0,0,"1_5","0",2,"2.2_wrong_slow",0.566398891966759,0.62,0.536723163841808
"60fe095a27a19c4dc0eb5e0e","2_5",0,0,"1_1","1",2,"2.5_wrong_slow",0.760870712401055,0.68,0.915254237288136
"60fe095a27a19c4dc0eb5e0e","2_5",0,0,"1_2","1",2,"2.5_wrong_slow",0.760870712401055,0.68,0.915254237288136
"60fe095a27a19c4dc0eb5e0e","2_5",0,0,"1_3","0",2,"2.5_wrong_slow",0.760870712401055,0.68,0.915254237288136
"60fe095a27a19c4dc0eb5e0e","2_5",0,0,"1_4","1",2,"2.5_wrong_slow",0.760870712401055,0.68,0.915254237288136
"60fe095a27a19c4dc0eb5e0e","2_5",0,0,"1_5","0",2,"2.5_wrong_slow",0.760870712401055,0.68,0.915254237288136
"60fe095a27a19c4dc0eb5e0e","2_3",1,1,"1_1","1",2,"2.3_right_fast",0.577430167597765,0.7,0.446327683615819
"60fe095a27a19c4dc0eb5e0e","2_3",1,1,"1_2","1",2,"2.3_right_fast",0.577430167597765,0.7,0.446327683615819
"60fe095a27a19c4dc0eb5e0e","2_3",1,1,"1_3","0",2,"2.3_right_fast",0.577430167597765,0.7,0.446327683615819
"60fe095a27a19c4dc0eb5e0e","2_3",1,1,"1_4","0",2,"2.3_right_fast",0.577430167597765,0.7,0.446327683615819
"60fe095a27a19c4dc0eb5e0e","2_3",1,1,"1_5","0",2,"2.3_right_fast",0.577430167597765,0.7,0.446327683615819
"60fe095a27a19c4dc0eb5e0e","2_4",1,1,"1_1","0",2,"2.4_right_fast",0.518938053097345,0.4,0.675141242937853
"60fe095a27a19c4dc0eb5e0e","2_4",1,1,"1_2","0",2,"2.4_right_fast",0.518938053097345,0.4,0.675141242937853
"60fe095a27a19c4dc0eb5e0e","2_4",1,1,"1_3","1",2,"2.4_right_fast",0.518938053097345,0.4,0.675141242937853
"60fe095a27a19c4dc0eb5e0e","2_4",1,1,"1_4","1",2,"2.4_right_fast",0.518938053097345,0.4,0.675141242937853
"60fe095a27a19c4dc0eb5e0e","2_4",1,1,"1_5","0",2,"2.4_right_fast",0.518938053097345,0.4,0.675141242937853
"60ff23ed41f1414de8b3856b","2_4",1,0,"1_1","1",13,"2.4_right_slow",0.518938053097345,0.61,0.675141242937853
"60ff23ed41f1414de8b3856b","2_4",1,0,"1_2","1",13,"2.4_right_slow",0.518938053097345,0.61,0.675141242937853
"60ff23ed41f1414de8b3856b","2_4",1,0,"1_3","0",13,"2.4_right_slow",0.518938053097345,0.61,0.675141242937853
"60ff23ed41f1414de8b3856b","2_4",1,0,"1_4","1",13,"2.4_right_slow",0.518938053097345,0.61,0.675141242937853
"60ff23ed41f1414de8b3856b","2_4",1,0,"1_5","0",13,"2.4_right_slow",0.518938053097345,0.61,0.675141242937853
"60ff23ed41f1414de8b3856b","2_2",0,0,"1_1","1",13,"2.2_wrong_slow",0.566398891966759,0.37,0.536723163841808
"60ff23ed41f1414de8b3856b","2_2",0,0,"1_2","0",13,"2.2_wrong_slow",0.566398891966759,0.37,0.536723163841808
"60ff23ed41f1414de8b3856b","2_2",0,0,"1_3","0",13,"2.2_wrong_slow",0.566398891966759,0.37,0.536723163841808
"60ff23ed41f1414de8b3856b","2_2",0,0,"1_4","1",13,"2.2_wrong_slow",0.566398891966759,0.37,0.536723163841808
"60ff23ed41f1414de8b3856b","2_2",0,0,"1_5","0",13,"2.2_wrong_slow",0.566398891966759,0.37,0.536723163841808
"60ff23ed41f1414de8b3856b","2_4",1,1,"1_1","1",13,"2.4_right_fast",0.518938053097345,0.72,0.675141242937853
"60ff23ed41f1414de8b3856b","2_4",1,1,"1_2","1",13,"2.4_right_fast",0.518938053097345,0.72,0.675141242937853
"60ff23ed41f1414de8b3856b","2_4",1,1,"1_3","0",13,"2.4_right_fast",0.518938053097345,0.72,0.675141242937853
"60ff23ed41f1414de8b3856b","2_4",1,1,"1_4","1",13,"2.4_right_fast",0.518938053097345,0.72,0.675141242937853
"60ff23ed41f1414de8b3856b","2_4",1,1,"1_5","0",13,"2.4_right_fast",0.518938053097345,0.72,0.675141242937853
"60ff23ed41f1414de8b3856b","2_3",0,1,"1_1","1",13,"2.3_wrong_fast",0.577430167597765,0.66,0.446327683615819
"60ff23ed41f1414de8b3856b","2_3",0,1,"1_2","1",13,"2.3_wrong_fast",0.577430167597765,0.66,0.446327683615819
"60ff23ed41f1414de8b3856b","2_3",0,1,"1_3","0",13,"2.3_wrong_fast",0.577430167597765,0.66,0.446327683615819
"60ff23ed41f1414de8b3856b","2_3",0,1,"1_4","1",13,"2.3_wrong_fast",0.577430167597765,0.66,0.446327683615819
"60ff23ed41f1414de8b3856b","2_3",0,1,"1_5","0",13,"2.3_wrong_fast",0.577430167597765,0.66,0.446327683615819
"60ff23ed41f1414de8b3856b","2_4",0,1,"1_1","1",13,"2.4_wrong_fast",0.518938053097345,0.33,0.675141242937853
"60ff23ed41f1414de8b3856b","2_4",0,1,"1_2","1",13,"2.4_wrong_fast",0.518938053097345,0.33,0.675141242937853
"60ff23ed41f1414de8b3856b","2_4",0,1,"1_3","0",13,"2.4_wrong_fast",0.518938053097345,0.33,0.675141242937853
"60ff23ed41f1414de8b3856b","2_4",0,1,"1_4","1",13,"2.4_wrong_fast",0.518938053097345,0.33,0.675141242937853
"60ff23ed41f1414de8b3856b","2_4",0,1,"1_5","0",13,"2.4_wrong_fast",0.518938053097345,0.33,0.675141242937853
"6108193d19ecf066ec729083","2_2",1,0,"1_1","1",10,"2.2_right_slow",0.566398891966759,0.5,0.536723163841808
"6108193d19ecf066ec729083","2_2",1,0,"1_2","1",10,"2.2_right_slow",0.566398891966759,0.5,0.536723163841808
"6108193d19ecf066ec729083","2_2",1,0,"1_3","0",10,"2.2_right_slow",0.566398891966759,0.5,0.536723163841808
"6108193d19ecf066ec729083","2_2",1,0,"1_4","1",10,"2.2_right_slow",0.566398891966759,0.5,0.536723163841808
"6108193d19ecf066ec729083","2_2",1,0,"1_5","0",10,"2.2_right_slow",0.566398891966759,0.5,0.536723163841808
"6108193d19ecf066ec729083","2_4",1,1,"1_1","1",10,"2.4_right_fast",0.518938053097345,0.5,0.675141242937853
"6108193d19ecf066ec729083","2_4",1,1,"1_2","1",10,"2.4_right_fast",0.518938053097345,0.5,0.675141242937853
"6108193d19ecf066ec729083","2_4",1,1,"1_3","0",10,"2.4_right_fast",0.518938053097345,0.5,0.675141242937853
"6108193d19ecf066ec729083","2_4",1,1,"1_4","1",10,"2.4_right_fast",0.518938053097345,0.5,0.675141242937853
"6108193d19ecf066ec729083","2_4",1,1,"1_5","0",10,"2.4_right_fast",0.518938053097345,0.5,0.675141242937853
"6108193d19ecf066ec729083","2_2",0,1,"1_1","1",10,"2.2_wrong_fast",0.566398891966759,0.5,0.536723163841808
"6108193d19ecf066ec729083","2_2",0,1,"1_2","1",10,"2.2_wrong_fast",0.566398891966759,0.5,0.536723163841808
"6108193d19ecf066ec729083","2_2",0,1,"1_3","0",10,"2.2_wrong_fast",0.566398891966759,0.5,0.536723163841808
"6108193d19ecf066ec729083","2_2",0,1,"1_4","1",10,"2.2_wrong_fast",0.566398891966759,0.5,0.536723163841808
"6108193d19ecf066ec729083","2_2",0,1,"1_5","0",10,"2.2_wrong_fast",0.566398891966759,0.5,0.536723163841808
"6108193d19ecf066ec729083","2_3",0,1,"1_1","1",10,"2.3_wrong_fast",0.577430167597765,0.8,0.446327683615819
"6108193d19ecf066ec729083","2_3",0,1,"1_2","1",10,"2.3_wrong_fast",0.577430167597765,0.8,0.446327683615819
"6108193d19ecf066ec729083","2_3",0,1,"1_3","0",10,"2.3_wrong_fast",0.577430167597765,0.8,0.446327683615819
"6108193d19ecf066ec729083","2_3",0,1,"1_4","1",10,"2.3_wrong_fast",0.577430167597765,0.8,0.446327683615819
"6108193d19ecf066ec729083","2_3",0,1,"1_5","0",10,"2.3_wrong_fast",0.577430167597765,0.8,0.446327683615819
"6108193d19ecf066ec729083","2_4",0,1,"1_1","1",10,"2.4_wrong_fast",0.518938053097345,0.5,0.675141242937853
"6108193d19ecf066ec729083","2_4",0,1,"1_2","1",10,"2.4_wrong_fast",0.518938053097345,0.5,0.675141242937853
"6108193d19ecf066ec729083","2_4",0,1,"1_3","0",10,"2.4_wrong_fast",0.518938053097345,0.5,0.675141242937853
"6108193d19ecf066ec729083","2_4",0,1,"1_4","1",10,"2.4_wrong_fast",0.518938053097345,0.5,0.675141242937853
"6108193d19ecf066ec729083","2_4",0,1,"1_5","0",10,"2.4_wrong_fast",0.518938053097345,0.5,0.675141242937853
"61083d0487d9041740853c17","2_3",1,0,"1_1","1",3,"2.3_right_slow",0.577430167597765,0.45,0.446327683615819
"61083d0487d9041740853c17","2_3",1,0,"1_2","1",3,"2.3_right_slow",0.577430167597765,0.45,0.446327683615819
"61083d0487d9041740853c17","2_3",1,0,"1_3","1",3,"2.3_right_slow",0.577430167597765,0.45,0.446327683615819
"61083d0487d9041740853c17","2_3",1,0,"1_4","1",3,"2.3_right_slow",0.577430167597765,0.45,0.446327683615819
"61083d0487d9041740853c17","2_3",1,0,"1_5","0",3,"2.3_right_slow",0.577430167597765,0.45,0.446327683615819
"61083d0487d9041740853c17","2_5",0,0,"1_1","1",3,"2.5_wrong_slow",0.760870712401055,0.9,0.915254237288136
"61083d0487d9041740853c17","2_5",0,0,"1_2","0",3,"2.5_wrong_slow",0.760870712401055,0.9,0.915254237288136
"61083d0487d9041740853c17","2_5",0,0,"1_3","0",3,"2.5_wrong_slow",0.760870712401055,0.9,0.915254237288136
"61083d0487d9041740853c17","2_5",0,0,"1_4","1",3,"2.5_wrong_slow",0.760870712401055,0.9,0.915254237288136
"61083d0487d9041740853c17","2_5",0,0,"1_5","0",3,"2.5_wrong_slow",0.760870712401055,0.9,0.915254237288136
"61083d0487d9041740853c17","2_2",1,1,"1_1","1",3,"2.2_right_fast",0.566398891966759,0.35,0.536723163841808
"61083d0487d9041740853c17","2_2",1,1,"1_2","1",3,"2.2_right_fast",0.566398891966759,0.35,0.536723163841808
"61083d0487d9041740853c17","2_2",1,1,"1_3","1",3,"2.2_right_fast",0.566398891966759,0.35,0.536723163841808
"61083d0487d9041740853c17","2_2",1,1,"1_4","1",3,"2.2_right_fast",0.566398891966759,0.35,0.536723163841808
"61083d0487d9041740853c17","2_2",1,1,"1_5","0",3,"2.2_right_fast",0.566398891966759,0.35,0.536723163841808
"61083d0487d9041740853c17","2_5",1,1,"1_1","1",3,"2.5_right_fast",0.760870712401055,0.95,0.915254237288136
"61083d0487d9041740853c17","2_5",1,1,"1_2","1",3,"2.5_right_fast",0.760870712401055,0.95,0.915254237288136
"61083d0487d9041740853c17","2_5",1,1,"1_3","1",3,"2.5_right_fast",0.760870712401055,0.95,0.915254237288136
"61083d0487d9041740853c17","2_5",1,1,"1_4","1",3,"2.5_right_fast",0.760870712401055,0.95,0.915254237288136
"61083d0487d9041740853c17","2_5",1,1,"1_5","1",3,"2.5_right_fast",0.760870712401055,0.95,0.915254237288136
"61083d0487d9041740853c17","2_5",0,1,"1_1","1",3,"2.5_wrong_fast",0.760870712401055,0.95,0.915254237288136
"61083d0487d9041740853c17","2_5",0,1,"1_2","0",3,"2.5_wrong_fast",0.760870712401055,0.95,0.915254237288136
"61083d0487d9041740853c17","2_5",0,1,"1_3","0",3,"2.5_wrong_fast",0.760870712401055,0.95,0.915254237288136
"61083d0487d9041740853c17","2_5",0,1,"1_4","1",3,"2.5_wrong_fast",0.760870712401055,0.95,0.915254237288136
"61083d0487d9041740853c17","2_5",0,1,"1_5","0",3,"2.5_wrong_fast",0.760870712401055,0.95,0.915254237288136
"61094de0a1e19ace0ab9d34e","2_1",0,0,"1_1","0",11,"2.1_wrong_slow",0.396726726726727,0.64,0.234463276836158
"61094de0a1e19ace0ab9d34e","2_1",0,0,"1_2","0",11,"2.1_wrong_slow",0.396726726726727,0.64,0.234463276836158
"61094de0a1e19ace0ab9d34e","2_1",0,0,"1_3","0",11,"2.1_wrong_slow",0.396726726726727,0.64,0.234463276836158
"61094de0a1e19ace0ab9d34e","2_1",0,0,"1_4","1",11,"2.1_wrong_slow",0.396726726726727,0.64,0.234463276836158
"61094de0a1e19ace0ab9d34e","2_1",0,0,"1_5","0",11,"2.1_wrong_slow",0.396726726726727,0.64,0.234463276836158
"61094de0a1e19ace0ab9d34e","2_3",0,0,"1_1","1",11,"2.3_wrong_slow",0.577430167597765,0.63,0.446327683615819
"61094de0a1e19ace0ab9d34e","2_3",0,0,"1_2","1",11,"2.3_wrong_slow",0.577430167597765,0.63,0.446327683615819
"61094de0a1e19ace0ab9d34e","2_3",0,0,"1_3","0",11,"2.3_wrong_slow",0.577430167597765,0.63,0.446327683615819
"61094de0a1e19ace0ab9d34e","2_3",0,0,"1_4","1",11,"2.3_wrong_slow",0.577430167597765,0.63,0.446327683615819
"61094de0a1e19ace0ab9d34e","2_3",0,0,"1_5","0",11,"2.3_wrong_slow",0.577430167597765,0.63,0.446327683615819
"61094de0a1e19ace0ab9d34e","2_5",0,0,"1_1","1",11,"2.5_wrong_slow",0.760870712401055,0.92,0.915254237288136
"61094de0a1e19ace0ab9d34e","2_5",0,0,"1_2","1",11,"2.5_wrong_slow",0.760870712401055,0.92,0.915254237288136
"61094de0a1e19ace0ab9d34e","2_5",0,0,"1_3","0",11,"2.5_wrong_slow",0.760870712401055,0.92,0.915254237288136
"61094de0a1e19ace0ab9d34e","2_5",0,0,"1_4","1",11,"2.5_wrong_slow",0.760870712401055,0.92,0.915254237288136
"61094de0a1e19ace0ab9d34e","2_5",0,0,"1_5","0",11,"2.5_wrong_slow",0.760870712401055,0.92,0.915254237288136
"61094de0a1e19ace0ab9d34e","2_2",1,1,"1_1","1",11,"2.2_right_fast",0.566398891966759,0.75,0.536723163841808
"61094de0a1e19ace0ab9d34e","2_2",1,1,"1_2","1",11,"2.2_right_fast",0.566398891966759,0.75,0.536723163841808
"61094de0a1e19ace0ab9d34e","2_2",1,1,"1_3","1",11,"2.2_right_fast",0.566398891966759,0.75,0.536723163841808
"61094de0a1e19ace0ab9d34e","2_2",1,1,"1_4","1",11,"2.2_right_fast",0.566398891966759,0.75,0.536723163841808
"61094de0a1e19ace0ab9d34e","2_2",1,1,"1_5","0",11,"2.2_right_fast",0.566398891966759,0.75,0.536723163841808
"61094de0a1e19ace0ab9d34e","2_5",0,1,"1_1","1",11,"2.5_wrong_fast",0.760870712401055,0.92,0.915254237288136
"61094de0a1e19ace0ab9d34e","2_5",0,1,"1_2","1",11,"2.5_wrong_fast",0.760870712401055,0.92,0.915254237288136
"61094de0a1e19ace0ab9d34e","2_5",0,1,"1_3","0",11,"2.5_wrong_fast",0.760870712401055,0.92,0.915254237288136
"61094de0a1e19ace0ab9d34e","2_5",0,1,"1_4","1",11,"2.5_wrong_fast",0.760870712401055,0.92,0.915254237288136
"61094de0a1e19ace0ab9d34e","2_5",0,1,"1_5","0",11,"2.5_wrong_fast",0.760870712401055,0.92,0.915254237288136
"61109efff90b5bcc15b68b75","2_4",1,0,"1_1","1",3,"2.4_right_slow",0.518938053097345,0.87,0.675141242937853
"61109efff90b5bcc15b68b75","2_4",1,0,"1_2","0",3,"2.4_right_slow",0.518938053097345,0.87,0.675141242937853
"61109efff90b5bcc15b68b75","2_4",1,0,"1_3","1",3,"2.4_right_slow",0.518938053097345,0.87,0.675141242937853
"61109efff90b5bcc15b68b75","2_4",1,0,"1_4","1",3,"2.4_right_slow",0.518938053097345,0.87,0.675141242937853
"61109efff90b5bcc15b68b75","2_4",1,0,"1_5","0",3,"2.4_right_slow",0.518938053097345,0.87,0.675141242937853
"61109efff90b5bcc15b68b75","2_5",0,0,"1_1","1",3,"2.5_wrong_slow",0.760870712401055,0.74,0.915254237288136
"61109efff90b5bcc15b68b75","2_5",0,0,"1_2","1",3,"2.5_wrong_slow",0.760870712401055,0.74,0.915254237288136
"61109efff90b5bcc15b68b75","2_5",0,0,"1_3","0",3,"2.5_wrong_slow",0.760870712401055,0.74,0.915254237288136
"61109efff90b5bcc15b68b75","2_5",0,0,"1_4","0",3,"2.5_wrong_slow",0.760870712401055,0.74,0.915254237288136
"61109efff90b5bcc15b68b75","2_5",0,0,"1_5","0",3,"2.5_wrong_slow",0.760870712401055,0.74,0.915254237288136
"61109efff90b5bcc15b68b75","2_1",1,1,"1_1","1",3,"2.1_right_fast",0.396726726726727,0.4,0.234463276836158
"61109efff90b5bcc15b68b75","2_1",1,1,"1_2","1",3,"2.1_right_fast",0.396726726726727,0.4,0.234463276836158
"61109efff90b5bcc15b68b75","2_1",1,1,"1_3","0",3,"2.1_right_fast",0.396726726726727,0.4,0.234463276836158
"61109efff90b5bcc15b68b75","2_1",1,1,"1_4","0",3,"2.1_right_fast",0.396726726726727,0.4,0.234463276836158
"61109efff90b5bcc15b68b75","2_1",1,1,"1_5","0",3,"2.1_right_fast",0.396726726726727,0.4,0.234463276836158
"61109efff90b5bcc15b68b75","2_3",1,1,"1_1","1",3,"2.3_right_fast",0.577430167597765,0.67,0.446327683615819
"61109efff90b5bcc15b68b75","2_3",1,1,"1_2","0",3,"2.3_right_fast",0.577430167597765,0.67,0.446327683615819
"61109efff90b5bcc15b68b75","2_3",1,1,"1_3","1",3,"2.3_right_fast",0.577430167597765,0.67,0.446327683615819
"61109efff90b5bcc15b68b75","2_3",1,1,"1_4","1",3,"2.3_right_fast",0.577430167597765,0.67,0.446327683615819
"61109efff90b5bcc15b68b75","2_3",1,1,"1_5","0",3,"2.3_right_fast",0.577430167597765,0.67,0.446327683615819
"61109efff90b5bcc15b68b75","2_3",0,1,"1_1","1",3,"2.3_wrong_fast",0.577430167597765,0.42,0.446327683615819
"61109efff90b5bcc15b68b75","2_3",0,1,"1_2","1",3,"2.3_wrong_fast",0.577430167597765,0.42,0.446327683615819
"61109efff90b5bcc15b68b75","2_3",0,1,"1_3","0",3,"2.3_wrong_fast",0.577430167597765,0.42,0.446327683615819
"61109efff90b5bcc15b68b75","2_3",0,1,"1_4","0",3,"2.3_wrong_fast",0.577430167597765,0.42,0.446327683615819
"61109efff90b5bcc15b68b75","2_3",0,1,"1_5","0",3,"2.3_wrong_fast",0.577430167597765,0.42,0.446327683615819
"6115116af136776366f387f1","2_4",0,0,"1_1","1",5,"2.4_wrong_slow",0.518938053097345,0.61,0.675141242937853
"6115116af136776366f387f1","2_4",0,0,"1_2","0",5,"2.4_wrong_slow",0.518938053097345,0.61,0.675141242937853
"6115116af136776366f387f1","2_4",0,0,"1_3","0",5,"2.4_wrong_slow",0.518938053097345,0.61,0.675141242937853
"6115116af136776366f387f1","2_4",0,0,"1_4","0",5,"2.4_wrong_slow",0.518938053097345,0.61,0.675141242937853
"6115116af136776366f387f1","2_4",0,0,"1_5","0",5,"2.4_wrong_slow",0.518938053097345,0.61,0.675141242937853
"6115116af136776366f387f1","2_5",0,0,"1_1","1",5,"2.5_wrong_slow",0.760870712401055,0.84,0.915254237288136
"6115116af136776366f387f1","2_5",0,0,"1_2","1",5,"2.5_wrong_slow",0.760870712401055,0.84,0.915254237288136
"6115116af136776366f387f1","2_5",0,0,"1_3","1",5,"2.5_wrong_slow",0.760870712401055,0.84,0.915254237288136
"6115116af136776366f387f1","2_5",0,0,"1_4","1",5,"2.5_wrong_slow",0.760870712401055,0.84,0.915254237288136
"6115116af136776366f387f1","2_5",0,0,"1_5","0",5,"2.5_wrong_slow",0.760870712401055,0.84,0.915254237288136
"6115116af136776366f387f1","2_4",1,1,"1_1","1",5,"2.4_right_fast",0.518938053097345,0.71,0.675141242937853
"6115116af136776366f387f1","2_4",1,1,"1_2","1",5,"2.4_right_fast",0.518938053097345,0.71,0.675141242937853
"6115116af136776366f387f1","2_4",1,1,"1_3","1",5,"2.4_right_fast",0.518938053097345,0.71,0.675141242937853
"6115116af136776366f387f1","2_4",1,1,"1_4","1",5,"2.4_right_fast",0.518938053097345,0.71,0.675141242937853
"6115116af136776366f387f1","2_4",1,1,"1_5","0",5,"2.4_right_fast",0.518938053097345,0.71,0.675141242937853
"6115116af136776366f387f1","2_1",0,1,"1_1","0",5,"2.1_wrong_fast",0.396726726726727,0.42,0.234463276836158
"6115116af136776366f387f1","2_1",0,1,"1_2","0",5,"2.1_wrong_fast",0.396726726726727,0.42,0.234463276836158
"6115116af136776366f387f1","2_1",0,1,"1_3","0",5,"2.1_wrong_fast",0.396726726726727,0.42,0.234463276836158
"6115116af136776366f387f1","2_1",0,1,"1_4","0",5,"2.1_wrong_fast",0.396726726726727,0.42,0.234463276836158
"6115116af136776366f387f1","2_1",0,1,"1_5","0",5,"2.1_wrong_fast",0.396726726726727,0.42,0.234463276836158
"6115116af136776366f387f1","2_5",0,1,"1_1","1",5,"2.5_wrong_fast",0.760870712401055,0.91,0.915254237288136
"6115116af136776366f387f1","2_5",0,1,"1_2","1",5,"2.5_wrong_fast",0.760870712401055,0.91,0.915254237288136
"6115116af136776366f387f1","2_5",0,1,"1_3","1",5,"2.5_wrong_fast",0.760870712401055,0.91,0.915254237288136
"6115116af136776366f387f1","2_5",0,1,"1_4","1",5,"2.5_wrong_fast",0.760870712401055,0.91,0.915254237288136
"6115116af136776366f387f1","2_5",0,1,"1_5","0",5,"2.5_wrong_fast",0.760870712401055,0.91,0.915254237288136
"611945fc6980c74d56ebaa43","2_1",0,0,"1_1","0",4,"2.1_wrong_slow",0.396726726726727,0.48,0.234463276836158
"611945fc6980c74d56ebaa43","2_1",0,0,"1_2","1",4,"2.1_wrong_slow",0.396726726726727,0.48,0.234463276836158
"611945fc6980c74d56ebaa43","2_1",0,0,"1_3","1",4,"2.1_wrong_slow",0.396726726726727,0.48,0.234463276836158
"611945fc6980c74d56ebaa43","2_1",0,0,"1_4","1",4,"2.1_wrong_slow",0.396726726726727,0.48,0.234463276836158
"611945fc6980c74d56ebaa43","2_1",0,0,"1_5","0",4,"2.1_wrong_slow",0.396726726726727,0.48,0.234463276836158
"611945fc6980c74d56ebaa43","2_5",0,0,"1_1","1",4,"2.5_wrong_slow",0.760870712401055,0.95,0.915254237288136
"611945fc6980c74d56ebaa43","2_5",0,0,"1_2","0",4,"2.5_wrong_slow",0.760870712401055,0.95,0.915254237288136
"611945fc6980c74d56ebaa43","2_5",0,0,"1_3","0",4,"2.5_wrong_slow",0.760870712401055,0.95,0.915254237288136
"611945fc6980c74d56ebaa43","2_5",0,0,"1_4","1",4,"2.5_wrong_slow",0.760870712401055,0.95,0.915254237288136
"611945fc6980c74d56ebaa43","2_5",0,0,"1_5","0",4,"2.5_wrong_slow",0.760870712401055,0.95,0.915254237288136
"611945fc6980c74d56ebaa43","2_3",1,1,"1_1","1",4,"2.3_right_fast",0.577430167597765,0.77,0.446327683615819
"611945fc6980c74d56ebaa43","2_3",1,1,"1_2","1",4,"2.3_right_fast",0.577430167597765,0.77,0.446327683615819
"611945fc6980c74d56ebaa43","2_3",1,1,"1_3","1",4,"2.3_right_fast",0.577430167597765,0.77,0.446327683615819
"611945fc6980c74d56ebaa43","2_3",1,1,"1_4","1",4,"2.3_right_fast",0.577430167597765,0.77,0.446327683615819
"611945fc6980c74d56ebaa43","2_3",1,1,"1_5","1",4,"2.3_right_fast",0.577430167597765,0.77,0.446327683615819
"611945fc6980c74d56ebaa43","2_5",1,1,"1_1","1",4,"2.5_right_fast",0.760870712401055,0.94,0.915254237288136
"611945fc6980c74d56ebaa43","2_5",1,1,"1_2","1",4,"2.5_right_fast",0.760870712401055,0.94,0.915254237288136
"611945fc6980c74d56ebaa43","2_5",1,1,"1_3","1",4,"2.5_right_fast",0.760870712401055,0.94,0.915254237288136
"611945fc6980c74d56ebaa43","2_5",1,1,"1_4","1",4,"2.5_right_fast",0.760870712401055,0.94,0.915254237288136
"611945fc6980c74d56ebaa43","2_5",1,1,"1_5","1",4,"2.5_right_fast",0.760870712401055,0.94,0.915254237288136
"611945fc6980c74d56ebaa43","2_3",0,1,"1_1","1",4,"2.3_wrong_fast",0.577430167597765,0.92,0.446327683615819
"611945fc6980c74d56ebaa43","2_3",0,1,"1_2","0",4,"2.3_wrong_fast",0.577430167597765,0.92,0.446327683615819
"611945fc6980c74d56ebaa43","2_3",0,1,"1_3","1",4,"2.3_wrong_fast",0.577430167597765,0.92,0.446327683615819
"611945fc6980c74d56ebaa43","2_3",0,1,"1_4","1",4,"2.3_wrong_fast",0.577430167597765,0.92,0.446327683615819
"611945fc6980c74d56ebaa43","2_3",0,1,"1_5","0",4,"2.3_wrong_fast",0.577430167597765,0.92,0.446327683615819
"6119bdc932d9ebe82ea581e1","2_4",1,0,"1_1","1",6,"2.4_right_slow",0.518938053097345,0.75,0.675141242937853
"6119bdc932d9ebe82ea581e1","2_4",1,0,"1_2","1",6,"2.4_right_slow",0.518938053097345,0.75,0.675141242937853
"6119bdc932d9ebe82ea581e1","2_4",1,0,"1_3","1",6,"2.4_right_slow",0.518938053097345,0.75,0.675141242937853
"6119bdc932d9ebe82ea581e1","2_4",1,0,"1_4","1",6,"2.4_right_slow",0.518938053097345,0.75,0.675141242937853
"6119bdc932d9ebe82ea581e1","2_4",1,0,"1_5","0",6,"2.4_right_slow",0.518938053097345,0.75,0.675141242937853
"6119bdc932d9ebe82ea581e1","2_4",0,0,"1_1","1",6,"2.4_wrong_slow",0.518938053097345,0.9,0.675141242937853
"6119bdc932d9ebe82ea581e1","2_4",0,0,"1_2","1",6,"2.4_wrong_slow",0.518938053097345,0.9,0.675141242937853
"6119bdc932d9ebe82ea581e1","2_4",0,0,"1_3","1",6,"2.4_wrong_slow",0.518938053097345,0.9,0.675141242937853
"6119bdc932d9ebe82ea581e1","2_4",0,0,"1_4","0",6,"2.4_wrong_slow",0.518938053097345,0.9,0.675141242937853
"6119bdc932d9ebe82ea581e1","2_4",0,0,"1_5","0",6,"2.4_wrong_slow",0.518938053097345,0.9,0.675141242937853
"6119bdc932d9ebe82ea581e1","2_2",0,1,"1_1","1",6,"2.2_wrong_fast",0.566398891966759,0.89,0.536723163841808
"6119bdc932d9ebe82ea581e1","2_2",0,1,"1_2","1",6,"2.2_wrong_fast",0.566398891966759,0.89,0.536723163841808
"6119bdc932d9ebe82ea581e1","2_2",0,1,"1_3","1",6,"2.2_wrong_fast",0.566398891966759,0.89,0.536723163841808
"6119bdc932d9ebe82ea581e1","2_2",0,1,"1_4","0",6,"2.2_wrong_fast",0.566398891966759,0.89,0.536723163841808
"6119bdc932d9ebe82ea581e1","2_2",0,1,"1_5","0",6,"2.2_wrong_fast",0.566398891966759,0.89,0.536723163841808
"6119bdc932d9ebe82ea581e1","2_3",0,1,"1_1","1",6,"2.3_wrong_fast",0.577430167597765,0.9,0.446327683615819
"6119bdc932d9ebe82ea581e1","2_3",0,1,"1_2","1",6,"2.3_wrong_fast",0.577430167597765,0.9,0.446327683615819
"6119bdc932d9ebe82ea581e1","2_3",0,1,"1_3","1",6,"2.3_wrong_fast",0.577430167597765,0.9,0.446327683615819
"6119bdc932d9ebe82ea581e1","2_3",0,1,"1_4","0",6,"2.3_wrong_fast",0.577430167597765,0.9,0.446327683615819
"6119bdc932d9ebe82ea581e1","2_3",0,1,"1_5","0",6,"2.3_wrong_fast",0.577430167597765,0.9,0.446327683615819
"6119bdc932d9ebe82ea581e1","2_5",0,1,"1_1","1",6,"2.5_wrong_fast",0.760870712401055,0.99,0.915254237288136
"6119bdc932d9ebe82ea581e1","2_5",0,1,"1_2","1",6,"2.5_wrong_fast",0.760870712401055,0.99,0.915254237288136
"6119bdc932d9ebe82ea581e1","2_5",0,1,"1_3","1",6,"2.5_wrong_fast",0.760870712401055,0.99,0.915254237288136
"6119bdc932d9ebe82ea581e1","2_5",0,1,"1_4","0",6,"2.5_wrong_fast",0.760870712401055,0.99,0.915254237288136
"6119bdc932d9ebe82ea581e1","2_5",0,1,"1_5","0",6,"2.5_wrong_fast",0.760870712401055,0.99,0.915254237288136
"611dd070c87e8eef203770d9","2_4",0,0,"1_1","1",6,"2.4_wrong_slow",0.518938053097345,0.2,0.675141242937853
"611dd070c87e8eef203770d9","2_4",0,0,"1_2","0",6,"2.4_wrong_slow",0.518938053097345,0.2,0.675141242937853
"611dd070c87e8eef203770d9","2_4",0,0,"1_3","0",6,"2.4_wrong_slow",0.518938053097345,0.2,0.675141242937853
"611dd070c87e8eef203770d9","2_4",0,0,"1_4","0",6,"2.4_wrong_slow",0.518938053097345,0.2,0.675141242937853
"611dd070c87e8eef203770d9","2_4",0,0,"1_5","0",6,"2.4_wrong_slow",0.518938053097345,0.2,0.675141242937853
"611dd070c87e8eef203770d9","2_5",0,0,"1_1","1",6,"2.5_wrong_slow",0.760870712401055,0.97,0.915254237288136
"611dd070c87e8eef203770d9","2_5",0,0,"1_2","0",6,"2.5_wrong_slow",0.760870712401055,0.97,0.915254237288136
"611dd070c87e8eef203770d9","2_5",0,0,"1_3","1",6,"2.5_wrong_slow",0.760870712401055,0.97,0.915254237288136
"611dd070c87e8eef203770d9","2_5",0,0,"1_4","1",6,"2.5_wrong_slow",0.760870712401055,0.97,0.915254237288136
"611dd070c87e8eef203770d9","2_5",0,0,"1_5","0",6,"2.5_wrong_slow",0.760870712401055,0.97,0.915254237288136
"611dd070c87e8eef203770d9","2_1",1,1,"1_1","1",6,"2.1_right_fast",0.396726726726727,0.8,0.234463276836158
"611dd070c87e8eef203770d9","2_1",1,1,"1_2","0",6,"2.1_right_fast",0.396726726726727,0.8,0.234463276836158
"611dd070c87e8eef203770d9","2_1",1,1,"1_3","1",6,"2.1_right_fast",0.396726726726727,0.8,0.234463276836158
"611dd070c87e8eef203770d9","2_1",1,1,"1_4","1",6,"2.1_right_fast",0.396726726726727,0.8,0.234463276836158
"611dd070c87e8eef203770d9","2_1",1,1,"1_5","0",6,"2.1_right_fast",0.396726726726727,0.8,0.234463276836158
"611dd070c87e8eef203770d9","2_3",1,1,"1_1","1",6,"2.3_right_fast",0.577430167597765,0.8,0.446327683615819
"611dd070c87e8eef203770d9","2_3",1,1,"1_2","0",6,"2.3_right_fast",0.577430167597765,0.8,0.446327683615819
"611dd070c87e8eef203770d9","2_3",1,1,"1_3","1",6,"2.3_right_fast",0.577430167597765,0.8,0.446327683615819
"611dd070c87e8eef203770d9","2_3",1,1,"1_4","1",6,"2.3_right_fast",0.577430167597765,0.8,0.446327683615819
"611dd070c87e8eef203770d9","2_3",1,1,"1_5","0",6,"2.3_right_fast",0.577430167597765,0.8,0.446327683615819
"611dd070c87e8eef203770d9","2_5",0,1,"1_1","1",6,"2.5_wrong_fast",0.760870712401055,0.99,0.915254237288136
"611dd070c87e8eef203770d9","2_5",0,1,"1_2","1",6,"2.5_wrong_fast",0.760870712401055,0.99,0.915254237288136
"611dd070c87e8eef203770d9","2_5",0,1,"1_3","1",6,"2.5_wrong_fast",0.760870712401055,0.99,0.915254237288136
"611dd070c87e8eef203770d9","2_5",0,1,"1_4","1",6,"2.5_wrong_fast",0.760870712401055,0.99,0.915254237288136
"611dd070c87e8eef203770d9","2_5",0,1,"1_5","0",6,"2.5_wrong_fast",0.760870712401055,0.99,0.915254237288136
"6122f332c9f0e8bb1209dc7d","2_3",1,0,"1_1","1",8,"2.3_right_slow",0.577430167597765,0.67,0.446327683615819
"6122f332c9f0e8bb1209dc7d","2_3",1,0,"1_2","1",8,"2.3_right_slow",0.577430167597765,0.67,0.446327683615819
"6122f332c9f0e8bb1209dc7d","2_3",1,0,"1_3","1",8,"2.3_right_slow",0.577430167597765,0.67,0.446327683615819
"6122f332c9f0e8bb1209dc7d","2_3",1,0,"1_4","1",8,"2.3_right_slow",0.577430167597765,0.67,0.446327683615819
"6122f332c9f0e8bb1209dc7d","2_3",1,0,"1_5","0",8,"2.3_right_slow",0.577430167597765,0.67,0.446327683615819
"6122f332c9f0e8bb1209dc7d","2_2",0,0,"1_1","1",8,"2.2_wrong_slow",0.566398891966759,0.71,0.536723163841808
"6122f332c9f0e8bb1209dc7d","2_2",0,0,"1_2","0",8,"2.2_wrong_slow",0.566398891966759,0.71,0.536723163841808
"6122f332c9f0e8bb1209dc7d","2_2",0,0,"1_3","0",8,"2.2_wrong_slow",0.566398891966759,0.71,0.536723163841808
"6122f332c9f0e8bb1209dc7d","2_2",0,0,"1_4","1",8,"2.2_wrong_slow",0.566398891966759,0.71,0.536723163841808
"6122f332c9f0e8bb1209dc7d","2_2",0,0,"1_5","0",8,"2.2_wrong_slow",0.566398891966759,0.71,0.536723163841808
"6122f332c9f0e8bb1209dc7d","2_3",1,1,"1_1","1",8,"2.3_right_fast",0.577430167597765,0.81,0.446327683615819
"6122f332c9f0e8bb1209dc7d","2_3",1,1,"1_2","1",8,"2.3_right_fast",0.577430167597765,0.81,0.446327683615819
"6122f332c9f0e8bb1209dc7d","2_3",1,1,"1_3","0",8,"2.3_right_fast",0.577430167597765,0.81,0.446327683615819
"6122f332c9f0e8bb1209dc7d","2_3",1,1,"1_4","1",8,"2.3_right_fast",0.577430167597765,0.81,0.446327683615819
"6122f332c9f0e8bb1209dc7d","2_3",1,1,"1_5","0",8,"2.3_right_fast",0.577430167597765,0.81,0.446327683615819
"6122f332c9f0e8bb1209dc7d","2_1",0,1,"1_1","1",8,"2.1_wrong_fast",0.396726726726727,0.64,0.234463276836158
"6122f332c9f0e8bb1209dc7d","2_1",0,1,"1_2","0",8,"2.1_wrong_fast",0.396726726726727,0.64,0.234463276836158
"6122f332c9f0e8bb1209dc7d","2_1",0,1,"1_3","0",8,"2.1_wrong_fast",0.396726726726727,0.64,0.234463276836158
"6122f332c9f0e8bb1209dc7d","2_1",0,1,"1_4","1",8,"2.1_wrong_fast",0.396726726726727,0.64,0.234463276836158
"6122f332c9f0e8bb1209dc7d","2_1",0,1,"1_5","0",8,"2.1_wrong_fast",0.396726726726727,0.64,0.234463276836158
"6122f332c9f0e8bb1209dc7d","2_5",0,1,"1_1","1",8,"2.5_wrong_fast",0.760870712401055,0.91,0.915254237288136
"6122f332c9f0e8bb1209dc7d","2_5",0,1,"1_2","1",8,"2.5_wrong_fast",0.760870712401055,0.91,0.915254237288136
"6122f332c9f0e8bb1209dc7d","2_5",0,1,"1_3","0",8,"2.5_wrong_fast",0.760870712401055,0.91,0.915254237288136
"6122f332c9f0e8bb1209dc7d","2_5",0,1,"1_4","1",8,"2.5_wrong_fast",0.760870712401055,0.91,0.915254237288136
"6122f332c9f0e8bb1209dc7d","2_5",0,1,"1_5","0",8,"2.5_wrong_fast",0.760870712401055,0.91,0.915254237288136
"612df6ef33e1afb850d6d56f","2_2",1,0,"1_1","1",7,"2.2_right_slow",0.566398891966759,0.5,0.536723163841808
"612df6ef33e1afb850d6d56f","2_2",1,0,"1_2","1",7,"2.2_right_slow",0.566398891966759,0.5,0.536723163841808
"612df6ef33e1afb850d6d56f","2_2",1,0,"1_3","0",7,"2.2_right_slow",0.566398891966759,0.5,0.536723163841808
"612df6ef33e1afb850d6d56f","2_2",1,0,"1_4","1",7,"2.2_right_slow",0.566398891966759,0.5,0.536723163841808
"612df6ef33e1afb850d6d56f","2_2",1,0,"1_5","0",7,"2.2_right_slow",0.566398891966759,0.5,0.536723163841808
"612df6ef33e1afb850d6d56f","2_4",1,0,"1_1","1",7,"2.4_right_slow",0.518938053097345,0.6,0.675141242937853
"612df6ef33e1afb850d6d56f","2_4",1,0,"1_2","1",7,"2.4_right_slow",0.518938053097345,0.6,0.675141242937853
"612df6ef33e1afb850d6d56f","2_4",1,0,"1_3","0",7,"2.4_right_slow",0.518938053097345,0.6,0.675141242937853
"612df6ef33e1afb850d6d56f","2_4",1,0,"1_4","1",7,"2.4_right_slow",0.518938053097345,0.6,0.675141242937853
"612df6ef33e1afb850d6d56f","2_4",1,0,"1_5","0",7,"2.4_right_slow",0.518938053097345,0.6,0.675141242937853
"612df6ef33e1afb850d6d56f","2_1",1,1,"1_1","1",7,"2.1_right_fast",0.396726726726727,0.64,0.234463276836158
"612df6ef33e1afb850d6d56f","2_1",1,1,"1_2","1",7,"2.1_right_fast",0.396726726726727,0.64,0.234463276836158
"612df6ef33e1afb850d6d56f","2_1",1,1,"1_3","1",7,"2.1_right_fast",0.396726726726727,0.64,0.234463276836158
"612df6ef33e1afb850d6d56f","2_1",1,1,"1_4","1",7,"2.1_right_fast",0.396726726726727,0.64,0.234463276836158
"612df6ef33e1afb850d6d56f","2_1",1,1,"1_5","0",7,"2.1_right_fast",0.396726726726727,0.64,0.234463276836158
"612df6ef33e1afb850d6d56f","2_3",1,1,"1_1","1",7,"2.3_right_fast",0.577430167597765,0.8,0.446327683615819
"612df6ef33e1afb850d6d56f","2_3",1,1,"1_2","0",7,"2.3_right_fast",0.577430167597765,0.8,0.446327683615819
"612df6ef33e1afb850d6d56f","2_3",1,1,"1_3","1",7,"2.3_right_fast",0.577430167597765,0.8,0.446327683615819
"612df6ef33e1afb850d6d56f","2_3",1,1,"1_4","0",7,"2.3_right_fast",0.577430167597765,0.8,0.446327683615819
"612df6ef33e1afb850d6d56f","2_3",1,1,"1_5","1",7,"2.3_right_fast",0.577430167597765,0.8,0.446327683615819
"612df6ef33e1afb850d6d56f","2_2",0,1,"1_1","1",7,"2.2_wrong_fast",0.566398891966759,0.87,0.536723163841808
"612df6ef33e1afb850d6d56f","2_2",0,1,"1_2","0",7,"2.2_wrong_fast",0.566398891966759,0.87,0.536723163841808
"612df6ef33e1afb850d6d56f","2_2",0,1,"1_3","1",7,"2.2_wrong_fast",0.566398891966759,0.87,0.536723163841808
"612df6ef33e1afb850d6d56f","2_2",0,1,"1_4","1",7,"2.2_wrong_fast",0.566398891966759,0.87,0.536723163841808
"612df6ef33e1afb850d6d56f","2_2",0,1,"1_5","0",7,"2.2_wrong_fast",0.566398891966759,0.87,0.536723163841808
"6155179d24f54c4bcca3c313","2_3",1,0,"1_1","1",7,"2.3_right_slow",0.577430167597765,0.16,0.446327683615819
"6155179d24f54c4bcca3c313","2_3",1,0,"1_2","1",7,"2.3_right_slow",0.577430167597765,0.16,0.446327683615819
"6155179d24f54c4bcca3c313","2_3",1,0,"1_3","1",7,"2.3_right_slow",0.577430167597765,0.16,0.446327683615819
"6155179d24f54c4bcca3c313","2_3",1,0,"1_4","0",7,"2.3_right_slow",0.577430167597765,0.16,0.446327683615819
"6155179d24f54c4bcca3c313","2_3",1,0,"1_5","0",7,"2.3_right_slow",0.577430167597765,0.16,0.446327683615819
"6155179d24f54c4bcca3c313","2_1",0,0,"1_1","1",7,"2.1_wrong_slow",0.396726726726727,0.08,0.234463276836158
"6155179d24f54c4bcca3c313","2_1",0,0,"1_2","1",7,"2.1_wrong_slow",0.396726726726727,0.08,0.234463276836158
"6155179d24f54c4bcca3c313","2_1",0,0,"1_3","1",7,"2.1_wrong_slow",0.396726726726727,0.08,0.234463276836158
"6155179d24f54c4bcca3c313","2_1",0,0,"1_4","1",7,"2.1_wrong_slow",0.396726726726727,0.08,0.234463276836158
"6155179d24f54c4bcca3c313","2_1",0,0,"1_5","0",7,"2.1_wrong_slow",0.396726726726727,0.08,0.234463276836158
"6155179d24f54c4bcca3c313","2_4",0,0,"1_1","1",7,"2.4_wrong_slow",0.518938053097345,0.04,0.675141242937853
"6155179d24f54c4bcca3c313","2_4",0,0,"1_2","1",7,"2.4_wrong_slow",0.518938053097345,0.04,0.675141242937853
"6155179d24f54c4bcca3c313","2_4",0,0,"1_3","1",7,"2.4_wrong_slow",0.518938053097345,0.04,0.675141242937853
"6155179d24f54c4bcca3c313","2_4",0,0,"1_4","1",7,"2.4_wrong_slow",0.518938053097345,0.04,0.675141242937853
"6155179d24f54c4bcca3c313","2_4",0,0,"1_5","0",7,"2.4_wrong_slow",0.518938053097345,0.04,0.675141242937853
"6155179d24f54c4bcca3c313","2_3",1,1,"1_1","1",7,"2.3_right_fast",0.577430167597765,0.33,0.446327683615819
"6155179d24f54c4bcca3c313","2_3",1,1,"1_2","1",7,"2.3_right_fast",0.577430167597765,0.33,0.446327683615819
"6155179d24f54c4bcca3c313","2_3",1,1,"1_3","1",7,"2.3_right_fast",0.577430167597765,0.33,0.446327683615819
"6155179d24f54c4bcca3c313","2_3",1,1,"1_4","0",7,"2.3_right_fast",0.577430167597765,0.33,0.446327683615819
"6155179d24f54c4bcca3c313","2_3",1,1,"1_5","1",7,"2.3_right_fast",0.577430167597765,0.33,0.446327683615819
"6155179d24f54c4bcca3c313","2_1",0,1,"1_1","1",7,"2.1_wrong_fast",0.396726726726727,0.62,0.234463276836158
"6155179d24f54c4bcca3c313","2_1",0,1,"1_2","1",7,"2.1_wrong_fast",0.396726726726727,0.62,0.234463276836158
"6155179d24f54c4bcca3c313","2_1",0,1,"1_3","0",7,"2.1_wrong_fast",0.396726726726727,0.62,0.234463276836158
"6155179d24f54c4bcca3c313","2_1",0,1,"1_4","1",7,"2.1_wrong_fast",0.396726726726727,0.62,0.234463276836158
"6155179d24f54c4bcca3c313","2_1",0,1,"1_5","0",7,"2.1_wrong_fast",0.396726726726727,0.62,0.234463276836158
"617452347986aeaf4d2e5278","2_4",1,0,"1_1","1",3,"2.4_right_slow",0.518938053097345,0.8,0.675141242937853
"617452347986aeaf4d2e5278","2_4",1,0,"1_2","0",3,"2.4_right_slow",0.518938053097345,0.8,0.675141242937853
"617452347986aeaf4d2e5278","2_4",1,0,"1_3","1",3,"2.4_right_slow",0.518938053097345,0.8,0.675141242937853
"617452347986aeaf4d2e5278","2_4",1,0,"1_4","1",3,"2.4_right_slow",0.518938053097345,0.8,0.675141242937853
"617452347986aeaf4d2e5278","2_4",1,0,"1_5","0",3,"2.4_right_slow",0.518938053097345,0.8,0.675141242937853
"617452347986aeaf4d2e5278","2_2",0,0,"1_1","1",3,"2.2_wrong_slow",0.566398891966759,0.75,0.536723163841808
"617452347986aeaf4d2e5278","2_2",0,0,"1_2","0",3,"2.2_wrong_slow",0.566398891966759,0.75,0.536723163841808
"617452347986aeaf4d2e5278","2_2",0,0,"1_3","0",3,"2.2_wrong_slow",0.566398891966759,0.75,0.536723163841808
"617452347986aeaf4d2e5278","2_2",0,0,"1_4","1",3,"2.2_wrong_slow",0.566398891966759,0.75,0.536723163841808
"617452347986aeaf4d2e5278","2_2",0,0,"1_5","0",3,"2.2_wrong_slow",0.566398891966759,0.75,0.536723163841808
"617452347986aeaf4d2e5278","2_4",1,1,"1_1","1",3,"2.4_right_fast",0.518938053097345,0.86,0.675141242937853
"617452347986aeaf4d2e5278","2_4",1,1,"1_2","1",3,"2.4_right_fast",0.518938053097345,0.86,0.675141242937853
"617452347986aeaf4d2e5278","2_4",1,1,"1_3","1",3,"2.4_right_fast",0.518938053097345,0.86,0.675141242937853
"617452347986aeaf4d2e5278","2_4",1,1,"1_4","1",3,"2.4_right_fast",0.518938053097345,0.86,0.675141242937853
"617452347986aeaf4d2e5278","2_4",1,1,"1_5","0",3,"2.4_right_fast",0.518938053097345,0.86,0.675141242937853
"617452347986aeaf4d2e5278","2_5",1,1,"1_1","1",3,"2.5_right_fast",0.760870712401055,0.99,0.915254237288136
"617452347986aeaf4d2e5278","2_5",1,1,"1_2","1",3,"2.5_right_fast",0.760870712401055,0.99,0.915254237288136
"617452347986aeaf4d2e5278","2_5",1,1,"1_3","1",3,"2.5_right_fast",0.760870712401055,0.99,0.915254237288136
"617452347986aeaf4d2e5278","2_5",1,1,"1_4","1",3,"2.5_right_fast",0.760870712401055,0.99,0.915254237288136
"617452347986aeaf4d2e5278","2_5",1,1,"1_5","1",3,"2.5_right_fast",0.760870712401055,0.99,0.915254237288136
"617452347986aeaf4d2e5278","2_1",0,1,"1_1","1",3,"2.1_wrong_fast",0.396726726726727,0.95,0.234463276836158
"617452347986aeaf4d2e5278","2_1",0,1,"1_2","0",3,"2.1_wrong_fast",0.396726726726727,0.95,0.234463276836158
"617452347986aeaf4d2e5278","2_1",0,1,"1_3","0",3,"2.1_wrong_fast",0.396726726726727,0.95,0.234463276836158
"617452347986aeaf4d2e5278","2_1",0,1,"1_4","1",3,"2.1_wrong_fast",0.396726726726727,0.95,0.234463276836158
"617452347986aeaf4d2e5278","2_1",0,1,"1_5","0",3,"2.1_wrong_fast",0.396726726726727,0.95,0.234463276836158
"62829edce9ca74f3938f3cc9","2_3",1,0,"1_1","1",13,"2.3_right_slow",0.577430167597765,0.35,0.446327683615819
"62829edce9ca74f3938f3cc9","2_3",1,0,"1_2","1",13,"2.3_right_slow",0.577430167597765,0.35,0.446327683615819
"62829edce9ca74f3938f3cc9","2_3",1,0,"1_3","1",13,"2.3_right_slow",0.577430167597765,0.35,0.446327683615819
"62829edce9ca74f3938f3cc9","2_3",1,0,"1_4","1",13,"2.3_right_slow",0.577430167597765,0.35,0.446327683615819
"62829edce9ca74f3938f3cc9","2_3",1,0,"1_5","0",13,"2.3_right_slow",0.577430167597765,0.35,0.446327683615819
"62829edce9ca74f3938f3cc9","2_4",1,0,"1_1","1",13,"2.4_right_slow",0.518938053097345,0.2,0.675141242937853
"62829edce9ca74f3938f3cc9","2_4",1,0,"1_2","1",13,"2.4_right_slow",0.518938053097345,0.2,0.675141242937853
"62829edce9ca74f3938f3cc9","2_4",1,0,"1_3","1",13,"2.4_right_slow",0.518938053097345,0.2,0.675141242937853
"62829edce9ca74f3938f3cc9","2_4",1,0,"1_4","1",13,"2.4_right_slow",0.518938053097345,0.2,0.675141242937853
"62829edce9ca74f3938f3cc9","2_4",1,0,"1_5","0",13,"2.4_right_slow",0.518938053097345,0.2,0.675141242937853
"62829edce9ca74f3938f3cc9","2_2",0,0,"1_1","0",13,"2.2_wrong_slow",0.566398891966759,0.6,0.536723163841808
"62829edce9ca74f3938f3cc9","2_2",0,0,"1_2","0",13,"2.2_wrong_slow",0.566398891966759,0.6,0.536723163841808
"62829edce9ca74f3938f3cc9","2_2",0,0,"1_3","0",13,"2.2_wrong_slow",0.566398891966759,0.6,0.536723163841808
"62829edce9ca74f3938f3cc9","2_2",0,0,"1_4","1",13,"2.2_wrong_slow",0.566398891966759,0.6,0.536723163841808
"62829edce9ca74f3938f3cc9","2_2",0,0,"1_5","0",13,"2.2_wrong_slow",0.566398891966759,0.6,0.536723163841808
"62829edce9ca74f3938f3cc9","2_5",1,1,"1_1","1",13,"2.5_right_fast",0.760870712401055,0.9,0.915254237288136
"62829edce9ca74f3938f3cc9","2_5",1,1,"1_2","1",13,"2.5_right_fast",0.760870712401055,0.9,0.915254237288136
"62829edce9ca74f3938f3cc9","2_5",1,1,"1_3","1",13,"2.5_right_fast",0.760870712401055,0.9,0.915254237288136
"62829edce9ca74f3938f3cc9","2_5",1,1,"1_4","1",13,"2.5_right_fast",0.760870712401055,0.9,0.915254237288136
"62829edce9ca74f3938f3cc9","2_5",1,1,"1_5","0",13,"2.5_right_fast",0.760870712401055,0.9,0.915254237288136
"62829edce9ca74f3938f3cc9","2_5",0,1,"1_1","0",13,"2.5_wrong_fast",0.760870712401055,0.85,0.915254237288136
"62829edce9ca74f3938f3cc9","2_5",0,1,"1_2","0",13,"2.5_wrong_fast",0.760870712401055,0.85,0.915254237288136
"62829edce9ca74f3938f3cc9","2_5",0,1,"1_3","0",13,"2.5_wrong_fast",0.760870712401055,0.85,0.915254237288136
"62829edce9ca74f3938f3cc9","2_5",0,1,"1_4","1",13,"2.5_wrong_fast",0.760870712401055,0.85,0.915254237288136
"62829edce9ca74f3938f3cc9","2_5",0,1,"1_5","0",13,"2.5_wrong_fast",0.760870712401055,0.85,0.915254237288136
"6283dfc2f6449b4dea57a4e5","2_4",1,0,"1_1","1",5,"2.4_right_slow",0.518938053097345,0.25,0.675141242937853
"6283dfc2f6449b4dea57a4e5","2_4",1,0,"1_2","1",5,"2.4_right_slow",0.518938053097345,0.25,0.675141242937853
"6283dfc2f6449b4dea57a4e5","2_4",1,0,"1_3","1",5,"2.4_right_slow",0.518938053097345,0.25,0.675141242937853
"6283dfc2f6449b4dea57a4e5","2_4",1,0,"1_4","1",5,"2.4_right_slow",0.518938053097345,0.25,0.675141242937853
"6283dfc2f6449b4dea57a4e5","2_4",1,0,"1_5","0",5,"2.4_right_slow",0.518938053097345,0.25,0.675141242937853
"6283dfc2f6449b4dea57a4e5","2_1",0,0,"1_1","0",5,"2.1_wrong_slow",0.396726726726727,0.2,0.234463276836158
"6283dfc2f6449b4dea57a4e5","2_1",0,0,"1_2","0",5,"2.1_wrong_slow",0.396726726726727,0.2,0.234463276836158
"6283dfc2f6449b4dea57a4e5","2_1",0,0,"1_3","0",5,"2.1_wrong_slow",0.396726726726727,0.2,0.234463276836158
"6283dfc2f6449b4dea57a4e5","2_1",0,0,"1_4","0",5,"2.1_wrong_slow",0.396726726726727,0.2,0.234463276836158
"6283dfc2f6449b4dea57a4e5","2_1",0,0,"1_5","0",5,"2.1_wrong_slow",0.396726726726727,0.2,0.234463276836158
"6283dfc2f6449b4dea57a4e5","2_2",0,0,"1_1","1",5,"2.2_wrong_slow",0.566398891966759,0.75,0.536723163841808
"6283dfc2f6449b4dea57a4e5","2_2",0,0,"1_2","0",5,"2.2_wrong_slow",0.566398891966759,0.75,0.536723163841808
"6283dfc2f6449b4dea57a4e5","2_2",0,0,"1_3","1",5,"2.2_wrong_slow",0.566398891966759,0.75,0.536723163841808
"6283dfc2f6449b4dea57a4e5","2_2",0,0,"1_4","0",5,"2.2_wrong_slow",0.566398891966759,0.75,0.536723163841808
"6283dfc2f6449b4dea57a4e5","2_2",0,0,"1_5","0",5,"2.2_wrong_slow",0.566398891966759,0.75,0.536723163841808
"6283dfc2f6449b4dea57a4e5","2_1",1,1,"1_1","1",5,"2.1_right_fast",0.396726726726727,0.2,0.234463276836158
"6283dfc2f6449b4dea57a4e5","2_1",1,1,"1_2","1",5,"2.1_right_fast",0.396726726726727,0.2,0.234463276836158
"6283dfc2f6449b4dea57a4e5","2_1",1,1,"1_3","1",5,"2.1_right_fast",0.396726726726727,0.2,0.234463276836158
"6283dfc2f6449b4dea57a4e5","2_1",1,1,"1_4","1",5,"2.1_right_fast",0.396726726726727,0.2,0.234463276836158
"6283dfc2f6449b4dea57a4e5","2_1",1,1,"1_5","0",5,"2.1_right_fast",0.396726726726727,0.2,0.234463276836158
"6283dfc2f6449b4dea57a4e5","2_2",1,1,"1_1","1",5,"2.2_right_fast",0.566398891966759,0.6,0.536723163841808
"6283dfc2f6449b4dea57a4e5","2_2",1,1,"1_2","1",5,"2.2_right_fast",0.566398891966759,0.6,0.536723163841808
"6283dfc2f6449b4dea57a4e5","2_2",1,1,"1_3","1",5,"2.2_right_fast",0.566398891966759,0.6,0.536723163841808
"6283dfc2f6449b4dea57a4e5","2_2",1,1,"1_4","1",5,"2.2_right_fast",0.566398891966759,0.6,0.536723163841808
"6283dfc2f6449b4dea57a4e5","2_2",1,1,"1_5","0",5,"2.2_right_fast",0.566398891966759,0.6,0.536723163841808
"62a74daa695f792361470dd1","2_5",1,0,"1_1","1",5,"2.5_right_slow",0.760870712401055,0.66,0.915254237288136
"62a74daa695f792361470dd1","2_5",1,0,"1_2","1",5,"2.5_right_slow",0.760870712401055,0.66,0.915254237288136
"62a74daa695f792361470dd1","2_5",1,0,"1_3","1",5,"2.5_right_slow",0.760870712401055,0.66,0.915254237288136
"62a74daa695f792361470dd1","2_5",1,0,"1_4","1",5,"2.5_right_slow",0.760870712401055,0.66,0.915254237288136
"62a74daa695f792361470dd1","2_5",1,0,"1_5","0",5,"2.5_right_slow",0.760870712401055,0.66,0.915254237288136
"62a74daa695f792361470dd1","2_3",1,1,"1_1","1",5,"2.3_right_fast",0.577430167597765,0.65,0.446327683615819
"62a74daa695f792361470dd1","2_3",1,1,"1_2","1",5,"2.3_right_fast",0.577430167597765,0.65,0.446327683615819
"62a74daa695f792361470dd1","2_3",1,1,"1_3","1",5,"2.3_right_fast",0.577430167597765,0.65,0.446327683615819
"62a74daa695f792361470dd1","2_3",1,1,"1_4","1",5,"2.3_right_fast",0.577430167597765,0.65,0.446327683615819
"62a74daa695f792361470dd1","2_3",1,1,"1_5","0",5,"2.3_right_fast",0.577430167597765,0.65,0.446327683615819
"62a74daa695f792361470dd1","2_4",1,1,"1_1","1",5,"2.4_right_fast",0.518938053097345,0.6,0.675141242937853
"62a74daa695f792361470dd1","2_4",1,1,"1_2","1",5,"2.4_right_fast",0.518938053097345,0.6,0.675141242937853
"62a74daa695f792361470dd1","2_4",1,1,"1_3","0",5,"2.4_right_fast",0.518938053097345,0.6,0.675141242937853
"62a74daa695f792361470dd1","2_4",1,1,"1_4","1",5,"2.4_right_fast",0.518938053097345,0.6,0.675141242937853
"62a74daa695f792361470dd1","2_4",1,1,"1_5","0",5,"2.4_right_fast",0.518938053097345,0.6,0.675141242937853
"62a74daa695f792361470dd1","2_2",0,1,"1_1","1",5,"2.2_wrong_fast",0.566398891966759,0.62,0.536723163841808
"62a74daa695f792361470dd1","2_2",0,1,"1_2","0",5,"2.2_wrong_fast",0.566398891966759,0.62,0.536723163841808
"62a74daa695f792361470dd1","2_2",0,1,"1_3","0",5,"2.2_wrong_fast",0.566398891966759,0.62,0.536723163841808
"62a74daa695f792361470dd1","2_2",0,1,"1_4","1",5,"2.2_wrong_fast",0.566398891966759,0.62,0.536723163841808
"62a74daa695f792361470dd1","2_2",0,1,"1_5","0",5,"2.2_wrong_fast",0.566398891966759,0.62,0.536723163841808
"62a74daa695f792361470dd1","2_3",0,1,"1_1","1",5,"2.3_wrong_fast",0.577430167597765,0.6,0.446327683615819
"62a74daa695f792361470dd1","2_3",0,1,"1_2","1",5,"2.3_wrong_fast",0.577430167597765,0.6,0.446327683615819
"62a74daa695f792361470dd1","2_3",0,1,"1_3","0",5,"2.3_wrong_fast",0.577430167597765,0.6,0.446327683615819
"62a74daa695f792361470dd1","2_3",0,1,"1_4","1",5,"2.3_wrong_fast",0.577430167597765,0.6,0.446327683615819
"62a74daa695f792361470dd1","2_3",0,1,"1_5","0",5,"2.3_wrong_fast",0.577430167597765,0.6,0.446327683615819
"62d5d3fe0a7091a9b0586480","2_3",1,0,"1_1","1",4,"2.3_right_slow",0.577430167597765,0.6,0.446327683615819
"62d5d3fe0a7091a9b0586480","2_3",1,0,"1_2","1",4,"2.3_right_slow",0.577430167597765,0.6,0.446327683615819
"62d5d3fe0a7091a9b0586480","2_3",1,0,"1_3","1",4,"2.3_right_slow",0.577430167597765,0.6,0.446327683615819
"62d5d3fe0a7091a9b0586480","2_3",1,0,"1_4","1",4,"2.3_right_slow",0.577430167597765,0.6,0.446327683615819
"62d5d3fe0a7091a9b0586480","2_3",1,0,"1_5","0",4,"2.3_right_slow",0.577430167597765,0.6,0.446327683615819
"62d5d3fe0a7091a9b0586480","2_5",0,0,"1_1","1",4,"2.5_wrong_slow",0.760870712401055,0.9,0.915254237288136
"62d5d3fe0a7091a9b0586480","2_5",0,0,"1_2","0",4,"2.5_wrong_slow",0.760870712401055,0.9,0.915254237288136
"62d5d3fe0a7091a9b0586480","2_5",0,0,"1_3","0",4,"2.5_wrong_slow",0.760870712401055,0.9,0.915254237288136
"62d5d3fe0a7091a9b0586480","2_5",0,0,"1_4","1",4,"2.5_wrong_slow",0.760870712401055,0.9,0.915254237288136
"62d5d3fe0a7091a9b0586480","2_5",0,0,"1_5","0",4,"2.5_wrong_slow",0.760870712401055,0.9,0.915254237288136
"62d5d3fe0a7091a9b0586480","2_2",1,1,"1_1","1",4,"2.2_right_fast",0.566398891966759,0.61,0.536723163841808
"62d5d3fe0a7091a9b0586480","2_2",1,1,"1_2","1",4,"2.2_right_fast",0.566398891966759,0.61,0.536723163841808
"62d5d3fe0a7091a9b0586480","2_2",1,1,"1_3","1",4,"2.2_right_fast",0.566398891966759,0.61,0.536723163841808
"62d5d3fe0a7091a9b0586480","2_2",1,1,"1_4","1",4,"2.2_right_fast",0.566398891966759,0.61,0.536723163841808
"62d5d3fe0a7091a9b0586480","2_2",1,1,"1_5","0",4,"2.2_right_fast",0.566398891966759,0.61,0.536723163841808
"62d5d3fe0a7091a9b0586480","2_3",1,1,"1_1","1",4,"2.3_right_fast",0.577430167597765,0.6,0.446327683615819
"62d5d3fe0a7091a9b0586480","2_3",1,1,"1_2","1",4,"2.3_right_fast",0.577430167597765,0.6,0.446327683615819
"62d5d3fe0a7091a9b0586480","2_3",1,1,"1_3","1",4,"2.3_right_fast",0.577430167597765,0.6,0.446327683615819
"62d5d3fe0a7091a9b0586480","2_3",1,1,"1_4","1",4,"2.3_right_fast",0.577430167597765,0.6,0.446327683615819
"62d5d3fe0a7091a9b0586480","2_3",1,1,"1_5","0",4,"2.3_right_fast",0.577430167597765,0.6,0.446327683615819
"62d5d3fe0a7091a9b0586480","2_2",0,1,"1_1","1",4,"2.2_wrong_fast",0.566398891966759,0.85,0.536723163841808
"62d5d3fe0a7091a9b0586480","2_2",0,1,"1_2","0",4,"2.2_wrong_fast",0.566398891966759,0.85,0.536723163841808
"62d5d3fe0a7091a9b0586480","2_2",0,1,"1_3","0",4,"2.2_wrong_fast",0.566398891966759,0.85,0.536723163841808
"62d5d3fe0a7091a9b0586480","2_2",0,1,"1_4","1",4,"2.2_wrong_fast",0.566398891966759,0.85,0.536723163841808
"62d5d3fe0a7091a9b0586480","2_2",0,1,"1_5","0",4,"2.2_wrong_fast",0.566398891966759,0.85,0.536723163841808
"633485c40e46cf7e9a2f2ca1","2_3",1,0,"1_1","1",6,"2.3_right_slow",0.577430167597765,0.2,0.446327683615819
"633485c40e46cf7e9a2f2ca1","2_3",1,0,"1_2","1",6,"2.3_right_slow",0.577430167597765,0.2,0.446327683615819
"633485c40e46cf7e9a2f2ca1","2_3",1,0,"1_3","1",6,"2.3_right_slow",0.577430167597765,0.2,0.446327683615819
"633485c40e46cf7e9a2f2ca1","2_3",1,0,"1_4","1",6,"2.3_right_slow",0.577430167597765,0.2,0.446327683615819
"633485c40e46cf7e9a2f2ca1","2_3",1,0,"1_5","0",6,"2.3_right_slow",0.577430167597765,0.2,0.446327683615819
"633485c40e46cf7e9a2f2ca1","2_1",0,0,"1_1","0",6,"2.1_wrong_slow",0.396726726726727,0.15,0.234463276836158
"633485c40e46cf7e9a2f2ca1","2_1",0,0,"1_2","0",6,"2.1_wrong_slow",0.396726726726727,0.15,0.234463276836158
"633485c40e46cf7e9a2f2ca1","2_1",0,0,"1_3","0",6,"2.1_wrong_slow",0.396726726726727,0.15,0.234463276836158
"633485c40e46cf7e9a2f2ca1","2_1",0,0,"1_4","0",6,"2.1_wrong_slow",0.396726726726727,0.15,0.234463276836158
"633485c40e46cf7e9a2f2ca1","2_1",0,0,"1_5","0",6,"2.1_wrong_slow",0.396726726726727,0.15,0.234463276836158
"633485c40e46cf7e9a2f2ca1","2_1",1,1,"1_1","1",6,"2.1_right_fast",0.396726726726727,0.3,0.234463276836158
"633485c40e46cf7e9a2f2ca1","2_1",1,1,"1_2","1",6,"2.1_right_fast",0.396726726726727,0.3,0.234463276836158
"633485c40e46cf7e9a2f2ca1","2_1",1,1,"1_3","1",6,"2.1_right_fast",0.396726726726727,0.3,0.234463276836158
"633485c40e46cf7e9a2f2ca1","2_1",1,1,"1_4","1",6,"2.1_right_fast",0.396726726726727,0.3,0.234463276836158
"633485c40e46cf7e9a2f2ca1","2_1",1,1,"1_5","0",6,"2.1_right_fast",0.396726726726727,0.3,0.234463276836158
"633485c40e46cf7e9a2f2ca1","2_1",0,1,"1_1","1",6,"2.1_wrong_fast",0.396726726726727,0.4,0.234463276836158
"633485c40e46cf7e9a2f2ca1","2_1",0,1,"1_2","1",6,"2.1_wrong_fast",0.396726726726727,0.4,0.234463276836158
"633485c40e46cf7e9a2f2ca1","2_1",0,1,"1_3","0",6,"2.1_wrong_fast",0.396726726726727,0.4,0.234463276836158
"633485c40e46cf7e9a2f2ca1","2_1",0,1,"1_4","1",6,"2.1_wrong_fast",0.396726726726727,0.4,0.234463276836158
"633485c40e46cf7e9a2f2ca1","2_1",0,1,"1_5","0",6,"2.1_wrong_fast",0.396726726726727,0.4,0.234463276836158
"633485c40e46cf7e9a2f2ca1","2_5",0,1,"1_1","1",6,"2.5_wrong_fast",0.760870712401055,0.95,0.915254237288136
"633485c40e46cf7e9a2f2ca1","2_5",0,1,"1_2","1",6,"2.5_wrong_fast",0.760870712401055,0.95,0.915254237288136
"633485c40e46cf7e9a2f2ca1","2_5",0,1,"1_3","0",6,"2.5_wrong_fast",0.760870712401055,0.95,0.915254237288136
"633485c40e46cf7e9a2f2ca1","2_5",0,1,"1_4","1",6,"2.5_wrong_fast",0.760870712401055,0.95,0.915254237288136
"633485c40e46cf7e9a2f2ca1","2_5",0,1,"1_5","0",6,"2.5_wrong_fast",0.760870712401055,0.95,0.915254237288136
"63b8342eb371f007b0651c7e","2_3",1,0,"1_1","1",6,"2.3_right_slow",0.577430167597765,0.31,0.446327683615819
"63b8342eb371f007b0651c7e","2_3",1,0,"1_2","1",6,"2.3_right_slow",0.577430167597765,0.31,0.446327683615819
"63b8342eb371f007b0651c7e","2_3",1,0,"1_3","1",6,"2.3_right_slow",0.577430167597765,0.31,0.446327683615819
"63b8342eb371f007b0651c7e","2_3",1,0,"1_4","1",6,"2.3_right_slow",0.577430167597765,0.31,0.446327683615819
"63b8342eb371f007b0651c7e","2_3",1,0,"1_5","1",6,"2.3_right_slow",0.577430167597765,0.31,0.446327683615819
"63b8342eb371f007b0651c7e","2_4",0,0,"1_1","1",6,"2.4_wrong_slow",0.518938053097345,0.29,0.675141242937853
"63b8342eb371f007b0651c7e","2_4",0,0,"1_2","1",6,"2.4_wrong_slow",0.518938053097345,0.29,0.675141242937853
"63b8342eb371f007b0651c7e","2_4",0,0,"1_3","0",6,"2.4_wrong_slow",0.518938053097345,0.29,0.675141242937853
"63b8342eb371f007b0651c7e","2_4",0,0,"1_4","0",6,"2.4_wrong_slow",0.518938053097345,0.29,0.675141242937853
"63b8342eb371f007b0651c7e","2_4",0,0,"1_5","0",6,"2.4_wrong_slow",0.518938053097345,0.29,0.675141242937853
"63b8342eb371f007b0651c7e","2_5",0,0,"1_1","1",6,"2.5_wrong_slow",0.760870712401055,0.7,0.915254237288136
"63b8342eb371f007b0651c7e","2_5",0,0,"1_2","1",6,"2.5_wrong_slow",0.760870712401055,0.7,0.915254237288136
"63b8342eb371f007b0651c7e","2_5",0,0,"1_3","1",6,"2.5_wrong_slow",0.760870712401055,0.7,0.915254237288136
"63b8342eb371f007b0651c7e","2_5",0,0,"1_4","0",6,"2.5_wrong_slow",0.760870712401055,0.7,0.915254237288136
"63b8342eb371f007b0651c7e","2_5",0,0,"1_5","0",6,"2.5_wrong_slow",0.760870712401055,0.7,0.915254237288136
"63b8342eb371f007b0651c7e","2_2",1,1,"1_1","1",6,"2.2_right_fast",0.566398891966759,0.44,0.536723163841808
"63b8342eb371f007b0651c7e","2_2",1,1,"1_2","1",6,"2.2_right_fast",0.566398891966759,0.44,0.536723163841808
"63b8342eb371f007b0651c7e","2_2",1,1,"1_3","1",6,"2.2_right_fast",0.566398891966759,0.44,0.536723163841808
"63b8342eb371f007b0651c7e","2_2",1,1,"1_4","1",6,"2.2_right_fast",0.566398891966759,0.44,0.536723163841808
"63b8342eb371f007b0651c7e","2_2",1,1,"1_5","1",6,"2.2_right_fast",0.566398891966759,0.44,0.536723163841808
"63b8342eb371f007b0651c7e","2_1",0,1,"1_1","1",6,"2.1_wrong_fast",0.396726726726727,0.11,0.234463276836158
"63b8342eb371f007b0651c7e","2_1",0,1,"1_2","1",6,"2.1_wrong_fast",0.396726726726727,0.11,0.234463276836158
"63b8342eb371f007b0651c7e","2_1",0,1,"1_3","0",6,"2.1_wrong_fast",0.396726726726727,0.11,0.234463276836158
"63b8342eb371f007b0651c7e","2_1",0,1,"1_4","0",6,"2.1_wrong_fast",0.396726726726727,0.11,0.234463276836158
"63b8342eb371f007b0651c7e","2_1",0,1,"1_5","0",6,"2.1_wrong_fast",0.396726726726727,0.11,0.234463276836158
"63ced898ebd3ce898ec80299","2_1",0,0,"1_1","0",7,"2.1_wrong_slow",0.396726726726727,0.4,0.234463276836158
"63ced898ebd3ce898ec80299","2_1",0,0,"1_2","0",7,"2.1_wrong_slow",0.396726726726727,0.4,0.234463276836158
"63ced898ebd3ce898ec80299","2_1",0,0,"1_3","0",7,"2.1_wrong_slow",0.396726726726727,0.4,0.234463276836158
"63ced898ebd3ce898ec80299","2_1",0,0,"1_4","0",7,"2.1_wrong_slow",0.396726726726727,0.4,0.234463276836158
"63ced898ebd3ce898ec80299","2_1",0,0,"1_5","0",7,"2.1_wrong_slow",0.396726726726727,0.4,0.234463276836158
"63ced898ebd3ce898ec80299","2_5",0,0,"1_1","1",7,"2.5_wrong_slow",0.760870712401055,0.85,0.915254237288136
"63ced898ebd3ce898ec80299","2_5",0,0,"1_2","1",7,"2.5_wrong_slow",0.760870712401055,0.85,0.915254237288136
"63ced898ebd3ce898ec80299","2_5",0,0,"1_3","0",7,"2.5_wrong_slow",0.760870712401055,0.85,0.915254237288136
"63ced898ebd3ce898ec80299","2_5",0,0,"1_4","1",7,"2.5_wrong_slow",0.760870712401055,0.85,0.915254237288136
"63ced898ebd3ce898ec80299","2_5",0,0,"1_5","0",7,"2.5_wrong_slow",0.760870712401055,0.85,0.915254237288136
"63ced898ebd3ce898ec80299","2_2",0,1,"1_1","1",7,"2.2_wrong_fast",0.566398891966759,0.9,0.536723163841808
"63ced898ebd3ce898ec80299","2_2",0,1,"1_2","0",7,"2.2_wrong_fast",0.566398891966759,0.9,0.536723163841808
"63ced898ebd3ce898ec80299","2_2",0,1,"1_3","0",7,"2.2_wrong_fast",0.566398891966759,0.9,0.536723163841808
"63ced898ebd3ce898ec80299","2_2",0,1,"1_4","0",7,"2.2_wrong_fast",0.566398891966759,0.9,0.536723163841808
"63ced898ebd3ce898ec80299","2_2",0,1,"1_5","0",7,"2.2_wrong_fast",0.566398891966759,0.9,0.536723163841808
"63ced898ebd3ce898ec80299","2_3",0,1,"1_1","1",7,"2.3_wrong_fast",0.577430167597765,0.95,0.446327683615819
"63ced898ebd3ce898ec80299","2_3",0,1,"1_2","0",7,"2.3_wrong_fast",0.577430167597765,0.95,0.446327683615819
"63ced898ebd3ce898ec80299","2_3",0,1,"1_3","0",7,"2.3_wrong_fast",0.577430167597765,0.95,0.446327683615819
"63ced898ebd3ce898ec80299","2_3",0,1,"1_4","0",7,"2.3_wrong_fast",0.577430167597765,0.95,0.446327683615819
"63ced898ebd3ce898ec80299","2_3",0,1,"1_5","0",7,"2.3_wrong_fast",0.577430167597765,0.95,0.446327683615819
"63ced898ebd3ce898ec80299","2_5",0,1,"1_1","1",7,"2.5_wrong_fast",0.760870712401055,0.99,0.915254237288136
"63ced898ebd3ce898ec80299","2_5",0,1,"1_2","0",7,"2.5_wrong_fast",0.760870712401055,0.99,0.915254237288136
"63ced898ebd3ce898ec80299","2_5",0,1,"1_3","0",7,"2.5_wrong_fast",0.760870712401055,0.99,0.915254237288136
"63ced898ebd3ce898ec80299","2_5",0,1,"1_4","1",7,"2.5_wrong_fast",0.760870712401055,0.99,0.915254237288136
"63ced898ebd3ce898ec80299","2_5",0,1,"1_5","0",7,"2.5_wrong_fast",0.760870712401055,0.99,0.915254237288136
"63d475f2b52ddc6fbab9ce52","2_2",1,0,"1_1","1",3,"2.2_right_slow",0.566398891966759,0.1,0.536723163841808
"63d475f2b52ddc6fbab9ce52","2_2",1,0,"1_2","1",3,"2.2_right_slow",0.566398891966759,0.1,0.536723163841808
"63d475f2b52ddc6fbab9ce52","2_2",1,0,"1_3","1",3,"2.2_right_slow",0.566398891966759,0.1,0.536723163841808
"63d475f2b52ddc6fbab9ce52","2_2",1,0,"1_4","0",3,"2.2_right_slow",0.566398891966759,0.1,0.536723163841808
"63d475f2b52ddc6fbab9ce52","2_2",1,0,"1_5","0",3,"2.2_right_slow",0.566398891966759,0.1,0.536723163841808
"63d475f2b52ddc6fbab9ce52","2_3",1,0,"1_1","1",3,"2.3_right_slow",0.577430167597765,0.29,0.446327683615819
"63d475f2b52ddc6fbab9ce52","2_3",1,0,"1_2","1",3,"2.3_right_slow",0.577430167597765,0.29,0.446327683615819
"63d475f2b52ddc6fbab9ce52","2_3",1,0,"1_3","1",3,"2.3_right_slow",0.577430167597765,0.29,0.446327683615819
"63d475f2b52ddc6fbab9ce52","2_3",1,0,"1_4","0",3,"2.3_right_slow",0.577430167597765,0.29,0.446327683615819
"63d475f2b52ddc6fbab9ce52","2_3",1,0,"1_5","1",3,"2.3_right_slow",0.577430167597765,0.29,0.446327683615819
"63d475f2b52ddc6fbab9ce52","2_5",1,0,"1_1","1",3,"2.5_right_slow",0.760870712401055,0.18,0.915254237288136
"63d475f2b52ddc6fbab9ce52","2_5",1,0,"1_2","1",3,"2.5_right_slow",0.760870712401055,0.18,0.915254237288136
"63d475f2b52ddc6fbab9ce52","2_5",1,0,"1_3","1",3,"2.5_right_slow",0.760870712401055,0.18,0.915254237288136
"63d475f2b52ddc6fbab9ce52","2_5",1,0,"1_4","1",3,"2.5_right_slow",0.760870712401055,0.18,0.915254237288136
"63d475f2b52ddc6fbab9ce52","2_5",1,0,"1_5","1",3,"2.5_right_slow",0.760870712401055,0.18,0.915254237288136
"63d475f2b52ddc6fbab9ce52","2_4",0,0,"1_1","1",3,"2.4_wrong_slow",0.518938053097345,0.9,0.675141242937853
"63d475f2b52ddc6fbab9ce52","2_4",0,0,"1_2","1",3,"2.4_wrong_slow",0.518938053097345,0.9,0.675141242937853
"63d475f2b52ddc6fbab9ce52","2_4",0,0,"1_3","1",3,"2.4_wrong_slow",0.518938053097345,0.9,0.675141242937853
"63d475f2b52ddc6fbab9ce52","2_4",0,0,"1_4","0",3,"2.4_wrong_slow",0.518938053097345,0.9,0.675141242937853
"63d475f2b52ddc6fbab9ce52","2_4",0,0,"1_5","0",3,"2.4_wrong_slow",0.518938053097345,0.9,0.675141242937853
"63d475f2b52ddc6fbab9ce52","2_3",0,1,"1_1","1",3,"2.3_wrong_fast",0.577430167597765,0.92,0.446327683615819
"63d475f2b52ddc6fbab9ce52","2_3",0,1,"1_2","1",3,"2.3_wrong_fast",0.577430167597765,0.92,0.446327683615819
"63d475f2b52ddc6fbab9ce52","2_3",0,1,"1_3","1",3,"2.3_wrong_fast",0.577430167597765,0.92,0.446327683615819
"63d475f2b52ddc6fbab9ce52","2_3",0,1,"1_4","0",3,"2.3_wrong_fast",0.577430167597765,0.92,0.446327683615819
"63d475f2b52ddc6fbab9ce52","2_3",0,1,"1_5","0",3,"2.3_wrong_fast",0.577430167597765,0.92,0.446327683615819
"63d7f363c1c417a758d5b4ea","2_1",1,0,"1_1","1",7,"2.1_right_slow",0.396726726726727,0.38,0.234463276836158
"63d7f363c1c417a758d5b4ea","2_1",1,0,"1_2","1",7,"2.1_right_slow",0.396726726726727,0.38,0.234463276836158
"63d7f363c1c417a758d5b4ea","2_1",1,0,"1_3","1",7,"2.1_right_slow",0.396726726726727,0.38,0.234463276836158
"63d7f363c1c417a758d5b4ea","2_1",1,0,"1_4","1",7,"2.1_right_slow",0.396726726726727,0.38,0.234463276836158
"63d7f363c1c417a758d5b4ea","2_1",1,0,"1_5","0",7,"2.1_right_slow",0.396726726726727,0.38,0.234463276836158
"63d7f363c1c417a758d5b4ea","2_2",1,0,"1_1","1",7,"2.2_right_slow",0.566398891966759,0.39,0.536723163841808
"63d7f363c1c417a758d5b4ea","2_2",1,0,"1_2","1",7,"2.2_right_slow",0.566398891966759,0.39,0.536723163841808
"63d7f363c1c417a758d5b4ea","2_2",1,0,"1_3","1",7,"2.2_right_slow",0.566398891966759,0.39,0.536723163841808
"63d7f363c1c417a758d5b4ea","2_2",1,0,"1_4","1",7,"2.2_right_slow",0.566398891966759,0.39,0.536723163841808
"63d7f363c1c417a758d5b4ea","2_2",1,0,"1_5","0",7,"2.2_right_slow",0.566398891966759,0.39,0.536723163841808
"63d7f363c1c417a758d5b4ea","2_5",1,0,"1_1","1",7,"2.5_right_slow",0.760870712401055,0.78,0.915254237288136
"63d7f363c1c417a758d5b4ea","2_5",1,0,"1_2","1",7,"2.5_right_slow",0.760870712401055,0.78,0.915254237288136
"63d7f363c1c417a758d5b4ea","2_5",1,0,"1_3","1",7,"2.5_right_slow",0.760870712401055,0.78,0.915254237288136
"63d7f363c1c417a758d5b4ea","2_5",1,0,"1_4","1",7,"2.5_right_slow",0.760870712401055,0.78,0.915254237288136
"63d7f363c1c417a758d5b4ea","2_5",1,0,"1_5","1",7,"2.5_right_slow",0.760870712401055,0.78,0.915254237288136
"63d7f363c1c417a758d5b4ea","2_1",0,1,"1_1","0",7,"2.1_wrong_fast",0.396726726726727,0.5,0.234463276836158
"63d7f363c1c417a758d5b4ea","2_1",0,1,"1_2","0",7,"2.1_wrong_fast",0.396726726726727,0.5,0.234463276836158
"63d7f363c1c417a758d5b4ea","2_1",0,1,"1_3","1",7,"2.1_wrong_fast",0.396726726726727,0.5,0.234463276836158
"63d7f363c1c417a758d5b4ea","2_1",0,1,"1_4","1",7,"2.1_wrong_fast",0.396726726726727,0.5,0.234463276836158
"63d7f363c1c417a758d5b4ea","2_1",0,1,"1_5","0",7,"2.1_wrong_fast",0.396726726726727,0.5,0.234463276836158
"63d7f363c1c417a758d5b4ea","2_5",0,1,"1_1","1",7,"2.5_wrong_fast",0.760870712401055,0.86,0.915254237288136
"63d7f363c1c417a758d5b4ea","2_5",0,1,"1_2","1",7,"2.5_wrong_fast",0.760870712401055,0.86,0.915254237288136
"63d7f363c1c417a758d5b4ea","2_5",0,1,"1_3","1",7,"2.5_wrong_fast",0.760870712401055,0.86,0.915254237288136
"63d7f363c1c417a758d5b4ea","2_5",0,1,"1_4","1",7,"2.5_wrong_fast",0.760870712401055,0.86,0.915254237288136
"63d7f363c1c417a758d5b4ea","2_5",0,1,"1_5","0",7,"2.5_wrong_fast",0.760870712401055,0.86,0.915254237288136
"63e548d24319702eba4fc949","2_2",0,0,"1_1","0",11,"2.2_wrong_slow",0.566398891966759,0.88,0.536723163841808
"63e548d24319702eba4fc949","2_2",0,0,"1_2","0",11,"2.2_wrong_slow",0.566398891966759,0.88,0.536723163841808
"63e548d24319702eba4fc949","2_2",0,0,"1_3","0",11,"2.2_wrong_slow",0.566398891966759,0.88,0.536723163841808
"63e548d24319702eba4fc949","2_2",0,0,"1_4","0",11,"2.2_wrong_slow",0.566398891966759,0.88,0.536723163841808
"63e548d24319702eba4fc949","2_2",0,0,"1_5","0",11,"2.2_wrong_slow",0.566398891966759,0.88,0.536723163841808
"63e548d24319702eba4fc949","2_5",0,0,"1_1","1",11,"2.5_wrong_slow",0.760870712401055,0.98,0.915254237288136
"63e548d24319702eba4fc949","2_5",0,0,"1_2","1",11,"2.5_wrong_slow",0.760870712401055,0.98,0.915254237288136
"63e548d24319702eba4fc949","2_5",0,0,"1_3","0",11,"2.5_wrong_slow",0.760870712401055,0.98,0.915254237288136
"63e548d24319702eba4fc949","2_5",0,0,"1_4","1",11,"2.5_wrong_slow",0.760870712401055,0.98,0.915254237288136
"63e548d24319702eba4fc949","2_5",0,0,"1_5","0",11,"2.5_wrong_slow",0.760870712401055,0.98,0.915254237288136
"63e548d24319702eba4fc949","2_2",0,1,"1_1","1",11,"2.2_wrong_fast",0.566398891966759,0.96,0.536723163841808
"63e548d24319702eba4fc949","2_2",0,1,"1_2","0",11,"2.2_wrong_fast",0.566398891966759,0.96,0.536723163841808
"63e548d24319702eba4fc949","2_2",0,1,"1_3","0",11,"2.2_wrong_fast",0.566398891966759,0.96,0.536723163841808
"63e548d24319702eba4fc949","2_2",0,1,"1_4","0",11,"2.2_wrong_fast",0.566398891966759,0.96,0.536723163841808
"63e548d24319702eba4fc949","2_2",0,1,"1_5","0",11,"2.2_wrong_fast",0.566398891966759,0.96,0.536723163841808
"63e548d24319702eba4fc949","2_3",0,1,"1_1","1",11,"2.3_wrong_fast",0.577430167597765,0.92,0.446327683615819
"63e548d24319702eba4fc949","2_3",0,1,"1_2","1",11,"2.3_wrong_fast",0.577430167597765,0.92,0.446327683615819
"63e548d24319702eba4fc949","2_3",0,1,"1_3","0",11,"2.3_wrong_fast",0.577430167597765,0.92,0.446327683615819
"63e548d24319702eba4fc949","2_3",0,1,"1_4","0",11,"2.3_wrong_fast",0.577430167597765,0.92,0.446327683615819
"63e548d24319702eba4fc949","2_3",0,1,"1_5","0",11,"2.3_wrong_fast",0.577430167597765,0.92,0.446327683615819
"63e548d24319702eba4fc949","2_4",0,1,"1_1","1",11,"2.4_wrong_fast",0.518938053097345,0.8,0.675141242937853
"63e548d24319702eba4fc949","2_4",0,1,"1_2","0",11,"2.4_wrong_fast",0.518938053097345,0.8,0.675141242937853
"63e548d24319702eba4fc949","2_4",0,1,"1_3","0",11,"2.4_wrong_fast",0.518938053097345,0.8,0.675141242937853
"63e548d24319702eba4fc949","2_4",0,1,"1_4","0",11,"2.4_wrong_fast",0.518938053097345,0.8,0.675141242937853
"63e548d24319702eba4fc949","2_4",0,1,"1_5","0",11,"2.4_wrong_fast",0.518938053097345,0.8,0.675141242937853
"63e56525a8fb39289dbe8f26","2_3",1,0,"1_1","1",3,"2.3_right_slow",0.577430167597765,0.8,0.446327683615819
"63e56525a8fb39289dbe8f26","2_3",1,0,"1_2","1",3,"2.3_right_slow",0.577430167597765,0.8,0.446327683615819
"63e56525a8fb39289dbe8f26","2_3",1,0,"1_3","1",3,"2.3_right_slow",0.577430167597765,0.8,0.446327683615819
"63e56525a8fb39289dbe8f26","2_3",1,0,"1_4","1",3,"2.3_right_slow",0.577430167597765,0.8,0.446327683615819
"63e56525a8fb39289dbe8f26","2_3",1,0,"1_5","0",3,"2.3_right_slow",0.577430167597765,0.8,0.446327683615819
"63e56525a8fb39289dbe8f26","2_5",1,0,"1_1","1",3,"2.5_right_slow",0.760870712401055,0.7,0.915254237288136
"63e56525a8fb39289dbe8f26","2_5",1,0,"1_2","1",3,"2.5_right_slow",0.760870712401055,0.7,0.915254237288136
"63e56525a8fb39289dbe8f26","2_5",1,0,"1_3","1",3,"2.5_right_slow",0.760870712401055,0.7,0.915254237288136
"63e56525a8fb39289dbe8f26","2_5",1,0,"1_4","1",3,"2.5_right_slow",0.760870712401055,0.7,0.915254237288136
"63e56525a8fb39289dbe8f26","2_5",1,0,"1_5","0",3,"2.5_right_slow",0.760870712401055,0.7,0.915254237288136
"63e56525a8fb39289dbe8f26","2_3",0,0,"1_1","1",3,"2.3_wrong_slow",0.577430167597765,0.7,0.446327683615819
"63e56525a8fb39289dbe8f26","2_3",0,0,"1_2","1",3,"2.3_wrong_slow",0.577430167597765,0.7,0.446327683615819
"63e56525a8fb39289dbe8f26","2_3",0,0,"1_3","0",3,"2.3_wrong_slow",0.577430167597765,0.7,0.446327683615819
"63e56525a8fb39289dbe8f26","2_3",0,0,"1_4","1",3,"2.3_wrong_slow",0.577430167597765,0.7,0.446327683615819
"63e56525a8fb39289dbe8f26","2_3",0,0,"1_5","0",3,"2.3_wrong_slow",0.577430167597765,0.7,0.446327683615819
"63e56525a8fb39289dbe8f26","2_3",1,1,"1_1","1",3,"2.3_right_fast",0.577430167597765,0.7,0.446327683615819
"63e56525a8fb39289dbe8f26","2_3",1,1,"1_2","1",3,"2.3_right_fast",0.577430167597765,0.7,0.446327683615819
"63e56525a8fb39289dbe8f26","2_3",1,1,"1_3","1",3,"2.3_right_fast",0.577430167597765,0.7,0.446327683615819
"63e56525a8fb39289dbe8f26","2_3",1,1,"1_4","1",3,"2.3_right_fast",0.577430167597765,0.7,0.446327683615819
"63e56525a8fb39289dbe8f26","2_3",1,1,"1_5","1",3,"2.3_right_fast",0.577430167597765,0.7,0.446327683615819
"63e56525a8fb39289dbe8f26","2_3",0,1,"1_1","1",3,"2.3_wrong_fast",0.577430167597765,0.7,0.446327683615819
"63e56525a8fb39289dbe8f26","2_3",0,1,"1_2","1",3,"2.3_wrong_fast",0.577430167597765,0.7,0.446327683615819
"63e56525a8fb39289dbe8f26","2_3",0,1,"1_3","0",3,"2.3_wrong_fast",0.577430167597765,0.7,0.446327683615819
"63e56525a8fb39289dbe8f26","2_3",0,1,"1_4","1",3,"2.3_wrong_fast",0.577430167597765,0.7,0.446327683615819
"63e56525a8fb39289dbe8f26","2_3",0,1,"1_5","0",3,"2.3_wrong_fast",0.577430167597765,0.7,0.446327683615819
"63ff42f43ac64246de575895","2_3",1,0,"1_1","1",11,"2.3_right_slow",0.577430167597765,0.35,0.446327683615819
"63ff42f43ac64246de575895","2_3",1,0,"1_2","1",11,"2.3_right_slow",0.577430167597765,0.35,0.446327683615819
"63ff42f43ac64246de575895","2_3",1,0,"1_3","1",11,"2.3_right_slow",0.577430167597765,0.35,0.446327683615819
"63ff42f43ac64246de575895","2_3",1,0,"1_4","1",11,"2.3_right_slow",0.577430167597765,0.35,0.446327683615819
"63ff42f43ac64246de575895","2_3",1,0,"1_5","0",11,"2.3_right_slow",0.577430167597765,0.35,0.446327683615819
"63ff42f43ac64246de575895","2_5",0,0,"1_1","1",11,"2.5_wrong_slow",0.760870712401055,0.61,0.915254237288136
"63ff42f43ac64246de575895","2_5",0,0,"1_2","1",11,"2.5_wrong_slow",0.760870712401055,0.61,0.915254237288136
"63ff42f43ac64246de575895","2_5",0,0,"1_3","1",11,"2.5_wrong_slow",0.760870712401055,0.61,0.915254237288136
"63ff42f43ac64246de575895","2_5",0,0,"1_4","1",11,"2.5_wrong_slow",0.760870712401055,0.61,0.915254237288136
"63ff42f43ac64246de575895","2_5",0,0,"1_5","0",11,"2.5_wrong_slow",0.760870712401055,0.61,0.915254237288136
"63ff42f43ac64246de575895","2_3",1,1,"1_1","1",11,"2.3_right_fast",0.577430167597765,0.54,0.446327683615819
"63ff42f43ac64246de575895","2_3",1,1,"1_2","1",11,"2.3_right_fast",0.577430167597765,0.54,0.446327683615819
"63ff42f43ac64246de575895","2_3",1,1,"1_3","1",11,"2.3_right_fast",0.577430167597765,0.54,0.446327683615819
"63ff42f43ac64246de575895","2_3",1,1,"1_4","1",11,"2.3_right_fast",0.577430167597765,0.54,0.446327683615819
"63ff42f43ac64246de575895","2_3",1,1,"1_5","1",11,"2.3_right_fast",0.577430167597765,0.54,0.446327683615819
"63ff42f43ac64246de575895","2_2",0,1,"1_1","1",11,"2.2_wrong_fast",0.566398891966759,0.4,0.536723163841808
"63ff42f43ac64246de575895","2_2",0,1,"1_2","0",11,"2.2_wrong_fast",0.566398891966759,0.4,0.536723163841808
"63ff42f43ac64246de575895","2_2",0,1,"1_3","1",11,"2.2_wrong_fast",0.566398891966759,0.4,0.536723163841808
"63ff42f43ac64246de575895","2_2",0,1,"1_4","1",11,"2.2_wrong_fast",0.566398891966759,0.4,0.536723163841808
"63ff42f43ac64246de575895","2_2",0,1,"1_5","0",11,"2.2_wrong_fast",0.566398891966759,0.4,0.536723163841808
"63ff42f43ac64246de575895","2_5",0,1,"1_1","1",11,"2.5_wrong_fast",0.760870712401055,0.74,0.915254237288136
"63ff42f43ac64246de575895","2_5",0,1,"1_2","1",11,"2.5_wrong_fast",0.760870712401055,0.74,0.915254237288136
"63ff42f43ac64246de575895","2_5",0,1,"1_3","0",11,"2.5_wrong_fast",0.760870712401055,0.74,0.915254237288136
"63ff42f43ac64246de575895","2_5",0,1,"1_4","1",11,"2.5_wrong_fast",0.760870712401055,0.74,0.915254237288136
"63ff42f43ac64246de575895","2_5",0,1,"1_5","0",11,"2.5_wrong_fast",0.760870712401055,0.74,0.915254237288136
"64011cde71c318c6af604b63","2_1",1,0,"1_1","1",5,"2.1_right_slow",0.396726726726727,0.52,0.234463276836158
"64011cde71c318c6af604b63","2_1",1,0,"1_2","1",5,"2.1_right_slow",0.396726726726727,0.52,0.234463276836158
"64011cde71c318c6af604b63","2_1",1,0,"1_3","0",5,"2.1_right_slow",0.396726726726727,0.52,0.234463276836158
"64011cde71c318c6af604b63","2_1",1,0,"1_4","0",5,"2.1_right_slow",0.396726726726727,0.52,0.234463276836158
"64011cde71c318c6af604b63","2_1",1,0,"1_5","0",5,"2.1_right_slow",0.396726726726727,0.52,0.234463276836158
"64011cde71c318c6af604b63","2_5",1,0,"1_1","1",5,"2.5_right_slow",0.760870712401055,0.99,0.915254237288136
"64011cde71c318c6af604b63","2_5",1,0,"1_2","1",5,"2.5_right_slow",0.760870712401055,0.99,0.915254237288136
"64011cde71c318c6af604b63","2_5",1,0,"1_3","1",5,"2.5_right_slow",0.760870712401055,0.99,0.915254237288136
"64011cde71c318c6af604b63","2_5",1,0,"1_4","1",5,"2.5_right_slow",0.760870712401055,0.99,0.915254237288136
"64011cde71c318c6af604b63","2_5",1,0,"1_5","1",5,"2.5_right_slow",0.760870712401055,0.99,0.915254237288136
"64011cde71c318c6af604b63","2_5",0,0,"1_1","1",5,"2.5_wrong_slow",0.760870712401055,0.91,0.915254237288136
"64011cde71c318c6af604b63","2_5",0,0,"1_2","1",5,"2.5_wrong_slow",0.760870712401055,0.91,0.915254237288136
"64011cde71c318c6af604b63","2_5",0,0,"1_3","0",5,"2.5_wrong_slow",0.760870712401055,0.91,0.915254237288136
"64011cde71c318c6af604b63","2_5",0,0,"1_4","0",5,"2.5_wrong_slow",0.760870712401055,0.91,0.915254237288136
"64011cde71c318c6af604b63","2_5",0,0,"1_5","0",5,"2.5_wrong_slow",0.760870712401055,0.91,0.915254237288136
"64011cde71c318c6af604b63","2_1",0,1,"1_1","1",5,"2.1_wrong_fast",0.396726726726727,0.84,0.234463276836158
"64011cde71c318c6af604b63","2_1",0,1,"1_2","0",5,"2.1_wrong_fast",0.396726726726727,0.84,0.234463276836158
"64011cde71c318c6af604b63","2_1",0,1,"1_3","0",5,"2.1_wrong_fast",0.396726726726727,0.84,0.234463276836158
"64011cde71c318c6af604b63","2_1",0,1,"1_4","0",5,"2.1_wrong_fast",0.396726726726727,0.84,0.234463276836158
"64011cde71c318c6af604b63","2_1",0,1,"1_5","0",5,"2.1_wrong_fast",0.396726726726727,0.84,0.234463276836158
"64011cde71c318c6af604b63","2_4",0,1,"1_1","1",5,"2.4_wrong_fast",0.518938053097345,0.97,0.675141242937853
"64011cde71c318c6af604b63","2_4",0,1,"1_2","1",5,"2.4_wrong_fast",0.518938053097345,0.97,0.675141242937853
"64011cde71c318c6af604b63","2_4",0,1,"1_3","1",5,"2.4_wrong_fast",0.518938053097345,0.97,0.675141242937853
"64011cde71c318c6af604b63","2_4",0,1,"1_4","0",5,"2.4_wrong_fast",0.518938053097345,0.97,0.675141242937853
"64011cde71c318c6af604b63","2_4",0,1,"1_5","0",5,"2.4_wrong_fast",0.518938053097345,0.97,0.675141242937853
"64137d0dfe71cf6624348d27","2_5",1,0,"1_1","1",5,"2.5_right_slow",0.760870712401055,0.99,0.915254237288136
"64137d0dfe71cf6624348d27","2_5",1,0,"1_2","0",5,"2.5_right_slow",0.760870712401055,0.99,0.915254237288136
"64137d0dfe71cf6624348d27","2_5",1,0,"1_3","1",5,"2.5_right_slow",0.760870712401055,0.99,0.915254237288136
"64137d0dfe71cf6624348d27","2_5",1,0,"1_4","1",5,"2.5_right_slow",0.760870712401055,0.99,0.915254237288136
"64137d0dfe71cf6624348d27","2_5",1,0,"1_5","0",5,"2.5_right_slow",0.760870712401055,0.99,0.915254237288136
"64137d0dfe71cf6624348d27","2_1",0,0,"1_1","0",5,"2.1_wrong_slow",0.396726726726727,0.25,0.234463276836158
"64137d0dfe71cf6624348d27","2_1",0,0,"1_2","0",5,"2.1_wrong_slow",0.396726726726727,0.25,0.234463276836158
"64137d0dfe71cf6624348d27","2_1",0,0,"1_3","0",5,"2.1_wrong_slow",0.396726726726727,0.25,0.234463276836158
"64137d0dfe71cf6624348d27","2_1",0,0,"1_4","1",5,"2.1_wrong_slow",0.396726726726727,0.25,0.234463276836158
"64137d0dfe71cf6624348d27","2_1",0,0,"1_5","0",5,"2.1_wrong_slow",0.396726726726727,0.25,0.234463276836158
"64137d0dfe71cf6624348d27","2_4",1,1,"1_1","1",5,"2.4_right_fast",0.518938053097345,0.1,0.675141242937853
"64137d0dfe71cf6624348d27","2_4",1,1,"1_2","0",5,"2.4_right_fast",0.518938053097345,0.1,0.675141242937853
"64137d0dfe71cf6624348d27","2_4",1,1,"1_3","0",5,"2.4_right_fast",0.518938053097345,0.1,0.675141242937853
"64137d0dfe71cf6624348d27","2_4",1,1,"1_4","1",5,"2.4_right_fast",0.518938053097345,0.1,0.675141242937853
"64137d0dfe71cf6624348d27","2_4",1,1,"1_5","0",5,"2.4_right_fast",0.518938053097345,0.1,0.675141242937853
"64137d0dfe71cf6624348d27","2_5",1,1,"1_1","1",5,"2.5_right_fast",0.760870712401055,0.96,0.915254237288136
"64137d0dfe71cf6624348d27","2_5",1,1,"1_2","1",5,"2.5_right_fast",0.760870712401055,0.96,0.915254237288136
"64137d0dfe71cf6624348d27","2_5",1,1,"1_3","0",5,"2.5_right_fast",0.760870712401055,0.96,0.915254237288136
"64137d0dfe71cf6624348d27","2_5",1,1,"1_4","1",5,"2.5_right_fast",0.760870712401055,0.96,0.915254237288136
"64137d0dfe71cf6624348d27","2_5",1,1,"1_5","0",5,"2.5_right_fast",0.760870712401055,0.96,0.915254237288136
"64137d0dfe71cf6624348d27","2_3",0,1,"1_1","1",5,"2.3_wrong_fast",0.577430167597765,0.97,0.446327683615819
"64137d0dfe71cf6624348d27","2_3",0,1,"1_2","0",5,"2.3_wrong_fast",0.577430167597765,0.97,0.446327683615819
"64137d0dfe71cf6624348d27","2_3",0,1,"1_3","0",5,"2.3_wrong_fast",0.577430167597765,0.97,0.446327683615819
"64137d0dfe71cf6624348d27","2_3",0,1,"1_4","1",5,"2.3_wrong_fast",0.577430167597765,0.97,0.446327683615819
"64137d0dfe71cf6624348d27","2_3",0,1,"1_5","0",5,"2.3_wrong_fast",0.577430167597765,0.97,0.446327683615819
"6462217d7bd09447661ed6a4","2_1",1,0,"1_1","1",13,"2.1_right_slow",0.396726726726727,0.1,0.234463276836158
"6462217d7bd09447661ed6a4","2_1",1,0,"1_2","1",13,"2.1_right_slow",0.396726726726727,0.1,0.234463276836158
"6462217d7bd09447661ed6a4","2_1",1,0,"1_3","1",13,"2.1_right_slow",0.396726726726727,0.1,0.234463276836158
"6462217d7bd09447661ed6a4","2_1",1,0,"1_4","1",13,"2.1_right_slow",0.396726726726727,0.1,0.234463276836158
"6462217d7bd09447661ed6a4","2_1",1,0,"1_5","0",13,"2.1_right_slow",0.396726726726727,0.1,0.234463276836158
"6462217d7bd09447661ed6a4","2_1",1,1,"1_1","1",13,"2.1_right_fast",0.396726726726727,0.25,0.234463276836158
"6462217d7bd09447661ed6a4","2_1",1,1,"1_2","1",13,"2.1_right_fast",0.396726726726727,0.25,0.234463276836158
"6462217d7bd09447661ed6a4","2_1",1,1,"1_3","1",13,"2.1_right_fast",0.396726726726727,0.25,0.234463276836158
"6462217d7bd09447661ed6a4","2_1",1,1,"1_4","1",13,"2.1_right_fast",0.396726726726727,0.25,0.234463276836158
"6462217d7bd09447661ed6a4","2_1",1,1,"1_5","0",13,"2.1_right_fast",0.396726726726727,0.25,0.234463276836158
"6462217d7bd09447661ed6a4","2_4",1,1,"1_1","1",13,"2.4_right_fast",0.518938053097345,0.65,0.675141242937853
"6462217d7bd09447661ed6a4","2_4",1,1,"1_2","1",13,"2.4_right_fast",0.518938053097345,0.65,0.675141242937853
"6462217d7bd09447661ed6a4","2_4",1,1,"1_3","1",13,"2.4_right_fast",0.518938053097345,0.65,0.675141242937853
"6462217d7bd09447661ed6a4","2_4",1,1,"1_4","1",13,"2.4_right_fast",0.518938053097345,0.65,0.675141242937853
"6462217d7bd09447661ed6a4","2_4",1,1,"1_5","0",13,"2.4_right_fast",0.518938053097345,0.65,0.675141242937853
"6462217d7bd09447661ed6a4","2_4",0,1,"1_1","1",13,"2.4_wrong_fast",0.518938053097345,0.45,0.675141242937853
"6462217d7bd09447661ed6a4","2_4",0,1,"1_2","1",13,"2.4_wrong_fast",0.518938053097345,0.45,0.675141242937853
"6462217d7bd09447661ed6a4","2_4",0,1,"1_3","1",13,"2.4_wrong_fast",0.518938053097345,0.45,0.675141242937853
"6462217d7bd09447661ed6a4","2_4",0,1,"1_4","0",13,"2.4_wrong_fast",0.518938053097345,0.45,0.675141242937853
"6462217d7bd09447661ed6a4","2_4",0,1,"1_5","0",13,"2.4_wrong_fast",0.518938053097345,0.45,0.675141242937853
"6462217d7bd09447661ed6a4","2_5",0,1,"1_1","1",13,"2.5_wrong_fast",0.760870712401055,0.95,0.915254237288136
"6462217d7bd09447661ed6a4","2_5",0,1,"1_2","1",13,"2.5_wrong_fast",0.760870712401055,0.95,0.915254237288136
"6462217d7bd09447661ed6a4","2_5",0,1,"1_3","1",13,"2.5_wrong_fast",0.760870712401055,0.95,0.915254237288136
"6462217d7bd09447661ed6a4","2_5",0,1,"1_4","1",13,"2.5_wrong_fast",0.760870712401055,0.95,0.915254237288136
"6462217d7bd09447661ed6a4","2_5",0,1,"1_5","0",13,"2.5_wrong_fast",0.760870712401055,0.95,0.915254237288136
"646d380eee9fe3fcc1d147f2","2_1",1,0,"1_1","1",11,"2.1_right_slow",0.396726726726727,0.3,0.234463276836158
"646d380eee9fe3fcc1d147f2","2_1",1,0,"1_2","1",11,"2.1_right_slow",0.396726726726727,0.3,0.234463276836158
"646d380eee9fe3fcc1d147f2","2_1",1,0,"1_3","1",11,"2.1_right_slow",0.396726726726727,0.3,0.234463276836158
"646d380eee9fe3fcc1d147f2","2_1",1,0,"1_4","1",11,"2.1_right_slow",0.396726726726727,0.3,0.234463276836158
"646d380eee9fe3fcc1d147f2","2_1",1,0,"1_5","0",11,"2.1_right_slow",0.396726726726727,0.3,0.234463276836158
"646d380eee9fe3fcc1d147f2","2_2",1,0,"1_1","1",11,"2.2_right_slow",0.566398891966759,0.4,0.536723163841808
"646d380eee9fe3fcc1d147f2","2_2",1,0,"1_2","1",11,"2.2_right_slow",0.566398891966759,0.4,0.536723163841808
"646d380eee9fe3fcc1d147f2","2_2",1,0,"1_3","1",11,"2.2_right_slow",0.566398891966759,0.4,0.536723163841808
"646d380eee9fe3fcc1d147f2","2_2",1,0,"1_4","1",11,"2.2_right_slow",0.566398891966759,0.4,0.536723163841808
"646d380eee9fe3fcc1d147f2","2_2",1,0,"1_5","0",11,"2.2_right_slow",0.566398891966759,0.4,0.536723163841808
"646d380eee9fe3fcc1d147f2","2_5",1,0,"1_1","1",11,"2.5_right_slow",0.760870712401055,0.85,0.915254237288136
"646d380eee9fe3fcc1d147f2","2_5",1,0,"1_2","1",11,"2.5_right_slow",0.760870712401055,0.85,0.915254237288136
"646d380eee9fe3fcc1d147f2","2_5",1,0,"1_3","1",11,"2.5_right_slow",0.760870712401055,0.85,0.915254237288136
"646d380eee9fe3fcc1d147f2","2_5",1,0,"1_4","1",11,"2.5_right_slow",0.760870712401055,0.85,0.915254237288136
"646d380eee9fe3fcc1d147f2","2_5",1,0,"1_5","1",11,"2.5_right_slow",0.760870712401055,0.85,0.915254237288136
"646d380eee9fe3fcc1d147f2","2_1",0,0,"1_1","0",11,"2.1_wrong_slow",0.396726726726727,0.35,0.234463276836158
"646d380eee9fe3fcc1d147f2","2_1",0,0,"1_2","0",11,"2.1_wrong_slow",0.396726726726727,0.35,0.234463276836158
"646d380eee9fe3fcc1d147f2","2_1",0,0,"1_3","0",11,"2.1_wrong_slow",0.396726726726727,0.35,0.234463276836158
"646d380eee9fe3fcc1d147f2","2_1",0,0,"1_4","0",11,"2.1_wrong_slow",0.396726726726727,0.35,0.234463276836158
"646d380eee9fe3fcc1d147f2","2_1",0,0,"1_5","0",11,"2.1_wrong_slow",0.396726726726727,0.35,0.234463276836158
"646d380eee9fe3fcc1d147f2","2_5",0,1,"1_1","1",11,"2.5_wrong_fast",0.760870712401055,0.95,0.915254237288136
"646d380eee9fe3fcc1d147f2","2_5",0,1,"1_2","0",11,"2.5_wrong_fast",0.760870712401055,0.95,0.915254237288136
"646d380eee9fe3fcc1d147f2","2_5",0,1,"1_3","0",11,"2.5_wrong_fast",0.760870712401055,0.95,0.915254237288136
"646d380eee9fe3fcc1d147f2","2_5",0,1,"1_4","1",11,"2.5_wrong_fast",0.760870712401055,0.95,0.915254237288136
"646d380eee9fe3fcc1d147f2","2_5",0,1,"1_5","0",11,"2.5_wrong_fast",0.760870712401055,0.95,0.915254237288136
"6500a6309a82e5f2bda12731","2_2",1,0,"1_1","1",10,"2.2_right_slow",0.566398891966759,0.35,0.536723163841808
"6500a6309a82e5f2bda12731","2_2",1,0,"1_2","1",10,"2.2_right_slow",0.566398891966759,0.35,0.536723163841808
"6500a6309a82e5f2bda12731","2_2",1,0,"1_3","1",10,"2.2_right_slow",0.566398891966759,0.35,0.536723163841808
"6500a6309a82e5f2bda12731","2_2",1,0,"1_4","1",10,"2.2_right_slow",0.566398891966759,0.35,0.536723163841808
"6500a6309a82e5f2bda12731","2_2",1,0,"1_5","0",10,"2.2_right_slow",0.566398891966759,0.35,0.536723163841808
"6500a6309a82e5f2bda12731","2_4",1,0,"1_1","1",10,"2.4_right_slow",0.518938053097345,0.29,0.675141242937853
"6500a6309a82e5f2bda12731","2_4",1,0,"1_2","1",10,"2.4_right_slow",0.518938053097345,0.29,0.675141242937853
"6500a6309a82e5f2bda12731","2_4",1,0,"1_3","1",10,"2.4_right_slow",0.518938053097345,0.29,0.675141242937853
"6500a6309a82e5f2bda12731","2_4",1,0,"1_4","1",10,"2.4_right_slow",0.518938053097345,0.29,0.675141242937853
"6500a6309a82e5f2bda12731","2_4",1,0,"1_5","0",10,"2.4_right_slow",0.518938053097345,0.29,0.675141242937853
"6500a6309a82e5f2bda12731","2_1",0,0,"1_1","0",10,"2.1_wrong_slow",0.396726726726727,0.23,0.234463276836158
"6500a6309a82e5f2bda12731","2_1",0,0,"1_2","0",10,"2.1_wrong_slow",0.396726726726727,0.23,0.234463276836158
"6500a6309a82e5f2bda12731","2_1",0,0,"1_3","0",10,"2.1_wrong_slow",0.396726726726727,0.23,0.234463276836158
"6500a6309a82e5f2bda12731","2_1",0,0,"1_4","0",10,"2.1_wrong_slow",0.396726726726727,0.23,0.234463276836158
"6500a6309a82e5f2bda12731","2_1",0,0,"1_5","0",10,"2.1_wrong_slow",0.396726726726727,0.23,0.234463276836158
"6500a6309a82e5f2bda12731","2_5",0,0,"1_1","1",10,"2.5_wrong_slow",0.760870712401055,0.93,0.915254237288136
"6500a6309a82e5f2bda12731","2_5",0,0,"1_2","1",10,"2.5_wrong_slow",0.760870712401055,0.93,0.915254237288136
"6500a6309a82e5f2bda12731","2_5",0,0,"1_3","0",10,"2.5_wrong_slow",0.760870712401055,0.93,0.915254237288136
"6500a6309a82e5f2bda12731","2_5",0,0,"1_4","0",10,"2.5_wrong_slow",0.760870712401055,0.93,0.915254237288136
"6500a6309a82e5f2bda12731","2_5",0,0,"1_5","0",10,"2.5_wrong_slow",0.760870712401055,0.93,0.915254237288136
"6500a6309a82e5f2bda12731","2_2",1,1,"1_1","1",10,"2.2_right_fast",0.566398891966759,0.35,0.536723163841808
"6500a6309a82e5f2bda12731","2_2",1,1,"1_2","1",10,"2.2_right_fast",0.566398891966759,0.35,0.536723163841808
"6500a6309a82e5f2bda12731","2_2",1,1,"1_3","1",10,"2.2_right_fast",0.566398891966759,0.35,0.536723163841808
"6500a6309a82e5f2bda12731","2_2",1,1,"1_4","1",10,"2.2_right_fast",0.566398891966759,0.35,0.536723163841808
"6500a6309a82e5f2bda12731","2_2",1,1,"1_5","0",10,"2.2_right_fast",0.566398891966759,0.35,0.536723163841808
"650d9e7cc7ca0c04a4530515","2_1",0,0,"1_1","0",15,"2.1_wrong_slow",0.396726726726727,0.07,0.234463276836158
"650d9e7cc7ca0c04a4530515","2_1",0,0,"1_2","0",15,"2.1_wrong_slow",0.396726726726727,0.07,0.234463276836158
"650d9e7cc7ca0c04a4530515","2_1",0,0,"1_3","0",15,"2.1_wrong_slow",0.396726726726727,0.07,0.234463276836158
"650d9e7cc7ca0c04a4530515","2_1",0,0,"1_4","0",15,"2.1_wrong_slow",0.396726726726727,0.07,0.234463276836158
"650d9e7cc7ca0c04a4530515","2_1",0,0,"1_5","0",15,"2.1_wrong_slow",0.396726726726727,0.07,0.234463276836158
"650d9e7cc7ca0c04a4530515","2_2",1,1,"1_1","1",15,"2.2_right_fast",0.566398891966759,0.64,0.536723163841808
"650d9e7cc7ca0c04a4530515","2_2",1,1,"1_2","1",15,"2.2_right_fast",0.566398891966759,0.64,0.536723163841808
"650d9e7cc7ca0c04a4530515","2_2",1,1,"1_3","1",15,"2.2_right_fast",0.566398891966759,0.64,0.536723163841808
"650d9e7cc7ca0c04a4530515","2_2",1,1,"1_4","1",15,"2.2_right_fast",0.566398891966759,0.64,0.536723163841808
"650d9e7cc7ca0c04a4530515","2_2",1,1,"1_5","0",15,"2.2_right_fast",0.566398891966759,0.64,0.536723163841808
"650d9e7cc7ca0c04a4530515","2_4",1,1,"1_1","1",15,"2.4_right_fast",0.518938053097345,0.74,0.675141242937853
"650d9e7cc7ca0c04a4530515","2_4",1,1,"1_2","1",15,"2.4_right_fast",0.518938053097345,0.74,0.675141242937853
"650d9e7cc7ca0c04a4530515","2_4",1,1,"1_3","1",15,"2.4_right_fast",0.518938053097345,0.74,0.675141242937853
"650d9e7cc7ca0c04a4530515","2_4",1,1,"1_4","1",15,"2.4_right_fast",0.518938053097345,0.74,0.675141242937853
"650d9e7cc7ca0c04a4530515","2_4",1,1,"1_5","1",15,"2.4_right_fast",0.518938053097345,0.74,0.675141242937853
"650d9e7cc7ca0c04a4530515","2_5",1,1,"1_1","1",15,"2.5_right_fast",0.760870712401055,0.3,0.915254237288136
"650d9e7cc7ca0c04a4530515","2_5",1,1,"1_2","1",15,"2.5_right_fast",0.760870712401055,0.3,0.915254237288136
"650d9e7cc7ca0c04a4530515","2_5",1,1,"1_3","1",15,"2.5_right_fast",0.760870712401055,0.3,0.915254237288136
"650d9e7cc7ca0c04a4530515","2_5",1,1,"1_4","1",15,"2.5_right_fast",0.760870712401055,0.3,0.915254237288136
"650d9e7cc7ca0c04a4530515","2_5",1,1,"1_5","1",15,"2.5_right_fast",0.760870712401055,0.3,0.915254237288136
"650d9e7cc7ca0c04a4530515","2_3",0,1,"1_1","1",15,"2.3_wrong_fast",0.577430167597765,0.27,0.446327683615819
"650d9e7cc7ca0c04a4530515","2_3",0,1,"1_2","1",15,"2.3_wrong_fast",0.577430167597765,0.27,0.446327683615819
"650d9e7cc7ca0c04a4530515","2_3",0,1,"1_3","0",15,"2.3_wrong_fast",0.577430167597765,0.27,0.446327683615819
"650d9e7cc7ca0c04a4530515","2_3",0,1,"1_4","0",15,"2.3_wrong_fast",0.577430167597765,0.27,0.446327683615819
"650d9e7cc7ca0c04a4530515","2_3",0,1,"1_5","0",15,"2.3_wrong_fast",0.577430167597765,0.27,0.446327683615819
"65254790f0aa171541706462","2_3",1,0,"1_1","1",11,"2.3_right_slow",0.577430167597765,0.8,0.446327683615819
"65254790f0aa171541706462","2_3",1,0,"1_2","1",11,"2.3_right_slow",0.577430167597765,0.8,0.446327683615819
"65254790f0aa171541706462","2_3",1,0,"1_3","1",11,"2.3_right_slow",0.577430167597765,0.8,0.446327683615819
"65254790f0aa171541706462","2_3",1,0,"1_4","1",11,"2.3_right_slow",0.577430167597765,0.8,0.446327683615819
"65254790f0aa171541706462","2_3",1,0,"1_5","0",11,"2.3_right_slow",0.577430167597765,0.8,0.446327683615819
"65254790f0aa171541706462","2_5",1,0,"1_1","1",11,"2.5_right_slow",0.760870712401055,0.9,0.915254237288136
"65254790f0aa171541706462","2_5",1,0,"1_2","1",11,"2.5_right_slow",0.760870712401055,0.9,0.915254237288136
"65254790f0aa171541706462","2_5",1,0,"1_3","1",11,"2.5_right_slow",0.760870712401055,0.9,0.915254237288136
"65254790f0aa171541706462","2_5",1,0,"1_4","1",11,"2.5_right_slow",0.760870712401055,0.9,0.915254237288136
"65254790f0aa171541706462","2_5",1,0,"1_5","1",11,"2.5_right_slow",0.760870712401055,0.9,0.915254237288136
"65254790f0aa171541706462","2_3",1,1,"1_1","1",11,"2.3_right_fast",0.577430167597765,0.8,0.446327683615819
"65254790f0aa171541706462","2_3",1,1,"1_2","1",11,"2.3_right_fast",0.577430167597765,0.8,0.446327683615819
"65254790f0aa171541706462","2_3",1,1,"1_3","1",11,"2.3_right_fast",0.577430167597765,0.8,0.446327683615819
"65254790f0aa171541706462","2_3",1,1,"1_4","1",11,"2.3_right_fast",0.577430167597765,0.8,0.446327683615819
"65254790f0aa171541706462","2_3",1,1,"1_5","0",11,"2.3_right_fast",0.577430167597765,0.8,0.446327683615819
"65254790f0aa171541706462","2_1",0,1,"1_1","1",11,"2.1_wrong_fast",0.396726726726727,0.85,0.234463276836158
"65254790f0aa171541706462","2_1",0,1,"1_2","1",11,"2.1_wrong_fast",0.396726726726727,0.85,0.234463276836158
"65254790f0aa171541706462","2_1",0,1,"1_3","0",11,"2.1_wrong_fast",0.396726726726727,0.85,0.234463276836158
"65254790f0aa171541706462","2_1",0,1,"1_4","0",11,"2.1_wrong_fast",0.396726726726727,0.85,0.234463276836158
"65254790f0aa171541706462","2_1",0,1,"1_5","0",11,"2.1_wrong_fast",0.396726726726727,0.85,0.234463276836158
"65254790f0aa171541706462","2_3",0,1,"1_1","1",11,"2.3_wrong_fast",0.577430167597765,0.85,0.446327683615819
"65254790f0aa171541706462","2_3",0,1,"1_2","0",11,"2.3_wrong_fast",0.577430167597765,0.85,0.446327683615819
"65254790f0aa171541706462","2_3",0,1,"1_3","0",11,"2.3_wrong_fast",0.577430167597765,0.85,0.446327683615819
"65254790f0aa171541706462","2_3",0,1,"1_4","1",11,"2.3_wrong_fast",0.577430167597765,0.85,0.446327683615819
"65254790f0aa171541706462","2_3",0,1,"1_5","0",11,"2.3_wrong_fast",0.577430167597765,0.85,0.446327683615819
"652809036a4ca0c161cda6e7","2_5",1,0,"1_1","1",4,"2.5_right_slow",0.760870712401055,0.4,0.915254237288136
"652809036a4ca0c161cda6e7","2_5",1,0,"1_2","1",4,"2.5_right_slow",0.760870712401055,0.4,0.915254237288136
"652809036a4ca0c161cda6e7","2_5",1,0,"1_3","1",4,"2.5_right_slow",0.760870712401055,0.4,0.915254237288136
"652809036a4ca0c161cda6e7","2_5",1,0,"1_4","1",4,"2.5_right_slow",0.760870712401055,0.4,0.915254237288136
"652809036a4ca0c161cda6e7","2_5",1,0,"1_5","1",4,"2.5_right_slow",0.760870712401055,0.4,0.915254237288136
"652809036a4ca0c161cda6e7","2_2",0,0,"1_1","1",4,"2.2_wrong_slow",0.566398891966759,0.15,0.536723163841808
"652809036a4ca0c161cda6e7","2_2",0,0,"1_2","0",4,"2.2_wrong_slow",0.566398891966759,0.15,0.536723163841808
"652809036a4ca0c161cda6e7","2_2",0,0,"1_3","1",4,"2.2_wrong_slow",0.566398891966759,0.15,0.536723163841808
"652809036a4ca0c161cda6e7","2_2",0,0,"1_4","0",4,"2.2_wrong_slow",0.566398891966759,0.15,0.536723163841808
"652809036a4ca0c161cda6e7","2_2",0,0,"1_5","0",4,"2.2_wrong_slow",0.566398891966759,0.15,0.536723163841808
"652809036a4ca0c161cda6e7","2_3",1,1,"1_1","1",4,"2.3_right_fast",0.577430167597765,0.2,0.446327683615819
"652809036a4ca0c161cda6e7","2_3",1,1,"1_2","1",4,"2.3_right_fast",0.577430167597765,0.2,0.446327683615819
"652809036a4ca0c161cda6e7","2_3",1,1,"1_3","1",4,"2.3_right_fast",0.577430167597765,0.2,0.446327683615819
"652809036a4ca0c161cda6e7","2_3",1,1,"1_4","1",4,"2.3_right_fast",0.577430167597765,0.2,0.446327683615819
"652809036a4ca0c161cda6e7","2_3",1,1,"1_5","0",4,"2.3_right_fast",0.577430167597765,0.2,0.446327683615819
"652809036a4ca0c161cda6e7","2_4",1,1,"1_1","1",4,"2.4_right_fast",0.518938053097345,0.8,0.675141242937853
"652809036a4ca0c161cda6e7","2_4",1,1,"1_2","1",4,"2.4_right_fast",0.518938053097345,0.8,0.675141242937853
"652809036a4ca0c161cda6e7","2_4",1,1,"1_3","1",4,"2.4_right_fast",0.518938053097345,0.8,0.675141242937853
"652809036a4ca0c161cda6e7","2_4",1,1,"1_4","1",4,"2.4_right_fast",0.518938053097345,0.8,0.675141242937853
"652809036a4ca0c161cda6e7","2_4",1,1,"1_5","1",4,"2.4_right_fast",0.518938053097345,0.8,0.675141242937853
"652809036a4ca0c161cda6e7","2_5",1,1,"1_1","1",4,"2.5_right_fast",0.760870712401055,0.85,0.915254237288136
"652809036a4ca0c161cda6e7","2_5",1,1,"1_2","1",4,"2.5_right_fast",0.760870712401055,0.85,0.915254237288136
"652809036a4ca0c161cda6e7","2_5",1,1,"1_3","1",4,"2.5_right_fast",0.760870712401055,0.85,0.915254237288136
"652809036a4ca0c161cda6e7","2_5",1,1,"1_4","1",4,"2.5_right_fast",0.760870712401055,0.85,0.915254237288136
"652809036a4ca0c161cda6e7","2_5",1,1,"1_5","1",4,"2.5_right_fast",0.760870712401055,0.85,0.915254237288136
"6530fed5b3281d288757fca9","2_1",1,0,"1_1","1",6,"2.1_right_slow",0.396726726726727,0.2,0.234463276836158
"6530fed5b3281d288757fca9","2_1",1,0,"1_2","0",6,"2.1_right_slow",0.396726726726727,0.2,0.234463276836158
"6530fed5b3281d288757fca9","2_1",1,0,"1_3","1",6,"2.1_right_slow",0.396726726726727,0.2,0.234463276836158
"6530fed5b3281d288757fca9","2_1",1,0,"1_4","1",6,"2.1_right_slow",0.396726726726727,0.2,0.234463276836158
"6530fed5b3281d288757fca9","2_1",1,0,"1_5","0",6,"2.1_right_slow",0.396726726726727,0.2,0.234463276836158
"6530fed5b3281d288757fca9","2_2",1,0,"1_1","1",6,"2.2_right_slow",0.566398891966759,0.4,0.536723163841808
"6530fed5b3281d288757fca9","2_2",1,0,"1_2","1",6,"2.2_right_slow",0.566398891966759,0.4,0.536723163841808
"6530fed5b3281d288757fca9","2_2",1,0,"1_3","1",6,"2.2_right_slow",0.566398891966759,0.4,0.536723163841808
"6530fed5b3281d288757fca9","2_2",1,0,"1_4","1",6,"2.2_right_slow",0.566398891966759,0.4,0.536723163841808
"6530fed5b3281d288757fca9","2_2",1,0,"1_5","0",6,"2.2_right_slow",0.566398891966759,0.4,0.536723163841808
"6530fed5b3281d288757fca9","2_3",1,0,"1_1","1",6,"2.3_right_slow",0.577430167597765,0.3,0.446327683615819
"6530fed5b3281d288757fca9","2_3",1,0,"1_2","1",6,"2.3_right_slow",0.577430167597765,0.3,0.446327683615819
"6530fed5b3281d288757fca9","2_3",1,0,"1_3","1",6,"2.3_right_slow",0.577430167597765,0.3,0.446327683615819
"6530fed5b3281d288757fca9","2_3",1,0,"1_4","1",6,"2.3_right_slow",0.577430167597765,0.3,0.446327683615819
"6530fed5b3281d288757fca9","2_3",1,0,"1_5","0",6,"2.3_right_slow",0.577430167597765,0.3,0.446327683615819
"6530fed5b3281d288757fca9","2_2",0,0,"1_1","1",6,"2.2_wrong_slow",0.566398891966759,0.65,0.536723163841808
"6530fed5b3281d288757fca9","2_2",0,0,"1_2","0",6,"2.2_wrong_slow",0.566398891966759,0.65,0.536723163841808
"6530fed5b3281d288757fca9","2_2",0,0,"1_3","1",6,"2.2_wrong_slow",0.566398891966759,0.65,0.536723163841808
"6530fed5b3281d288757fca9","2_2",0,0,"1_4","1",6,"2.2_wrong_slow",0.566398891966759,0.65,0.536723163841808
"6530fed5b3281d288757fca9","2_2",0,0,"1_5","0",6,"2.2_wrong_slow",0.566398891966759,0.65,0.536723163841808
"6530fed5b3281d288757fca9","2_2",0,1,"1_1","1",6,"2.2_wrong_fast",0.566398891966759,0.85,0.536723163841808
"6530fed5b3281d288757fca9","2_2",0,1,"1_2","0",6,"2.2_wrong_fast",0.566398891966759,0.85,0.536723163841808
"6530fed5b3281d288757fca9","2_2",0,1,"1_3","0",6,"2.2_wrong_fast",0.566398891966759,0.85,0.536723163841808
"6530fed5b3281d288757fca9","2_2",0,1,"1_4","1",6,"2.2_wrong_fast",0.566398891966759,0.85,0.536723163841808
"6530fed5b3281d288757fca9","2_2",0,1,"1_5","0",6,"2.2_wrong_fast",0.566398891966759,0.85,0.536723163841808
"65352328ddb089d098ab5d36","2_4",1,0,"1_1","1",7,"2.4_right_slow",0.518938053097345,0.2,0.675141242937853
"65352328ddb089d098ab5d36","2_4",1,0,"1_2","0",7,"2.4_right_slow",0.518938053097345,0.2,0.675141242937853
"65352328ddb089d098ab5d36","2_4",1,0,"1_3","0",7,"2.4_right_slow",0.518938053097345,0.2,0.675141242937853
"65352328ddb089d098ab5d36","2_4",1,0,"1_4","1",7,"2.4_right_slow",0.518938053097345,0.2,0.675141242937853
"65352328ddb089d098ab5d36","2_4",1,0,"1_5","0",7,"2.4_right_slow",0.518938053097345,0.2,0.675141242937853
"65352328ddb089d098ab5d36","2_2",1,1,"1_1","1",7,"2.2_right_fast",0.566398891966759,0.7,0.536723163841808
"65352328ddb089d098ab5d36","2_2",1,1,"1_2","1",7,"2.2_right_fast",0.566398891966759,0.7,0.536723163841808
"65352328ddb089d098ab5d36","2_2",1,1,"1_3","1",7,"2.2_right_fast",0.566398891966759,0.7,0.536723163841808
"65352328ddb089d098ab5d36","2_2",1,1,"1_4","1",7,"2.2_right_fast",0.566398891966759,0.7,0.536723163841808
"65352328ddb089d098ab5d36","2_2",1,1,"1_5","0",7,"2.2_right_fast",0.566398891966759,0.7,0.536723163841808
"65352328ddb089d098ab5d36","2_4",1,1,"1_1","1",7,"2.4_right_fast",0.518938053097345,0.3,0.675141242937853
"65352328ddb089d098ab5d36","2_4",1,1,"1_2","1",7,"2.4_right_fast",0.518938053097345,0.3,0.675141242937853
"65352328ddb089d098ab5d36","2_4",1,1,"1_3","1",7,"2.4_right_fast",0.518938053097345,0.3,0.675141242937853
"65352328ddb089d098ab5d36","2_4",1,1,"1_4","1",7,"2.4_right_fast",0.518938053097345,0.3,0.675141242937853
"65352328ddb089d098ab5d36","2_4",1,1,"1_5","0",7,"2.4_right_fast",0.518938053097345,0.3,0.675141242937853
"65352328ddb089d098ab5d36","2_2",0,1,"1_1","1",7,"2.2_wrong_fast",0.566398891966759,0.7,0.536723163841808
"65352328ddb089d098ab5d36","2_2",0,1,"1_2","0",7,"2.2_wrong_fast",0.566398891966759,0.7,0.536723163841808
"65352328ddb089d098ab5d36","2_2",0,1,"1_3","0",7,"2.2_wrong_fast",0.566398891966759,0.7,0.536723163841808
"65352328ddb089d098ab5d36","2_2",0,1,"1_4","1",7,"2.2_wrong_fast",0.566398891966759,0.7,0.536723163841808
"65352328ddb089d098ab5d36","2_2",0,1,"1_5","0",7,"2.2_wrong_fast",0.566398891966759,0.7,0.536723163841808
"65352328ddb089d098ab5d36","2_5",0,1,"1_1","1",7,"2.5_wrong_fast",0.760870712401055,0.9,0.915254237288136
"65352328ddb089d098ab5d36","2_5",0,1,"1_2","0",7,"2.5_wrong_fast",0.760870712401055,0.9,0.915254237288136
"65352328ddb089d098ab5d36","2_5",0,1,"1_3","1",7,"2.5_wrong_fast",0.760870712401055,0.9,0.915254237288136
"65352328ddb089d098ab5d36","2_5",0,1,"1_4","1",7,"2.5_wrong_fast",0.760870712401055,0.9,0.915254237288136
"65352328ddb089d098ab5d36","2_5",0,1,"1_5","0",7,"2.5_wrong_fast",0.760870712401055,0.9,0.915254237288136
"6537fbfa80bf977dd6954d58","2_3",1,0,"1_1","1",2,"2.3_right_slow",0.577430167597765,0.2,0.446327683615819
"6537fbfa80bf977dd6954d58","2_3",1,0,"1_2","1",2,"2.3_right_slow",0.577430167597765,0.2,0.446327683615819
"6537fbfa80bf977dd6954d58","2_3",1,0,"1_3","1",2,"2.3_right_slow",0.577430167597765,0.2,0.446327683615819
"6537fbfa80bf977dd6954d58","2_3",1,0,"1_4","1",2,"2.3_right_slow",0.577430167597765,0.2,0.446327683615819
"6537fbfa80bf977dd6954d58","2_3",1,0,"1_5","0",2,"2.3_right_slow",0.577430167597765,0.2,0.446327683615819
"6537fbfa80bf977dd6954d58","2_2",0,0,"1_1","1",2,"2.2_wrong_slow",0.566398891966759,0.15,0.536723163841808
"6537fbfa80bf977dd6954d58","2_2",0,0,"1_2","1",2,"2.2_wrong_slow",0.566398891966759,0.15,0.536723163841808
"6537fbfa80bf977dd6954d58","2_2",0,0,"1_3","1",2,"2.2_wrong_slow",0.566398891966759,0.15,0.536723163841808
"6537fbfa80bf977dd6954d58","2_2",0,0,"1_4","0",2,"2.2_wrong_slow",0.566398891966759,0.15,0.536723163841808
"6537fbfa80bf977dd6954d58","2_2",0,0,"1_5","0",2,"2.2_wrong_slow",0.566398891966759,0.15,0.536723163841808
"6537fbfa80bf977dd6954d58","2_5",0,0,"1_1","1",2,"2.5_wrong_slow",0.760870712401055,0.7,0.915254237288136
"6537fbfa80bf977dd6954d58","2_5",0,0,"1_2","1",2,"2.5_wrong_slow",0.760870712401055,0.7,0.915254237288136
"6537fbfa80bf977dd6954d58","2_5",0,0,"1_3","1",2,"2.5_wrong_slow",0.760870712401055,0.7,0.915254237288136
"6537fbfa80bf977dd6954d58","2_5",0,0,"1_4","0",2,"2.5_wrong_slow",0.760870712401055,0.7,0.915254237288136
"6537fbfa80bf977dd6954d58","2_5",0,0,"1_5","0",2,"2.5_wrong_slow",0.760870712401055,0.7,0.915254237288136
"6537fbfa80bf977dd6954d58","2_1",1,1,"1_1","1",2,"2.1_right_fast",0.396726726726727,0.1,0.234463276836158
"6537fbfa80bf977dd6954d58","2_1",1,1,"1_2","1",2,"2.1_right_fast",0.396726726726727,0.1,0.234463276836158
"6537fbfa80bf977dd6954d58","2_1",1,1,"1_3","1",2,"2.1_right_fast",0.396726726726727,0.1,0.234463276836158
"6537fbfa80bf977dd6954d58","2_1",1,1,"1_4","1",2,"2.1_right_fast",0.396726726726727,0.1,0.234463276836158
"6537fbfa80bf977dd6954d58","2_1",1,1,"1_5","0",2,"2.1_right_fast",0.396726726726727,0.1,0.234463276836158
"6537fbfa80bf977dd6954d58","2_5",1,1,"1_1","1",2,"2.5_right_fast",0.760870712401055,0.8,0.915254237288136
"6537fbfa80bf977dd6954d58","2_5",1,1,"1_2","1",2,"2.5_right_fast",0.760870712401055,0.8,0.915254237288136
"6537fbfa80bf977dd6954d58","2_5",1,1,"1_3","1",2,"2.5_right_fast",0.760870712401055,0.8,0.915254237288136
"6537fbfa80bf977dd6954d58","2_5",1,1,"1_4","0",2,"2.5_right_fast",0.760870712401055,0.8,0.915254237288136
"6537fbfa80bf977dd6954d58","2_5",1,1,"1_5","0",2,"2.5_right_fast",0.760870712401055,0.8,0.915254237288136
"654180b5d949b32a76c3b5fe","2_5",0,0,"1_1","1",6,"2.5_wrong_slow",0.760870712401055,0.5,0.915254237288136
"654180b5d949b32a76c3b5fe","2_5",0,0,"1_2","1",6,"2.5_wrong_slow",0.760870712401055,0.5,0.915254237288136
"654180b5d949b32a76c3b5fe","2_5",0,0,"1_3","1",6,"2.5_wrong_slow",0.760870712401055,0.5,0.915254237288136
"654180b5d949b32a76c3b5fe","2_5",0,0,"1_4","1",6,"2.5_wrong_slow",0.760870712401055,0.5,0.915254237288136
"654180b5d949b32a76c3b5fe","2_5",0,0,"1_5","0",6,"2.5_wrong_slow",0.760870712401055,0.5,0.915254237288136
"654180b5d949b32a76c3b5fe","2_3",1,1,"1_1","1",6,"2.3_right_fast",0.577430167597765,0.22,0.446327683615819
"654180b5d949b32a76c3b5fe","2_3",1,1,"1_2","1",6,"2.3_right_fast",0.577430167597765,0.22,0.446327683615819
"654180b5d949b32a76c3b5fe","2_3",1,1,"1_3","1",6,"2.3_right_fast",0.577430167597765,0.22,0.446327683615819
"654180b5d949b32a76c3b5fe","2_3",1,1,"1_4","1",6,"2.3_right_fast",0.577430167597765,0.22,0.446327683615819
"654180b5d949b32a76c3b5fe","2_3",1,1,"1_5","1",6,"2.3_right_fast",0.577430167597765,0.22,0.446327683615819
"654180b5d949b32a76c3b5fe","2_5",1,1,"1_1","1",6,"2.5_right_fast",0.760870712401055,0.61,0.915254237288136
"654180b5d949b32a76c3b5fe","2_5",1,1,"1_2","1",6,"2.5_right_fast",0.760870712401055,0.61,0.915254237288136
"654180b5d949b32a76c3b5fe","2_5",1,1,"1_3","1",6,"2.5_right_fast",0.760870712401055,0.61,0.915254237288136
"654180b5d949b32a76c3b5fe","2_5",1,1,"1_4","1",6,"2.5_right_fast",0.760870712401055,0.61,0.915254237288136
"654180b5d949b32a76c3b5fe","2_5",1,1,"1_5","0",6,"2.5_right_fast",0.760870712401055,0.61,0.915254237288136
"654180b5d949b32a76c3b5fe","2_2",0,1,"1_1","1",6,"2.2_wrong_fast",0.566398891966759,0.29,0.536723163841808
"654180b5d949b32a76c3b5fe","2_2",0,1,"1_2","1",6,"2.2_wrong_fast",0.566398891966759,0.29,0.536723163841808
"654180b5d949b32a76c3b5fe","2_2",0,1,"1_3","1",6,"2.2_wrong_fast",0.566398891966759,0.29,0.536723163841808
"654180b5d949b32a76c3b5fe","2_2",0,1,"1_4","1",6,"2.2_wrong_fast",0.566398891966759,0.29,0.536723163841808
"654180b5d949b32a76c3b5fe","2_2",0,1,"1_5","0",6,"2.2_wrong_fast",0.566398891966759,0.29,0.536723163841808
"654180b5d949b32a76c3b5fe","2_4",0,1,"1_1","1",6,"2.4_wrong_fast",0.518938053097345,0.24,0.675141242937853
"654180b5d949b32a76c3b5fe","2_4",0,1,"1_2","1",6,"2.4_wrong_fast",0.518938053097345,0.24,0.675141242937853
"654180b5d949b32a76c3b5fe","2_4",0,1,"1_3","1",6,"2.4_wrong_fast",0.518938053097345,0.24,0.675141242937853
"654180b5d949b32a76c3b5fe","2_4",0,1,"1_4","1",6,"2.4_wrong_fast",0.518938053097345,0.24,0.675141242937853
"654180b5d949b32a76c3b5fe","2_4",0,1,"1_5","1",6,"2.4_wrong_fast",0.518938053097345,0.24,0.675141242937853
"6543e26907b8e35facc1afe9","2_2",1,0,"1_1","1",5,"2.2_right_slow",0.566398891966759,0.28,0.536723163841808
"6543e26907b8e35facc1afe9","2_2",1,0,"1_2","1",5,"2.2_right_slow",0.566398891966759,0.28,0.536723163841808
"6543e26907b8e35facc1afe9","2_2",1,0,"1_3","0",5,"2.2_right_slow",0.566398891966759,0.28,0.536723163841808
"6543e26907b8e35facc1afe9","2_2",1,0,"1_4","0",5,"2.2_right_slow",0.566398891966759,0.28,0.536723163841808
"6543e26907b8e35facc1afe9","2_2",1,0,"1_5","0",5,"2.2_right_slow",0.566398891966759,0.28,0.536723163841808
"6543e26907b8e35facc1afe9","2_3",1,0,"1_1","1",5,"2.3_right_slow",0.577430167597765,0.46,0.446327683615819
"6543e26907b8e35facc1afe9","2_3",1,0,"1_2","1",5,"2.3_right_slow",0.577430167597765,0.46,0.446327683615819
"6543e26907b8e35facc1afe9","2_3",1,0,"1_3","1",5,"2.3_right_slow",0.577430167597765,0.46,0.446327683615819
"6543e26907b8e35facc1afe9","2_3",1,0,"1_4","0",5,"2.3_right_slow",0.577430167597765,0.46,0.446327683615819
"6543e26907b8e35facc1afe9","2_3",1,0,"1_5","0",5,"2.3_right_slow",0.577430167597765,0.46,0.446327683615819
"6543e26907b8e35facc1afe9","2_2",0,0,"1_1","1",5,"2.2_wrong_slow",0.566398891966759,0.33,0.536723163841808
"6543e26907b8e35facc1afe9","2_2",0,0,"1_2","0",5,"2.2_wrong_slow",0.566398891966759,0.33,0.536723163841808
"6543e26907b8e35facc1afe9","2_2",0,0,"1_3","0",5,"2.2_wrong_slow",0.566398891966759,0.33,0.536723163841808
"6543e26907b8e35facc1afe9","2_2",0,0,"1_4","0",5,"2.2_wrong_slow",0.566398891966759,0.33,0.536723163841808
"6543e26907b8e35facc1afe9","2_2",0,0,"1_5","0",5,"2.2_wrong_slow",0.566398891966759,0.33,0.536723163841808
"6543e26907b8e35facc1afe9","2_5",1,1,"1_1","1",5,"2.5_right_fast",0.760870712401055,0.46,0.915254237288136
"6543e26907b8e35facc1afe9","2_5",1,1,"1_2","1",5,"2.5_right_fast",0.760870712401055,0.46,0.915254237288136
"6543e26907b8e35facc1afe9","2_5",1,1,"1_3","1",5,"2.5_right_fast",0.760870712401055,0.46,0.915254237288136
"6543e26907b8e35facc1afe9","2_5",1,1,"1_4","1",5,"2.5_right_fast",0.760870712401055,0.46,0.915254237288136
"6543e26907b8e35facc1afe9","2_5",1,1,"1_5","1",5,"2.5_right_fast",0.760870712401055,0.46,0.915254237288136
"6543e26907b8e35facc1afe9","2_4",0,1,"1_1","1",5,"2.4_wrong_fast",0.518938053097345,0.41,0.675141242937853
"6543e26907b8e35facc1afe9","2_4",0,1,"1_2","1",5,"2.4_wrong_fast",0.518938053097345,0.41,0.675141242937853
"6543e26907b8e35facc1afe9","2_4",0,1,"1_3","1",5,"2.4_wrong_fast",0.518938053097345,0.41,0.675141242937853
"6543e26907b8e35facc1afe9","2_4",0,1,"1_4","0",5,"2.4_wrong_fast",0.518938053097345,0.41,0.675141242937853
"6543e26907b8e35facc1afe9","2_4",0,1,"1_5","0",5,"2.4_wrong_fast",0.518938053097345,0.41,0.675141242937853
"654a5d641901737cf9ddc7dc","2_2",0,0,"1_1","1",6,"2.2_wrong_slow",0.566398891966759,0.77,0.536723163841808
"654a5d641901737cf9ddc7dc","2_2",0,0,"1_2","1",6,"2.2_wrong_slow",0.566398891966759,0.77,0.536723163841808
"654a5d641901737cf9ddc7dc","2_2",0,0,"1_3","0",6,"2.2_wrong_slow",0.566398891966759,0.77,0.536723163841808
"654a5d641901737cf9ddc7dc","2_2",0,0,"1_4","0",6,"2.2_wrong_slow",0.566398891966759,0.77,0.536723163841808
"654a5d641901737cf9ddc7dc","2_2",0,0,"1_5","0",6,"2.2_wrong_slow",0.566398891966759,0.77,0.536723163841808
"654a5d641901737cf9ddc7dc","2_3",0,0,"1_1","1",6,"2.3_wrong_slow",0.577430167597765,0.7,0.446327683615819
"654a5d641901737cf9ddc7dc","2_3",0,0,"1_2","1",6,"2.3_wrong_slow",0.577430167597765,0.7,0.446327683615819
"654a5d641901737cf9ddc7dc","2_3",0,0,"1_3","0",6,"2.3_wrong_slow",0.577430167597765,0.7,0.446327683615819
"654a5d641901737cf9ddc7dc","2_3",0,0,"1_4","1",6,"2.3_wrong_slow",0.577430167597765,0.7,0.446327683615819
"654a5d641901737cf9ddc7dc","2_3",0,0,"1_5","0",6,"2.3_wrong_slow",0.577430167597765,0.7,0.446327683615819
"654a5d641901737cf9ddc7dc","2_4",0,0,"1_1","1",6,"2.4_wrong_slow",0.518938053097345,0.94,0.675141242937853
"654a5d641901737cf9ddc7dc","2_4",0,0,"1_2","1",6,"2.4_wrong_slow",0.518938053097345,0.94,0.675141242937853
"654a5d641901737cf9ddc7dc","2_4",0,0,"1_3","0",6,"2.4_wrong_slow",0.518938053097345,0.94,0.675141242937853
"654a5d641901737cf9ddc7dc","2_4",0,0,"1_4","0",6,"2.4_wrong_slow",0.518938053097345,0.94,0.675141242937853
"654a5d641901737cf9ddc7dc","2_4",0,0,"1_5","0",6,"2.4_wrong_slow",0.518938053097345,0.94,0.675141242937853
"654a5d641901737cf9ddc7dc","2_2",0,1,"1_1","1",6,"2.2_wrong_fast",0.566398891966759,0.89,0.536723163841808
"654a5d641901737cf9ddc7dc","2_2",0,1,"1_2","0",6,"2.2_wrong_fast",0.566398891966759,0.89,0.536723163841808
"654a5d641901737cf9ddc7dc","2_2",0,1,"1_3","0",6,"2.2_wrong_fast",0.566398891966759,0.89,0.536723163841808
"654a5d641901737cf9ddc7dc","2_2",0,1,"1_4","0",6,"2.2_wrong_fast",0.566398891966759,0.89,0.536723163841808
"654a5d641901737cf9ddc7dc","2_2",0,1,"1_5","0",6,"2.2_wrong_fast",0.566398891966759,0.89,0.536723163841808
"654a5d641901737cf9ddc7dc","2_3",0,1,"1_1","1",6,"2.3_wrong_fast",0.577430167597765,0.81,0.446327683615819
"654a5d641901737cf9ddc7dc","2_3",0,1,"1_2","0",6,"2.3_wrong_fast",0.577430167597765,0.81,0.446327683615819
"654a5d641901737cf9ddc7dc","2_3",0,1,"1_3","0",6,"2.3_wrong_fast",0.577430167597765,0.81,0.446327683615819
"654a5d641901737cf9ddc7dc","2_3",0,1,"1_4","0",6,"2.3_wrong_fast",0.577430167597765,0.81,0.446327683615819
"654a5d641901737cf9ddc7dc","2_3",0,1,"1_5","0",6,"2.3_wrong_fast",0.577430167597765,0.81,0.446327683615819
"654a8c7f29438b574d5b9fee","2_3",1,0,"1_1","1",8,"2.3_right_slow",0.577430167597765,0.5,0.446327683615819
"654a8c7f29438b574d5b9fee","2_3",1,0,"1_2","1",8,"2.3_right_slow",0.577430167597765,0.5,0.446327683615819
"654a8c7f29438b574d5b9fee","2_3",1,0,"1_3","1",8,"2.3_right_slow",0.577430167597765,0.5,0.446327683615819
"654a8c7f29438b574d5b9fee","2_3",1,0,"1_4","0",8,"2.3_right_slow",0.577430167597765,0.5,0.446327683615819
"654a8c7f29438b574d5b9fee","2_3",1,0,"1_5","0",8,"2.3_right_slow",0.577430167597765,0.5,0.446327683615819
"654a8c7f29438b574d5b9fee","2_1",0,0,"1_1","0",8,"2.1_wrong_slow",0.396726726726727,0.2,0.234463276836158
"654a8c7f29438b574d5b9fee","2_1",0,0,"1_2","0",8,"2.1_wrong_slow",0.396726726726727,0.2,0.234463276836158
"654a8c7f29438b574d5b9fee","2_1",0,0,"1_3","0",8,"2.1_wrong_slow",0.396726726726727,0.2,0.234463276836158
"654a8c7f29438b574d5b9fee","2_1",0,0,"1_4","0",8,"2.1_wrong_slow",0.396726726726727,0.2,0.234463276836158
"654a8c7f29438b574d5b9fee","2_1",0,0,"1_5","0",8,"2.1_wrong_slow",0.396726726726727,0.2,0.234463276836158
"654a8c7f29438b574d5b9fee","2_2",0,0,"1_1","1",8,"2.2_wrong_slow",0.566398891966759,0.35,0.536723163841808
"654a8c7f29438b574d5b9fee","2_2",0,0,"1_2","0",8,"2.2_wrong_slow",0.566398891966759,0.35,0.536723163841808
"654a8c7f29438b574d5b9fee","2_2",0,0,"1_3","1",8,"2.2_wrong_slow",0.566398891966759,0.35,0.536723163841808
"654a8c7f29438b574d5b9fee","2_2",0,0,"1_4","0",8,"2.2_wrong_slow",0.566398891966759,0.35,0.536723163841808
"654a8c7f29438b574d5b9fee","2_2",0,0,"1_5","0",8,"2.2_wrong_slow",0.566398891966759,0.35,0.536723163841808
"654a8c7f29438b574d5b9fee","2_5",0,0,"1_1","1",8,"2.5_wrong_slow",0.760870712401055,0.9,0.915254237288136
"654a8c7f29438b574d5b9fee","2_5",0,0,"1_2","1",8,"2.5_wrong_slow",0.760870712401055,0.9,0.915254237288136
"654a8c7f29438b574d5b9fee","2_5",0,0,"1_3","1",8,"2.5_wrong_slow",0.760870712401055,0.9,0.915254237288136
"654a8c7f29438b574d5b9fee","2_5",0,0,"1_4","0",8,"2.5_wrong_slow",0.760870712401055,0.9,0.915254237288136
"654a8c7f29438b574d5b9fee","2_5",0,0,"1_5","0",8,"2.5_wrong_slow",0.760870712401055,0.9,0.915254237288136
"654a8c7f29438b574d5b9fee","2_2",0,1,"1_1","1",8,"2.2_wrong_fast",0.566398891966759,0.3,0.536723163841808
"654a8c7f29438b574d5b9fee","2_2",0,1,"1_2","0",8,"2.2_wrong_fast",0.566398891966759,0.3,0.536723163841808
"654a8c7f29438b574d5b9fee","2_2",0,1,"1_3","0",8,"2.2_wrong_fast",0.566398891966759,0.3,0.536723163841808
"654a8c7f29438b574d5b9fee","2_2",0,1,"1_4","0",8,"2.2_wrong_fast",0.566398891966759,0.3,0.536723163841808
"654a8c7f29438b574d5b9fee","2_2",0,1,"1_5","0",8,"2.2_wrong_fast",0.566398891966759,0.3,0.536723163841808
"6553953daddeb31f9794b59c","2_1",1,0,"1_1","1",3,"2.1_right_slow",0.396726726726727,0.16,0.234463276836158
"6553953daddeb31f9794b59c","2_1",1,0,"1_2","1",3,"2.1_right_slow",0.396726726726727,0.16,0.234463276836158
"6553953daddeb31f9794b59c","2_1",1,0,"1_3","1",3,"2.1_right_slow",0.396726726726727,0.16,0.234463276836158
"6553953daddeb31f9794b59c","2_1",1,0,"1_4","1",3,"2.1_right_slow",0.396726726726727,0.16,0.234463276836158
"6553953daddeb31f9794b59c","2_1",1,0,"1_5","0",3,"2.1_right_slow",0.396726726726727,0.16,0.234463276836158
"6553953daddeb31f9794b59c","2_4",0,0,"1_1","1",3,"2.4_wrong_slow",0.518938053097345,0.34,0.675141242937853
"6553953daddeb31f9794b59c","2_4",0,0,"1_2","0",3,"2.4_wrong_slow",0.518938053097345,0.34,0.675141242937853
"6553953daddeb31f9794b59c","2_4",0,0,"1_3","1",3,"2.4_wrong_slow",0.518938053097345,0.34,0.675141242937853
"6553953daddeb31f9794b59c","2_4",0,0,"1_4","0",3,"2.4_wrong_slow",0.518938053097345,0.34,0.675141242937853
"6553953daddeb31f9794b59c","2_4",0,0,"1_5","0",3,"2.4_wrong_slow",0.518938053097345,0.34,0.675141242937853
"6553953daddeb31f9794b59c","2_4",1,1,"1_1","1",3,"2.4_right_fast",0.518938053097345,0.32,0.675141242937853
"6553953daddeb31f9794b59c","2_4",1,1,"1_2","1",3,"2.4_right_fast",0.518938053097345,0.32,0.675141242937853
"6553953daddeb31f9794b59c","2_4",1,1,"1_3","1",3,"2.4_right_fast",0.518938053097345,0.32,0.675141242937853
"6553953daddeb31f9794b59c","2_4",1,1,"1_4","1",3,"2.4_right_fast",0.518938053097345,0.32,0.675141242937853
"6553953daddeb31f9794b59c","2_4",1,1,"1_5","0",3,"2.4_right_fast",0.518938053097345,0.32,0.675141242937853
"6553953daddeb31f9794b59c","2_5",1,1,"1_1","1",3,"2.5_right_fast",0.760870712401055,0.46,0.915254237288136
"6553953daddeb31f9794b59c","2_5",1,1,"1_2","1",3,"2.5_right_fast",0.760870712401055,0.46,0.915254237288136
"6553953daddeb31f9794b59c","2_5",1,1,"1_3","1",3,"2.5_right_fast",0.760870712401055,0.46,0.915254237288136
"6553953daddeb31f9794b59c","2_5",1,1,"1_4","1",3,"2.5_right_fast",0.760870712401055,0.46,0.915254237288136
"6553953daddeb31f9794b59c","2_5",1,1,"1_5","1",3,"2.5_right_fast",0.760870712401055,0.46,0.915254237288136
"6553953daddeb31f9794b59c","2_1",0,1,"1_1","1",3,"2.1_wrong_fast",0.396726726726727,0.23,0.234463276836158
"6553953daddeb31f9794b59c","2_1",0,1,"1_2","0",3,"2.1_wrong_fast",0.396726726726727,0.23,0.234463276836158
"6553953daddeb31f9794b59c","2_1",0,1,"1_3","1",3,"2.1_wrong_fast",0.396726726726727,0.23,0.234463276836158
"6553953daddeb31f9794b59c","2_1",0,1,"1_4","0",3,"2.1_wrong_fast",0.396726726726727,0.23,0.234463276836158
"6553953daddeb31f9794b59c","2_1",0,1,"1_5","0",3,"2.1_wrong_fast",0.396726726726727,0.23,0.234463276836158
"655f94a8e52c55fdec3da167","2_5",1,0,"1_1","1",13,"2.5_right_slow",0.760870712401055,0.72,0.915254237288136
"655f94a8e52c55fdec3da167","2_5",1,0,"1_2","1",13,"2.5_right_slow",0.760870712401055,0.72,0.915254237288136
"655f94a8e52c55fdec3da167","2_5",1,0,"1_3","1",13,"2.5_right_slow",0.760870712401055,0.72,0.915254237288136
"655f94a8e52c55fdec3da167","2_5",1,0,"1_4","1",13,"2.5_right_slow",0.760870712401055,0.72,0.915254237288136
"655f94a8e52c55fdec3da167","2_5",1,0,"1_5","1",13,"2.5_right_slow",0.760870712401055,0.72,0.915254237288136
"655f94a8e52c55fdec3da167","2_5",0,0,"1_1","1",13,"2.5_wrong_slow",0.760870712401055,0.76,0.915254237288136
"655f94a8e52c55fdec3da167","2_5",0,0,"1_2","1",13,"2.5_wrong_slow",0.760870712401055,0.76,0.915254237288136
"655f94a8e52c55fdec3da167","2_5",0,0,"1_3","1",13,"2.5_wrong_slow",0.760870712401055,0.76,0.915254237288136
"655f94a8e52c55fdec3da167","2_5",0,0,"1_4","1",13,"2.5_wrong_slow",0.760870712401055,0.76,0.915254237288136
"655f94a8e52c55fdec3da167","2_5",0,0,"1_5","0",13,"2.5_wrong_slow",0.760870712401055,0.76,0.915254237288136
"655f94a8e52c55fdec3da167","2_1",0,1,"1_1","1",13,"2.1_wrong_fast",0.396726726726727,0.3,0.234463276836158
"655f94a8e52c55fdec3da167","2_1",0,1,"1_2","0",13,"2.1_wrong_fast",0.396726726726727,0.3,0.234463276836158
"655f94a8e52c55fdec3da167","2_1",0,1,"1_3","0",13,"2.1_wrong_fast",0.396726726726727,0.3,0.234463276836158
"655f94a8e52c55fdec3da167","2_1",0,1,"1_4","0",13,"2.1_wrong_fast",0.396726726726727,0.3,0.234463276836158
"655f94a8e52c55fdec3da167","2_1",0,1,"1_5","0",13,"2.1_wrong_fast",0.396726726726727,0.3,0.234463276836158
"655f94a8e52c55fdec3da167","2_2",0,1,"1_1","1",13,"2.2_wrong_fast",0.566398891966759,0.58,0.536723163841808
"655f94a8e52c55fdec3da167","2_2",0,1,"1_2","0",13,"2.2_wrong_fast",0.566398891966759,0.58,0.536723163841808
"655f94a8e52c55fdec3da167","2_2",0,1,"1_3","0",13,"2.2_wrong_fast",0.566398891966759,0.58,0.536723163841808
"655f94a8e52c55fdec3da167","2_2",0,1,"1_4","0",13,"2.2_wrong_fast",0.566398891966759,0.58,0.536723163841808
"655f94a8e52c55fdec3da167","2_2",0,1,"1_5","0",13,"2.2_wrong_fast",0.566398891966759,0.58,0.536723163841808
"655f94a8e52c55fdec3da167","2_3",0,1,"1_1","0",13,"2.3_wrong_fast",0.577430167597765,0.86,0.446327683615819
"655f94a8e52c55fdec3da167","2_3",0,1,"1_2","1",13,"2.3_wrong_fast",0.577430167597765,0.86,0.446327683615819
"655f94a8e52c55fdec3da167","2_3",0,1,"1_3","0",13,"2.3_wrong_fast",0.577430167597765,0.86,0.446327683615819
"655f94a8e52c55fdec3da167","2_3",0,1,"1_4","1",13,"2.3_wrong_fast",0.577430167597765,0.86,0.446327683615819
"655f94a8e52c55fdec3da167","2_3",0,1,"1_5","0",13,"2.3_wrong_fast",0.577430167597765,0.86,0.446327683615819
"655fa1d61a31921e732c6447","2_4",1,0,"1_1","0",9,"2.4_right_slow",0.518938053097345,0.65,0.675141242937853
"655fa1d61a31921e732c6447","2_4",1,0,"1_2","0",9,"2.4_right_slow",0.518938053097345,0.65,0.675141242937853
"655fa1d61a31921e732c6447","2_4",1,0,"1_3","0",9,"2.4_right_slow",0.518938053097345,0.65,0.675141242937853
"655fa1d61a31921e732c6447","2_4",1,0,"1_4","1",9,"2.4_right_slow",0.518938053097345,0.65,0.675141242937853
"655fa1d61a31921e732c6447","2_4",1,0,"1_5","0",9,"2.4_right_slow",0.518938053097345,0.65,0.675141242937853
"655fa1d61a31921e732c6447","2_5",1,0,"1_1","1",9,"2.5_right_slow",0.760870712401055,0.75,0.915254237288136
"655fa1d61a31921e732c6447","2_5",1,0,"1_2","1",9,"2.5_right_slow",0.760870712401055,0.75,0.915254237288136
"655fa1d61a31921e732c6447","2_5",1,0,"1_3","1",9,"2.5_right_slow",0.760870712401055,0.75,0.915254237288136
"655fa1d61a31921e732c6447","2_5",1,0,"1_4","1",9,"2.5_right_slow",0.760870712401055,0.75,0.915254237288136
"655fa1d61a31921e732c6447","2_5",1,0,"1_5","1",9,"2.5_right_slow",0.760870712401055,0.75,0.915254237288136
"655fa1d61a31921e732c6447","2_2",0,0,"1_1","0",9,"2.2_wrong_slow",0.566398891966759,0.72,0.536723163841808
"655fa1d61a31921e732c6447","2_2",0,0,"1_2","0",9,"2.2_wrong_slow",0.566398891966759,0.72,0.536723163841808
"655fa1d61a31921e732c6447","2_2",0,0,"1_3","0",9,"2.2_wrong_slow",0.566398891966759,0.72,0.536723163841808
"655fa1d61a31921e732c6447","2_2",0,0,"1_4","1",9,"2.2_wrong_slow",0.566398891966759,0.72,0.536723163841808
"655fa1d61a31921e732c6447","2_2",0,0,"1_5","0",9,"2.2_wrong_slow",0.566398891966759,0.72,0.536723163841808
"655fa1d61a31921e732c6447","2_3",0,1,"1_1","0",9,"2.3_wrong_fast",0.577430167597765,0.85,0.446327683615819
"655fa1d61a31921e732c6447","2_3",0,1,"1_2","0",9,"2.3_wrong_fast",0.577430167597765,0.85,0.446327683615819
"655fa1d61a31921e732c6447","2_3",0,1,"1_3","0",9,"2.3_wrong_fast",0.577430167597765,0.85,0.446327683615819
"655fa1d61a31921e732c6447","2_3",0,1,"1_4","1",9,"2.3_wrong_fast",0.577430167597765,0.85,0.446327683615819
"655fa1d61a31921e732c6447","2_3",0,1,"1_5","0",9,"2.3_wrong_fast",0.577430167597765,0.85,0.446327683615819
"655fa1d61a31921e732c6447","2_4",0,1,"1_1","0",9,"2.4_wrong_fast",0.518938053097345,0.44,0.675141242937853
"655fa1d61a31921e732c6447","2_4",0,1,"1_2","0",9,"2.4_wrong_fast",0.518938053097345,0.44,0.675141242937853
"655fa1d61a31921e732c6447","2_4",0,1,"1_3","0",9,"2.4_wrong_fast",0.518938053097345,0.44,0.675141242937853
"655fa1d61a31921e732c6447","2_4",0,1,"1_4","1",9,"2.4_wrong_fast",0.518938053097345,0.44,0.675141242937853
"655fa1d61a31921e732c6447","2_4",0,1,"1_5","0",9,"2.4_wrong_fast",0.518938053097345,0.44,0.675141242937853
"655fdd950e4ff12b601483a6","2_2",1,0,"1_1","1",12,"2.2_right_slow",0.566398891966759,0.09,0.536723163841808
"655fdd950e4ff12b601483a6","2_2",1,0,"1_2","1",12,"2.2_right_slow",0.566398891966759,0.09,0.536723163841808
"655fdd950e4ff12b601483a6","2_2",1,0,"1_3","1",12,"2.2_right_slow",0.566398891966759,0.09,0.536723163841808
"655fdd950e4ff12b601483a6","2_2",1,0,"1_4","1",12,"2.2_right_slow",0.566398891966759,0.09,0.536723163841808
"655fdd950e4ff12b601483a6","2_2",1,0,"1_5","0",12,"2.2_right_slow",0.566398891966759,0.09,0.536723163841808
"655fdd950e4ff12b601483a6","2_3",1,0,"1_1","1",12,"2.3_right_slow",0.577430167597765,0.1,0.446327683615819
"655fdd950e4ff12b601483a6","2_3",1,0,"1_2","1",12,"2.3_right_slow",0.577430167597765,0.1,0.446327683615819
"655fdd950e4ff12b601483a6","2_3",1,0,"1_3","1",12,"2.3_right_slow",0.577430167597765,0.1,0.446327683615819
"655fdd950e4ff12b601483a6","2_3",1,0,"1_4","1",12,"2.3_right_slow",0.577430167597765,0.1,0.446327683615819
"655fdd950e4ff12b601483a6","2_3",1,0,"1_5","0",12,"2.3_right_slow",0.577430167597765,0.1,0.446327683615819
"655fdd950e4ff12b601483a6","2_5",1,0,"1_1","1",12,"2.5_right_slow",0.760870712401055,0.77,0.915254237288136
"655fdd950e4ff12b601483a6","2_5",1,0,"1_2","1",12,"2.5_right_slow",0.760870712401055,0.77,0.915254237288136
"655fdd950e4ff12b601483a6","2_5",1,0,"1_3","1",12,"2.5_right_slow",0.760870712401055,0.77,0.915254237288136
"655fdd950e4ff12b601483a6","2_5",1,0,"1_4","1",12,"2.5_right_slow",0.760870712401055,0.77,0.915254237288136
"655fdd950e4ff12b601483a6","2_5",1,0,"1_5","1",12,"2.5_right_slow",0.760870712401055,0.77,0.915254237288136
"655fdd950e4ff12b601483a6","2_1",1,1,"1_1","1",12,"2.1_right_fast",0.396726726726727,0.04,0.234463276836158
"655fdd950e4ff12b601483a6","2_1",1,1,"1_2","1",12,"2.1_right_fast",0.396726726726727,0.04,0.234463276836158
"655fdd950e4ff12b601483a6","2_1",1,1,"1_3","1",12,"2.1_right_fast",0.396726726726727,0.04,0.234463276836158
"655fdd950e4ff12b601483a6","2_1",1,1,"1_4","1",12,"2.1_right_fast",0.396726726726727,0.04,0.234463276836158
"655fdd950e4ff12b601483a6","2_1",1,1,"1_5","0",12,"2.1_right_fast",0.396726726726727,0.04,0.234463276836158
"655fdd950e4ff12b601483a6","2_5",0,1,"1_1","1",12,"2.5_wrong_fast",0.760870712401055,0.95,0.915254237288136
"655fdd950e4ff12b601483a6","2_5",0,1,"1_2","1",12,"2.5_wrong_fast",0.760870712401055,0.95,0.915254237288136
"655fdd950e4ff12b601483a6","2_5",0,1,"1_3","1",12,"2.5_wrong_fast",0.760870712401055,0.95,0.915254237288136
"655fdd950e4ff12b601483a6","2_5",0,1,"1_4","1",12,"2.5_wrong_fast",0.760870712401055,0.95,0.915254237288136
"655fdd950e4ff12b601483a6","2_5",0,1,"1_5","0",12,"2.5_wrong_fast",0.760870712401055,0.95,0.915254237288136
"6560d73f80824412a8a74260","2_2",1,0,"1_1","1",4,"2.2_right_slow",0.566398891966759,0.4,0.536723163841808
"6560d73f80824412a8a74260","2_2",1,0,"1_2","1",4,"2.2_right_slow",0.566398891966759,0.4,0.536723163841808
"6560d73f80824412a8a74260","2_2",1,0,"1_3","1",4,"2.2_right_slow",0.566398891966759,0.4,0.536723163841808
"6560d73f80824412a8a74260","2_2",1,0,"1_4","1",4,"2.2_right_slow",0.566398891966759,0.4,0.536723163841808
"6560d73f80824412a8a74260","2_2",1,0,"1_5","0",4,"2.2_right_slow",0.566398891966759,0.4,0.536723163841808
"6560d73f80824412a8a74260","2_5",1,0,"1_1","1",4,"2.5_right_slow",0.760870712401055,0.8,0.915254237288136
"6560d73f80824412a8a74260","2_5",1,0,"1_2","1",4,"2.5_right_slow",0.760870712401055,0.8,0.915254237288136
"6560d73f80824412a8a74260","2_5",1,0,"1_3","1",4,"2.5_right_slow",0.760870712401055,0.8,0.915254237288136
"6560d73f80824412a8a74260","2_5",1,0,"1_4","1",4,"2.5_right_slow",0.760870712401055,0.8,0.915254237288136
"6560d73f80824412a8a74260","2_5",1,0,"1_5","1",4,"2.5_right_slow",0.760870712401055,0.8,0.915254237288136
"6560d73f80824412a8a74260","2_4",1,1,"1_1","1",4,"2.4_right_fast",0.518938053097345,0.2,0.675141242937853
"6560d73f80824412a8a74260","2_4",1,1,"1_2","1",4,"2.4_right_fast",0.518938053097345,0.2,0.675141242937853
"6560d73f80824412a8a74260","2_4",1,1,"1_3","1",4,"2.4_right_fast",0.518938053097345,0.2,0.675141242937853
"6560d73f80824412a8a74260","2_4",1,1,"1_4","1",4,"2.4_right_fast",0.518938053097345,0.2,0.675141242937853
"6560d73f80824412a8a74260","2_4",1,1,"1_5","0",4,"2.4_right_fast",0.518938053097345,0.2,0.675141242937853
"6560d73f80824412a8a74260","2_5",1,1,"1_1","1",4,"2.5_right_fast",0.760870712401055,0.85,0.915254237288136
"6560d73f80824412a8a74260","2_5",1,1,"1_2","1",4,"2.5_right_fast",0.760870712401055,0.85,0.915254237288136
"6560d73f80824412a8a74260","2_5",1,1,"1_3","1",4,"2.5_right_fast",0.760870712401055,0.85,0.915254237288136
"6560d73f80824412a8a74260","2_5",1,1,"1_4","1",4,"2.5_right_fast",0.760870712401055,0.85,0.915254237288136
"6560d73f80824412a8a74260","2_5",1,1,"1_5","1",4,"2.5_right_fast",0.760870712401055,0.85,0.915254237288136
"6560d73f80824412a8a74260","2_1",0,1,"1_1","0",4,"2.1_wrong_fast",0.396726726726727,0.2,0.234463276836158
"6560d73f80824412a8a74260","2_1",0,1,"1_2","0",4,"2.1_wrong_fast",0.396726726726727,0.2,0.234463276836158
"6560d73f80824412a8a74260","2_1",0,1,"1_3","0",4,"2.1_wrong_fast",0.396726726726727,0.2,0.234463276836158
"6560d73f80824412a8a74260","2_1",0,1,"1_4","0",4,"2.1_wrong_fast",0.396726726726727,0.2,0.234463276836158
"6560d73f80824412a8a74260","2_1",0,1,"1_5","0",4,"2.1_wrong_fast",0.396726726726727,0.2,0.234463276836158
"65628f277bcd810f66b36764","2_2",1,0,"1_1","1",10,"2.2_right_slow",0.566398891966759,0.05,0.536723163841808
"65628f277bcd810f66b36764","2_2",1,0,"1_2","1",10,"2.2_right_slow",0.566398891966759,0.05,0.536723163841808
"65628f277bcd810f66b36764","2_2",1,0,"1_3","1",10,"2.2_right_slow",0.566398891966759,0.05,0.536723163841808
"65628f277bcd810f66b36764","2_2",1,0,"1_4","1",10,"2.2_right_slow",0.566398891966759,0.05,0.536723163841808
"65628f277bcd810f66b36764","2_2",1,0,"1_5","0",10,"2.2_right_slow",0.566398891966759,0.05,0.536723163841808
"65628f277bcd810f66b36764","2_4",1,0,"1_1","1",10,"2.4_right_slow",0.518938053097345,0.4,0.675141242937853
"65628f277bcd810f66b36764","2_4",1,0,"1_2","1",10,"2.4_right_slow",0.518938053097345,0.4,0.675141242937853
"65628f277bcd810f66b36764","2_4",1,0,"1_3","0",10,"2.4_right_slow",0.518938053097345,0.4,0.675141242937853
"65628f277bcd810f66b36764","2_4",1,0,"1_4","1",10,"2.4_right_slow",0.518938053097345,0.4,0.675141242937853
"65628f277bcd810f66b36764","2_4",1,0,"1_5","0",10,"2.4_right_slow",0.518938053097345,0.4,0.675141242937853
"65628f277bcd810f66b36764","2_5",1,0,"1_1","1",10,"2.5_right_slow",0.760870712401055,0.6,0.915254237288136
"65628f277bcd810f66b36764","2_5",1,0,"1_2","1",10,"2.5_right_slow",0.760870712401055,0.6,0.915254237288136
"65628f277bcd810f66b36764","2_5",1,0,"1_3","1",10,"2.5_right_slow",0.760870712401055,0.6,0.915254237288136
"65628f277bcd810f66b36764","2_5",1,0,"1_4","1",10,"2.5_right_slow",0.760870712401055,0.6,0.915254237288136
"65628f277bcd810f66b36764","2_5",1,0,"1_5","1",10,"2.5_right_slow",0.760870712401055,0.6,0.915254237288136
"65628f277bcd810f66b36764","2_5",1,1,"1_1","1",10,"2.5_right_fast",0.760870712401055,0.97,0.915254237288136
"65628f277bcd810f66b36764","2_5",1,1,"1_2","1",10,"2.5_right_fast",0.760870712401055,0.97,0.915254237288136
"65628f277bcd810f66b36764","2_5",1,1,"1_3","1",10,"2.5_right_fast",0.760870712401055,0.97,0.915254237288136
"65628f277bcd810f66b36764","2_5",1,1,"1_4","1",10,"2.5_right_fast",0.760870712401055,0.97,0.915254237288136
"65628f277bcd810f66b36764","2_5",1,1,"1_5","1",10,"2.5_right_fast",0.760870712401055,0.97,0.915254237288136
"65628f277bcd810f66b36764","2_5",0,1,"1_1","1",10,"2.5_wrong_fast",0.760870712401055,0.9,0.915254237288136
"65628f277bcd810f66b36764","2_5",0,1,"1_2","1",10,"2.5_wrong_fast",0.760870712401055,0.9,0.915254237288136
"65628f277bcd810f66b36764","2_5",0,1,"1_3","0",10,"2.5_wrong_fast",0.760870712401055,0.9,0.915254237288136
"65628f277bcd810f66b36764","2_5",0,1,"1_4","1",10,"2.5_wrong_fast",0.760870712401055,0.9,0.915254237288136
"65628f277bcd810f66b36764","2_5",0,1,"1_5","0",10,"2.5_wrong_fast",0.760870712401055,0.9,0.915254237288136
"6566391df297b5d5a039e4e5","2_2",1,1,"1_1","1",4,"2.2_right_fast",0.566398891966759,0.7,0.536723163841808
"6566391df297b5d5a039e4e5","2_2",1,1,"1_2","1",4,"2.2_right_fast",0.566398891966759,0.7,0.536723163841808
"6566391df297b5d5a039e4e5","2_2",1,1,"1_3","1",4,"2.2_right_fast",0.566398891966759,0.7,0.536723163841808
"6566391df297b5d5a039e4e5","2_2",1,1,"1_4","1",4,"2.2_right_fast",0.566398891966759,0.7,0.536723163841808
"6566391df297b5d5a039e4e5","2_2",1,1,"1_5","0",4,"2.2_right_fast",0.566398891966759,0.7,0.536723163841808
"6566391df297b5d5a039e4e5","2_3",1,1,"1_1","1",4,"2.3_right_fast",0.577430167597765,0.65,0.446327683615819
"6566391df297b5d5a039e4e5","2_3",1,1,"1_2","1",4,"2.3_right_fast",0.577430167597765,0.65,0.446327683615819
"6566391df297b5d5a039e4e5","2_3",1,1,"1_3","1",4,"2.3_right_fast",0.577430167597765,0.65,0.446327683615819
"6566391df297b5d5a039e4e5","2_3",1,1,"1_4","1",4,"2.3_right_fast",0.577430167597765,0.65,0.446327683615819
"6566391df297b5d5a039e4e5","2_3",1,1,"1_5","1",4,"2.3_right_fast",0.577430167597765,0.65,0.446327683615819
"6566391df297b5d5a039e4e5","2_4",1,1,"1_1","1",4,"2.4_right_fast",0.518938053097345,0.4,0.675141242937853
"6566391df297b5d5a039e4e5","2_4",1,1,"1_2","1",4,"2.4_right_fast",0.518938053097345,0.4,0.675141242937853
"6566391df297b5d5a039e4e5","2_4",1,1,"1_3","1",4,"2.4_right_fast",0.518938053097345,0.4,0.675141242937853
"6566391df297b5d5a039e4e5","2_4",1,1,"1_4","1",4,"2.4_right_fast",0.518938053097345,0.4,0.675141242937853
"6566391df297b5d5a039e4e5","2_4",1,1,"1_5","0",4,"2.4_right_fast",0.518938053097345,0.4,0.675141242937853
"6566391df297b5d5a039e4e5","2_1",0,1,"1_1","0",4,"2.1_wrong_fast",0.396726726726727,0.3,0.234463276836158
"6566391df297b5d5a039e4e5","2_1",0,1,"1_2","1",4,"2.1_wrong_fast",0.396726726726727,0.3,0.234463276836158
"6566391df297b5d5a039e4e5","2_1",0,1,"1_3","1",4,"2.1_wrong_fast",0.396726726726727,0.3,0.234463276836158
"6566391df297b5d5a039e4e5","2_1",0,1,"1_4","1",4,"2.1_wrong_fast",0.396726726726727,0.3,0.234463276836158
"6566391df297b5d5a039e4e5","2_1",0,1,"1_5","0",4,"2.1_wrong_fast",0.396726726726727,0.3,0.234463276836158
"6566391df297b5d5a039e4e5","2_2",0,1,"1_1","1",4,"2.2_wrong_fast",0.566398891966759,0.6,0.536723163841808
"6566391df297b5d5a039e4e5","2_2",0,1,"1_2","0",4,"2.2_wrong_fast",0.566398891966759,0.6,0.536723163841808
"6566391df297b5d5a039e4e5","2_2",0,1,"1_3","0",4,"2.2_wrong_fast",0.566398891966759,0.6,0.536723163841808
"6566391df297b5d5a039e4e5","2_2",0,1,"1_4","1",4,"2.2_wrong_fast",0.566398891966759,0.6,0.536723163841808
"6566391df297b5d5a039e4e5","2_2",0,1,"1_5","0",4,"2.2_wrong_fast",0.566398891966759,0.6,0.536723163841808
"6568ead5dfb561c3ba7850a4","2_1",1,0,"1_1","1",2,"2.1_right_slow",0.396726726726727,0.2,0.234463276836158
"6568ead5dfb561c3ba7850a4","2_1",1,0,"1_2","0",2,"2.1_right_slow",0.396726726726727,0.2,0.234463276836158
"6568ead5dfb561c3ba7850a4","2_1",1,0,"1_3","1",2,"2.1_right_slow",0.396726726726727,0.2,0.234463276836158
"6568ead5dfb561c3ba7850a4","2_1",1,0,"1_4","0",2,"2.1_right_slow",0.396726726726727,0.2,0.234463276836158
"6568ead5dfb561c3ba7850a4","2_1",1,0,"1_5","0",2,"2.1_right_slow",0.396726726726727,0.2,0.234463276836158
"6568ead5dfb561c3ba7850a4","2_2",1,0,"1_1","1",2,"2.2_right_slow",0.566398891966759,0.37,0.536723163841808
"6568ead5dfb561c3ba7850a4","2_2",1,0,"1_2","1",2,"2.2_right_slow",0.566398891966759,0.37,0.536723163841808
"6568ead5dfb561c3ba7850a4","2_2",1,0,"1_3","1",2,"2.2_right_slow",0.566398891966759,0.37,0.536723163841808
"6568ead5dfb561c3ba7850a4","2_2",1,0,"1_4","0",2,"2.2_right_slow",0.566398891966759,0.37,0.536723163841808
"6568ead5dfb561c3ba7850a4","2_2",1,0,"1_5","0",2,"2.2_right_slow",0.566398891966759,0.37,0.536723163841808
"6568ead5dfb561c3ba7850a4","2_1",0,0,"1_1","0",2,"2.1_wrong_slow",0.396726726726727,0.16,0.234463276836158
"6568ead5dfb561c3ba7850a4","2_1",0,0,"1_2","0",2,"2.1_wrong_slow",0.396726726726727,0.16,0.234463276836158
"6568ead5dfb561c3ba7850a4","2_1",0,0,"1_3","0",2,"2.1_wrong_slow",0.396726726726727,0.16,0.234463276836158
"6568ead5dfb561c3ba7850a4","2_1",0,0,"1_4","0",2,"2.1_wrong_slow",0.396726726726727,0.16,0.234463276836158
"6568ead5dfb561c3ba7850a4","2_1",0,0,"1_5","0",2,"2.1_wrong_slow",0.396726726726727,0.16,0.234463276836158
"6568ead5dfb561c3ba7850a4","2_5",1,1,"1_1","1",2,"2.5_right_fast",0.760870712401055,0.78,0.915254237288136
"6568ead5dfb561c3ba7850a4","2_5",1,1,"1_2","1",2,"2.5_right_fast",0.760870712401055,0.78,0.915254237288136
"6568ead5dfb561c3ba7850a4","2_5",1,1,"1_3","1",2,"2.5_right_fast",0.760870712401055,0.78,0.915254237288136
"6568ead5dfb561c3ba7850a4","2_5",1,1,"1_4","1",2,"2.5_right_fast",0.760870712401055,0.78,0.915254237288136
"6568ead5dfb561c3ba7850a4","2_5",1,1,"1_5","1",2,"2.5_right_fast",0.760870712401055,0.78,0.915254237288136
"6568ead5dfb561c3ba7850a4","2_1",0,1,"1_1","0",2,"2.1_wrong_fast",0.396726726726727,0.19,0.234463276836158
"6568ead5dfb561c3ba7850a4","2_1",0,1,"1_2","0",2,"2.1_wrong_fast",0.396726726726727,0.19,0.234463276836158
"6568ead5dfb561c3ba7850a4","2_1",0,1,"1_3","0",2,"2.1_wrong_fast",0.396726726726727,0.19,0.234463276836158
"6568ead5dfb561c3ba7850a4","2_1",0,1,"1_4","0",2,"2.1_wrong_fast",0.396726726726727,0.19,0.234463276836158
"6568ead5dfb561c3ba7850a4","2_1",0,1,"1_5","0",2,"2.1_wrong_fast",0.396726726726727,0.19,0.234463276836158
"657619485d6869976045a220","2_2",1,0,"1_1","1",12,"2.2_right_slow",0.566398891966759,0.55,0.536723163841808
"657619485d6869976045a220","2_2",1,0,"1_2","1",12,"2.2_right_slow",0.566398891966759,0.55,0.536723163841808
"657619485d6869976045a220","2_2",1,0,"1_3","0",12,"2.2_right_slow",0.566398891966759,0.55,0.536723163841808
"657619485d6869976045a220","2_2",1,0,"1_4","1",12,"2.2_right_slow",0.566398891966759,0.55,0.536723163841808
"657619485d6869976045a220","2_2",1,0,"1_5","0",12,"2.2_right_slow",0.566398891966759,0.55,0.536723163841808
"657619485d6869976045a220","2_1",0,0,"1_1","0",12,"2.1_wrong_slow",0.396726726726727,0.35,0.234463276836158
"657619485d6869976045a220","2_1",0,0,"1_2","0",12,"2.1_wrong_slow",0.396726726726727,0.35,0.234463276836158
"657619485d6869976045a220","2_1",0,0,"1_3","0",12,"2.1_wrong_slow",0.396726726726727,0.35,0.234463276836158
"657619485d6869976045a220","2_1",0,0,"1_4","0",12,"2.1_wrong_slow",0.396726726726727,0.35,0.234463276836158
"657619485d6869976045a220","2_1",0,0,"1_5","0",12,"2.1_wrong_slow",0.396726726726727,0.35,0.234463276836158
"657619485d6869976045a220","2_5",1,1,"1_1","1",12,"2.5_right_fast",0.760870712401055,0.99,0.915254237288136
"657619485d6869976045a220","2_5",1,1,"1_2","1",12,"2.5_right_fast",0.760870712401055,0.99,0.915254237288136
"657619485d6869976045a220","2_5",1,1,"1_3","1",12,"2.5_right_fast",0.760870712401055,0.99,0.915254237288136
"657619485d6869976045a220","2_5",1,1,"1_4","1",12,"2.5_right_fast",0.760870712401055,0.99,0.915254237288136
"657619485d6869976045a220","2_5",1,1,"1_5","1",12,"2.5_right_fast",0.760870712401055,0.99,0.915254237288136
"657619485d6869976045a220","2_2",0,1,"1_1","1",12,"2.2_wrong_fast",0.566398891966759,0.7,0.536723163841808
"657619485d6869976045a220","2_2",0,1,"1_2","1",12,"2.2_wrong_fast",0.566398891966759,0.7,0.536723163841808
"657619485d6869976045a220","2_2",0,1,"1_3","1",12,"2.2_wrong_fast",0.566398891966759,0.7,0.536723163841808
"657619485d6869976045a220","2_2",0,1,"1_4","1",12,"2.2_wrong_fast",0.566398891966759,0.7,0.536723163841808
"657619485d6869976045a220","2_2",0,1,"1_5","0",12,"2.2_wrong_fast",0.566398891966759,0.7,0.536723163841808
"657619485d6869976045a220","2_4",0,1,"1_1","1",12,"2.4_wrong_fast",0.518938053097345,0.85,0.675141242937853
"657619485d6869976045a220","2_4",0,1,"1_2","0",12,"2.4_wrong_fast",0.518938053097345,0.85,0.675141242937853
"657619485d6869976045a220","2_4",0,1,"1_3","0",12,"2.4_wrong_fast",0.518938053097345,0.85,0.675141242937853
"657619485d6869976045a220","2_4",0,1,"1_4","0",12,"2.4_wrong_fast",0.518938053097345,0.85,0.675141242937853
"657619485d6869976045a220","2_4",0,1,"1_5","0",12,"2.4_wrong_fast",0.518938053097345,0.85,0.675141242937853
"65763705270241e5da3da60c","2_2",1,0,"1_1","1",5,"2.2_right_slow",0.566398891966759,0.42,0.536723163841808
"65763705270241e5da3da60c","2_2",1,0,"1_2","1",5,"2.2_right_slow",0.566398891966759,0.42,0.536723163841808
"65763705270241e5da3da60c","2_2",1,0,"1_3","1",5,"2.2_right_slow",0.566398891966759,0.42,0.536723163841808
"65763705270241e5da3da60c","2_2",1,0,"1_4","1",5,"2.2_right_slow",0.566398891966759,0.42,0.536723163841808
"65763705270241e5da3da60c","2_2",1,0,"1_5","0",5,"2.2_right_slow",0.566398891966759,0.42,0.536723163841808
"65763705270241e5da3da60c","2_1",0,0,"1_1","0",5,"2.1_wrong_slow",0.396726726726727,0.3,0.234463276836158
"65763705270241e5da3da60c","2_1",0,0,"1_2","1",5,"2.1_wrong_slow",0.396726726726727,0.3,0.234463276836158
"65763705270241e5da3da60c","2_1",0,0,"1_3","1",5,"2.1_wrong_slow",0.396726726726727,0.3,0.234463276836158
"65763705270241e5da3da60c","2_1",0,0,"1_4","1",5,"2.1_wrong_slow",0.396726726726727,0.3,0.234463276836158
"65763705270241e5da3da60c","2_1",0,0,"1_5","0",5,"2.1_wrong_slow",0.396726726726727,0.3,0.234463276836158
"65763705270241e5da3da60c","2_1",1,1,"1_1","1",5,"2.1_right_fast",0.396726726726727,0.35,0.234463276836158
"65763705270241e5da3da60c","2_1",1,1,"1_2","1",5,"2.1_right_fast",0.396726726726727,0.35,0.234463276836158
"65763705270241e5da3da60c","2_1",1,1,"1_3","1",5,"2.1_right_fast",0.396726726726727,0.35,0.234463276836158
"65763705270241e5da3da60c","2_1",1,1,"1_4","0",5,"2.1_right_fast",0.396726726726727,0.35,0.234463276836158
"65763705270241e5da3da60c","2_1",1,1,"1_5","0",5,"2.1_right_fast",0.396726726726727,0.35,0.234463276836158
"65763705270241e5da3da60c","2_1",0,1,"1_1","0",5,"2.1_wrong_fast",0.396726726726727,0.6,0.234463276836158
"65763705270241e5da3da60c","2_1",0,1,"1_2","0",5,"2.1_wrong_fast",0.396726726726727,0.6,0.234463276836158
"65763705270241e5da3da60c","2_1",0,1,"1_3","1",5,"2.1_wrong_fast",0.396726726726727,0.6,0.234463276836158
"65763705270241e5da3da60c","2_1",0,1,"1_4","1",5,"2.1_wrong_fast",0.396726726726727,0.6,0.234463276836158
"65763705270241e5da3da60c","2_1",0,1,"1_5","0",5,"2.1_wrong_fast",0.396726726726727,0.6,0.234463276836158
"65763705270241e5da3da60c","2_5",0,1,"1_1","1",5,"2.5_wrong_fast",0.760870712401055,0.67,0.915254237288136
"65763705270241e5da3da60c","2_5",0,1,"1_2","0",5,"2.5_wrong_fast",0.760870712401055,0.67,0.915254237288136
"65763705270241e5da3da60c","2_5",0,1,"1_3","1",5,"2.5_wrong_fast",0.760870712401055,0.67,0.915254237288136
"65763705270241e5da3da60c","2_5",0,1,"1_4","0",5,"2.5_wrong_fast",0.760870712401055,0.67,0.915254237288136
"65763705270241e5da3da60c","2_5",0,1,"1_5","0",5,"2.5_wrong_fast",0.760870712401055,0.67,0.915254237288136
"6580563ab7a54f1d93ec09f3","2_2",1,0,"1_1","1",5,"2.2_right_slow",0.566398891966759,0.3,0.536723163841808
"6580563ab7a54f1d93ec09f3","2_2",1,0,"1_2","1",5,"2.2_right_slow",0.566398891966759,0.3,0.536723163841808
"6580563ab7a54f1d93ec09f3","2_2",1,0,"1_3","1",5,"2.2_right_slow",0.566398891966759,0.3,0.536723163841808
"6580563ab7a54f1d93ec09f3","2_2",1,0,"1_4","1",5,"2.2_right_slow",0.566398891966759,0.3,0.536723163841808
"6580563ab7a54f1d93ec09f3","2_2",1,0,"1_5","0",5,"2.2_right_slow",0.566398891966759,0.3,0.536723163841808
"6580563ab7a54f1d93ec09f3","2_4",1,0,"1_1","1",5,"2.4_right_slow",0.518938053097345,0.15,0.675141242937853
"6580563ab7a54f1d93ec09f3","2_4",1,0,"1_2","1",5,"2.4_right_slow",0.518938053097345,0.15,0.675141242937853
"6580563ab7a54f1d93ec09f3","2_4",1,0,"1_3","1",5,"2.4_right_slow",0.518938053097345,0.15,0.675141242937853
"6580563ab7a54f1d93ec09f3","2_4",1,0,"1_4","1",5,"2.4_right_slow",0.518938053097345,0.15,0.675141242937853
"6580563ab7a54f1d93ec09f3","2_4",1,0,"1_5","0",5,"2.4_right_slow",0.518938053097345,0.15,0.675141242937853
"6580563ab7a54f1d93ec09f3","2_1",0,0,"1_1","0",5,"2.1_wrong_slow",0.396726726726727,0.15,0.234463276836158
"6580563ab7a54f1d93ec09f3","2_1",0,0,"1_2","0",5,"2.1_wrong_slow",0.396726726726727,0.15,0.234463276836158
"6580563ab7a54f1d93ec09f3","2_1",0,0,"1_3","0",5,"2.1_wrong_slow",0.396726726726727,0.15,0.234463276836158
"6580563ab7a54f1d93ec09f3","2_1",0,0,"1_4","0",5,"2.1_wrong_slow",0.396726726726727,0.15,0.234463276836158
"6580563ab7a54f1d93ec09f3","2_1",0,0,"1_5","0",5,"2.1_wrong_slow",0.396726726726727,0.15,0.234463276836158
"6580563ab7a54f1d93ec09f3","2_2",1,1,"1_1","1",5,"2.2_right_fast",0.566398891966759,0.55,0.536723163841808
"6580563ab7a54f1d93ec09f3","2_2",1,1,"1_2","0",5,"2.2_right_fast",0.566398891966759,0.55,0.536723163841808
"6580563ab7a54f1d93ec09f3","2_2",1,1,"1_3","1",5,"2.2_right_fast",0.566398891966759,0.55,0.536723163841808
"6580563ab7a54f1d93ec09f3","2_2",1,1,"1_4","1",5,"2.2_right_fast",0.566398891966759,0.55,0.536723163841808
"6580563ab7a54f1d93ec09f3","2_2",1,1,"1_5","0",5,"2.2_right_fast",0.566398891966759,0.55,0.536723163841808
"6580563ab7a54f1d93ec09f3","2_2",0,1,"1_1","0",5,"2.2_wrong_fast",0.566398891966759,0.3,0.536723163841808
"6580563ab7a54f1d93ec09f3","2_2",0,1,"1_2","0",5,"2.2_wrong_fast",0.566398891966759,0.3,0.536723163841808
"6580563ab7a54f1d93ec09f3","2_2",0,1,"1_3","0",5,"2.2_wrong_fast",0.566398891966759,0.3,0.536723163841808
"6580563ab7a54f1d93ec09f3","2_2",0,1,"1_4","0",5,"2.2_wrong_fast",0.566398891966759,0.3,0.536723163841808
"6580563ab7a54f1d93ec09f3","2_2",0,1,"1_5","0",5,"2.2_wrong_fast",0.566398891966759,0.3,0.536723163841808
"6583287e9845b219549fb80b","2_1",0,0,"1_1","0",8,"2.1_wrong_slow",0.396726726726727,0.25,0.234463276836158
"6583287e9845b219549fb80b","2_1",0,0,"1_2","0",8,"2.1_wrong_slow",0.396726726726727,0.25,0.234463276836158
"6583287e9845b219549fb80b","2_1",0,0,"1_3","0",8,"2.1_wrong_slow",0.396726726726727,0.25,0.234463276836158
"6583287e9845b219549fb80b","2_1",0,0,"1_4","0",8,"2.1_wrong_slow",0.396726726726727,0.25,0.234463276836158
"6583287e9845b219549fb80b","2_1",0,0,"1_5","0",8,"2.1_wrong_slow",0.396726726726727,0.25,0.234463276836158
"6583287e9845b219549fb80b","2_4",0,0,"1_1","1",8,"2.4_wrong_slow",0.518938053097345,0.62,0.675141242937853
"6583287e9845b219549fb80b","2_4",0,0,"1_2","0",8,"2.4_wrong_slow",0.518938053097345,0.62,0.675141242937853
"6583287e9845b219549fb80b","2_4",0,0,"1_3","0",8,"2.4_wrong_slow",0.518938053097345,0.62,0.675141242937853
"6583287e9845b219549fb80b","2_4",0,0,"1_4","0",8,"2.4_wrong_slow",0.518938053097345,0.62,0.675141242937853
"6583287e9845b219549fb80b","2_4",0,0,"1_5","0",8,"2.4_wrong_slow",0.518938053097345,0.62,0.675141242937853
"6583287e9845b219549fb80b","2_3",1,1,"1_1","1",8,"2.3_right_fast",0.577430167597765,0.62,0.446327683615819
"6583287e9845b219549fb80b","2_3",1,1,"1_2","1",8,"2.3_right_fast",0.577430167597765,0.62,0.446327683615819
"6583287e9845b219549fb80b","2_3",1,1,"1_3","1",8,"2.3_right_fast",0.577430167597765,0.62,0.446327683615819
"6583287e9845b219549fb80b","2_3",1,1,"1_4","1",8,"2.3_right_fast",0.577430167597765,0.62,0.446327683615819
"6583287e9845b219549fb80b","2_3",1,1,"1_5","0",8,"2.3_right_fast",0.577430167597765,0.62,0.446327683615819
"6583287e9845b219549fb80b","2_2",0,1,"1_1","1",8,"2.2_wrong_fast",0.566398891966759,0.79,0.536723163841808
"6583287e9845b219549fb80b","2_2",0,1,"1_2","0",8,"2.2_wrong_fast",0.566398891966759,0.79,0.536723163841808
"6583287e9845b219549fb80b","2_2",0,1,"1_3","0",8,"2.2_wrong_fast",0.566398891966759,0.79,0.536723163841808
"6583287e9845b219549fb80b","2_2",0,1,"1_4","0",8,"2.2_wrong_fast",0.566398891966759,0.79,0.536723163841808
"6583287e9845b219549fb80b","2_2",0,1,"1_5","0",8,"2.2_wrong_fast",0.566398891966759,0.79,0.536723163841808
"6583287e9845b219549fb80b","2_4",0,1,"1_1","1",8,"2.4_wrong_fast",0.518938053097345,0.75,0.675141242937853
"6583287e9845b219549fb80b","2_4",0,1,"1_2","0",8,"2.4_wrong_fast",0.518938053097345,0.75,0.675141242937853
"6583287e9845b219549fb80b","2_4",0,1,"1_3","1",8,"2.4_wrong_fast",0.518938053097345,0.75,0.675141242937853
"6583287e9845b219549fb80b","2_4",0,1,"1_4","0",8,"2.4_wrong_fast",0.518938053097345,0.75,0.675141242937853
"6583287e9845b219549fb80b","2_4",0,1,"1_5","0",8,"2.4_wrong_fast",0.518938053097345,0.75,0.675141242937853
"659575ef7daa54a6b78c9c9a","2_1",1,0,"1_1","1",3,"2.1_right_slow",0.396726726726727,0.33,0.234463276836158
"659575ef7daa54a6b78c9c9a","2_1",1,0,"1_2","0",3,"2.1_right_slow",0.396726726726727,0.33,0.234463276836158
"659575ef7daa54a6b78c9c9a","2_1",1,0,"1_3","1",3,"2.1_right_slow",0.396726726726727,0.33,0.234463276836158
"659575ef7daa54a6b78c9c9a","2_1",1,0,"1_4","1",3,"2.1_right_slow",0.396726726726727,0.33,0.234463276836158
"659575ef7daa54a6b78c9c9a","2_1",1,0,"1_5","0",3,"2.1_right_slow",0.396726726726727,0.33,0.234463276836158
"659575ef7daa54a6b78c9c9a","2_2",1,0,"1_1","1",3,"2.2_right_slow",0.566398891966759,0.57,0.536723163841808
"659575ef7daa54a6b78c9c9a","2_2",1,0,"1_2","1",3,"2.2_right_slow",0.566398891966759,0.57,0.536723163841808
"659575ef7daa54a6b78c9c9a","2_2",1,0,"1_3","1",3,"2.2_right_slow",0.566398891966759,0.57,0.536723163841808
"659575ef7daa54a6b78c9c9a","2_2",1,0,"1_4","1",3,"2.2_right_slow",0.566398891966759,0.57,0.536723163841808
"659575ef7daa54a6b78c9c9a","2_2",1,0,"1_5","0",3,"2.2_right_slow",0.566398891966759,0.57,0.536723163841808
"659575ef7daa54a6b78c9c9a","2_1",1,1,"1_1","1",3,"2.1_right_fast",0.396726726726727,0.38,0.234463276836158
"659575ef7daa54a6b78c9c9a","2_1",1,1,"1_2","0",3,"2.1_right_fast",0.396726726726727,0.38,0.234463276836158
"659575ef7daa54a6b78c9c9a","2_1",1,1,"1_3","0",3,"2.1_right_fast",0.396726726726727,0.38,0.234463276836158
"659575ef7daa54a6b78c9c9a","2_1",1,1,"1_4","1",3,"2.1_right_fast",0.396726726726727,0.38,0.234463276836158
"659575ef7daa54a6b78c9c9a","2_1",1,1,"1_5","0",3,"2.1_right_fast",0.396726726726727,0.38,0.234463276836158
"659575ef7daa54a6b78c9c9a","2_5",1,1,"1_1","1",3,"2.5_right_fast",0.760870712401055,0.84,0.915254237288136
"659575ef7daa54a6b78c9c9a","2_5",1,1,"1_2","1",3,"2.5_right_fast",0.760870712401055,0.84,0.915254237288136
"659575ef7daa54a6b78c9c9a","2_5",1,1,"1_3","1",3,"2.5_right_fast",0.760870712401055,0.84,0.915254237288136
"659575ef7daa54a6b78c9c9a","2_5",1,1,"1_4","1",3,"2.5_right_fast",0.760870712401055,0.84,0.915254237288136
"659575ef7daa54a6b78c9c9a","2_5",1,1,"1_5","1",3,"2.5_right_fast",0.760870712401055,0.84,0.915254237288136
"659575ef7daa54a6b78c9c9a","2_4",0,1,"1_1","1",3,"2.4_wrong_fast",0.518938053097345,0.34,0.675141242937853
"659575ef7daa54a6b78c9c9a","2_4",0,1,"1_2","1",3,"2.4_wrong_fast",0.518938053097345,0.34,0.675141242937853
"659575ef7daa54a6b78c9c9a","2_4",0,1,"1_3","1",3,"2.4_wrong_fast",0.518938053097345,0.34,0.675141242937853
"659575ef7daa54a6b78c9c9a","2_4",0,1,"1_4","0",3,"2.4_wrong_fast",0.518938053097345,0.34,0.675141242937853
"659575ef7daa54a6b78c9c9a","2_4",0,1,"1_5","0",3,"2.4_wrong_fast",0.518938053097345,0.34,0.675141242937853
"6598fe3a39833e045566f441","2_4",1,0,"1_1","1",8,"2.4_right_slow",0.518938053097345,0.9,0.675141242937853
"6598fe3a39833e045566f441","2_4",1,0,"1_2","1",8,"2.4_right_slow",0.518938053097345,0.9,0.675141242937853
"6598fe3a39833e045566f441","2_4",1,0,"1_3","1",8,"2.4_right_slow",0.518938053097345,0.9,0.675141242937853
"6598fe3a39833e045566f441","2_4",1,0,"1_4","1",8,"2.4_right_slow",0.518938053097345,0.9,0.675141242937853
"6598fe3a39833e045566f441","2_4",1,0,"1_5","0",8,"2.4_right_slow",0.518938053097345,0.9,0.675141242937853
"6598fe3a39833e045566f441","2_5",1,0,"1_1","1",8,"2.5_right_slow",0.760870712401055,0.97,0.915254237288136
"6598fe3a39833e045566f441","2_5",1,0,"1_2","1",8,"2.5_right_slow",0.760870712401055,0.97,0.915254237288136
"6598fe3a39833e045566f441","2_5",1,0,"1_3","1",8,"2.5_right_slow",0.760870712401055,0.97,0.915254237288136
"6598fe3a39833e045566f441","2_5",1,0,"1_4","0",8,"2.5_right_slow",0.760870712401055,0.97,0.915254237288136
"6598fe3a39833e045566f441","2_5",1,0,"1_5","0",8,"2.5_right_slow",0.760870712401055,0.97,0.915254237288136
"6598fe3a39833e045566f441","2_1",0,0,"1_1","1",8,"2.1_wrong_slow",0.396726726726727,0.7,0.234463276836158
"6598fe3a39833e045566f441","2_1",0,0,"1_2","0",8,"2.1_wrong_slow",0.396726726726727,0.7,0.234463276836158
"6598fe3a39833e045566f441","2_1",0,0,"1_3","0",8,"2.1_wrong_slow",0.396726726726727,0.7,0.234463276836158
"6598fe3a39833e045566f441","2_1",0,0,"1_4","0",8,"2.1_wrong_slow",0.396726726726727,0.7,0.234463276836158
"6598fe3a39833e045566f441","2_1",0,0,"1_5","0",8,"2.1_wrong_slow",0.396726726726727,0.7,0.234463276836158
"6598fe3a39833e045566f441","2_5",1,1,"1_1","1",8,"2.5_right_fast",0.760870712401055,0.95,0.915254237288136
"6598fe3a39833e045566f441","2_5",1,1,"1_2","1",8,"2.5_right_fast",0.760870712401055,0.95,0.915254237288136
"6598fe3a39833e045566f441","2_5",1,1,"1_3","0",8,"2.5_right_fast",0.760870712401055,0.95,0.915254237288136
"6598fe3a39833e045566f441","2_5",1,1,"1_4","1",8,"2.5_right_fast",0.760870712401055,0.95,0.915254237288136
"6598fe3a39833e045566f441","2_5",1,1,"1_5","0",8,"2.5_right_fast",0.760870712401055,0.95,0.915254237288136
"6598fe3a39833e045566f441","2_2",0,1,"1_1","1",8,"2.2_wrong_fast",0.566398891966759,0.85,0.536723163841808
"6598fe3a39833e045566f441","2_2",0,1,"1_2","0",8,"2.2_wrong_fast",0.566398891966759,0.85,0.536723163841808
"6598fe3a39833e045566f441","2_2",0,1,"1_3","0",8,"2.2_wrong_fast",0.566398891966759,0.85,0.536723163841808
"6598fe3a39833e045566f441","2_2",0,1,"1_4","0",8,"2.2_wrong_fast",0.566398891966759,0.85,0.536723163841808
"6598fe3a39833e045566f441","2_2",0,1,"1_5","0",8,"2.2_wrong_fast",0.566398891966759,0.85,0.536723163841808
"659adacdf086ca557624a3ee","2_3",1,0,"1_1","1",4,"2.3_right_slow",0.577430167597765,0.4,0.446327683615819
"659adacdf086ca557624a3ee","2_3",1,0,"1_2","1",4,"2.3_right_slow",0.577430167597765,0.4,0.446327683615819
"659adacdf086ca557624a3ee","2_3",1,0,"1_3","1",4,"2.3_right_slow",0.577430167597765,0.4,0.446327683615819
"659adacdf086ca557624a3ee","2_3",1,0,"1_4","1",4,"2.3_right_slow",0.577430167597765,0.4,0.446327683615819
"659adacdf086ca557624a3ee","2_3",1,0,"1_5","0",4,"2.3_right_slow",0.577430167597765,0.4,0.446327683615819
"659adacdf086ca557624a3ee","2_2",0,0,"1_1","1",4,"2.2_wrong_slow",0.566398891966759,0.5,0.536723163841808
"659adacdf086ca557624a3ee","2_2",0,0,"1_2","0",4,"2.2_wrong_slow",0.566398891966759,0.5,0.536723163841808
"659adacdf086ca557624a3ee","2_2",0,0,"1_3","0",4,"2.2_wrong_slow",0.566398891966759,0.5,0.536723163841808
"659adacdf086ca557624a3ee","2_2",0,0,"1_4","1",4,"2.2_wrong_slow",0.566398891966759,0.5,0.536723163841808
"659adacdf086ca557624a3ee","2_2",0,0,"1_5","0",4,"2.2_wrong_slow",0.566398891966759,0.5,0.536723163841808
"659adacdf086ca557624a3ee","2_4",0,0,"1_1","1",4,"2.4_wrong_slow",0.518938053097345,0.38,0.675141242937853
"659adacdf086ca557624a3ee","2_4",0,0,"1_2","0",4,"2.4_wrong_slow",0.518938053097345,0.38,0.675141242937853
"659adacdf086ca557624a3ee","2_4",0,0,"1_3","0",4,"2.4_wrong_slow",0.518938053097345,0.38,0.675141242937853
"659adacdf086ca557624a3ee","2_4",0,0,"1_4","0",4,"2.4_wrong_slow",0.518938053097345,0.38,0.675141242937853
"659adacdf086ca557624a3ee","2_4",0,0,"1_5","0",4,"2.4_wrong_slow",0.518938053097345,0.38,0.675141242937853
"659adacdf086ca557624a3ee","2_1",0,1,"1_1","0",4,"2.1_wrong_fast",0.396726726726727,0.5,0.234463276836158
"659adacdf086ca557624a3ee","2_1",0,1,"1_2","0",4,"2.1_wrong_fast",0.396726726726727,0.5,0.234463276836158
"659adacdf086ca557624a3ee","2_1",0,1,"1_3","0",4,"2.1_wrong_fast",0.396726726726727,0.5,0.234463276836158
"659adacdf086ca557624a3ee","2_1",0,1,"1_4","1",4,"2.1_wrong_fast",0.396726726726727,0.5,0.234463276836158
"659adacdf086ca557624a3ee","2_1",0,1,"1_5","0",4,"2.1_wrong_fast",0.396726726726727,0.5,0.234463276836158
"659adacdf086ca557624a3ee","2_2",0,1,"1_1","1",4,"2.2_wrong_fast",0.566398891966759,0.49,0.536723163841808
"659adacdf086ca557624a3ee","2_2",0,1,"1_2","0",4,"2.2_wrong_fast",0.566398891966759,0.49,0.536723163841808
"659adacdf086ca557624a3ee","2_2",0,1,"1_3","0",4,"2.2_wrong_fast",0.566398891966759,0.49,0.536723163841808
"659adacdf086ca557624a3ee","2_2",0,1,"1_4","1",4,"2.2_wrong_fast",0.566398891966759,0.49,0.536723163841808
"659adacdf086ca557624a3ee","2_2",0,1,"1_5","0",4,"2.2_wrong_fast",0.566398891966759,0.49,0.536723163841808
"65c10da7fa8fd299fde6c305","2_4",0,0,"1_1","1",9,"2.4_wrong_slow",0.518938053097345,0.61,0.675141242937853
"65c10da7fa8fd299fde6c305","2_4",0,0,"1_2","1",9,"2.4_wrong_slow",0.518938053097345,0.61,0.675141242937853
"65c10da7fa8fd299fde6c305","2_4",0,0,"1_3","0",9,"2.4_wrong_slow",0.518938053097345,0.61,0.675141242937853
"65c10da7fa8fd299fde6c305","2_4",0,0,"1_4","0",9,"2.4_wrong_slow",0.518938053097345,0.61,0.675141242937853
"65c10da7fa8fd299fde6c305","2_4",0,0,"1_5","0",9,"2.4_wrong_slow",0.518938053097345,0.61,0.675141242937853
"65c10da7fa8fd299fde6c305","2_5",0,0,"1_1","1",9,"2.5_wrong_slow",0.760870712401055,0.86,0.915254237288136
"65c10da7fa8fd299fde6c305","2_5",0,0,"1_2","1",9,"2.5_wrong_slow",0.760870712401055,0.86,0.915254237288136
"65c10da7fa8fd299fde6c305","2_5",0,0,"1_3","0",9,"2.5_wrong_slow",0.760870712401055,0.86,0.915254237288136
"65c10da7fa8fd299fde6c305","2_5",0,0,"1_4","1",9,"2.5_wrong_slow",0.760870712401055,0.86,0.915254237288136
"65c10da7fa8fd299fde6c305","2_5",0,0,"1_5","0",9,"2.5_wrong_slow",0.760870712401055,0.86,0.915254237288136
"65c10da7fa8fd299fde6c305","2_2",0,1,"1_1","1",9,"2.2_wrong_fast",0.566398891966759,0.97,0.536723163841808
"65c10da7fa8fd299fde6c305","2_2",0,1,"1_2","1",9,"2.2_wrong_fast",0.566398891966759,0.97,0.536723163841808
"65c10da7fa8fd299fde6c305","2_2",0,1,"1_3","1",9,"2.2_wrong_fast",0.566398891966759,0.97,0.536723163841808
"65c10da7fa8fd299fde6c305","2_2",0,1,"1_4","0",9,"2.2_wrong_fast",0.566398891966759,0.97,0.536723163841808
"65c10da7fa8fd299fde6c305","2_2",0,1,"1_5","0",9,"2.2_wrong_fast",0.566398891966759,0.97,0.536723163841808
"65c10da7fa8fd299fde6c305","2_3",0,1,"1_1","1",9,"2.3_wrong_fast",0.577430167597765,0.81,0.446327683615819
"65c10da7fa8fd299fde6c305","2_3",0,1,"1_2","1",9,"2.3_wrong_fast",0.577430167597765,0.81,0.446327683615819
"65c10da7fa8fd299fde6c305","2_3",0,1,"1_3","0",9,"2.3_wrong_fast",0.577430167597765,0.81,0.446327683615819
"65c10da7fa8fd299fde6c305","2_3",0,1,"1_4","0",9,"2.3_wrong_fast",0.577430167597765,0.81,0.446327683615819
"65c10da7fa8fd299fde6c305","2_3",0,1,"1_5","0",9,"2.3_wrong_fast",0.577430167597765,0.81,0.446327683615819
"65c10da7fa8fd299fde6c305","2_5",0,1,"1_1","1",9,"2.5_wrong_fast",0.760870712401055,0.92,0.915254237288136
"65c10da7fa8fd299fde6c305","2_5",0,1,"1_2","1",9,"2.5_wrong_fast",0.760870712401055,0.92,0.915254237288136
"65c10da7fa8fd299fde6c305","2_5",0,1,"1_3","1",9,"2.5_wrong_fast",0.760870712401055,0.92,0.915254237288136
"65c10da7fa8fd299fde6c305","2_5",0,1,"1_4","1",9,"2.5_wrong_fast",0.760870712401055,0.92,0.915254237288136
"65c10da7fa8fd299fde6c305","2_5",0,1,"1_5","0",9,"2.5_wrong_fast",0.760870712401055,0.92,0.915254237288136
"65cbb49693940ca0627dbc8d","2_2",1,0,"1_1","0",9,"2.2_right_slow",0.566398891966759,0.56,0.536723163841808
"65cbb49693940ca0627dbc8d","2_2",1,0,"1_2","1",9,"2.2_right_slow",0.566398891966759,0.56,0.536723163841808
"65cbb49693940ca0627dbc8d","2_2",1,0,"1_3","1",9,"2.2_right_slow",0.566398891966759,0.56,0.536723163841808
"65cbb49693940ca0627dbc8d","2_2",1,0,"1_4","1",9,"2.2_right_slow",0.566398891966759,0.56,0.536723163841808
"65cbb49693940ca0627dbc8d","2_2",1,0,"1_5","0",9,"2.2_right_slow",0.566398891966759,0.56,0.536723163841808
"65cbb49693940ca0627dbc8d","2_5",1,0,"1_1","1",9,"2.5_right_slow",0.760870712401055,0.91,0.915254237288136
"65cbb49693940ca0627dbc8d","2_5",1,0,"1_2","1",9,"2.5_right_slow",0.760870712401055,0.91,0.915254237288136
"65cbb49693940ca0627dbc8d","2_5",1,0,"1_3","1",9,"2.5_right_slow",0.760870712401055,0.91,0.915254237288136
"65cbb49693940ca0627dbc8d","2_5",1,0,"1_4","1",9,"2.5_right_slow",0.760870712401055,0.91,0.915254237288136
"65cbb49693940ca0627dbc8d","2_5",1,0,"1_5","1",9,"2.5_right_slow",0.760870712401055,0.91,0.915254237288136
"65cbb49693940ca0627dbc8d","2_4",0,0,"1_1","1",9,"2.4_wrong_slow",0.518938053097345,0.55,0.675141242937853
"65cbb49693940ca0627dbc8d","2_4",0,0,"1_2","1",9,"2.4_wrong_slow",0.518938053097345,0.55,0.675141242937853
"65cbb49693940ca0627dbc8d","2_4",0,0,"1_3","1",9,"2.4_wrong_slow",0.518938053097345,0.55,0.675141242937853
"65cbb49693940ca0627dbc8d","2_4",0,0,"1_4","0",9,"2.4_wrong_slow",0.518938053097345,0.55,0.675141242937853
"65cbb49693940ca0627dbc8d","2_4",0,0,"1_5","1",9,"2.4_wrong_slow",0.518938053097345,0.55,0.675141242937853
"65cbb49693940ca0627dbc8d","2_1",0,1,"1_1","0",9,"2.1_wrong_fast",0.396726726726727,0.65,0.234463276836158
"65cbb49693940ca0627dbc8d","2_1",0,1,"1_2","1",9,"2.1_wrong_fast",0.396726726726727,0.65,0.234463276836158
"65cbb49693940ca0627dbc8d","2_1",0,1,"1_3","1",9,"2.1_wrong_fast",0.396726726726727,0.65,0.234463276836158
"65cbb49693940ca0627dbc8d","2_1",0,1,"1_4","1",9,"2.1_wrong_fast",0.396726726726727,0.65,0.234463276836158
"65cbb49693940ca0627dbc8d","2_1",0,1,"1_5","0",9,"2.1_wrong_fast",0.396726726726727,0.65,0.234463276836158
"65cbb49693940ca0627dbc8d","2_4",0,1,"1_1","1",9,"2.4_wrong_fast",0.518938053097345,0.6,0.675141242937853
"65cbb49693940ca0627dbc8d","2_4",0,1,"1_2","1",9,"2.4_wrong_fast",0.518938053097345,0.6,0.675141242937853
"65cbb49693940ca0627dbc8d","2_4",0,1,"1_3","0",9,"2.4_wrong_fast",0.518938053097345,0.6,0.675141242937853
"65cbb49693940ca0627dbc8d","2_4",0,1,"1_4","0",9,"2.4_wrong_fast",0.518938053097345,0.6,0.675141242937853
"65cbb49693940ca0627dbc8d","2_4",0,1,"1_5","0",9,"2.4_wrong_fast",0.518938053097345,0.6,0.675141242937853
"65d41e7614f13a6598834a8b","2_4",1,0,"1_1","0",3,"2.4_right_slow",0.518938053097345,0.11,0.675141242937853
"65d41e7614f13a6598834a8b","2_4",1,0,"1_2","0",3,"2.4_right_slow",0.518938053097345,0.11,0.675141242937853
"65d41e7614f13a6598834a8b","2_4",1,0,"1_3","0",3,"2.4_right_slow",0.518938053097345,0.11,0.675141242937853
"65d41e7614f13a6598834a8b","2_4",1,0,"1_4","1",3,"2.4_right_slow",0.518938053097345,0.11,0.675141242937853
"65d41e7614f13a6598834a8b","2_4",1,0,"1_5","0",3,"2.4_right_slow",0.518938053097345,0.11,0.675141242937853
"65d41e7614f13a6598834a8b","2_2",1,1,"1_1","1",3,"2.2_right_fast",0.566398891966759,0.8,0.536723163841808
"65d41e7614f13a6598834a8b","2_2",1,1,"1_2","1",3,"2.2_right_fast",0.566398891966759,0.8,0.536723163841808
"65d41e7614f13a6598834a8b","2_2",1,1,"1_3","1",3,"2.2_right_fast",0.566398891966759,0.8,0.536723163841808
"65d41e7614f13a6598834a8b","2_2",1,1,"1_4","1",3,"2.2_right_fast",0.566398891966759,0.8,0.536723163841808
"65d41e7614f13a6598834a8b","2_2",1,1,"1_5","1",3,"2.2_right_fast",0.566398891966759,0.8,0.536723163841808
"65d41e7614f13a6598834a8b","2_1",0,1,"1_1","0",3,"2.1_wrong_fast",0.396726726726727,0.48,0.234463276836158
"65d41e7614f13a6598834a8b","2_1",0,1,"1_2","0",3,"2.1_wrong_fast",0.396726726726727,0.48,0.234463276836158
"65d41e7614f13a6598834a8b","2_1",0,1,"1_3","0",3,"2.1_wrong_fast",0.396726726726727,0.48,0.234463276836158
"65d41e7614f13a6598834a8b","2_1",0,1,"1_4","1",3,"2.1_wrong_fast",0.396726726726727,0.48,0.234463276836158
"65d41e7614f13a6598834a8b","2_1",0,1,"1_5","0",3,"2.1_wrong_fast",0.396726726726727,0.48,0.234463276836158
"65d41e7614f13a6598834a8b","2_3",0,1,"1_1","1",3,"2.3_wrong_fast",0.577430167597765,0.52,0.446327683615819
"65d41e7614f13a6598834a8b","2_3",0,1,"1_2","0",3,"2.3_wrong_fast",0.577430167597765,0.52,0.446327683615819
"65d41e7614f13a6598834a8b","2_3",0,1,"1_3","0",3,"2.3_wrong_fast",0.577430167597765,0.52,0.446327683615819
"65d41e7614f13a6598834a8b","2_3",0,1,"1_4","1",3,"2.3_wrong_fast",0.577430167597765,0.52,0.446327683615819
"65d41e7614f13a6598834a8b","2_3",0,1,"1_5","0",3,"2.3_wrong_fast",0.577430167597765,0.52,0.446327683615819
"65d41e7614f13a6598834a8b","2_5",0,1,"1_1","0",3,"2.5_wrong_fast",0.760870712401055,0.75,0.915254237288136
"65d41e7614f13a6598834a8b","2_5",0,1,"1_2","0",3,"2.5_wrong_fast",0.760870712401055,0.75,0.915254237288136
"65d41e7614f13a6598834a8b","2_5",0,1,"1_3","0",3,"2.5_wrong_fast",0.760870712401055,0.75,0.915254237288136
"65d41e7614f13a6598834a8b","2_5",0,1,"1_4","1",3,"2.5_wrong_fast",0.760870712401055,0.75,0.915254237288136
"65d41e7614f13a6598834a8b","2_5",0,1,"1_5","0",3,"2.5_wrong_fast",0.760870712401055,0.75,0.915254237288136
"65da8418470cd3b65bb2a415","2_1",1,0,"1_1","1",1,"2.1_right_slow",0.396726726726727,0.3,0.234463276836158
"65da8418470cd3b65bb2a415","2_1",1,0,"1_2","0",1,"2.1_right_slow",0.396726726726727,0.3,0.234463276836158
"65da8418470cd3b65bb2a415","2_1",1,0,"1_3","1",1,"2.1_right_slow",0.396726726726727,0.3,0.234463276836158
"65da8418470cd3b65bb2a415","2_1",1,0,"1_4","1",1,"2.1_right_slow",0.396726726726727,0.3,0.234463276836158
"65da8418470cd3b65bb2a415","2_1",1,0,"1_5","0",1,"2.1_right_slow",0.396726726726727,0.3,0.234463276836158
"65da8418470cd3b65bb2a415","2_3",1,0,"1_1","1",1,"2.3_right_slow",0.577430167597765,0.57,0.446327683615819
"65da8418470cd3b65bb2a415","2_3",1,0,"1_2","1",1,"2.3_right_slow",0.577430167597765,0.57,0.446327683615819
"65da8418470cd3b65bb2a415","2_3",1,0,"1_3","0",1,"2.3_right_slow",0.577430167597765,0.57,0.446327683615819
"65da8418470cd3b65bb2a415","2_3",1,0,"1_4","1",1,"2.3_right_slow",0.577430167597765,0.57,0.446327683615819
"65da8418470cd3b65bb2a415","2_3",1,0,"1_5","0",1,"2.3_right_slow",0.577430167597765,0.57,0.446327683615819
"65da8418470cd3b65bb2a415","2_2",0,0,"1_1","1",1,"2.2_wrong_slow",0.566398891966759,0.5,0.536723163841808
"65da8418470cd3b65bb2a415","2_2",0,0,"1_2","0",1,"2.2_wrong_slow",0.566398891966759,0.5,0.536723163841808
"65da8418470cd3b65bb2a415","2_2",0,0,"1_3","1",1,"2.2_wrong_slow",0.566398891966759,0.5,0.536723163841808
"65da8418470cd3b65bb2a415","2_2",0,0,"1_4","1",1,"2.2_wrong_slow",0.566398891966759,0.5,0.536723163841808
"65da8418470cd3b65bb2a415","2_2",0,0,"1_5","0",1,"2.2_wrong_slow",0.566398891966759,0.5,0.536723163841808
"65da8418470cd3b65bb2a415","2_3",1,1,"1_1","1",1,"2.3_right_fast",0.577430167597765,0.74,0.446327683615819
"65da8418470cd3b65bb2a415","2_3",1,1,"1_2","1",1,"2.3_right_fast",0.577430167597765,0.74,0.446327683615819
"65da8418470cd3b65bb2a415","2_3",1,1,"1_3","1",1,"2.3_right_fast",0.577430167597765,0.74,0.446327683615819
"65da8418470cd3b65bb2a415","2_3",1,1,"1_4","1",1,"2.3_right_fast",0.577430167597765,0.74,0.446327683615819
"65da8418470cd3b65bb2a415","2_3",1,1,"1_5","0",1,"2.3_right_fast",0.577430167597765,0.74,0.446327683615819
"65da8418470cd3b65bb2a415","2_2",0,1,"1_1","1",1,"2.2_wrong_fast",0.566398891966759,0.55,0.536723163841808
"65da8418470cd3b65bb2a415","2_2",0,1,"1_2","0",1,"2.2_wrong_fast",0.566398891966759,0.55,0.536723163841808
"65da8418470cd3b65bb2a415","2_2",0,1,"1_3","1",1,"2.2_wrong_fast",0.566398891966759,0.55,0.536723163841808
"65da8418470cd3b65bb2a415","2_2",0,1,"1_4","1",1,"2.2_wrong_fast",0.566398891966759,0.55,0.536723163841808
"65da8418470cd3b65bb2a415","2_2",0,1,"1_5","0",1,"2.2_wrong_fast",0.566398891966759,0.55,0.536723163841808
"65dba581504a6a75a4d6f016","2_1",1,0,"1_1","1",8,"2.1_right_slow",0.396726726726727,0.2,0.234463276836158
"65dba581504a6a75a4d6f016","2_1",1,0,"1_2","1",8,"2.1_right_slow",0.396726726726727,0.2,0.234463276836158
"65dba581504a6a75a4d6f016","2_1",1,0,"1_3","1",8,"2.1_right_slow",0.396726726726727,0.2,0.234463276836158
"65dba581504a6a75a4d6f016","2_1",1,0,"1_4","1",8,"2.1_right_slow",0.396726726726727,0.2,0.234463276836158
"65dba581504a6a75a4d6f016","2_1",1,0,"1_5","0",8,"2.1_right_slow",0.396726726726727,0.2,0.234463276836158
"65dba581504a6a75a4d6f016","2_3",1,0,"1_1","1",8,"2.3_right_slow",0.577430167597765,0.4,0.446327683615819
"65dba581504a6a75a4d6f016","2_3",1,0,"1_2","1",8,"2.3_right_slow",0.577430167597765,0.4,0.446327683615819
"65dba581504a6a75a4d6f016","2_3",1,0,"1_3","1",8,"2.3_right_slow",0.577430167597765,0.4,0.446327683615819
"65dba581504a6a75a4d6f016","2_3",1,0,"1_4","1",8,"2.3_right_slow",0.577430167597765,0.4,0.446327683615819
"65dba581504a6a75a4d6f016","2_3",1,0,"1_5","0",8,"2.3_right_slow",0.577430167597765,0.4,0.446327683615819
"65dba581504a6a75a4d6f016","2_3",1,1,"1_1","1",8,"2.3_right_fast",0.577430167597765,0.6,0.446327683615819
"65dba581504a6a75a4d6f016","2_3",1,1,"1_2","1",8,"2.3_right_fast",0.577430167597765,0.6,0.446327683615819
"65dba581504a6a75a4d6f016","2_3",1,1,"1_3","1",8,"2.3_right_fast",0.577430167597765,0.6,0.446327683615819
"65dba581504a6a75a4d6f016","2_3",1,1,"1_4","1",8,"2.3_right_fast",0.577430167597765,0.6,0.446327683615819
"65dba581504a6a75a4d6f016","2_3",1,1,"1_5","0",8,"2.3_right_fast",0.577430167597765,0.6,0.446327683615819
"65dba581504a6a75a4d6f016","2_2",0,1,"1_1","1",8,"2.2_wrong_fast",0.566398891966759,0.65,0.536723163841808
"65dba581504a6a75a4d6f016","2_2",0,1,"1_2","0",8,"2.2_wrong_fast",0.566398891966759,0.65,0.536723163841808
"65dba581504a6a75a4d6f016","2_2",0,1,"1_3","1",8,"2.2_wrong_fast",0.566398891966759,0.65,0.536723163841808
"65dba581504a6a75a4d6f016","2_2",0,1,"1_4","0",8,"2.2_wrong_fast",0.566398891966759,0.65,0.536723163841808
"65dba581504a6a75a4d6f016","2_2",0,1,"1_5","0",8,"2.2_wrong_fast",0.566398891966759,0.65,0.536723163841808
"65dba581504a6a75a4d6f016","2_5",0,1,"1_1","1",8,"2.5_wrong_fast",0.760870712401055,0.9,0.915254237288136
"65dba581504a6a75a4d6f016","2_5",0,1,"1_2","0",8,"2.5_wrong_fast",0.760870712401055,0.9,0.915254237288136
"65dba581504a6a75a4d6f016","2_5",0,1,"1_3","1",8,"2.5_wrong_fast",0.760870712401055,0.9,0.915254237288136
"65dba581504a6a75a4d6f016","2_5",0,1,"1_4","1",8,"2.5_wrong_fast",0.760870712401055,0.9,0.915254237288136
"65dba581504a6a75a4d6f016","2_5",0,1,"1_5","0",8,"2.5_wrong_fast",0.760870712401055,0.9,0.915254237288136
"65de86c4043910f19026eff9","2_2",1,0,"1_1","1",1,"2.2_right_slow",0.566398891966759,0.95,0.536723163841808
"65de86c4043910f19026eff9","2_2",1,0,"1_2","0",1,"2.2_right_slow",0.566398891966759,0.95,0.536723163841808
"65de86c4043910f19026eff9","2_2",1,0,"1_3","0",1,"2.2_right_slow",0.566398891966759,0.95,0.536723163841808
"65de86c4043910f19026eff9","2_2",1,0,"1_4","1",1,"2.2_right_slow",0.566398891966759,0.95,0.536723163841808
"65de86c4043910f19026eff9","2_2",1,0,"1_5","0",1,"2.2_right_slow",0.566398891966759,0.95,0.536723163841808
"65de86c4043910f19026eff9","2_4",1,1,"1_1","1",1,"2.4_right_fast",0.518938053097345,0.85,0.675141242937853
"65de86c4043910f19026eff9","2_4",1,1,"1_2","0",1,"2.4_right_fast",0.518938053097345,0.85,0.675141242937853
"65de86c4043910f19026eff9","2_4",1,1,"1_3","0",1,"2.4_right_fast",0.518938053097345,0.85,0.675141242937853
"65de86c4043910f19026eff9","2_4",1,1,"1_4","1",1,"2.4_right_fast",0.518938053097345,0.85,0.675141242937853
"65de86c4043910f19026eff9","2_4",1,1,"1_5","0",1,"2.4_right_fast",0.518938053097345,0.85,0.675141242937853
"65de86c4043910f19026eff9","2_5",1,1,"1_1","1",1,"2.5_right_fast",0.760870712401055,0.91,0.915254237288136
"65de86c4043910f19026eff9","2_5",1,1,"1_2","0",1,"2.5_right_fast",0.760870712401055,0.91,0.915254237288136
"65de86c4043910f19026eff9","2_5",1,1,"1_3","0",1,"2.5_right_fast",0.760870712401055,0.91,0.915254237288136
"65de86c4043910f19026eff9","2_5",1,1,"1_4","1",1,"2.5_right_fast",0.760870712401055,0.91,0.915254237288136
"65de86c4043910f19026eff9","2_5",1,1,"1_5","0",1,"2.5_right_fast",0.760870712401055,0.91,0.915254237288136
"65de86c4043910f19026eff9","2_2",0,1,"1_1","1",1,"2.2_wrong_fast",0.566398891966759,0.89,0.536723163841808
"65de86c4043910f19026eff9","2_2",0,1,"1_2","0",1,"2.2_wrong_fast",0.566398891966759,0.89,0.536723163841808
"65de86c4043910f19026eff9","2_2",0,1,"1_3","0",1,"2.2_wrong_fast",0.566398891966759,0.89,0.536723163841808
"65de86c4043910f19026eff9","2_2",0,1,"1_4","1",1,"2.2_wrong_fast",0.566398891966759,0.89,0.536723163841808
"65de86c4043910f19026eff9","2_2",0,1,"1_5","0",1,"2.2_wrong_fast",0.566398891966759,0.89,0.536723163841808
"65de86c4043910f19026eff9","2_4",0,1,"1_1","1",1,"2.4_wrong_fast",0.518938053097345,0.65,0.675141242937853
"65de86c4043910f19026eff9","2_4",0,1,"1_2","0",1,"2.4_wrong_fast",0.518938053097345,0.65,0.675141242937853
"65de86c4043910f19026eff9","2_4",0,1,"1_3","1",1,"2.4_wrong_fast",0.518938053097345,0.65,0.675141242937853
"65de86c4043910f19026eff9","2_4",0,1,"1_4","1",1,"2.4_wrong_fast",0.518938053097345,0.65,0.675141242937853
"65de86c4043910f19026eff9","2_4",0,1,"1_5","0",1,"2.4_wrong_fast",0.518938053097345,0.65,0.675141242937853
"65e092624fd67570ea7e4c36","2_2",0,0,"1_1","1",3,"2.2_wrong_slow",0.566398891966759,0.94,0.536723163841808
"65e092624fd67570ea7e4c36","2_2",0,0,"1_2","0",3,"2.2_wrong_slow",0.566398891966759,0.94,0.536723163841808
"65e092624fd67570ea7e4c36","2_2",0,0,"1_3","1",3,"2.2_wrong_slow",0.566398891966759,0.94,0.536723163841808
"65e092624fd67570ea7e4c36","2_2",0,0,"1_4","1",3,"2.2_wrong_slow",0.566398891966759,0.94,0.536723163841808
"65e092624fd67570ea7e4c36","2_2",0,0,"1_5","0",3,"2.2_wrong_slow",0.566398891966759,0.94,0.536723163841808
"65e092624fd67570ea7e4c36","2_3",0,0,"1_1","1",3,"2.3_wrong_slow",0.577430167597765,0.7,0.446327683615819
"65e092624fd67570ea7e4c36","2_3",0,0,"1_2","0",3,"2.3_wrong_slow",0.577430167597765,0.7,0.446327683615819
"65e092624fd67570ea7e4c36","2_3",0,0,"1_3","0",3,"2.3_wrong_slow",0.577430167597765,0.7,0.446327683615819
"65e092624fd67570ea7e4c36","2_3",0,0,"1_4","0",3,"2.3_wrong_slow",0.577430167597765,0.7,0.446327683615819
"65e092624fd67570ea7e4c36","2_3",0,0,"1_5","0",3,"2.3_wrong_slow",0.577430167597765,0.7,0.446327683615819
"65e092624fd67570ea7e4c36","2_2",1,1,"1_1","1",3,"2.2_right_fast",0.566398891966759,0.89,0.536723163841808
"65e092624fd67570ea7e4c36","2_2",1,1,"1_2","0",3,"2.2_right_fast",0.566398891966759,0.89,0.536723163841808
"65e092624fd67570ea7e4c36","2_2",1,1,"1_3","1",3,"2.2_right_fast",0.566398891966759,0.89,0.536723163841808
"65e092624fd67570ea7e4c36","2_2",1,1,"1_4","1",3,"2.2_right_fast",0.566398891966759,0.89,0.536723163841808
"65e092624fd67570ea7e4c36","2_2",1,1,"1_5","0",3,"2.2_right_fast",0.566398891966759,0.89,0.536723163841808
"65e092624fd67570ea7e4c36","2_4",1,1,"1_1","1",3,"2.4_right_fast",0.518938053097345,0.2,0.675141242937853
"65e092624fd67570ea7e4c36","2_4",1,1,"1_2","1",3,"2.4_right_fast",0.518938053097345,0.2,0.675141242937853
"65e092624fd67570ea7e4c36","2_4",1,1,"1_3","1",3,"2.4_right_fast",0.518938053097345,0.2,0.675141242937853
"65e092624fd67570ea7e4c36","2_4",1,1,"1_4","0",3,"2.4_right_fast",0.518938053097345,0.2,0.675141242937853
"65e092624fd67570ea7e4c36","2_4",1,1,"1_5","0",3,"2.4_right_fast",0.518938053097345,0.2,0.675141242937853
"65e092624fd67570ea7e4c36","2_2",0,1,"1_1","1",3,"2.2_wrong_fast",0.566398891966759,0.81,0.536723163841808
"65e092624fd67570ea7e4c36","2_2",0,1,"1_2","0",3,"2.2_wrong_fast",0.566398891966759,0.81,0.536723163841808
"65e092624fd67570ea7e4c36","2_2",0,1,"1_3","1",3,"2.2_wrong_fast",0.566398891966759,0.81,0.536723163841808
"65e092624fd67570ea7e4c36","2_2",0,1,"1_4","0",3,"2.2_wrong_fast",0.566398891966759,0.81,0.536723163841808
"65e092624fd67570ea7e4c36","2_2",0,1,"1_5","0",3,"2.2_wrong_fast",0.566398891966759,0.81,0.536723163841808
"65e630e4777c8e3ac50b9aea","2_1",0,0,"1_1","1",3,"2.1_wrong_slow",0.396726726726727,1,0.234463276836158
"65e630e4777c8e3ac50b9aea","2_1",0,0,"1_2","1",3,"2.1_wrong_slow",0.396726726726727,1,0.234463276836158
"65e630e4777c8e3ac50b9aea","2_1",0,0,"1_3","1",3,"2.1_wrong_slow",0.396726726726727,1,0.234463276836158
"65e630e4777c8e3ac50b9aea","2_1",0,0,"1_4","0",3,"2.1_wrong_slow",0.396726726726727,1,0.234463276836158
"65e630e4777c8e3ac50b9aea","2_1",0,0,"1_5","0",3,"2.1_wrong_slow",0.396726726726727,1,0.234463276836158
"65e630e4777c8e3ac50b9aea","2_5",0,0,"1_1","0",3,"2.5_wrong_slow",0.760870712401055,0.97,0.915254237288136
"65e630e4777c8e3ac50b9aea","2_5",0,0,"1_2","1",3,"2.5_wrong_slow",0.760870712401055,0.97,0.915254237288136
"65e630e4777c8e3ac50b9aea","2_5",0,0,"1_3","0",3,"2.5_wrong_slow",0.760870712401055,0.97,0.915254237288136
"65e630e4777c8e3ac50b9aea","2_5",0,0,"1_4","0",3,"2.5_wrong_slow",0.760870712401055,0.97,0.915254237288136
"65e630e4777c8e3ac50b9aea","2_5",0,0,"1_5","0",3,"2.5_wrong_slow",0.760870712401055,0.97,0.915254237288136
"65e630e4777c8e3ac50b9aea","2_1",1,1,"1_1","1",3,"2.1_right_fast",0.396726726726727,0.99,0.234463276836158
"65e630e4777c8e3ac50b9aea","2_1",1,1,"1_2","1",3,"2.1_right_fast",0.396726726726727,0.99,0.234463276836158
"65e630e4777c8e3ac50b9aea","2_1",1,1,"1_3","1",3,"2.1_right_fast",0.396726726726727,0.99,0.234463276836158
"65e630e4777c8e3ac50b9aea","2_1",1,1,"1_4","1",3,"2.1_right_fast",0.396726726726727,0.99,0.234463276836158
"65e630e4777c8e3ac50b9aea","2_1",1,1,"1_5","0",3,"2.1_right_fast",0.396726726726727,0.99,0.234463276836158
"65e630e4777c8e3ac50b9aea","2_5",1,1,"1_1","0",3,"2.5_right_fast",0.760870712401055,1,0.915254237288136
"65e630e4777c8e3ac50b9aea","2_5",1,1,"1_2","1",3,"2.5_right_fast",0.760870712401055,1,0.915254237288136
"65e630e4777c8e3ac50b9aea","2_5",1,1,"1_3","0",3,"2.5_right_fast",0.760870712401055,1,0.915254237288136
"65e630e4777c8e3ac50b9aea","2_5",1,1,"1_4","0",3,"2.5_right_fast",0.760870712401055,1,0.915254237288136
"65e630e4777c8e3ac50b9aea","2_5",1,1,"1_5","1",3,"2.5_right_fast",0.760870712401055,1,0.915254237288136
"65e630e4777c8e3ac50b9aea","2_3",0,1,"1_1","1",3,"2.3_wrong_fast",0.577430167597765,0.99,0.446327683615819
"65e630e4777c8e3ac50b9aea","2_3",0,1,"1_2","1",3,"2.3_wrong_fast",0.577430167597765,0.99,0.446327683615819
"65e630e4777c8e3ac50b9aea","2_3",0,1,"1_3","1",3,"2.3_wrong_fast",0.577430167597765,0.99,0.446327683615819
"65e630e4777c8e3ac50b9aea","2_3",0,1,"1_4","1",3,"2.3_wrong_fast",0.577430167597765,0.99,0.446327683615819
"65e630e4777c8e3ac50b9aea","2_3",0,1,"1_5","0",3,"2.3_wrong_fast",0.577430167597765,0.99,0.446327683615819
"65e77b8084a26a1e221bd436","2_4",1,0,"1_1","1",12,"2.4_right_slow",0.518938053097345,0.22,0.675141242937853
"65e77b8084a26a1e221bd436","2_4",1,0,"1_2","1",12,"2.4_right_slow",0.518938053097345,0.22,0.675141242937853
"65e77b8084a26a1e221bd436","2_4",1,0,"1_3","1",12,"2.4_right_slow",0.518938053097345,0.22,0.675141242937853
"65e77b8084a26a1e221bd436","2_4",1,0,"1_4","1",12,"2.4_right_slow",0.518938053097345,0.22,0.675141242937853
"65e77b8084a26a1e221bd436","2_4",1,0,"1_5","0",12,"2.4_right_slow",0.518938053097345,0.22,0.675141242937853
"65e77b8084a26a1e221bd436","2_5",1,0,"1_1","1",12,"2.5_right_slow",0.760870712401055,0.5,0.915254237288136
"65e77b8084a26a1e221bd436","2_5",1,0,"1_2","1",12,"2.5_right_slow",0.760870712401055,0.5,0.915254237288136
"65e77b8084a26a1e221bd436","2_5",1,0,"1_3","1",12,"2.5_right_slow",0.760870712401055,0.5,0.915254237288136
"65e77b8084a26a1e221bd436","2_5",1,0,"1_4","1",12,"2.5_right_slow",0.760870712401055,0.5,0.915254237288136
"65e77b8084a26a1e221bd436","2_5",1,0,"1_5","1",12,"2.5_right_slow",0.760870712401055,0.5,0.915254237288136
"65e77b8084a26a1e221bd436","2_5",0,0,"1_1","1",12,"2.5_wrong_slow",0.760870712401055,0.65,0.915254237288136
"65e77b8084a26a1e221bd436","2_5",0,0,"1_2","1",12,"2.5_wrong_slow",0.760870712401055,0.65,0.915254237288136
"65e77b8084a26a1e221bd436","2_5",0,0,"1_3","1",12,"2.5_wrong_slow",0.760870712401055,0.65,0.915254237288136
"65e77b8084a26a1e221bd436","2_5",0,0,"1_4","1",12,"2.5_wrong_slow",0.760870712401055,0.65,0.915254237288136
"65e77b8084a26a1e221bd436","2_5",0,0,"1_5","0",12,"2.5_wrong_slow",0.760870712401055,0.65,0.915254237288136
"65e77b8084a26a1e221bd436","2_4",1,1,"1_1","1",12,"2.4_right_fast",0.518938053097345,0.3,0.675141242937853
"65e77b8084a26a1e221bd436","2_4",1,1,"1_2","1",12,"2.4_right_fast",0.518938053097345,0.3,0.675141242937853
"65e77b8084a26a1e221bd436","2_4",1,1,"1_3","1",12,"2.4_right_fast",0.518938053097345,0.3,0.675141242937853
"65e77b8084a26a1e221bd436","2_4",1,1,"1_4","1",12,"2.4_right_fast",0.518938053097345,0.3,0.675141242937853
"65e77b8084a26a1e221bd436","2_4",1,1,"1_5","1",12,"2.4_right_fast",0.518938053097345,0.3,0.675141242937853
"65e77b8084a26a1e221bd436","2_3",0,1,"1_1","1",12,"2.3_wrong_fast",0.577430167597765,0.5,0.446327683615819
"65e77b8084a26a1e221bd436","2_3",0,1,"1_2","1",12,"2.3_wrong_fast",0.577430167597765,0.5,0.446327683615819
"65e77b8084a26a1e221bd436","2_3",0,1,"1_3","1",12,"2.3_wrong_fast",0.577430167597765,0.5,0.446327683615819
"65e77b8084a26a1e221bd436","2_3",0,1,"1_4","1",12,"2.3_wrong_fast",0.577430167597765,0.5,0.446327683615819
"65e77b8084a26a1e221bd436","2_3",0,1,"1_5","0",12,"2.3_wrong_fast",0.577430167597765,0.5,0.446327683615819
"65ea3ad7b77c607619e7def6","2_1",1,0,"1_1","1",3,"2.1_right_slow",0.396726726726727,0.01,0.234463276836158
"65ea3ad7b77c607619e7def6","2_1",1,0,"1_2","1",3,"2.1_right_slow",0.396726726726727,0.01,0.234463276836158
"65ea3ad7b77c607619e7def6","2_1",1,0,"1_3","1",3,"2.1_right_slow",0.396726726726727,0.01,0.234463276836158
"65ea3ad7b77c607619e7def6","2_1",1,0,"1_4","1",3,"2.1_right_slow",0.396726726726727,0.01,0.234463276836158
"65ea3ad7b77c607619e7def6","2_1",1,0,"1_5","0",3,"2.1_right_slow",0.396726726726727,0.01,0.234463276836158
"65ea3ad7b77c607619e7def6","2_2",1,0,"1_1","1",3,"2.2_right_slow",0.566398891966759,0.04,0.536723163841808
"65ea3ad7b77c607619e7def6","2_2",1,0,"1_2","1",3,"2.2_right_slow",0.566398891966759,0.04,0.536723163841808
"65ea3ad7b77c607619e7def6","2_2",1,0,"1_3","1",3,"2.2_right_slow",0.566398891966759,0.04,0.536723163841808
"65ea3ad7b77c607619e7def6","2_2",1,0,"1_4","0",3,"2.2_right_slow",0.566398891966759,0.04,0.536723163841808
"65ea3ad7b77c607619e7def6","2_2",1,0,"1_5","0",3,"2.2_right_slow",0.566398891966759,0.04,0.536723163841808
"65ea3ad7b77c607619e7def6","2_3",1,1,"1_1","1",3,"2.3_right_fast",0.577430167597765,0.4,0.446327683615819
"65ea3ad7b77c607619e7def6","2_3",1,1,"1_2","1",3,"2.3_right_fast",0.577430167597765,0.4,0.446327683615819
"65ea3ad7b77c607619e7def6","2_3",1,1,"1_3","1",3,"2.3_right_fast",0.577430167597765,0.4,0.446327683615819
"65ea3ad7b77c607619e7def6","2_3",1,1,"1_4","1",3,"2.3_right_fast",0.577430167597765,0.4,0.446327683615819
"65ea3ad7b77c607619e7def6","2_3",1,1,"1_5","0",3,"2.3_right_fast",0.577430167597765,0.4,0.446327683615819
"65ea3ad7b77c607619e7def6","2_3",0,1,"1_1","1",3,"2.3_wrong_fast",0.577430167597765,0.21,0.446327683615819
"65ea3ad7b77c607619e7def6","2_3",0,1,"1_2","1",3,"2.3_wrong_fast",0.577430167597765,0.21,0.446327683615819
"65ea3ad7b77c607619e7def6","2_3",0,1,"1_3","0",3,"2.3_wrong_fast",0.577430167597765,0.21,0.446327683615819
"65ea3ad7b77c607619e7def6","2_3",0,1,"1_4","1",3,"2.3_wrong_fast",0.577430167597765,0.21,0.446327683615819
"65ea3ad7b77c607619e7def6","2_3",0,1,"1_5","0",3,"2.3_wrong_fast",0.577430167597765,0.21,0.446327683615819
"65ea3ad7b77c607619e7def6","2_5",0,1,"1_1","1",3,"2.5_wrong_fast",0.760870712401055,0.7,0.915254237288136
"65ea3ad7b77c607619e7def6","2_5",0,1,"1_2","1",3,"2.5_wrong_fast",0.760870712401055,0.7,0.915254237288136
"65ea3ad7b77c607619e7def6","2_5",0,1,"1_3","1",3,"2.5_wrong_fast",0.760870712401055,0.7,0.915254237288136
"65ea3ad7b77c607619e7def6","2_5",0,1,"1_4","1",3,"2.5_wrong_fast",0.760870712401055,0.7,0.915254237288136
"65ea3ad7b77c607619e7def6","2_5",0,1,"1_5","0",3,"2.5_wrong_fast",0.760870712401055,0.7,0.915254237288136
"65ea41d8c31c744b580de3ee","2_4",1,0,"1_1","1",9,"2.4_right_slow",0.518938053097345,0.45,0.675141242937853
"65ea41d8c31c744b580de3ee","2_4",1,0,"1_2","1",9,"2.4_right_slow",0.518938053097345,0.45,0.675141242937853
"65ea41d8c31c744b580de3ee","2_4",1,0,"1_3","1",9,"2.4_right_slow",0.518938053097345,0.45,0.675141242937853
"65ea41d8c31c744b580de3ee","2_4",1,0,"1_4","1",9,"2.4_right_slow",0.518938053097345,0.45,0.675141242937853
"65ea41d8c31c744b580de3ee","2_4",1,0,"1_5","0",9,"2.4_right_slow",0.518938053097345,0.45,0.675141242937853
"65ea41d8c31c744b580de3ee","2_3",0,0,"1_1","1",9,"2.3_wrong_slow",0.577430167597765,0.55,0.446327683615819
"65ea41d8c31c744b580de3ee","2_3",0,0,"1_2","1",9,"2.3_wrong_slow",0.577430167597765,0.55,0.446327683615819
"65ea41d8c31c744b580de3ee","2_3",0,0,"1_3","0",9,"2.3_wrong_slow",0.577430167597765,0.55,0.446327683615819
"65ea41d8c31c744b580de3ee","2_3",0,0,"1_4","1",9,"2.3_wrong_slow",0.577430167597765,0.55,0.446327683615819
"65ea41d8c31c744b580de3ee","2_3",0,0,"1_5","0",9,"2.3_wrong_slow",0.577430167597765,0.55,0.446327683615819
"65ea41d8c31c744b580de3ee","2_2",1,1,"1_1","1",9,"2.2_right_fast",0.566398891966759,0.3,0.536723163841808
"65ea41d8c31c744b580de3ee","2_2",1,1,"1_2","1",9,"2.2_right_fast",0.566398891966759,0.3,0.536723163841808
"65ea41d8c31c744b580de3ee","2_2",1,1,"1_3","1",9,"2.2_right_fast",0.566398891966759,0.3,0.536723163841808
"65ea41d8c31c744b580de3ee","2_2",1,1,"1_4","0",9,"2.2_right_fast",0.566398891966759,0.3,0.536723163841808
"65ea41d8c31c744b580de3ee","2_2",1,1,"1_5","0",9,"2.2_right_fast",0.566398891966759,0.3,0.536723163841808
"65ea41d8c31c744b580de3ee","2_3",1,1,"1_1","1",9,"2.3_right_fast",0.577430167597765,0.35,0.446327683615819
"65ea41d8c31c744b580de3ee","2_3",1,1,"1_2","1",9,"2.3_right_fast",0.577430167597765,0.35,0.446327683615819
"65ea41d8c31c744b580de3ee","2_3",1,1,"1_3","1",9,"2.3_right_fast",0.577430167597765,0.35,0.446327683615819
"65ea41d8c31c744b580de3ee","2_3",1,1,"1_4","1",9,"2.3_right_fast",0.577430167597765,0.35,0.446327683615819
"65ea41d8c31c744b580de3ee","2_3",1,1,"1_5","0",9,"2.3_right_fast",0.577430167597765,0.35,0.446327683615819
"65ea41d8c31c744b580de3ee","2_4",1,1,"1_1","1",9,"2.4_right_fast",0.518938053097345,0.65,0.675141242937853
"65ea41d8c31c744b580de3ee","2_4",1,1,"1_2","1",9,"2.4_right_fast",0.518938053097345,0.65,0.675141242937853
"65ea41d8c31c744b580de3ee","2_4",1,1,"1_3","1",9,"2.4_right_fast",0.518938053097345,0.65,0.675141242937853
"65ea41d8c31c744b580de3ee","2_4",1,1,"1_4","1",9,"2.4_right_fast",0.518938053097345,0.65,0.675141242937853
"65ea41d8c31c744b580de3ee","2_4",1,1,"1_5","1",9,"2.4_right_fast",0.518938053097345,0.65,0.675141242937853
"65f48c6de41485ac8b284e83","2_4",1,0,"1_1","1",9,"2.4_right_slow",0.518938053097345,0.4,0.675141242937853
"65f48c6de41485ac8b284e83","2_4",1,0,"1_2","1",9,"2.4_right_slow",0.518938053097345,0.4,0.675141242937853
"65f48c6de41485ac8b284e83","2_4",1,0,"1_3","1",9,"2.4_right_slow",0.518938053097345,0.4,0.675141242937853
"65f48c6de41485ac8b284e83","2_4",1,0,"1_4","1",9,"2.4_right_slow",0.518938053097345,0.4,0.675141242937853
"65f48c6de41485ac8b284e83","2_4",1,0,"1_5","0",9,"2.4_right_slow",0.518938053097345,0.4,0.675141242937853
"65f48c6de41485ac8b284e83","2_4",0,0,"1_1","1",9,"2.4_wrong_slow",0.518938053097345,0.3,0.675141242937853
"65f48c6de41485ac8b284e83","2_4",0,0,"1_2","0",9,"2.4_wrong_slow",0.518938053097345,0.3,0.675141242937853
"65f48c6de41485ac8b284e83","2_4",0,0,"1_3","1",9,"2.4_wrong_slow",0.518938053097345,0.3,0.675141242937853
"65f48c6de41485ac8b284e83","2_4",0,0,"1_4","1",9,"2.4_wrong_slow",0.518938053097345,0.3,0.675141242937853
"65f48c6de41485ac8b284e83","2_4",0,0,"1_5","0",9,"2.4_wrong_slow",0.518938053097345,0.3,0.675141242937853
"65f48c6de41485ac8b284e83","2_1",1,1,"1_1","1",9,"2.1_right_fast",0.396726726726727,0.51,0.234463276836158
"65f48c6de41485ac8b284e83","2_1",1,1,"1_2","1",9,"2.1_right_fast",0.396726726726727,0.51,0.234463276836158
"65f48c6de41485ac8b284e83","2_1",1,1,"1_3","1",9,"2.1_right_fast",0.396726726726727,0.51,0.234463276836158
"65f48c6de41485ac8b284e83","2_1",1,1,"1_4","1",9,"2.1_right_fast",0.396726726726727,0.51,0.234463276836158
"65f48c6de41485ac8b284e83","2_1",1,1,"1_5","0",9,"2.1_right_fast",0.396726726726727,0.51,0.234463276836158
"65f48c6de41485ac8b284e83","2_4",1,1,"1_1","1",9,"2.4_right_fast",0.518938053097345,0.84,0.675141242937853
"65f48c6de41485ac8b284e83","2_4",1,1,"1_2","1",9,"2.4_right_fast",0.518938053097345,0.84,0.675141242937853
"65f48c6de41485ac8b284e83","2_4",1,1,"1_3","1",9,"2.4_right_fast",0.518938053097345,0.84,0.675141242937853
"65f48c6de41485ac8b284e83","2_4",1,1,"1_4","1",9,"2.4_right_fast",0.518938053097345,0.84,0.675141242937853
"65f48c6de41485ac8b284e83","2_4",1,1,"1_5","0",9,"2.4_right_fast",0.518938053097345,0.84,0.675141242937853
"65f48c6de41485ac8b284e83","2_3",0,1,"1_1","1",9,"2.3_wrong_fast",0.577430167597765,0.69,0.446327683615819
"65f48c6de41485ac8b284e83","2_3",0,1,"1_2","1",9,"2.3_wrong_fast",0.577430167597765,0.69,0.446327683615819
"65f48c6de41485ac8b284e83","2_3",0,1,"1_3","1",9,"2.3_wrong_fast",0.577430167597765,0.69,0.446327683615819
"65f48c6de41485ac8b284e83","2_3",0,1,"1_4","0",9,"2.3_wrong_fast",0.577430167597765,0.69,0.446327683615819
"65f48c6de41485ac8b284e83","2_3",0,1,"1_5","0",9,"2.3_wrong_fast",0.577430167597765,0.69,0.446327683615819
"65f684e029d7c63f3338aed7","2_2",1,0,"1_1","1",2,"2.2_right_slow",0.566398891966759,0.66,0.536723163841808
"65f684e029d7c63f3338aed7","2_2",1,0,"1_2","1",2,"2.2_right_slow",0.566398891966759,0.66,0.536723163841808
"65f684e029d7c63f3338aed7","2_2",1,0,"1_3","1",2,"2.2_right_slow",0.566398891966759,0.66,0.536723163841808
"65f684e029d7c63f3338aed7","2_2",1,0,"1_4","1",2,"2.2_right_slow",0.566398891966759,0.66,0.536723163841808
"65f684e029d7c63f3338aed7","2_2",1,0,"1_5","0",2,"2.2_right_slow",0.566398891966759,0.66,0.536723163841808
"65f684e029d7c63f3338aed7","2_3",0,0,"1_1","1",2,"2.3_wrong_slow",0.577430167597765,0.39,0.446327683615819
"65f684e029d7c63f3338aed7","2_3",0,0,"1_2","0",2,"2.3_wrong_slow",0.577430167597765,0.39,0.446327683615819
"65f684e029d7c63f3338aed7","2_3",0,0,"1_3","0",2,"2.3_wrong_slow",0.577430167597765,0.39,0.446327683615819
"65f684e029d7c63f3338aed7","2_3",0,0,"1_4","0",2,"2.3_wrong_slow",0.577430167597765,0.39,0.446327683615819
"65f684e029d7c63f3338aed7","2_3",0,0,"1_5","0",2,"2.3_wrong_slow",0.577430167597765,0.39,0.446327683615819
"65f684e029d7c63f3338aed7","2_1",1,1,"1_1","1",2,"2.1_right_fast",0.396726726726727,0.78,0.234463276836158
"65f684e029d7c63f3338aed7","2_1",1,1,"1_2","1",2,"2.1_right_fast",0.396726726726727,0.78,0.234463276836158
"65f684e029d7c63f3338aed7","2_1",1,1,"1_3","0",2,"2.1_right_fast",0.396726726726727,0.78,0.234463276836158
"65f684e029d7c63f3338aed7","2_1",1,1,"1_4","1",2,"2.1_right_fast",0.396726726726727,0.78,0.234463276836158
"65f684e029d7c63f3338aed7","2_1",1,1,"1_5","0",2,"2.1_right_fast",0.396726726726727,0.78,0.234463276836158
"65f684e029d7c63f3338aed7","2_3",1,1,"1_1","1",2,"2.3_right_fast",0.577430167597765,0.45,0.446327683615819
"65f684e029d7c63f3338aed7","2_3",1,1,"1_2","1",2,"2.3_right_fast",0.577430167597765,0.45,0.446327683615819
"65f684e029d7c63f3338aed7","2_3",1,1,"1_3","1",2,"2.3_right_fast",0.577430167597765,0.45,0.446327683615819
"65f684e029d7c63f3338aed7","2_3",1,1,"1_4","0",2,"2.3_right_fast",0.577430167597765,0.45,0.446327683615819
"65f684e029d7c63f3338aed7","2_3",1,1,"1_5","0",2,"2.3_right_fast",0.577430167597765,0.45,0.446327683615819
"65f684e029d7c63f3338aed7","2_4",1,1,"1_1","1",2,"2.4_right_fast",0.518938053097345,0.65,0.675141242937853
"65f684e029d7c63f3338aed7","2_4",1,1,"1_2","1",2,"2.4_right_fast",0.518938053097345,0.65,0.675141242937853
"65f684e029d7c63f3338aed7","2_4",1,1,"1_3","1",2,"2.4_right_fast",0.518938053097345,0.65,0.675141242937853
"65f684e029d7c63f3338aed7","2_4",1,1,"1_4","1",2,"2.4_right_fast",0.518938053097345,0.65,0.675141242937853
"65f684e029d7c63f3338aed7","2_4",1,1,"1_5","0",2,"2.4_right_fast",0.518938053097345,0.65,0.675141242937853
"66045663fbc92e11eb7e557c","2_2",1,0,"1_1","1",8,"2.2_right_slow",0.566398891966759,0.4,0.536723163841808
"66045663fbc92e11eb7e557c","2_2",1,0,"1_2","1",8,"2.2_right_slow",0.566398891966759,0.4,0.536723163841808
"66045663fbc92e11eb7e557c","2_2",1,0,"1_3","1",8,"2.2_right_slow",0.566398891966759,0.4,0.536723163841808
"66045663fbc92e11eb7e557c","2_2",1,0,"1_4","1",8,"2.2_right_slow",0.566398891966759,0.4,0.536723163841808
"66045663fbc92e11eb7e557c","2_2",1,0,"1_5","0",8,"2.2_right_slow",0.566398891966759,0.4,0.536723163841808
"66045663fbc92e11eb7e557c","2_5",1,0,"1_1","1",8,"2.5_right_slow",0.760870712401055,0.85,0.915254237288136
"66045663fbc92e11eb7e557c","2_5",1,0,"1_2","1",8,"2.5_right_slow",0.760870712401055,0.85,0.915254237288136
"66045663fbc92e11eb7e557c","2_5",1,0,"1_3","1",8,"2.5_right_slow",0.760870712401055,0.85,0.915254237288136
"66045663fbc92e11eb7e557c","2_5",1,0,"1_4","1",8,"2.5_right_slow",0.760870712401055,0.85,0.915254237288136
"66045663fbc92e11eb7e557c","2_5",1,0,"1_5","1",8,"2.5_right_slow",0.760870712401055,0.85,0.915254237288136
"66045663fbc92e11eb7e557c","2_3",0,0,"1_1","1",8,"2.3_wrong_slow",0.577430167597765,0.3,0.446327683615819
"66045663fbc92e11eb7e557c","2_3",0,0,"1_2","1",8,"2.3_wrong_slow",0.577430167597765,0.3,0.446327683615819
"66045663fbc92e11eb7e557c","2_3",0,0,"1_3","0",8,"2.3_wrong_slow",0.577430167597765,0.3,0.446327683615819
"66045663fbc92e11eb7e557c","2_3",0,0,"1_4","0",8,"2.3_wrong_slow",0.577430167597765,0.3,0.446327683615819
"66045663fbc92e11eb7e557c","2_3",0,0,"1_5","0",8,"2.3_wrong_slow",0.577430167597765,0.3,0.446327683615819
"66045663fbc92e11eb7e557c","2_3",1,1,"1_1","1",8,"2.3_right_fast",0.577430167597765,0.32,0.446327683615819
"66045663fbc92e11eb7e557c","2_3",1,1,"1_2","1",8,"2.3_right_fast",0.577430167597765,0.32,0.446327683615819
"66045663fbc92e11eb7e557c","2_3",1,1,"1_3","1",8,"2.3_right_fast",0.577430167597765,0.32,0.446327683615819
"66045663fbc92e11eb7e557c","2_3",1,1,"1_4","1",8,"2.3_right_fast",0.577430167597765,0.32,0.446327683615819
"66045663fbc92e11eb7e557c","2_3",1,1,"1_5","0",8,"2.3_right_fast",0.577430167597765,0.32,0.446327683615819
"66045663fbc92e11eb7e557c","2_5",0,1,"1_1","1",8,"2.5_wrong_fast",0.760870712401055,0.65,0.915254237288136
"66045663fbc92e11eb7e557c","2_5",0,1,"1_2","1",8,"2.5_wrong_fast",0.760870712401055,0.65,0.915254237288136
"66045663fbc92e11eb7e557c","2_5",0,1,"1_3","1",8,"2.5_wrong_fast",0.760870712401055,0.65,0.915254237288136
"66045663fbc92e11eb7e557c","2_5",0,1,"1_4","1",8,"2.5_wrong_fast",0.760870712401055,0.65,0.915254237288136
"66045663fbc92e11eb7e557c","2_5",0,1,"1_5","0",8,"2.5_wrong_fast",0.760870712401055,0.65,0.915254237288136
"66049315b5c325fdaafea8fa","2_1",1,0,"1_1","1",7,"2.1_right_slow",0.396726726726727,0.28,0.234463276836158
"66049315b5c325fdaafea8fa","2_1",1,0,"1_2","1",7,"2.1_right_slow",0.396726726726727,0.28,0.234463276836158
"66049315b5c325fdaafea8fa","2_1",1,0,"1_3","1",7,"2.1_right_slow",0.396726726726727,0.28,0.234463276836158
"66049315b5c325fdaafea8fa","2_1",1,0,"1_4","1",7,"2.1_right_slow",0.396726726726727,0.28,0.234463276836158
"66049315b5c325fdaafea8fa","2_1",1,0,"1_5","0",7,"2.1_right_slow",0.396726726726727,0.28,0.234463276836158
"66049315b5c325fdaafea8fa","2_4",1,0,"1_1","1",7,"2.4_right_slow",0.518938053097345,0.75,0.675141242937853
"66049315b5c325fdaafea8fa","2_4",1,0,"1_2","1",7,"2.4_right_slow",0.518938053097345,0.75,0.675141242937853
"66049315b5c325fdaafea8fa","2_4",1,0,"1_3","0",7,"2.4_right_slow",0.518938053097345,0.75,0.675141242937853
"66049315b5c325fdaafea8fa","2_4",1,0,"1_4","1",7,"2.4_right_slow",0.518938053097345,0.75,0.675141242937853
"66049315b5c325fdaafea8fa","2_4",1,0,"1_5","0",7,"2.4_right_slow",0.518938053097345,0.75,0.675141242937853
"66049315b5c325fdaafea8fa","2_4",0,0,"1_1","1",7,"2.4_wrong_slow",0.518938053097345,0.5,0.675141242937853
"66049315b5c325fdaafea8fa","2_4",0,0,"1_2","0",7,"2.4_wrong_slow",0.518938053097345,0.5,0.675141242937853
"66049315b5c325fdaafea8fa","2_4",0,0,"1_3","0",7,"2.4_wrong_slow",0.518938053097345,0.5,0.675141242937853
"66049315b5c325fdaafea8fa","2_4",0,0,"1_4","0",7,"2.4_wrong_slow",0.518938053097345,0.5,0.675141242937853
"66049315b5c325fdaafea8fa","2_4",0,0,"1_5","0",7,"2.4_wrong_slow",0.518938053097345,0.5,0.675141242937853
"66049315b5c325fdaafea8fa","2_4",1,1,"1_1","1",7,"2.4_right_fast",0.518938053097345,0.74,0.675141242937853
"66049315b5c325fdaafea8fa","2_4",1,1,"1_2","1",7,"2.4_right_fast",0.518938053097345,0.74,0.675141242937853
"66049315b5c325fdaafea8fa","2_4",1,1,"1_3","0",7,"2.4_right_fast",0.518938053097345,0.74,0.675141242937853
"66049315b5c325fdaafea8fa","2_4",1,1,"1_4","1",7,"2.4_right_fast",0.518938053097345,0.74,0.675141242937853
"66049315b5c325fdaafea8fa","2_4",1,1,"1_5","0",7,"2.4_right_fast",0.518938053097345,0.74,0.675141242937853
"66049315b5c325fdaafea8fa","2_5",0,1,"1_1","1",7,"2.5_wrong_fast",0.760870712401055,0.95,0.915254237288136
"66049315b5c325fdaafea8fa","2_5",0,1,"1_2","0",7,"2.5_wrong_fast",0.760870712401055,0.95,0.915254237288136
"66049315b5c325fdaafea8fa","2_5",0,1,"1_3","0",7,"2.5_wrong_fast",0.760870712401055,0.95,0.915254237288136
"66049315b5c325fdaafea8fa","2_5",0,1,"1_4","0",7,"2.5_wrong_fast",0.760870712401055,0.95,0.915254237288136
"66049315b5c325fdaafea8fa","2_5",0,1,"1_5","0",7,"2.5_wrong_fast",0.760870712401055,0.95,0.915254237288136
"660c77dde93bf0750a18a235","2_2",0,0,"1_1","1",7,"2.2_wrong_slow",0.566398891966759,0.82,0.536723163841808
"660c77dde93bf0750a18a235","2_2",0,0,"1_2","0",7,"2.2_wrong_slow",0.566398891966759,0.82,0.536723163841808
"660c77dde93bf0750a18a235","2_2",0,0,"1_3","1",7,"2.2_wrong_slow",0.566398891966759,0.82,0.536723163841808
"660c77dde93bf0750a18a235","2_2",0,0,"1_4","0",7,"2.2_wrong_slow",0.566398891966759,0.82,0.536723163841808
"660c77dde93bf0750a18a235","2_2",0,0,"1_5","0",7,"2.2_wrong_slow",0.566398891966759,0.82,0.536723163841808
"660c77dde93bf0750a18a235","2_3",0,0,"1_1","1",7,"2.3_wrong_slow",0.577430167597765,0.59,0.446327683615819
"660c77dde93bf0750a18a235","2_3",0,0,"1_2","0",7,"2.3_wrong_slow",0.577430167597765,0.59,0.446327683615819
"660c77dde93bf0750a18a235","2_3",0,0,"1_3","0",7,"2.3_wrong_slow",0.577430167597765,0.59,0.446327683615819
"660c77dde93bf0750a18a235","2_3",0,0,"1_4","0",7,"2.3_wrong_slow",0.577430167597765,0.59,0.446327683615819
"660c77dde93bf0750a18a235","2_3",0,0,"1_5","0",7,"2.3_wrong_slow",0.577430167597765,0.59,0.446327683615819
"660c77dde93bf0750a18a235","2_3",0,1,"1_1","1",7,"2.3_wrong_fast",0.577430167597765,0.78,0.446327683615819
"660c77dde93bf0750a18a235","2_3",0,1,"1_2","0",7,"2.3_wrong_fast",0.577430167597765,0.78,0.446327683615819
"660c77dde93bf0750a18a235","2_3",0,1,"1_3","0",7,"2.3_wrong_fast",0.577430167597765,0.78,0.446327683615819
"660c77dde93bf0750a18a235","2_3",0,1,"1_4","0",7,"2.3_wrong_fast",0.577430167597765,0.78,0.446327683615819
"660c77dde93bf0750a18a235","2_3",0,1,"1_5","0",7,"2.3_wrong_fast",0.577430167597765,0.78,0.446327683615819
"660c77dde93bf0750a18a235","2_4",0,1,"1_1","1",7,"2.4_wrong_fast",0.518938053097345,0.81,0.675141242937853
"660c77dde93bf0750a18a235","2_4",0,1,"1_2","0",7,"2.4_wrong_fast",0.518938053097345,0.81,0.675141242937853
"660c77dde93bf0750a18a235","2_4",0,1,"1_3","1",7,"2.4_wrong_fast",0.518938053097345,0.81,0.675141242937853
"660c77dde93bf0750a18a235","2_4",0,1,"1_4","0",7,"2.4_wrong_fast",0.518938053097345,0.81,0.675141242937853
"660c77dde93bf0750a18a235","2_4",0,1,"1_5","0",7,"2.4_wrong_fast",0.518938053097345,0.81,0.675141242937853
"660c77dde93bf0750a18a235","2_5",0,1,"1_1","1",7,"2.5_wrong_fast",0.760870712401055,0.99,0.915254237288136
"660c77dde93bf0750a18a235","2_5",0,1,"1_2","0",7,"2.5_wrong_fast",0.760870712401055,0.99,0.915254237288136
"660c77dde93bf0750a18a235","2_5",0,1,"1_3","0",7,"2.5_wrong_fast",0.760870712401055,0.99,0.915254237288136
"660c77dde93bf0750a18a235","2_5",0,1,"1_4","0",7,"2.5_wrong_fast",0.760870712401055,0.99,0.915254237288136
"660c77dde93bf0750a18a235","2_5",0,1,"1_5","0",7,"2.5_wrong_fast",0.760870712401055,0.99,0.915254237288136
"660cdcff6d4bcd542a22f24e","2_3",1,0,"1_1","1",6,"2.3_right_slow",0.577430167597765,0.41,0.446327683615819
"660cdcff6d4bcd542a22f24e","2_3",1,0,"1_2","1",6,"2.3_right_slow",0.577430167597765,0.41,0.446327683615819
"660cdcff6d4bcd542a22f24e","2_3",1,0,"1_3","1",6,"2.3_right_slow",0.577430167597765,0.41,0.446327683615819
"660cdcff6d4bcd542a22f24e","2_3",1,0,"1_4","1",6,"2.3_right_slow",0.577430167597765,0.41,0.446327683615819
"660cdcff6d4bcd542a22f24e","2_3",1,0,"1_5","0",6,"2.3_right_slow",0.577430167597765,0.41,0.446327683615819
"660cdcff6d4bcd542a22f24e","2_3",0,0,"1_1","1",6,"2.3_wrong_slow",0.577430167597765,0.35,0.446327683615819
"660cdcff6d4bcd542a22f24e","2_3",0,0,"1_2","1",6,"2.3_wrong_slow",0.577430167597765,0.35,0.446327683615819
"660cdcff6d4bcd542a22f24e","2_3",0,0,"1_3","0",6,"2.3_wrong_slow",0.577430167597765,0.35,0.446327683615819
"660cdcff6d4bcd542a22f24e","2_3",0,0,"1_4","1",6,"2.3_wrong_slow",0.577430167597765,0.35,0.446327683615819
"660cdcff6d4bcd542a22f24e","2_3",0,0,"1_5","0",6,"2.3_wrong_slow",0.577430167597765,0.35,0.446327683615819
"660cdcff6d4bcd542a22f24e","2_1",1,1,"1_1","1",6,"2.1_right_fast",0.396726726726727,0.24,0.234463276836158
"660cdcff6d4bcd542a22f24e","2_1",1,1,"1_2","1",6,"2.1_right_fast",0.396726726726727,0.24,0.234463276836158
"660cdcff6d4bcd542a22f24e","2_1",1,1,"1_3","1",6,"2.1_right_fast",0.396726726726727,0.24,0.234463276836158
"660cdcff6d4bcd542a22f24e","2_1",1,1,"1_4","1",6,"2.1_right_fast",0.396726726726727,0.24,0.234463276836158
"660cdcff6d4bcd542a22f24e","2_1",1,1,"1_5","0",6,"2.1_right_fast",0.396726726726727,0.24,0.234463276836158
"660cdcff6d4bcd542a22f24e","2_5",1,1,"1_1","1",6,"2.5_right_fast",0.760870712401055,0.73,0.915254237288136
"660cdcff6d4bcd542a22f24e","2_5",1,1,"1_2","1",6,"2.5_right_fast",0.760870712401055,0.73,0.915254237288136
"660cdcff6d4bcd542a22f24e","2_5",1,1,"1_3","1",6,"2.5_right_fast",0.760870712401055,0.73,0.915254237288136
"660cdcff6d4bcd542a22f24e","2_5",1,1,"1_4","1",6,"2.5_right_fast",0.760870712401055,0.73,0.915254237288136
"660cdcff6d4bcd542a22f24e","2_5",1,1,"1_5","1",6,"2.5_right_fast",0.760870712401055,0.73,0.915254237288136
"660cdcff6d4bcd542a22f24e","2_3",0,1,"1_1","1",6,"2.3_wrong_fast",0.577430167597765,0.35,0.446327683615819
"660cdcff6d4bcd542a22f24e","2_3",0,1,"1_2","0",6,"2.3_wrong_fast",0.577430167597765,0.35,0.446327683615819
"660cdcff6d4bcd542a22f24e","2_3",0,1,"1_3","0",6,"2.3_wrong_fast",0.577430167597765,0.35,0.446327683615819
"660cdcff6d4bcd542a22f24e","2_3",0,1,"1_4","1",6,"2.3_wrong_fast",0.577430167597765,0.35,0.446327683615819
"660cdcff6d4bcd542a22f24e","2_3",0,1,"1_5","0",6,"2.3_wrong_fast",0.577430167597765,0.35,0.446327683615819
"660da7d2c59a62056d87c9b8","2_2",1,0,"1_1","1",6,"2.2_right_slow",0.566398891966759,0.35,0.536723163841808
"660da7d2c59a62056d87c9b8","2_2",1,0,"1_2","1",6,"2.2_right_slow",0.566398891966759,0.35,0.536723163841808
"660da7d2c59a62056d87c9b8","2_2",1,0,"1_3","1",6,"2.2_right_slow",0.566398891966759,0.35,0.536723163841808
"660da7d2c59a62056d87c9b8","2_2",1,0,"1_4","1",6,"2.2_right_slow",0.566398891966759,0.35,0.536723163841808
"660da7d2c59a62056d87c9b8","2_2",1,0,"1_5","0",6,"2.2_right_slow",0.566398891966759,0.35,0.536723163841808
"660da7d2c59a62056d87c9b8","2_1",0,0,"1_1","1",6,"2.1_wrong_slow",0.396726726726727,0.24,0.234463276836158
"660da7d2c59a62056d87c9b8","2_1",0,0,"1_2","0",6,"2.1_wrong_slow",0.396726726726727,0.24,0.234463276836158
"660da7d2c59a62056d87c9b8","2_1",0,0,"1_3","1",6,"2.1_wrong_slow",0.396726726726727,0.24,0.234463276836158
"660da7d2c59a62056d87c9b8","2_1",0,0,"1_4","0",6,"2.1_wrong_slow",0.396726726726727,0.24,0.234463276836158
"660da7d2c59a62056d87c9b8","2_1",0,0,"1_5","0",6,"2.1_wrong_slow",0.396726726726727,0.24,0.234463276836158
"660da7d2c59a62056d87c9b8","2_5",0,0,"1_1","1",6,"2.5_wrong_slow",0.760870712401055,0.57,0.915254237288136
"660da7d2c59a62056d87c9b8","2_5",0,0,"1_2","1",6,"2.5_wrong_slow",0.760870712401055,0.57,0.915254237288136
"660da7d2c59a62056d87c9b8","2_5",0,0,"1_3","0",6,"2.5_wrong_slow",0.760870712401055,0.57,0.915254237288136
"660da7d2c59a62056d87c9b8","2_5",0,0,"1_4","0",6,"2.5_wrong_slow",0.760870712401055,0.57,0.915254237288136
"660da7d2c59a62056d87c9b8","2_5",0,0,"1_5","0",6,"2.5_wrong_slow",0.760870712401055,0.57,0.915254237288136
"660da7d2c59a62056d87c9b8","2_1",0,1,"1_1","0",6,"2.1_wrong_fast",0.396726726726727,0.24,0.234463276836158
"660da7d2c59a62056d87c9b8","2_1",0,1,"1_2","1",6,"2.1_wrong_fast",0.396726726726727,0.24,0.234463276836158
"660da7d2c59a62056d87c9b8","2_1",0,1,"1_3","1",6,"2.1_wrong_fast",0.396726726726727,0.24,0.234463276836158
"660da7d2c59a62056d87c9b8","2_1",0,1,"1_4","0",6,"2.1_wrong_fast",0.396726726726727,0.24,0.234463276836158
"660da7d2c59a62056d87c9b8","2_1",0,1,"1_5","0",6,"2.1_wrong_fast",0.396726726726727,0.24,0.234463276836158
"660da7d2c59a62056d87c9b8","2_3",0,1,"1_1","1",6,"2.3_wrong_fast",0.577430167597765,0.44,0.446327683615819
"660da7d2c59a62056d87c9b8","2_3",0,1,"1_2","0",6,"2.3_wrong_fast",0.577430167597765,0.44,0.446327683615819
"660da7d2c59a62056d87c9b8","2_3",0,1,"1_3","0",6,"2.3_wrong_fast",0.577430167597765,0.44,0.446327683615819
"660da7d2c59a62056d87c9b8","2_3",0,1,"1_4","1",6,"2.3_wrong_fast",0.577430167597765,0.44,0.446327683615819
"660da7d2c59a62056d87c9b8","2_3",0,1,"1_5","0",6,"2.3_wrong_fast",0.577430167597765,0.44,0.446327683615819
"6610ca6d1c7fe8e3861d0de2","2_2",0,0,"1_1","1",6,"2.2_wrong_slow",0.566398891966759,0.81,0.536723163841808
"6610ca6d1c7fe8e3861d0de2","2_2",0,0,"1_2","0",6,"2.2_wrong_slow",0.566398891966759,0.81,0.536723163841808
"6610ca6d1c7fe8e3861d0de2","2_2",0,0,"1_3","0",6,"2.2_wrong_slow",0.566398891966759,0.81,0.536723163841808
"6610ca6d1c7fe8e3861d0de2","2_2",0,0,"1_4","1",6,"2.2_wrong_slow",0.566398891966759,0.81,0.536723163841808
"6610ca6d1c7fe8e3861d0de2","2_2",0,0,"1_5","0",6,"2.2_wrong_slow",0.566398891966759,0.81,0.536723163841808
"6610ca6d1c7fe8e3861d0de2","2_4",0,0,"1_1","1",6,"2.4_wrong_slow",0.518938053097345,0.6,0.675141242937853
"6610ca6d1c7fe8e3861d0de2","2_4",0,0,"1_2","0",6,"2.4_wrong_slow",0.518938053097345,0.6,0.675141242937853
"6610ca6d1c7fe8e3861d0de2","2_4",0,0,"1_3","0",6,"2.4_wrong_slow",0.518938053097345,0.6,0.675141242937853
"6610ca6d1c7fe8e3861d0de2","2_4",0,0,"1_4","0",6,"2.4_wrong_slow",0.518938053097345,0.6,0.675141242937853
"6610ca6d1c7fe8e3861d0de2","2_4",0,0,"1_5","0",6,"2.4_wrong_slow",0.518938053097345,0.6,0.675141242937853
"6610ca6d1c7fe8e3861d0de2","2_3",1,1,"1_1","1",6,"2.3_right_fast",0.577430167597765,0.89,0.446327683615819
"6610ca6d1c7fe8e3861d0de2","2_3",1,1,"1_2","1",6,"2.3_right_fast",0.577430167597765,0.89,0.446327683615819
"6610ca6d1c7fe8e3861d0de2","2_3",1,1,"1_3","1",6,"2.3_right_fast",0.577430167597765,0.89,0.446327683615819
"6610ca6d1c7fe8e3861d0de2","2_3",1,1,"1_4","1",6,"2.3_right_fast",0.577430167597765,0.89,0.446327683615819
"6610ca6d1c7fe8e3861d0de2","2_3",1,1,"1_5","0",6,"2.3_right_fast",0.577430167597765,0.89,0.446327683615819
"6610ca6d1c7fe8e3861d0de2","2_5",1,1,"1_1","1",6,"2.5_right_fast",0.760870712401055,0.94,0.915254237288136
"6610ca6d1c7fe8e3861d0de2","2_5",1,1,"1_2","1",6,"2.5_right_fast",0.760870712401055,0.94,0.915254237288136
"6610ca6d1c7fe8e3861d0de2","2_5",1,1,"1_3","1",6,"2.5_right_fast",0.760870712401055,0.94,0.915254237288136
"6610ca6d1c7fe8e3861d0de2","2_5",1,1,"1_4","1",6,"2.5_right_fast",0.760870712401055,0.94,0.915254237288136
"6610ca6d1c7fe8e3861d0de2","2_5",1,1,"1_5","1",6,"2.5_right_fast",0.760870712401055,0.94,0.915254237288136
"6610ca6d1c7fe8e3861d0de2","2_5",0,1,"1_1","1",6,"2.5_wrong_fast",0.760870712401055,0.96,0.915254237288136
"6610ca6d1c7fe8e3861d0de2","2_5",0,1,"1_2","0",6,"2.5_wrong_fast",0.760870712401055,0.96,0.915254237288136
"6610ca6d1c7fe8e3861d0de2","2_5",0,1,"1_3","0",6,"2.5_wrong_fast",0.760870712401055,0.96,0.915254237288136
"6610ca6d1c7fe8e3861d0de2","2_5",0,1,"1_4","1",6,"2.5_wrong_fast",0.760870712401055,0.96,0.915254237288136
"6610ca6d1c7fe8e3861d0de2","2_5",0,1,"1_5","0",6,"2.5_wrong_fast",0.760870712401055,0.96,0.915254237288136
"6612eae68ccfbae62a843c43","2_2",1,0,"1_1","1",11,"2.2_right_slow",0.566398891966759,0.31,0.536723163841808
"6612eae68ccfbae62a843c43","2_2",1,0,"1_2","1",11,"2.2_right_slow",0.566398891966759,0.31,0.536723163841808
"6612eae68ccfbae62a843c43","2_2",1,0,"1_3","1",11,"2.2_right_slow",0.566398891966759,0.31,0.536723163841808
"6612eae68ccfbae62a843c43","2_2",1,0,"1_4","1",11,"2.2_right_slow",0.566398891966759,0.31,0.536723163841808
"6612eae68ccfbae62a843c43","2_2",1,0,"1_5","0",11,"2.2_right_slow",0.566398891966759,0.31,0.536723163841808
"6612eae68ccfbae62a843c43","2_3",1,0,"1_1","1",11,"2.3_right_slow",0.577430167597765,0.43,0.446327683615819
"6612eae68ccfbae62a843c43","2_3",1,0,"1_2","0",11,"2.3_right_slow",0.577430167597765,0.43,0.446327683615819
"6612eae68ccfbae62a843c43","2_3",1,0,"1_3","1",11,"2.3_right_slow",0.577430167597765,0.43,0.446327683615819
"6612eae68ccfbae62a843c43","2_3",1,0,"1_4","1",11,"2.3_right_slow",0.577430167597765,0.43,0.446327683615819
"6612eae68ccfbae62a843c43","2_3",1,0,"1_5","0",11,"2.3_right_slow",0.577430167597765,0.43,0.446327683615819
"6612eae68ccfbae62a843c43","2_5",1,0,"1_1","1",11,"2.5_right_slow",0.760870712401055,0.67,0.915254237288136
"6612eae68ccfbae62a843c43","2_5",1,0,"1_2","1",11,"2.5_right_slow",0.760870712401055,0.67,0.915254237288136
"6612eae68ccfbae62a843c43","2_5",1,0,"1_3","1",11,"2.5_right_slow",0.760870712401055,0.67,0.915254237288136
"6612eae68ccfbae62a843c43","2_5",1,0,"1_4","1",11,"2.5_right_slow",0.760870712401055,0.67,0.915254237288136
"6612eae68ccfbae62a843c43","2_5",1,0,"1_5","1",11,"2.5_right_slow",0.760870712401055,0.67,0.915254237288136
"6612eae68ccfbae62a843c43","2_1",1,1,"1_1","1",11,"2.1_right_fast",0.396726726726727,0.5,0.234463276836158
"6612eae68ccfbae62a843c43","2_1",1,1,"1_2","0",11,"2.1_right_fast",0.396726726726727,0.5,0.234463276836158
"6612eae68ccfbae62a843c43","2_1",1,1,"1_3","1",11,"2.1_right_fast",0.396726726726727,0.5,0.234463276836158
"6612eae68ccfbae62a843c43","2_1",1,1,"1_4","1",11,"2.1_right_fast",0.396726726726727,0.5,0.234463276836158
"6612eae68ccfbae62a843c43","2_1",1,1,"1_5","0",11,"2.1_right_fast",0.396726726726727,0.5,0.234463276836158
"6612eae68ccfbae62a843c43","2_5",1,1,"1_1","1",11,"2.5_right_fast",0.760870712401055,0.86,0.915254237288136
"6612eae68ccfbae62a843c43","2_5",1,1,"1_2","1",11,"2.5_right_fast",0.760870712401055,0.86,0.915254237288136
"6612eae68ccfbae62a843c43","2_5",1,1,"1_3","1",11,"2.5_right_fast",0.760870712401055,0.86,0.915254237288136
"6612eae68ccfbae62a843c43","2_5",1,1,"1_4","1",11,"2.5_right_fast",0.760870712401055,0.86,0.915254237288136
"6612eae68ccfbae62a843c43","2_5",1,1,"1_5","1",11,"2.5_right_fast",0.760870712401055,0.86,0.915254237288136
"6612ef77c7b1e47ca2e9d346","2_2",0,0,"1_1","1",9,"2.2_wrong_slow",0.566398891966759,0.3,0.536723163841808
"6612ef77c7b1e47ca2e9d346","2_2",0,0,"1_2","0",9,"2.2_wrong_slow",0.566398891966759,0.3,0.536723163841808
"6612ef77c7b1e47ca2e9d346","2_2",0,0,"1_3","0",9,"2.2_wrong_slow",0.566398891966759,0.3,0.536723163841808
"6612ef77c7b1e47ca2e9d346","2_2",0,0,"1_4","1",9,"2.2_wrong_slow",0.566398891966759,0.3,0.536723163841808
"6612ef77c7b1e47ca2e9d346","2_2",0,0,"1_5","0",9,"2.2_wrong_slow",0.566398891966759,0.3,0.536723163841808
"6612ef77c7b1e47ca2e9d346","2_2",1,1,"1_1","1",9,"2.2_right_fast",0.566398891966759,0.48,0.536723163841808
"6612ef77c7b1e47ca2e9d346","2_2",1,1,"1_2","1",9,"2.2_right_fast",0.566398891966759,0.48,0.536723163841808
"6612ef77c7b1e47ca2e9d346","2_2",1,1,"1_3","1",9,"2.2_right_fast",0.566398891966759,0.48,0.536723163841808
"6612ef77c7b1e47ca2e9d346","2_2",1,1,"1_4","1",9,"2.2_right_fast",0.566398891966759,0.48,0.536723163841808
"6612ef77c7b1e47ca2e9d346","2_2",1,1,"1_5","0",9,"2.2_right_fast",0.566398891966759,0.48,0.536723163841808
"6612ef77c7b1e47ca2e9d346","2_5",1,1,"1_1","1",9,"2.5_right_fast",0.760870712401055,0.73,0.915254237288136
"6612ef77c7b1e47ca2e9d346","2_5",1,1,"1_2","1",9,"2.5_right_fast",0.760870712401055,0.73,0.915254237288136
"6612ef77c7b1e47ca2e9d346","2_5",1,1,"1_3","1",9,"2.5_right_fast",0.760870712401055,0.73,0.915254237288136
"6612ef77c7b1e47ca2e9d346","2_5",1,1,"1_4","1",9,"2.5_right_fast",0.760870712401055,0.73,0.915254237288136
"6612ef77c7b1e47ca2e9d346","2_5",1,1,"1_5","1",9,"2.5_right_fast",0.760870712401055,0.73,0.915254237288136
"6612ef77c7b1e47ca2e9d346","2_1",0,1,"1_1","0",9,"2.1_wrong_fast",0.396726726726727,0.42,0.234463276836158
"6612ef77c7b1e47ca2e9d346","2_1",0,1,"1_2","0",9,"2.1_wrong_fast",0.396726726726727,0.42,0.234463276836158
"6612ef77c7b1e47ca2e9d346","2_1",0,1,"1_3","0",9,"2.1_wrong_fast",0.396726726726727,0.42,0.234463276836158
"6612ef77c7b1e47ca2e9d346","2_1",0,1,"1_4","0",9,"2.1_wrong_fast",0.396726726726727,0.42,0.234463276836158
"6612ef77c7b1e47ca2e9d346","2_1",0,1,"1_5","0",9,"2.1_wrong_fast",0.396726726726727,0.42,0.234463276836158
"6612ef77c7b1e47ca2e9d346","2_3",0,1,"1_1","1",9,"2.3_wrong_fast",0.577430167597765,0.67,0.446327683615819
"6612ef77c7b1e47ca2e9d346","2_3",0,1,"1_2","1",9,"2.3_wrong_fast",0.577430167597765,0.67,0.446327683615819
"6612ef77c7b1e47ca2e9d346","2_3",0,1,"1_3","0",9,"2.3_wrong_fast",0.577430167597765,0.67,0.446327683615819
"6612ef77c7b1e47ca2e9d346","2_3",0,1,"1_4","1",9,"2.3_wrong_fast",0.577430167597765,0.67,0.446327683615819
"6612ef77c7b1e47ca2e9d346","2_3",0,1,"1_5","0",9,"2.3_wrong_fast",0.577430167597765,0.67,0.446327683615819
"6615d2264e4143b2a0c983d6","2_1",1,0,"1_1","1",3,"2.1_right_slow",0.396726726726727,0.26,0.234463276836158
"6615d2264e4143b2a0c983d6","2_1",1,0,"1_2","0",3,"2.1_right_slow",0.396726726726727,0.26,0.234463276836158
"6615d2264e4143b2a0c983d6","2_1",1,0,"1_3","1",3,"2.1_right_slow",0.396726726726727,0.26,0.234463276836158
"6615d2264e4143b2a0c983d6","2_1",1,0,"1_4","1",3,"2.1_right_slow",0.396726726726727,0.26,0.234463276836158
"6615d2264e4143b2a0c983d6","2_1",1,0,"1_5","0",3,"2.1_right_slow",0.396726726726727,0.26,0.234463276836158
"6615d2264e4143b2a0c983d6","2_3",0,0,"1_1","1",3,"2.3_wrong_slow",0.577430167597765,0.24,0.446327683615819
"6615d2264e4143b2a0c983d6","2_3",0,0,"1_2","0",3,"2.3_wrong_slow",0.577430167597765,0.24,0.446327683615819
"6615d2264e4143b2a0c983d6","2_3",0,0,"1_3","1",3,"2.3_wrong_slow",0.577430167597765,0.24,0.446327683615819
"6615d2264e4143b2a0c983d6","2_3",0,0,"1_4","1",3,"2.3_wrong_slow",0.577430167597765,0.24,0.446327683615819
"6615d2264e4143b2a0c983d6","2_3",0,0,"1_5","0",3,"2.3_wrong_slow",0.577430167597765,0.24,0.446327683615819
"6615d2264e4143b2a0c983d6","2_4",0,0,"1_1","0",3,"2.4_wrong_slow",0.518938053097345,0.82,0.675141242937853
"6615d2264e4143b2a0c983d6","2_4",0,0,"1_2","0",3,"2.4_wrong_slow",0.518938053097345,0.82,0.675141242937853
"6615d2264e4143b2a0c983d6","2_4",0,0,"1_3","0",3,"2.4_wrong_slow",0.518938053097345,0.82,0.675141242937853
"6615d2264e4143b2a0c983d6","2_4",0,0,"1_4","0",3,"2.4_wrong_slow",0.518938053097345,0.82,0.675141242937853
"6615d2264e4143b2a0c983d6","2_4",0,0,"1_5","0",3,"2.4_wrong_slow",0.518938053097345,0.82,0.675141242937853
"6615d2264e4143b2a0c983d6","2_2",0,1,"1_1","0",3,"2.2_wrong_fast",0.566398891966759,0.6,0.536723163841808
"6615d2264e4143b2a0c983d6","2_2",0,1,"1_2","0",3,"2.2_wrong_fast",0.566398891966759,0.6,0.536723163841808
"6615d2264e4143b2a0c983d6","2_2",0,1,"1_3","0",3,"2.2_wrong_fast",0.566398891966759,0.6,0.536723163841808
"6615d2264e4143b2a0c983d6","2_2",0,1,"1_4","1",3,"2.2_wrong_fast",0.566398891966759,0.6,0.536723163841808
"6615d2264e4143b2a0c983d6","2_2",0,1,"1_5","0",3,"2.2_wrong_fast",0.566398891966759,0.6,0.536723163841808
"6615d2264e4143b2a0c983d6","2_3",0,1,"1_1","0",3,"2.3_wrong_fast",0.577430167597765,0.77,0.446327683615819
"6615d2264e4143b2a0c983d6","2_3",0,1,"1_2","0",3,"2.3_wrong_fast",0.577430167597765,0.77,0.446327683615819
"6615d2264e4143b2a0c983d6","2_3",0,1,"1_3","0",3,"2.3_wrong_fast",0.577430167597765,0.77,0.446327683615819
"6615d2264e4143b2a0c983d6","2_3",0,1,"1_4","0",3,"2.3_wrong_fast",0.577430167597765,0.77,0.446327683615819
"6615d2264e4143b2a0c983d6","2_3",0,1,"1_5","0",3,"2.3_wrong_fast",0.577430167597765,0.77,0.446327683615819
"66198f45c36ffa489c2e903b","2_3",1,0,"1_1","1",2,"2.3_right_slow",0.577430167597765,0.8,0.446327683615819
"66198f45c36ffa489c2e903b","2_3",1,0,"1_2","1",2,"2.3_right_slow",0.577430167597765,0.8,0.446327683615819
"66198f45c36ffa489c2e903b","2_3",1,0,"1_3","1",2,"2.3_right_slow",0.577430167597765,0.8,0.446327683615819
"66198f45c36ffa489c2e903b","2_3",1,0,"1_4","1",2,"2.3_right_slow",0.577430167597765,0.8,0.446327683615819
"66198f45c36ffa489c2e903b","2_3",1,0,"1_5","1",2,"2.3_right_slow",0.577430167597765,0.8,0.446327683615819
"66198f45c36ffa489c2e903b","2_2",0,0,"1_1","0",2,"2.2_wrong_slow",0.566398891966759,0.9,0.536723163841808
"66198f45c36ffa489c2e903b","2_2",0,0,"1_2","0",2,"2.2_wrong_slow",0.566398891966759,0.9,0.536723163841808
"66198f45c36ffa489c2e903b","2_2",0,0,"1_3","0",2,"2.2_wrong_slow",0.566398891966759,0.9,0.536723163841808
"66198f45c36ffa489c2e903b","2_2",0,0,"1_4","0",2,"2.2_wrong_slow",0.566398891966759,0.9,0.536723163841808
"66198f45c36ffa489c2e903b","2_2",0,0,"1_5","0",2,"2.2_wrong_slow",0.566398891966759,0.9,0.536723163841808
"66198f45c36ffa489c2e903b","2_3",0,0,"1_1","0",2,"2.3_wrong_slow",0.577430167597765,0.8,0.446327683615819
"66198f45c36ffa489c2e903b","2_3",0,0,"1_2","0",2,"2.3_wrong_slow",0.577430167597765,0.8,0.446327683615819
"66198f45c36ffa489c2e903b","2_3",0,0,"1_3","0",2,"2.3_wrong_slow",0.577430167597765,0.8,0.446327683615819
"66198f45c36ffa489c2e903b","2_3",0,0,"1_4","0",2,"2.3_wrong_slow",0.577430167597765,0.8,0.446327683615819
"66198f45c36ffa489c2e903b","2_3",0,0,"1_5","0",2,"2.3_wrong_slow",0.577430167597765,0.8,0.446327683615819
"66198f45c36ffa489c2e903b","2_4",0,0,"1_1","0",2,"2.4_wrong_slow",0.518938053097345,0.9,0.675141242937853
"66198f45c36ffa489c2e903b","2_4",0,0,"1_2","0",2,"2.4_wrong_slow",0.518938053097345,0.9,0.675141242937853
"66198f45c36ffa489c2e903b","2_4",0,0,"1_3","0",2,"2.4_wrong_slow",0.518938053097345,0.9,0.675141242937853
"66198f45c36ffa489c2e903b","2_4",0,0,"1_4","0",2,"2.4_wrong_slow",0.518938053097345,0.9,0.675141242937853
"66198f45c36ffa489c2e903b","2_4",0,0,"1_5","0",2,"2.4_wrong_slow",0.518938053097345,0.9,0.675141242937853
"66198f45c36ffa489c2e903b","2_3",0,1,"1_1","0",2,"2.3_wrong_fast",0.577430167597765,0.8,0.446327683615819
"66198f45c36ffa489c2e903b","2_3",0,1,"1_2","0",2,"2.3_wrong_fast",0.577430167597765,0.8,0.446327683615819
"66198f45c36ffa489c2e903b","2_3",0,1,"1_3","0",2,"2.3_wrong_fast",0.577430167597765,0.8,0.446327683615819
"66198f45c36ffa489c2e903b","2_3",0,1,"1_4","0",2,"2.3_wrong_fast",0.577430167597765,0.8,0.446327683615819
"66198f45c36ffa489c2e903b","2_3",0,1,"1_5","0",2,"2.3_wrong_fast",0.577430167597765,0.8,0.446327683615819
"661c5d9450ded976adbd5b24","2_5",1,0,"1_1","1",10,"2.5_right_slow",0.760870712401055,0.75,0.915254237288136
"661c5d9450ded976adbd5b24","2_5",1,0,"1_2","1",10,"2.5_right_slow",0.760870712401055,0.75,0.915254237288136
"661c5d9450ded976adbd5b24","2_5",1,0,"1_3","1",10,"2.5_right_slow",0.760870712401055,0.75,0.915254237288136
"661c5d9450ded976adbd5b24","2_5",1,0,"1_4","1",10,"2.5_right_slow",0.760870712401055,0.75,0.915254237288136
"661c5d9450ded976adbd5b24","2_5",1,0,"1_5","1",10,"2.5_right_slow",0.760870712401055,0.75,0.915254237288136
"661c5d9450ded976adbd5b24","2_2",0,0,"1_1","1",10,"2.2_wrong_slow",0.566398891966759,0.32,0.536723163841808
"661c5d9450ded976adbd5b24","2_2",0,0,"1_2","0",10,"2.2_wrong_slow",0.566398891966759,0.32,0.536723163841808
"661c5d9450ded976adbd5b24","2_2",0,0,"1_3","0",10,"2.2_wrong_slow",0.566398891966759,0.32,0.536723163841808
"661c5d9450ded976adbd5b24","2_2",0,0,"1_4","1",10,"2.2_wrong_slow",0.566398891966759,0.32,0.536723163841808
"661c5d9450ded976adbd5b24","2_2",0,0,"1_5","0",10,"2.2_wrong_slow",0.566398891966759,0.32,0.536723163841808
"661c5d9450ded976adbd5b24","2_5",0,0,"1_1","1",10,"2.5_wrong_slow",0.760870712401055,0.81,0.915254237288136
"661c5d9450ded976adbd5b24","2_5",0,0,"1_2","1",10,"2.5_wrong_slow",0.760870712401055,0.81,0.915254237288136
"661c5d9450ded976adbd5b24","2_5",0,0,"1_3","0",10,"2.5_wrong_slow",0.760870712401055,0.81,0.915254237288136
"661c5d9450ded976adbd5b24","2_5",0,0,"1_4","0",10,"2.5_wrong_slow",0.760870712401055,0.81,0.915254237288136
"661c5d9450ded976adbd5b24","2_5",0,0,"1_5","0",10,"2.5_wrong_slow",0.760870712401055,0.81,0.915254237288136
"661c5d9450ded976adbd5b24","2_4",1,1,"1_1","1",10,"2.4_right_fast",0.518938053097345,0.44,0.675141242937853
"661c5d9450ded976adbd5b24","2_4",1,1,"1_2","1",10,"2.4_right_fast",0.518938053097345,0.44,0.675141242937853
"661c5d9450ded976adbd5b24","2_4",1,1,"1_3","1",10,"2.4_right_fast",0.518938053097345,0.44,0.675141242937853
"661c5d9450ded976adbd5b24","2_4",1,1,"1_4","1",10,"2.4_right_fast",0.518938053097345,0.44,0.675141242937853
"661c5d9450ded976adbd5b24","2_4",1,1,"1_5","0",10,"2.4_right_fast",0.518938053097345,0.44,0.675141242937853
"661c5d9450ded976adbd5b24","2_1",0,1,"1_1","0",10,"2.1_wrong_fast",0.396726726726727,0.38,0.234463276836158
"661c5d9450ded976adbd5b24","2_1",0,1,"1_2","0",10,"2.1_wrong_fast",0.396726726726727,0.38,0.234463276836158
"661c5d9450ded976adbd5b24","2_1",0,1,"1_3","0",10,"2.1_wrong_fast",0.396726726726727,0.38,0.234463276836158
"661c5d9450ded976adbd5b24","2_1",0,1,"1_4","0",10,"2.1_wrong_fast",0.396726726726727,0.38,0.234463276836158
"661c5d9450ded976adbd5b24","2_1",0,1,"1_5","0",10,"2.1_wrong_fast",0.396726726726727,0.38,0.234463276836158
"661c5ee0d0e14a2e13e40374","2_4",1,0,"1_1","1",7,"2.4_right_slow",0.518938053097345,0.08,0.675141242937853
"661c5ee0d0e14a2e13e40374","2_4",1,0,"1_2","1",7,"2.4_right_slow",0.518938053097345,0.08,0.675141242937853
"661c5ee0d0e14a2e13e40374","2_4",1,0,"1_3","1",7,"2.4_right_slow",0.518938053097345,0.08,0.675141242937853
"661c5ee0d0e14a2e13e40374","2_4",1,0,"1_4","1",7,"2.4_right_slow",0.518938053097345,0.08,0.675141242937853
"661c5ee0d0e14a2e13e40374","2_4",1,0,"1_5","0",7,"2.4_right_slow",0.518938053097345,0.08,0.675141242937853
"661c5ee0d0e14a2e13e40374","2_5",1,0,"1_1","1",7,"2.5_right_slow",0.760870712401055,0.12,0.915254237288136
"661c5ee0d0e14a2e13e40374","2_5",1,0,"1_2","1",7,"2.5_right_slow",0.760870712401055,0.12,0.915254237288136
"661c5ee0d0e14a2e13e40374","2_5",1,0,"1_3","1",7,"2.5_right_slow",0.760870712401055,0.12,0.915254237288136
"661c5ee0d0e14a2e13e40374","2_5",1,0,"1_4","1",7,"2.5_right_slow",0.760870712401055,0.12,0.915254237288136
"661c5ee0d0e14a2e13e40374","2_5",1,0,"1_5","1",7,"2.5_right_slow",0.760870712401055,0.12,0.915254237288136
"661c5ee0d0e14a2e13e40374","2_3",1,1,"1_1","1",7,"2.3_right_fast",0.577430167597765,0.5,0.446327683615819
"661c5ee0d0e14a2e13e40374","2_3",1,1,"1_2","1",7,"2.3_right_fast",0.577430167597765,0.5,0.446327683615819
"661c5ee0d0e14a2e13e40374","2_3",1,1,"1_3","1",7,"2.3_right_fast",0.577430167597765,0.5,0.446327683615819
"661c5ee0d0e14a2e13e40374","2_3",1,1,"1_4","1",7,"2.3_right_fast",0.577430167597765,0.5,0.446327683615819
"661c5ee0d0e14a2e13e40374","2_3",1,1,"1_5","1",7,"2.3_right_fast",0.577430167597765,0.5,0.446327683615819
"661c5ee0d0e14a2e13e40374","2_1",0,1,"1_1","1",7,"2.1_wrong_fast",0.396726726726727,0.2,0.234463276836158
"661c5ee0d0e14a2e13e40374","2_1",0,1,"1_2","1",7,"2.1_wrong_fast",0.396726726726727,0.2,0.234463276836158
"661c5ee0d0e14a2e13e40374","2_1",0,1,"1_3","1",7,"2.1_wrong_fast",0.396726726726727,0.2,0.234463276836158
"661c5ee0d0e14a2e13e40374","2_1",0,1,"1_4","1",7,"2.1_wrong_fast",0.396726726726727,0.2,0.234463276836158
"661c5ee0d0e14a2e13e40374","2_1",0,1,"1_5","0",7,"2.1_wrong_fast",0.396726726726727,0.2,0.234463276836158
"661c5ee0d0e14a2e13e40374","2_4",0,1,"1_1","1",7,"2.4_wrong_fast",0.518938053097345,0.25,0.675141242937853
"661c5ee0d0e14a2e13e40374","2_4",0,1,"1_2","1",7,"2.4_wrong_fast",0.518938053097345,0.25,0.675141242937853
"661c5ee0d0e14a2e13e40374","2_4",0,1,"1_3","0",7,"2.4_wrong_fast",0.518938053097345,0.25,0.675141242937853
"661c5ee0d0e14a2e13e40374","2_4",0,1,"1_4","1",7,"2.4_wrong_fast",0.518938053097345,0.25,0.675141242937853
"661c5ee0d0e14a2e13e40374","2_4",0,1,"1_5","0",7,"2.4_wrong_fast",0.518938053097345,0.25,0.675141242937853
"66293da691cec8862619b1dc","2_2",1,0,"1_1","1",7,"2.2_right_slow",0.566398891966759,0.5,0.536723163841808
"66293da691cec8862619b1dc","2_2",1,0,"1_2","1",7,"2.2_right_slow",0.566398891966759,0.5,0.536723163841808
"66293da691cec8862619b1dc","2_2",1,0,"1_3","1",7,"2.2_right_slow",0.566398891966759,0.5,0.536723163841808
"66293da691cec8862619b1dc","2_2",1,0,"1_4","1",7,"2.2_right_slow",0.566398891966759,0.5,0.536723163841808
"66293da691cec8862619b1dc","2_2",1,0,"1_5","0",7,"2.2_right_slow",0.566398891966759,0.5,0.536723163841808
"66293da691cec8862619b1dc","2_3",1,0,"1_1","1",7,"2.3_right_slow",0.577430167597765,0.5,0.446327683615819
"66293da691cec8862619b1dc","2_3",1,0,"1_2","1",7,"2.3_right_slow",0.577430167597765,0.5,0.446327683615819
"66293da691cec8862619b1dc","2_3",1,0,"1_3","1",7,"2.3_right_slow",0.577430167597765,0.5,0.446327683615819
"66293da691cec8862619b1dc","2_3",1,0,"1_4","1",7,"2.3_right_slow",0.577430167597765,0.5,0.446327683615819
"66293da691cec8862619b1dc","2_3",1,0,"1_5","0",7,"2.3_right_slow",0.577430167597765,0.5,0.446327683615819
"66293da691cec8862619b1dc","2_4",0,0,"1_1","1",7,"2.4_wrong_slow",0.518938053097345,0.46,0.675141242937853
"66293da691cec8862619b1dc","2_4",0,0,"1_2","0",7,"2.4_wrong_slow",0.518938053097345,0.46,0.675141242937853
"66293da691cec8862619b1dc","2_4",0,0,"1_3","0",7,"2.4_wrong_slow",0.518938053097345,0.46,0.675141242937853
"66293da691cec8862619b1dc","2_4",0,0,"1_4","0",7,"2.4_wrong_slow",0.518938053097345,0.46,0.675141242937853
"66293da691cec8862619b1dc","2_4",0,0,"1_5","0",7,"2.4_wrong_slow",0.518938053097345,0.46,0.675141242937853
"66293da691cec8862619b1dc","2_5",0,0,"1_1","0",7,"2.5_wrong_slow",0.760870712401055,0.62,0.915254237288136
"66293da691cec8862619b1dc","2_5",0,0,"1_2","0",7,"2.5_wrong_slow",0.760870712401055,0.62,0.915254237288136
"66293da691cec8862619b1dc","2_5",0,0,"1_3","0",7,"2.5_wrong_slow",0.760870712401055,0.62,0.915254237288136
"66293da691cec8862619b1dc","2_5",0,0,"1_4","0",7,"2.5_wrong_slow",0.760870712401055,0.62,0.915254237288136
"66293da691cec8862619b1dc","2_5",0,0,"1_5","0",7,"2.5_wrong_slow",0.760870712401055,0.62,0.915254237288136
"66293da691cec8862619b1dc","2_2",1,1,"1_1","1",7,"2.2_right_fast",0.566398891966759,0.6,0.536723163841808
"66293da691cec8862619b1dc","2_2",1,1,"1_2","1",7,"2.2_right_fast",0.566398891966759,0.6,0.536723163841808
"66293da691cec8862619b1dc","2_2",1,1,"1_3","1",7,"2.2_right_fast",0.566398891966759,0.6,0.536723163841808
"66293da691cec8862619b1dc","2_2",1,1,"1_4","1",7,"2.2_right_fast",0.566398891966759,0.6,0.536723163841808
"66293da691cec8862619b1dc","2_2",1,1,"1_5","0",7,"2.2_right_fast",0.566398891966759,0.6,0.536723163841808
"66293f9169949f4ac196a2c4","2_2",1,0,"1_1","1",6,"2.2_right_slow",0.566398891966759,0.4,0.536723163841808
"66293f9169949f4ac196a2c4","2_2",1,0,"1_2","1",6,"2.2_right_slow",0.566398891966759,0.4,0.536723163841808
"66293f9169949f4ac196a2c4","2_2",1,0,"1_3","1",6,"2.2_right_slow",0.566398891966759,0.4,0.536723163841808
"66293f9169949f4ac196a2c4","2_2",1,0,"1_4","1",6,"2.2_right_slow",0.566398891966759,0.4,0.536723163841808
"66293f9169949f4ac196a2c4","2_2",1,0,"1_5","1",6,"2.2_right_slow",0.566398891966759,0.4,0.536723163841808
"66293f9169949f4ac196a2c4","2_3",1,1,"1_1","1",6,"2.3_right_fast",0.577430167597765,0.55,0.446327683615819
"66293f9169949f4ac196a2c4","2_3",1,1,"1_2","1",6,"2.3_right_fast",0.577430167597765,0.55,0.446327683615819
"66293f9169949f4ac196a2c4","2_3",1,1,"1_3","1",6,"2.3_right_fast",0.577430167597765,0.55,0.446327683615819
"66293f9169949f4ac196a2c4","2_3",1,1,"1_4","1",6,"2.3_right_fast",0.577430167597765,0.55,0.446327683615819
"66293f9169949f4ac196a2c4","2_3",1,1,"1_5","1",6,"2.3_right_fast",0.577430167597765,0.55,0.446327683615819
"66293f9169949f4ac196a2c4","2_1",0,1,"1_1","1",6,"2.1_wrong_fast",0.396726726726727,0.29,0.234463276836158
"66293f9169949f4ac196a2c4","2_1",0,1,"1_2","0",6,"2.1_wrong_fast",0.396726726726727,0.29,0.234463276836158
"66293f9169949f4ac196a2c4","2_1",0,1,"1_3","0",6,"2.1_wrong_fast",0.396726726726727,0.29,0.234463276836158
"66293f9169949f4ac196a2c4","2_1",0,1,"1_4","0",6,"2.1_wrong_fast",0.396726726726727,0.29,0.234463276836158
"66293f9169949f4ac196a2c4","2_1",0,1,"1_5","0",6,"2.1_wrong_fast",0.396726726726727,0.29,0.234463276836158
"66293f9169949f4ac196a2c4","2_4",0,1,"1_1","1",6,"2.4_wrong_fast",0.518938053097345,0.4,0.675141242937853
"66293f9169949f4ac196a2c4","2_4",0,1,"1_2","0",6,"2.4_wrong_fast",0.518938053097345,0.4,0.675141242937853
"66293f9169949f4ac196a2c4","2_4",0,1,"1_3","0",6,"2.4_wrong_fast",0.518938053097345,0.4,0.675141242937853
"66293f9169949f4ac196a2c4","2_4",0,1,"1_4","0",6,"2.4_wrong_fast",0.518938053097345,0.4,0.675141242937853
"66293f9169949f4ac196a2c4","2_4",0,1,"1_5","0",6,"2.4_wrong_fast",0.518938053097345,0.4,0.675141242937853
"66293f9169949f4ac196a2c4","2_5",0,1,"1_1","1",6,"2.5_wrong_fast",0.760870712401055,0.9,0.915254237288136
"66293f9169949f4ac196a2c4","2_5",0,1,"1_2","0",6,"2.5_wrong_fast",0.760870712401055,0.9,0.915254237288136
"66293f9169949f4ac196a2c4","2_5",0,1,"1_3","0",6,"2.5_wrong_fast",0.760870712401055,0.9,0.915254237288136
"66293f9169949f4ac196a2c4","2_5",0,1,"1_4","1",6,"2.5_wrong_fast",0.760870712401055,0.9,0.915254237288136
"66293f9169949f4ac196a2c4","2_5",0,1,"1_5","0",6,"2.5_wrong_fast",0.760870712401055,0.9,0.915254237288136
"662940dea9a111e5c424f984","2_1",1,0,"1_1","1",11,"2.1_right_slow",0.396726726726727,0.21,0.234463276836158
"662940dea9a111e5c424f984","2_1",1,0,"1_2","0",11,"2.1_right_slow",0.396726726726727,0.21,0.234463276836158
"662940dea9a111e5c424f984","2_1",1,0,"1_3","1",11,"2.1_right_slow",0.396726726726727,0.21,0.234463276836158
"662940dea9a111e5c424f984","2_1",1,0,"1_4","1",11,"2.1_right_slow",0.396726726726727,0.21,0.234463276836158
"662940dea9a111e5c424f984","2_1",1,0,"1_5","0",11,"2.1_right_slow",0.396726726726727,0.21,0.234463276836158
"662940dea9a111e5c424f984","2_5",1,0,"1_1","1",11,"2.5_right_slow",0.760870712401055,0.71,0.915254237288136
"662940dea9a111e5c424f984","2_5",1,0,"1_2","1",11,"2.5_right_slow",0.760870712401055,0.71,0.915254237288136
"662940dea9a111e5c424f984","2_5",1,0,"1_3","1",11,"2.5_right_slow",0.760870712401055,0.71,0.915254237288136
"662940dea9a111e5c424f984","2_5",1,0,"1_4","1",11,"2.5_right_slow",0.760870712401055,0.71,0.915254237288136
"662940dea9a111e5c424f984","2_5",1,0,"1_5","0",11,"2.5_right_slow",0.760870712401055,0.71,0.915254237288136
"662940dea9a111e5c424f984","2_1",0,0,"1_1","0",11,"2.1_wrong_slow",0.396726726726727,0.17,0.234463276836158
"662940dea9a111e5c424f984","2_1",0,0,"1_2","0",11,"2.1_wrong_slow",0.396726726726727,0.17,0.234463276836158
"662940dea9a111e5c424f984","2_1",0,0,"1_3","0",11,"2.1_wrong_slow",0.396726726726727,0.17,0.234463276836158
"662940dea9a111e5c424f984","2_1",0,0,"1_4","1",11,"2.1_wrong_slow",0.396726726726727,0.17,0.234463276836158
"662940dea9a111e5c424f984","2_1",0,0,"1_5","0",11,"2.1_wrong_slow",0.396726726726727,0.17,0.234463276836158
"662940dea9a111e5c424f984","2_1",0,1,"1_1","0",11,"2.1_wrong_fast",0.396726726726727,0.26,0.234463276836158
"662940dea9a111e5c424f984","2_1",0,1,"1_2","0",11,"2.1_wrong_fast",0.396726726726727,0.26,0.234463276836158
"662940dea9a111e5c424f984","2_1",0,1,"1_3","0",11,"2.1_wrong_fast",0.396726726726727,0.26,0.234463276836158
"662940dea9a111e5c424f984","2_1",0,1,"1_4","0",11,"2.1_wrong_fast",0.396726726726727,0.26,0.234463276836158
"662940dea9a111e5c424f984","2_1",0,1,"1_5","0",11,"2.1_wrong_fast",0.396726726726727,0.26,0.234463276836158
"662940dea9a111e5c424f984","2_5",0,1,"1_1","1",11,"2.5_wrong_fast",0.760870712401055,0.91,0.915254237288136
"662940dea9a111e5c424f984","2_5",0,1,"1_2","0",11,"2.5_wrong_fast",0.760870712401055,0.91,0.915254237288136
"662940dea9a111e5c424f984","2_5",0,1,"1_3","0",11,"2.5_wrong_fast",0.760870712401055,0.91,0.915254237288136
"662940dea9a111e5c424f984","2_5",0,1,"1_4","0",11,"2.5_wrong_fast",0.760870712401055,0.91,0.915254237288136
"662940dea9a111e5c424f984","2_5",0,1,"1_5","0",11,"2.5_wrong_fast",0.760870712401055,0.91,0.915254237288136
"662949c833c1030e15fc33af","2_2",1,0,"1_1","1",11,"2.2_right_slow",0.566398891966759,0.45,0.536723163841808
"662949c833c1030e15fc33af","2_2",1,0,"1_2","1",11,"2.2_right_slow",0.566398891966759,0.45,0.536723163841808
"662949c833c1030e15fc33af","2_2",1,0,"1_3","0",11,"2.2_right_slow",0.566398891966759,0.45,0.536723163841808
"662949c833c1030e15fc33af","2_2",1,0,"1_4","1",11,"2.2_right_slow",0.566398891966759,0.45,0.536723163841808
"662949c833c1030e15fc33af","2_2",1,0,"1_5","0",11,"2.2_right_slow",0.566398891966759,0.45,0.536723163841808
"662949c833c1030e15fc33af","2_4",1,0,"1_1","1",11,"2.4_right_slow",0.518938053097345,0.25,0.675141242937853
"662949c833c1030e15fc33af","2_4",1,0,"1_2","0",11,"2.4_right_slow",0.518938053097345,0.25,0.675141242937853
"662949c833c1030e15fc33af","2_4",1,0,"1_3","0",11,"2.4_right_slow",0.518938053097345,0.25,0.675141242937853
"662949c833c1030e15fc33af","2_4",1,0,"1_4","1",11,"2.4_right_slow",0.518938053097345,0.25,0.675141242937853
"662949c833c1030e15fc33af","2_4",1,0,"1_5","0",11,"2.4_right_slow",0.518938053097345,0.25,0.675141242937853
"662949c833c1030e15fc33af","2_5",0,0,"1_1","1",11,"2.5_wrong_slow",0.760870712401055,0.65,0.915254237288136
"662949c833c1030e15fc33af","2_5",0,0,"1_2","0",11,"2.5_wrong_slow",0.760870712401055,0.65,0.915254237288136
"662949c833c1030e15fc33af","2_5",0,0,"1_3","0",11,"2.5_wrong_slow",0.760870712401055,0.65,0.915254237288136
"662949c833c1030e15fc33af","2_5",0,0,"1_4","1",11,"2.5_wrong_slow",0.760870712401055,0.65,0.915254237288136
"662949c833c1030e15fc33af","2_5",0,0,"1_5","0",11,"2.5_wrong_slow",0.760870712401055,0.65,0.915254237288136
"662949c833c1030e15fc33af","2_2",1,1,"1_1","1",11,"2.2_right_fast",0.566398891966759,0.7,0.536723163841808
"662949c833c1030e15fc33af","2_2",1,1,"1_2","1",11,"2.2_right_fast",0.566398891966759,0.7,0.536723163841808
"662949c833c1030e15fc33af","2_2",1,1,"1_3","1",11,"2.2_right_fast",0.566398891966759,0.7,0.536723163841808
"662949c833c1030e15fc33af","2_2",1,1,"1_4","1",11,"2.2_right_fast",0.566398891966759,0.7,0.536723163841808
"662949c833c1030e15fc33af","2_2",1,1,"1_5","0",11,"2.2_right_fast",0.566398891966759,0.7,0.536723163841808
"662949c833c1030e15fc33af","2_4",0,1,"1_1","1",11,"2.4_wrong_fast",0.518938053097345,0.5,0.675141242937853
"662949c833c1030e15fc33af","2_4",0,1,"1_2","0",11,"2.4_wrong_fast",0.518938053097345,0.5,0.675141242937853
"662949c833c1030e15fc33af","2_4",0,1,"1_3","0",11,"2.4_wrong_fast",0.518938053097345,0.5,0.675141242937853
"662949c833c1030e15fc33af","2_4",0,1,"1_4","1",11,"2.4_wrong_fast",0.518938053097345,0.5,0.675141242937853
"662949c833c1030e15fc33af","2_4",0,1,"1_5","0",11,"2.4_wrong_fast",0.518938053097345,0.5,0.675141242937853
"66294a585f1cf3fdaeb80120","2_2",0,0,"1_1","1",11,"2.2_wrong_slow",0.566398891966759,0.7,0.536723163841808
"66294a585f1cf3fdaeb80120","2_2",0,0,"1_2","0",11,"2.2_wrong_slow",0.566398891966759,0.7,0.536723163841808
"66294a585f1cf3fdaeb80120","2_2",0,0,"1_3","0",11,"2.2_wrong_slow",0.566398891966759,0.7,0.536723163841808
"66294a585f1cf3fdaeb80120","2_2",0,0,"1_4","1",11,"2.2_wrong_slow",0.566398891966759,0.7,0.536723163841808
"66294a585f1cf3fdaeb80120","2_2",0,0,"1_5","0",11,"2.2_wrong_slow",0.566398891966759,0.7,0.536723163841808
"66294a585f1cf3fdaeb80120","2_3",0,0,"1_1","1",11,"2.3_wrong_slow",0.577430167597765,0.6,0.446327683615819
"66294a585f1cf3fdaeb80120","2_3",0,0,"1_2","0",11,"2.3_wrong_slow",0.577430167597765,0.6,0.446327683615819
"66294a585f1cf3fdaeb80120","2_3",0,0,"1_3","0",11,"2.3_wrong_slow",0.577430167597765,0.6,0.446327683615819
"66294a585f1cf3fdaeb80120","2_3",0,0,"1_4","1",11,"2.3_wrong_slow",0.577430167597765,0.6,0.446327683615819
"66294a585f1cf3fdaeb80120","2_3",0,0,"1_5","0",11,"2.3_wrong_slow",0.577430167597765,0.6,0.446327683615819
"66294a585f1cf3fdaeb80120","2_1",1,1,"1_1","1",11,"2.1_right_fast",0.396726726726727,0.4,0.234463276836158
"66294a585f1cf3fdaeb80120","2_1",1,1,"1_2","0",11,"2.1_right_fast",0.396726726726727,0.4,0.234463276836158
"66294a585f1cf3fdaeb80120","2_1",1,1,"1_3","1",11,"2.1_right_fast",0.396726726726727,0.4,0.234463276836158
"66294a585f1cf3fdaeb80120","2_1",1,1,"1_4","1",11,"2.1_right_fast",0.396726726726727,0.4,0.234463276836158
"66294a585f1cf3fdaeb80120","2_1",1,1,"1_5","0",11,"2.1_right_fast",0.396726726726727,0.4,0.234463276836158
"66294a585f1cf3fdaeb80120","2_1",0,1,"1_1","0",11,"2.1_wrong_fast",0.396726726726727,0.45,0.234463276836158
"66294a585f1cf3fdaeb80120","2_1",0,1,"1_2","0",11,"2.1_wrong_fast",0.396726726726727,0.45,0.234463276836158
"66294a585f1cf3fdaeb80120","2_1",0,1,"1_3","0",11,"2.1_wrong_fast",0.396726726726727,0.45,0.234463276836158
"66294a585f1cf3fdaeb80120","2_1",0,1,"1_4","1",11,"2.1_wrong_fast",0.396726726726727,0.45,0.234463276836158
"66294a585f1cf3fdaeb80120","2_1",0,1,"1_5","0",11,"2.1_wrong_fast",0.396726726726727,0.45,0.234463276836158
"66294a585f1cf3fdaeb80120","2_4",0,1,"1_1","0",11,"2.4_wrong_fast",0.518938053097345,0.35,0.675141242937853
"66294a585f1cf3fdaeb80120","2_4",0,1,"1_2","0",11,"2.4_wrong_fast",0.518938053097345,0.35,0.675141242937853
"66294a585f1cf3fdaeb80120","2_4",0,1,"1_3","0",11,"2.4_wrong_fast",0.518938053097345,0.35,0.675141242937853
"66294a585f1cf3fdaeb80120","2_4",0,1,"1_4","0",11,"2.4_wrong_fast",0.518938053097345,0.35,0.675141242937853
"66294a585f1cf3fdaeb80120","2_4",0,1,"1_5","0",11,"2.4_wrong_fast",0.518938053097345,0.35,0.675141242937853
"66294cab168fcf0983e95f42","2_2",1,1,"1_1","1",8,"2.2_right_fast",0.566398891966759,0.75,0.536723163841808
"66294cab168fcf0983e95f42","2_2",1,1,"1_2","1",8,"2.2_right_fast",0.566398891966759,0.75,0.536723163841808
"66294cab168fcf0983e95f42","2_2",1,1,"1_3","1",8,"2.2_right_fast",0.566398891966759,0.75,0.536723163841808
"66294cab168fcf0983e95f42","2_2",1,1,"1_4","1",8,"2.2_right_fast",0.566398891966759,0.75,0.536723163841808
"66294cab168fcf0983e95f42","2_2",1,1,"1_5","0",8,"2.2_right_fast",0.566398891966759,0.75,0.536723163841808
"66294cab168fcf0983e95f42","2_3",1,1,"1_1","1",8,"2.3_right_fast",0.577430167597765,0.81,0.446327683615819
"66294cab168fcf0983e95f42","2_3",1,1,"1_2","1",8,"2.3_right_fast",0.577430167597765,0.81,0.446327683615819
"66294cab168fcf0983e95f42","2_3",1,1,"1_3","1",8,"2.3_right_fast",0.577430167597765,0.81,0.446327683615819
"66294cab168fcf0983e95f42","2_3",1,1,"1_4","1",8,"2.3_right_fast",0.577430167597765,0.81,0.446327683615819
"66294cab168fcf0983e95f42","2_3",1,1,"1_5","0",8,"2.3_right_fast",0.577430167597765,0.81,0.446327683615819
"66294cab168fcf0983e95f42","2_1",0,1,"1_1","1",8,"2.1_wrong_fast",0.396726726726727,0.5,0.234463276836158
"66294cab168fcf0983e95f42","2_1",0,1,"1_2","1",8,"2.1_wrong_fast",0.396726726726727,0.5,0.234463276836158
"66294cab168fcf0983e95f42","2_1",0,1,"1_3","1",8,"2.1_wrong_fast",0.396726726726727,0.5,0.234463276836158
"66294cab168fcf0983e95f42","2_1",0,1,"1_4","1",8,"2.1_wrong_fast",0.396726726726727,0.5,0.234463276836158
"66294cab168fcf0983e95f42","2_1",0,1,"1_5","0",8,"2.1_wrong_fast",0.396726726726727,0.5,0.234463276836158
"66294cab168fcf0983e95f42","2_4",0,1,"1_1","1",8,"2.4_wrong_fast",0.518938053097345,0.7,0.675141242937853
"66294cab168fcf0983e95f42","2_4",0,1,"1_2","1",8,"2.4_wrong_fast",0.518938053097345,0.7,0.675141242937853
"66294cab168fcf0983e95f42","2_4",0,1,"1_3","1",8,"2.4_wrong_fast",0.518938053097345,0.7,0.675141242937853
"66294cab168fcf0983e95f42","2_4",0,1,"1_4","1",8,"2.4_wrong_fast",0.518938053097345,0.7,0.675141242937853
"66294cab168fcf0983e95f42","2_4",0,1,"1_5","0",8,"2.4_wrong_fast",0.518938053097345,0.7,0.675141242937853
"66294cab168fcf0983e95f42","2_5",0,1,"1_1","1",8,"2.5_wrong_fast",0.760870712401055,0.95,0.915254237288136
"66294cab168fcf0983e95f42","2_5",0,1,"1_2","0",8,"2.5_wrong_fast",0.760870712401055,0.95,0.915254237288136
"66294cab168fcf0983e95f42","2_5",0,1,"1_3","0",8,"2.5_wrong_fast",0.760870712401055,0.95,0.915254237288136
"66294cab168fcf0983e95f42","2_5",0,1,"1_4","1",8,"2.5_wrong_fast",0.760870712401055,0.95,0.915254237288136
"66294cab168fcf0983e95f42","2_5",0,1,"1_5","0",8,"2.5_wrong_fast",0.760870712401055,0.95,0.915254237288136
"66294f63f8c6d8b938395572","2_1",1,0,"1_1","1",10,"2.1_right_slow",0.396726726726727,0.34,0.234463276836158
"66294f63f8c6d8b938395572","2_1",1,0,"1_2","1",10,"2.1_right_slow",0.396726726726727,0.34,0.234463276836158
"66294f63f8c6d8b938395572","2_1",1,0,"1_3","0",10,"2.1_right_slow",0.396726726726727,0.34,0.234463276836158
"66294f63f8c6d8b938395572","2_1",1,0,"1_4","1",10,"2.1_right_slow",0.396726726726727,0.34,0.234463276836158
"66294f63f8c6d8b938395572","2_1",1,0,"1_5","0",10,"2.1_right_slow",0.396726726726727,0.34,0.234463276836158
"66294f63f8c6d8b938395572","2_4",1,0,"1_1","1",10,"2.4_right_slow",0.518938053097345,0.37,0.675141242937853
"66294f63f8c6d8b938395572","2_4",1,0,"1_2","1",10,"2.4_right_slow",0.518938053097345,0.37,0.675141242937853
"66294f63f8c6d8b938395572","2_4",1,0,"1_3","1",10,"2.4_right_slow",0.518938053097345,0.37,0.675141242937853
"66294f63f8c6d8b938395572","2_4",1,0,"1_4","1",10,"2.4_right_slow",0.518938053097345,0.37,0.675141242937853
"66294f63f8c6d8b938395572","2_4",1,0,"1_5","0",10,"2.4_right_slow",0.518938053097345,0.37,0.675141242937853
"66294f63f8c6d8b938395572","2_2",0,0,"1_1","1",10,"2.2_wrong_slow",0.566398891966759,0.5,0.536723163841808
"66294f63f8c6d8b938395572","2_2",0,0,"1_2","0",10,"2.2_wrong_slow",0.566398891966759,0.5,0.536723163841808
"66294f63f8c6d8b938395572","2_2",0,0,"1_3","0",10,"2.2_wrong_slow",0.566398891966759,0.5,0.536723163841808
"66294f63f8c6d8b938395572","2_2",0,0,"1_4","1",10,"2.2_wrong_slow",0.566398891966759,0.5,0.536723163841808
"66294f63f8c6d8b938395572","2_2",0,0,"1_5","0",10,"2.2_wrong_slow",0.566398891966759,0.5,0.536723163841808
"66294f63f8c6d8b938395572","2_4",0,0,"1_1","1",10,"2.4_wrong_slow",0.518938053097345,0.39,0.675141242937853
"66294f63f8c6d8b938395572","2_4",0,0,"1_2","0",10,"2.4_wrong_slow",0.518938053097345,0.39,0.675141242937853
"66294f63f8c6d8b938395572","2_4",0,0,"1_3","0",10,"2.4_wrong_slow",0.518938053097345,0.39,0.675141242937853
"66294f63f8c6d8b938395572","2_4",0,0,"1_4","0",10,"2.4_wrong_slow",0.518938053097345,0.39,0.675141242937853
"66294f63f8c6d8b938395572","2_4",0,0,"1_5","0",10,"2.4_wrong_slow",0.518938053097345,0.39,0.675141242937853
"66294f63f8c6d8b938395572","2_4",1,1,"1_1","1",10,"2.4_right_fast",0.518938053097345,0.4,0.675141242937853
"66294f63f8c6d8b938395572","2_4",1,1,"1_2","1",10,"2.4_right_fast",0.518938053097345,0.4,0.675141242937853
"66294f63f8c6d8b938395572","2_4",1,1,"1_3","1",10,"2.4_right_fast",0.518938053097345,0.4,0.675141242937853
"66294f63f8c6d8b938395572","2_4",1,1,"1_4","1",10,"2.4_right_fast",0.518938053097345,0.4,0.675141242937853
"66294f63f8c6d8b938395572","2_4",1,1,"1_5","0",10,"2.4_right_fast",0.518938053097345,0.4,0.675141242937853
"66298145eb6880569bc344b6","2_2",1,0,"1_1","1",9,"2.2_right_slow",0.566398891966759,0.63,0.536723163841808
"66298145eb6880569bc344b6","2_2",1,0,"1_2","1",9,"2.2_right_slow",0.566398891966759,0.63,0.536723163841808
"66298145eb6880569bc344b6","2_2",1,0,"1_3","1",9,"2.2_right_slow",0.566398891966759,0.63,0.536723163841808
"66298145eb6880569bc344b6","2_2",1,0,"1_4","1",9,"2.2_right_slow",0.566398891966759,0.63,0.536723163841808
"66298145eb6880569bc344b6","2_2",1,0,"1_5","0",9,"2.2_right_slow",0.566398891966759,0.63,0.536723163841808
"66298145eb6880569bc344b6","2_5",1,0,"1_1","1",9,"2.5_right_slow",0.760870712401055,0.86,0.915254237288136
"66298145eb6880569bc344b6","2_5",1,0,"1_2","1",9,"2.5_right_slow",0.760870712401055,0.86,0.915254237288136
"66298145eb6880569bc344b6","2_5",1,0,"1_3","1",9,"2.5_right_slow",0.760870712401055,0.86,0.915254237288136
"66298145eb6880569bc344b6","2_5",1,0,"1_4","1",9,"2.5_right_slow",0.760870712401055,0.86,0.915254237288136
"66298145eb6880569bc344b6","2_5",1,0,"1_5","1",9,"2.5_right_slow",0.760870712401055,0.86,0.915254237288136
"66298145eb6880569bc344b6","2_2",0,0,"1_1","1",9,"2.2_wrong_slow",0.566398891966759,0.62,0.536723163841808
"66298145eb6880569bc344b6","2_2",0,0,"1_2","1",9,"2.2_wrong_slow",0.566398891966759,0.62,0.536723163841808
"66298145eb6880569bc344b6","2_2",0,0,"1_3","0",9,"2.2_wrong_slow",0.566398891966759,0.62,0.536723163841808
"66298145eb6880569bc344b6","2_2",0,0,"1_4","1",9,"2.2_wrong_slow",0.566398891966759,0.62,0.536723163841808
"66298145eb6880569bc344b6","2_2",0,0,"1_5","0",9,"2.2_wrong_slow",0.566398891966759,0.62,0.536723163841808
"66298145eb6880569bc344b6","2_3",1,1,"1_1","1",9,"2.3_right_fast",0.577430167597765,0.46,0.446327683615819
"66298145eb6880569bc344b6","2_3",1,1,"1_2","1",9,"2.3_right_fast",0.577430167597765,0.46,0.446327683615819
"66298145eb6880569bc344b6","2_3",1,1,"1_3","1",9,"2.3_right_fast",0.577430167597765,0.46,0.446327683615819
"66298145eb6880569bc344b6","2_3",1,1,"1_4","1",9,"2.3_right_fast",0.577430167597765,0.46,0.446327683615819
"66298145eb6880569bc344b6","2_3",1,1,"1_5","0",9,"2.3_right_fast",0.577430167597765,0.46,0.446327683615819
"66298145eb6880569bc344b6","2_3",0,1,"1_1","1",9,"2.3_wrong_fast",0.577430167597765,0.67,0.446327683615819
"66298145eb6880569bc344b6","2_3",0,1,"1_2","0",9,"2.3_wrong_fast",0.577430167597765,0.67,0.446327683615819
"66298145eb6880569bc344b6","2_3",0,1,"1_3","0",9,"2.3_wrong_fast",0.577430167597765,0.67,0.446327683615819
"66298145eb6880569bc344b6","2_3",0,1,"1_4","1",9,"2.3_wrong_fast",0.577430167597765,0.67,0.446327683615819
"66298145eb6880569bc344b6","2_3",0,1,"1_5","0",9,"2.3_wrong_fast",0.577430167597765,0.67,0.446327683615819
"662aa4644d318829d42496b7","2_2",1,0,"1_1","1",NA,"2.2_right_slow",0.566398891966759,0.72,0.536723163841808
"662aa4644d318829d42496b7","2_2",1,0,"1_2","1",NA,"2.2_right_slow",0.566398891966759,0.72,0.536723163841808
"662aa4644d318829d42496b7","2_2",1,0,"1_3","0",NA,"2.2_right_slow",0.566398891966759,0.72,0.536723163841808
"662aa4644d318829d42496b7","2_2",1,0,"1_4","1",NA,"2.2_right_slow",0.566398891966759,0.72,0.536723163841808
"662aa4644d318829d42496b7","2_2",1,0,"1_5","0",NA,"2.2_right_slow",0.566398891966759,0.72,0.536723163841808
"662aa4644d318829d42496b7","2_2",0,0,"1_1","1",NA,"2.2_wrong_slow",0.566398891966759,0.86,0.536723163841808
"662aa4644d318829d42496b7","2_2",0,0,"1_2","0",NA,"2.2_wrong_slow",0.566398891966759,0.86,0.536723163841808
"662aa4644d318829d42496b7","2_2",0,0,"1_3","0",NA,"2.2_wrong_slow",0.566398891966759,0.86,0.536723163841808
"662aa4644d318829d42496b7","2_2",0,0,"1_4","1",NA,"2.2_wrong_slow",0.566398891966759,0.86,0.536723163841808
"662aa4644d318829d42496b7","2_2",0,0,"1_5","0",NA,"2.2_wrong_slow",0.566398891966759,0.86,0.536723163841808
"662aa4644d318829d42496b7","2_2",1,1,"1_1","0",NA,"2.2_right_fast",0.566398891966759,0.83,0.536723163841808
"662aa4644d318829d42496b7","2_2",1,1,"1_2","0",NA,"2.2_right_fast",0.566398891966759,0.83,0.536723163841808
"662aa4644d318829d42496b7","2_2",1,1,"1_3","0",NA,"2.2_right_fast",0.566398891966759,0.83,0.536723163841808
"662aa4644d318829d42496b7","2_2",1,1,"1_4","1",NA,"2.2_right_fast",0.566398891966759,0.83,0.536723163841808
"662aa4644d318829d42496b7","2_2",1,1,"1_5","0",NA,"2.2_right_fast",0.566398891966759,0.83,0.536723163841808
"662aa4644d318829d42496b7","2_3",1,1,"1_1","1",NA,"2.3_right_fast",0.577430167597765,0.85,0.446327683615819
"662aa4644d318829d42496b7","2_3",1,1,"1_2","0",NA,"2.3_right_fast",0.577430167597765,0.85,0.446327683615819
"662aa4644d318829d42496b7","2_3",1,1,"1_3","0",NA,"2.3_right_fast",0.577430167597765,0.85,0.446327683615819
"662aa4644d318829d42496b7","2_3",1,1,"1_4","1",NA,"2.3_right_fast",0.577430167597765,0.85,0.446327683615819
"662aa4644d318829d42496b7","2_3",1,1,"1_5","0",NA,"2.3_right_fast",0.577430167597765,0.85,0.446327683615819
"662aa4644d318829d42496b7","2_5",0,1,"1_1","1",NA,"2.5_wrong_fast",0.760870712401055,0.73,0.915254237288136
"662aa4644d318829d42496b7","2_5",0,1,"1_2","0",NA,"2.5_wrong_fast",0.760870712401055,0.73,0.915254237288136
"662aa4644d318829d42496b7","2_5",0,1,"1_3","0",NA,"2.5_wrong_fast",0.760870712401055,0.73,0.915254237288136
"662aa4644d318829d42496b7","2_5",0,1,"1_4","1",NA,"2.5_wrong_fast",0.760870712401055,0.73,0.915254237288136
"662aa4644d318829d42496b7","2_5",0,1,"1_5","0",NA,"2.5_wrong_fast",0.760870712401055,0.73,0.915254237288136
"662c1b87d84d0f2111bb3a56","2_1",1,0,"1_1","1",8,"2.1_right_slow",0.396726726726727,0.6,0.234463276836158
"662c1b87d84d0f2111bb3a56","2_1",1,0,"1_2","0",8,"2.1_right_slow",0.396726726726727,0.6,0.234463276836158
"662c1b87d84d0f2111bb3a56","2_1",1,0,"1_3","1",8,"2.1_right_slow",0.396726726726727,0.6,0.234463276836158
"662c1b87d84d0f2111bb3a56","2_1",1,0,"1_4","0",8,"2.1_right_slow",0.396726726726727,0.6,0.234463276836158
"662c1b87d84d0f2111bb3a56","2_1",1,0,"1_5","0",8,"2.1_right_slow",0.396726726726727,0.6,0.234463276836158
"662c1b87d84d0f2111bb3a56","2_5",1,0,"1_1","1",8,"2.5_right_slow",0.760870712401055,0.92,0.915254237288136
"662c1b87d84d0f2111bb3a56","2_5",1,0,"1_2","1",8,"2.5_right_slow",0.760870712401055,0.92,0.915254237288136
"662c1b87d84d0f2111bb3a56","2_5",1,0,"1_3","1",8,"2.5_right_slow",0.760870712401055,0.92,0.915254237288136
"662c1b87d84d0f2111bb3a56","2_5",1,0,"1_4","0",8,"2.5_right_slow",0.760870712401055,0.92,0.915254237288136
"662c1b87d84d0f2111bb3a56","2_5",1,0,"1_5","1",8,"2.5_right_slow",0.760870712401055,0.92,0.915254237288136
"662c1b87d84d0f2111bb3a56","2_1",1,1,"1_1","1",8,"2.1_right_fast",0.396726726726727,0.59,0.234463276836158
"662c1b87d84d0f2111bb3a56","2_1",1,1,"1_2","1",8,"2.1_right_fast",0.396726726726727,0.59,0.234463276836158
"662c1b87d84d0f2111bb3a56","2_1",1,1,"1_3","1",8,"2.1_right_fast",0.396726726726727,0.59,0.234463276836158
"662c1b87d84d0f2111bb3a56","2_1",1,1,"1_4","0",8,"2.1_right_fast",0.396726726726727,0.59,0.234463276836158
"662c1b87d84d0f2111bb3a56","2_1",1,1,"1_5","0",8,"2.1_right_fast",0.396726726726727,0.59,0.234463276836158
"662c1b87d84d0f2111bb3a56","2_2",1,1,"1_1","1",8,"2.2_right_fast",0.566398891966759,0.7,0.536723163841808
"662c1b87d84d0f2111bb3a56","2_2",1,1,"1_2","1",8,"2.2_right_fast",0.566398891966759,0.7,0.536723163841808
"662c1b87d84d0f2111bb3a56","2_2",1,1,"1_3","1",8,"2.2_right_fast",0.566398891966759,0.7,0.536723163841808
"662c1b87d84d0f2111bb3a56","2_2",1,1,"1_4","0",8,"2.2_right_fast",0.566398891966759,0.7,0.536723163841808
"662c1b87d84d0f2111bb3a56","2_2",1,1,"1_5","0",8,"2.2_right_fast",0.566398891966759,0.7,0.536723163841808
"662c1b87d84d0f2111bb3a56","2_5",1,1,"1_1","1",8,"2.5_right_fast",0.760870712401055,0.98,0.915254237288136
"662c1b87d84d0f2111bb3a56","2_5",1,1,"1_2","1",8,"2.5_right_fast",0.760870712401055,0.98,0.915254237288136
"662c1b87d84d0f2111bb3a56","2_5",1,1,"1_3","1",8,"2.5_right_fast",0.760870712401055,0.98,0.915254237288136
"662c1b87d84d0f2111bb3a56","2_5",1,1,"1_4","1",8,"2.5_right_fast",0.760870712401055,0.98,0.915254237288136
"662c1b87d84d0f2111bb3a56","2_5",1,1,"1_5","1",8,"2.5_right_fast",0.760870712401055,0.98,0.915254237288136
"662d56e5cc343fb58134d622","2_3",1,0,"1_1","1",7,"2.3_right_slow",0.577430167597765,0.19,0.446327683615819
"662d56e5cc343fb58134d622","2_3",1,0,"1_2","1",7,"2.3_right_slow",0.577430167597765,0.19,0.446327683615819
"662d56e5cc343fb58134d622","2_3",1,0,"1_3","1",7,"2.3_right_slow",0.577430167597765,0.19,0.446327683615819
"662d56e5cc343fb58134d622","2_3",1,0,"1_4","1",7,"2.3_right_slow",0.577430167597765,0.19,0.446327683615819
"662d56e5cc343fb58134d622","2_3",1,0,"1_5","0",7,"2.3_right_slow",0.577430167597765,0.19,0.446327683615819
"662d56e5cc343fb58134d622","2_1",0,0,"1_1","0",7,"2.1_wrong_slow",0.396726726726727,0.19,0.234463276836158
"662d56e5cc343fb58134d622","2_1",0,0,"1_2","0",7,"2.1_wrong_slow",0.396726726726727,0.19,0.234463276836158
"662d56e5cc343fb58134d622","2_1",0,0,"1_3","0",7,"2.1_wrong_slow",0.396726726726727,0.19,0.234463276836158
"662d56e5cc343fb58134d622","2_1",0,0,"1_4","1",7,"2.1_wrong_slow",0.396726726726727,0.19,0.234463276836158
"662d56e5cc343fb58134d622","2_1",0,0,"1_5","0",7,"2.1_wrong_slow",0.396726726726727,0.19,0.234463276836158
"662d56e5cc343fb58134d622","2_4",0,0,"1_1","1",7,"2.4_wrong_slow",0.518938053097345,0.15,0.675141242937853
"662d56e5cc343fb58134d622","2_4",0,0,"1_2","0",7,"2.4_wrong_slow",0.518938053097345,0.15,0.675141242937853
"662d56e5cc343fb58134d622","2_4",0,0,"1_3","0",7,"2.4_wrong_slow",0.518938053097345,0.15,0.675141242937853
"662d56e5cc343fb58134d622","2_4",0,0,"1_4","0",7,"2.4_wrong_slow",0.518938053097345,0.15,0.675141242937853
"662d56e5cc343fb58134d622","2_4",0,0,"1_5","0",7,"2.4_wrong_slow",0.518938053097345,0.15,0.675141242937853
"662d56e5cc343fb58134d622","2_1",1,1,"1_1","1",7,"2.1_right_fast",0.396726726726727,0.1,0.234463276836158
"662d56e5cc343fb58134d622","2_1",1,1,"1_2","1",7,"2.1_right_fast",0.396726726726727,0.1,0.234463276836158
"662d56e5cc343fb58134d622","2_1",1,1,"1_3","1",7,"2.1_right_fast",0.396726726726727,0.1,0.234463276836158
"662d56e5cc343fb58134d622","2_1",1,1,"1_4","1",7,"2.1_right_fast",0.396726726726727,0.1,0.234463276836158
"662d56e5cc343fb58134d622","2_1",1,1,"1_5","0",7,"2.1_right_fast",0.396726726726727,0.1,0.234463276836158
"662d56e5cc343fb58134d622","2_3",1,1,"1_1","1",7,"2.3_right_fast",0.577430167597765,0.38,0.446327683615819
"662d56e5cc343fb58134d622","2_3",1,1,"1_2","1",7,"2.3_right_fast",0.577430167597765,0.38,0.446327683615819
"662d56e5cc343fb58134d622","2_3",1,1,"1_3","1",7,"2.3_right_fast",0.577430167597765,0.38,0.446327683615819
"662d56e5cc343fb58134d622","2_3",1,1,"1_4","1",7,"2.3_right_fast",0.577430167597765,0.38,0.446327683615819
"662d56e5cc343fb58134d622","2_3",1,1,"1_5","0",7,"2.3_right_fast",0.577430167597765,0.38,0.446327683615819
"662e86c0ca96b47a056ccd7b","2_2",1,0,"1_1","1",5,"2.2_right_slow",0.566398891966759,0.3,0.536723163841808
"662e86c0ca96b47a056ccd7b","2_2",1,0,"1_2","1",5,"2.2_right_slow",0.566398891966759,0.3,0.536723163841808
"662e86c0ca96b47a056ccd7b","2_2",1,0,"1_3","1",5,"2.2_right_slow",0.566398891966759,0.3,0.536723163841808
"662e86c0ca96b47a056ccd7b","2_2",1,0,"1_4","1",5,"2.2_right_slow",0.566398891966759,0.3,0.536723163841808
"662e86c0ca96b47a056ccd7b","2_2",1,0,"1_5","0",5,"2.2_right_slow",0.566398891966759,0.3,0.536723163841808
"662e86c0ca96b47a056ccd7b","2_3",1,0,"1_1","1",5,"2.3_right_slow",0.577430167597765,0.15,0.446327683615819
"662e86c0ca96b47a056ccd7b","2_3",1,0,"1_2","1",5,"2.3_right_slow",0.577430167597765,0.15,0.446327683615819
"662e86c0ca96b47a056ccd7b","2_3",1,0,"1_3","1",5,"2.3_right_slow",0.577430167597765,0.15,0.446327683615819
"662e86c0ca96b47a056ccd7b","2_3",1,0,"1_4","1",5,"2.3_right_slow",0.577430167597765,0.15,0.446327683615819
"662e86c0ca96b47a056ccd7b","2_3",1,0,"1_5","0",5,"2.3_right_slow",0.577430167597765,0.15,0.446327683615819
"662e86c0ca96b47a056ccd7b","2_3",0,0,"1_1","1",5,"2.3_wrong_slow",0.577430167597765,0.1,0.446327683615819
"662e86c0ca96b47a056ccd7b","2_3",0,0,"1_2","1",5,"2.3_wrong_slow",0.577430167597765,0.1,0.446327683615819
"662e86c0ca96b47a056ccd7b","2_3",0,0,"1_3","0",5,"2.3_wrong_slow",0.577430167597765,0.1,0.446327683615819
"662e86c0ca96b47a056ccd7b","2_3",0,0,"1_4","1",5,"2.3_wrong_slow",0.577430167597765,0.1,0.446327683615819
"662e86c0ca96b47a056ccd7b","2_3",0,0,"1_5","0",5,"2.3_wrong_slow",0.577430167597765,0.1,0.446327683615819
"662e86c0ca96b47a056ccd7b","2_3",1,1,"1_1","1",5,"2.3_right_fast",0.577430167597765,0.15,0.446327683615819
"662e86c0ca96b47a056ccd7b","2_3",1,1,"1_2","1",5,"2.3_right_fast",0.577430167597765,0.15,0.446327683615819
"662e86c0ca96b47a056ccd7b","2_3",1,1,"1_3","1",5,"2.3_right_fast",0.577430167597765,0.15,0.446327683615819
"662e86c0ca96b47a056ccd7b","2_3",1,1,"1_4","1",5,"2.3_right_fast",0.577430167597765,0.15,0.446327683615819
"662e86c0ca96b47a056ccd7b","2_3",1,1,"1_5","0",5,"2.3_right_fast",0.577430167597765,0.15,0.446327683615819
"662e86c0ca96b47a056ccd7b","2_4",0,1,"1_1","1",5,"2.4_wrong_fast",0.518938053097345,0.2,0.675141242937853
"662e86c0ca96b47a056ccd7b","2_4",0,1,"1_2","1",5,"2.4_wrong_fast",0.518938053097345,0.2,0.675141242937853
"662e86c0ca96b47a056ccd7b","2_4",0,1,"1_3","1",5,"2.4_wrong_fast",0.518938053097345,0.2,0.675141242937853
"662e86c0ca96b47a056ccd7b","2_4",0,1,"1_4","1",5,"2.4_wrong_fast",0.518938053097345,0.2,0.675141242937853
"662e86c0ca96b47a056ccd7b","2_4",0,1,"1_5","0",5,"2.4_wrong_fast",0.518938053097345,0.2,0.675141242937853
"662ed97e23a6d55bb855adae","2_2",1,0,"1_1","1",5,"2.2_right_slow",0.566398891966759,0.35,0.536723163841808
"662ed97e23a6d55bb855adae","2_2",1,0,"1_2","1",5,"2.2_right_slow",0.566398891966759,0.35,0.536723163841808
"662ed97e23a6d55bb855adae","2_2",1,0,"1_3","1",5,"2.2_right_slow",0.566398891966759,0.35,0.536723163841808
"662ed97e23a6d55bb855adae","2_2",1,0,"1_4","1",5,"2.2_right_slow",0.566398891966759,0.35,0.536723163841808
"662ed97e23a6d55bb855adae","2_2",1,0,"1_5","0",5,"2.2_right_slow",0.566398891966759,0.35,0.536723163841808
"662ed97e23a6d55bb855adae","2_1",0,0,"1_1","1",5,"2.1_wrong_slow",0.396726726726727,0.35,0.234463276836158
"662ed97e23a6d55bb855adae","2_1",0,0,"1_2","1",5,"2.1_wrong_slow",0.396726726726727,0.35,0.234463276836158
"662ed97e23a6d55bb855adae","2_1",0,0,"1_3","1",5,"2.1_wrong_slow",0.396726726726727,0.35,0.234463276836158
"662ed97e23a6d55bb855adae","2_1",0,0,"1_4","1",5,"2.1_wrong_slow",0.396726726726727,0.35,0.234463276836158
"662ed97e23a6d55bb855adae","2_1",0,0,"1_5","0",5,"2.1_wrong_slow",0.396726726726727,0.35,0.234463276836158
"662ed97e23a6d55bb855adae","2_4",0,0,"1_1","1",5,"2.4_wrong_slow",0.518938053097345,0.35,0.675141242937853
"662ed97e23a6d55bb855adae","2_4",0,0,"1_2","1",5,"2.4_wrong_slow",0.518938053097345,0.35,0.675141242937853
"662ed97e23a6d55bb855adae","2_4",0,0,"1_3","1",5,"2.4_wrong_slow",0.518938053097345,0.35,0.675141242937853
"662ed97e23a6d55bb855adae","2_4",0,0,"1_4","1",5,"2.4_wrong_slow",0.518938053097345,0.35,0.675141242937853
"662ed97e23a6d55bb855adae","2_4",0,0,"1_5","0",5,"2.4_wrong_slow",0.518938053097345,0.35,0.675141242937853
"662ed97e23a6d55bb855adae","2_3",0,1,"1_1","1",5,"2.3_wrong_fast",0.577430167597765,0.4,0.446327683615819
"662ed97e23a6d55bb855adae","2_3",0,1,"1_2","1",5,"2.3_wrong_fast",0.577430167597765,0.4,0.446327683615819
"662ed97e23a6d55bb855adae","2_3",0,1,"1_3","1",5,"2.3_wrong_fast",0.577430167597765,0.4,0.446327683615819
"662ed97e23a6d55bb855adae","2_3",0,1,"1_4","0",5,"2.3_wrong_fast",0.577430167597765,0.4,0.446327683615819
"662ed97e23a6d55bb855adae","2_3",0,1,"1_5","0",5,"2.3_wrong_fast",0.577430167597765,0.4,0.446327683615819
"662ed97e23a6d55bb855adae","2_4",0,1,"1_1","1",5,"2.4_wrong_fast",0.518938053097345,0.3,0.675141242937853
"662ed97e23a6d55bb855adae","2_4",0,1,"1_2","1",5,"2.4_wrong_fast",0.518938053097345,0.3,0.675141242937853
"662ed97e23a6d55bb855adae","2_4",0,1,"1_3","1",5,"2.4_wrong_fast",0.518938053097345,0.3,0.675141242937853
"662ed97e23a6d55bb855adae","2_4",0,1,"1_4","0",5,"2.4_wrong_fast",0.518938053097345,0.3,0.675141242937853
"662ed97e23a6d55bb855adae","2_4",0,1,"1_5","0",5,"2.4_wrong_fast",0.518938053097345,0.3,0.675141242937853
"662f8a3bc02a7f164555439a","2_3",1,0,"1_1","1",6,"2.3_right_slow",0.577430167597765,0.15,0.446327683615819
"662f8a3bc02a7f164555439a","2_3",1,0,"1_2","1",6,"2.3_right_slow",0.577430167597765,0.15,0.446327683615819
"662f8a3bc02a7f164555439a","2_3",1,0,"1_3","1",6,"2.3_right_slow",0.577430167597765,0.15,0.446327683615819
"662f8a3bc02a7f164555439a","2_3",1,0,"1_4","1",6,"2.3_right_slow",0.577430167597765,0.15,0.446327683615819
"662f8a3bc02a7f164555439a","2_3",1,0,"1_5","0",6,"2.3_right_slow",0.577430167597765,0.15,0.446327683615819
"662f8a3bc02a7f164555439a","2_5",1,0,"1_1","1",6,"2.5_right_slow",0.760870712401055,0.69,0.915254237288136
"662f8a3bc02a7f164555439a","2_5",1,0,"1_2","1",6,"2.5_right_slow",0.760870712401055,0.69,0.915254237288136
"662f8a3bc02a7f164555439a","2_5",1,0,"1_3","1",6,"2.5_right_slow",0.760870712401055,0.69,0.915254237288136
"662f8a3bc02a7f164555439a","2_5",1,0,"1_4","1",6,"2.5_right_slow",0.760870712401055,0.69,0.915254237288136
"662f8a3bc02a7f164555439a","2_5",1,0,"1_5","1",6,"2.5_right_slow",0.760870712401055,0.69,0.915254237288136
"662f8a3bc02a7f164555439a","2_4",0,0,"1_1","1",6,"2.4_wrong_slow",0.518938053097345,0.47,0.675141242937853
"662f8a3bc02a7f164555439a","2_4",0,0,"1_2","0",6,"2.4_wrong_slow",0.518938053097345,0.47,0.675141242937853
"662f8a3bc02a7f164555439a","2_4",0,0,"1_3","1",6,"2.4_wrong_slow",0.518938053097345,0.47,0.675141242937853
"662f8a3bc02a7f164555439a","2_4",0,0,"1_4","0",6,"2.4_wrong_slow",0.518938053097345,0.47,0.675141242937853
"662f8a3bc02a7f164555439a","2_4",0,0,"1_5","0",6,"2.4_wrong_slow",0.518938053097345,0.47,0.675141242937853
"662f8a3bc02a7f164555439a","2_5",0,0,"1_1","1",6,"2.5_wrong_slow",0.760870712401055,0.67,0.915254237288136
"662f8a3bc02a7f164555439a","2_5",0,0,"1_2","0",6,"2.5_wrong_slow",0.760870712401055,0.67,0.915254237288136
"662f8a3bc02a7f164555439a","2_5",0,0,"1_3","1",6,"2.5_wrong_slow",0.760870712401055,0.67,0.915254237288136
"662f8a3bc02a7f164555439a","2_5",0,0,"1_4","1",6,"2.5_wrong_slow",0.760870712401055,0.67,0.915254237288136
"662f8a3bc02a7f164555439a","2_5",0,0,"1_5","0",6,"2.5_wrong_slow",0.760870712401055,0.67,0.915254237288136
"662f8a3bc02a7f164555439a","2_2",1,1,"1_1","1",6,"2.2_right_fast",0.566398891966759,0.76,0.536723163841808
"662f8a3bc02a7f164555439a","2_2",1,1,"1_2","1",6,"2.2_right_fast",0.566398891966759,0.76,0.536723163841808
"662f8a3bc02a7f164555439a","2_2",1,1,"1_3","1",6,"2.2_right_fast",0.566398891966759,0.76,0.536723163841808
"662f8a3bc02a7f164555439a","2_2",1,1,"1_4","1",6,"2.2_right_fast",0.566398891966759,0.76,0.536723163841808
"662f8a3bc02a7f164555439a","2_2",1,1,"1_5","0",6,"2.2_right_fast",0.566398891966759,0.76,0.536723163841808
"66310bce1a0c0e0801d40dd6","2_4",1,0,"1_1","1",6,"2.4_right_slow",0.518938053097345,0.31,0.675141242937853
"66310bce1a0c0e0801d40dd6","2_4",1,0,"1_2","0",6,"2.4_right_slow",0.518938053097345,0.31,0.675141242937853
"66310bce1a0c0e0801d40dd6","2_4",1,0,"1_3","1",6,"2.4_right_slow",0.518938053097345,0.31,0.675141242937853
"66310bce1a0c0e0801d40dd6","2_4",1,0,"1_4","1",6,"2.4_right_slow",0.518938053097345,0.31,0.675141242937853
"66310bce1a0c0e0801d40dd6","2_4",1,0,"1_5","0",6,"2.4_right_slow",0.518938053097345,0.31,0.675141242937853
"66310bce1a0c0e0801d40dd6","2_2",0,0,"1_1","0",6,"2.2_wrong_slow",0.566398891966759,0.73,0.536723163841808
"66310bce1a0c0e0801d40dd6","2_2",0,0,"1_2","0",6,"2.2_wrong_slow",0.566398891966759,0.73,0.536723163841808
"66310bce1a0c0e0801d40dd6","2_2",0,0,"1_3","1",6,"2.2_wrong_slow",0.566398891966759,0.73,0.536723163841808
"66310bce1a0c0e0801d40dd6","2_2",0,0,"1_4","1",6,"2.2_wrong_slow",0.566398891966759,0.73,0.536723163841808
"66310bce1a0c0e0801d40dd6","2_2",0,0,"1_5","0",6,"2.2_wrong_slow",0.566398891966759,0.73,0.536723163841808
"66310bce1a0c0e0801d40dd6","2_4",0,0,"1_1","1",6,"2.4_wrong_slow",0.518938053097345,0.38,0.675141242937853
"66310bce1a0c0e0801d40dd6","2_4",0,0,"1_2","0",6,"2.4_wrong_slow",0.518938053097345,0.38,0.675141242937853
"66310bce1a0c0e0801d40dd6","2_4",0,0,"1_3","0",6,"2.4_wrong_slow",0.518938053097345,0.38,0.675141242937853
"66310bce1a0c0e0801d40dd6","2_4",0,0,"1_4","0",6,"2.4_wrong_slow",0.518938053097345,0.38,0.675141242937853
"66310bce1a0c0e0801d40dd6","2_4",0,0,"1_5","0",6,"2.4_wrong_slow",0.518938053097345,0.38,0.675141242937853
"66310bce1a0c0e0801d40dd6","2_1",1,1,"1_1","1",6,"2.1_right_fast",0.396726726726727,0.5,0.234463276836158
"66310bce1a0c0e0801d40dd6","2_1",1,1,"1_2","0",6,"2.1_right_fast",0.396726726726727,0.5,0.234463276836158
"66310bce1a0c0e0801d40dd6","2_1",1,1,"1_3","1",6,"2.1_right_fast",0.396726726726727,0.5,0.234463276836158
"66310bce1a0c0e0801d40dd6","2_1",1,1,"1_4","1",6,"2.1_right_fast",0.396726726726727,0.5,0.234463276836158
"66310bce1a0c0e0801d40dd6","2_1",1,1,"1_5","0",6,"2.1_right_fast",0.396726726726727,0.5,0.234463276836158
"66310bce1a0c0e0801d40dd6","2_2",1,1,"1_1","1",6,"2.2_right_fast",0.566398891966759,0.79,0.536723163841808
"66310bce1a0c0e0801d40dd6","2_2",1,1,"1_2","0",6,"2.2_right_fast",0.566398891966759,0.79,0.536723163841808
"66310bce1a0c0e0801d40dd6","2_2",1,1,"1_3","1",6,"2.2_right_fast",0.566398891966759,0.79,0.536723163841808
"66310bce1a0c0e0801d40dd6","2_2",1,1,"1_4","1",6,"2.2_right_fast",0.566398891966759,0.79,0.536723163841808
"66310bce1a0c0e0801d40dd6","2_2",1,1,"1_5","0",6,"2.2_right_fast",0.566398891966759,0.79,0.536723163841808
"66315ae414ac11ed5a57e464","2_2",1,0,"1_1","1",1,"2.2_right_slow",0.566398891966759,0.69,0.536723163841808
"66315ae414ac11ed5a57e464","2_2",1,0,"1_2","1",1,"2.2_right_slow",0.566398891966759,0.69,0.536723163841808
"66315ae414ac11ed5a57e464","2_2",1,0,"1_3","1",1,"2.2_right_slow",0.566398891966759,0.69,0.536723163841808
"66315ae414ac11ed5a57e464","2_2",1,0,"1_4","1",1,"2.2_right_slow",0.566398891966759,0.69,0.536723163841808
"66315ae414ac11ed5a57e464","2_2",1,0,"1_5","0",1,"2.2_right_slow",0.566398891966759,0.69,0.536723163841808
"66315ae414ac11ed5a57e464","2_3",1,0,"1_1","1",1,"2.3_right_slow",0.577430167597765,0.91,0.446327683615819
"66315ae414ac11ed5a57e464","2_3",1,0,"1_2","1",1,"2.3_right_slow",0.577430167597765,0.91,0.446327683615819
"66315ae414ac11ed5a57e464","2_3",1,0,"1_3","1",1,"2.3_right_slow",0.577430167597765,0.91,0.446327683615819
"66315ae414ac11ed5a57e464","2_3",1,0,"1_4","1",1,"2.3_right_slow",0.577430167597765,0.91,0.446327683615819
"66315ae414ac11ed5a57e464","2_3",1,0,"1_5","1",1,"2.3_right_slow",0.577430167597765,0.91,0.446327683615819
"66315ae414ac11ed5a57e464","2_4",0,0,"1_1","0",1,"2.4_wrong_slow",0.518938053097345,0.76,0.675141242937853
"66315ae414ac11ed5a57e464","2_4",0,0,"1_2","1",1,"2.4_wrong_slow",0.518938053097345,0.76,0.675141242937853
"66315ae414ac11ed5a57e464","2_4",0,0,"1_3","1",1,"2.4_wrong_slow",0.518938053097345,0.76,0.675141242937853
"66315ae414ac11ed5a57e464","2_4",0,0,"1_4","0",1,"2.4_wrong_slow",0.518938053097345,0.76,0.675141242937853
"66315ae414ac11ed5a57e464","2_4",0,0,"1_5","0",1,"2.4_wrong_slow",0.518938053097345,0.76,0.675141242937853
"66315ae414ac11ed5a57e464","2_1",1,1,"1_1","1",1,"2.1_right_fast",0.396726726726727,0.68,0.234463276836158
"66315ae414ac11ed5a57e464","2_1",1,1,"1_2","1",1,"2.1_right_fast",0.396726726726727,0.68,0.234463276836158
"66315ae414ac11ed5a57e464","2_1",1,1,"1_3","1",1,"2.1_right_fast",0.396726726726727,0.68,0.234463276836158
"66315ae414ac11ed5a57e464","2_1",1,1,"1_4","1",1,"2.1_right_fast",0.396726726726727,0.68,0.234463276836158
"66315ae414ac11ed5a57e464","2_1",1,1,"1_5","1",1,"2.1_right_fast",0.396726726726727,0.68,0.234463276836158
"66315ae414ac11ed5a57e464","2_5",0,1,"1_1","1",1,"2.5_wrong_fast",0.760870712401055,0.96,0.915254237288136
"66315ae414ac11ed5a57e464","2_5",0,1,"1_2","0",1,"2.5_wrong_fast",0.760870712401055,0.96,0.915254237288136
"66315ae414ac11ed5a57e464","2_5",0,1,"1_3","1",1,"2.5_wrong_fast",0.760870712401055,0.96,0.915254237288136
"66315ae414ac11ed5a57e464","2_5",0,1,"1_4","0",1,"2.5_wrong_fast",0.760870712401055,0.96,0.915254237288136
"66315ae414ac11ed5a57e464","2_5",0,1,"1_5","0",1,"2.5_wrong_fast",0.760870712401055,0.96,0.915254237288136
"6632c5d854799acad3f37450","2_1",0,0,"1_1","1",11,"2.1_wrong_slow",0.396726726726727,0.66,0.234463276836158
"6632c5d854799acad3f37450","2_1",0,0,"1_2","0",11,"2.1_wrong_slow",0.396726726726727,0.66,0.234463276836158
"6632c5d854799acad3f37450","2_1",0,0,"1_3","0",11,"2.1_wrong_slow",0.396726726726727,0.66,0.234463276836158
"6632c5d854799acad3f37450","2_1",0,0,"1_4","1",11,"2.1_wrong_slow",0.396726726726727,0.66,0.234463276836158
"6632c5d854799acad3f37450","2_1",0,0,"1_5","0",11,"2.1_wrong_slow",0.396726726726727,0.66,0.234463276836158
"6632c5d854799acad3f37450","2_3",0,0,"1_1","1",11,"2.3_wrong_slow",0.577430167597765,0.6,0.446327683615819
"6632c5d854799acad3f37450","2_3",0,0,"1_2","0",11,"2.3_wrong_slow",0.577430167597765,0.6,0.446327683615819
"6632c5d854799acad3f37450","2_3",0,0,"1_3","1",11,"2.3_wrong_slow",0.577430167597765,0.6,0.446327683615819
"6632c5d854799acad3f37450","2_3",0,0,"1_4","1",11,"2.3_wrong_slow",0.577430167597765,0.6,0.446327683615819
"6632c5d854799acad3f37450","2_3",0,0,"1_5","0",11,"2.3_wrong_slow",0.577430167597765,0.6,0.446327683615819
"6632c5d854799acad3f37450","2_3",1,1,"1_1","1",11,"2.3_right_fast",0.577430167597765,0.5,0.446327683615819
"6632c5d854799acad3f37450","2_3",1,1,"1_2","1",11,"2.3_right_fast",0.577430167597765,0.5,0.446327683615819
"6632c5d854799acad3f37450","2_3",1,1,"1_3","1",11,"2.3_right_fast",0.577430167597765,0.5,0.446327683615819
"6632c5d854799acad3f37450","2_3",1,1,"1_4","1",11,"2.3_right_fast",0.577430167597765,0.5,0.446327683615819
"6632c5d854799acad3f37450","2_3",1,1,"1_5","0",11,"2.3_right_fast",0.577430167597765,0.5,0.446327683615819
"6632c5d854799acad3f37450","2_2",0,1,"1_1","1",11,"2.2_wrong_fast",0.566398891966759,0.5,0.536723163841808
"6632c5d854799acad3f37450","2_2",0,1,"1_2","1",11,"2.2_wrong_fast",0.566398891966759,0.5,0.536723163841808
"6632c5d854799acad3f37450","2_2",0,1,"1_3","1",11,"2.2_wrong_fast",0.566398891966759,0.5,0.536723163841808
"6632c5d854799acad3f37450","2_2",0,1,"1_4","1",11,"2.2_wrong_fast",0.566398891966759,0.5,0.536723163841808
"6632c5d854799acad3f37450","2_2",0,1,"1_5","0",11,"2.2_wrong_fast",0.566398891966759,0.5,0.536723163841808
"6632c5d854799acad3f37450","2_3",0,1,"1_1","0",11,"2.3_wrong_fast",0.577430167597765,0.84,0.446327683615819
"6632c5d854799acad3f37450","2_3",0,1,"1_2","0",11,"2.3_wrong_fast",0.577430167597765,0.84,0.446327683615819
"6632c5d854799acad3f37450","2_3",0,1,"1_3","0",11,"2.3_wrong_fast",0.577430167597765,0.84,0.446327683615819
"6632c5d854799acad3f37450","2_3",0,1,"1_4","0",11,"2.3_wrong_fast",0.577430167597765,0.84,0.446327683615819
"6632c5d854799acad3f37450","2_3",0,1,"1_5","0",11,"2.3_wrong_fast",0.577430167597765,0.84,0.446327683615819
"66371cc4de71aac65b5f1980","2_1",1,0,"1_1","0",2,"2.1_right_slow",0.396726726726727,0.4,0.234463276836158
"66371cc4de71aac65b5f1980","2_1",1,0,"1_2","1",2,"2.1_right_slow",0.396726726726727,0.4,0.234463276836158
"66371cc4de71aac65b5f1980","2_1",1,0,"1_3","0",2,"2.1_right_slow",0.396726726726727,0.4,0.234463276836158
"66371cc4de71aac65b5f1980","2_1",1,0,"1_4","1",2,"2.1_right_slow",0.396726726726727,0.4,0.234463276836158
"66371cc4de71aac65b5f1980","2_1",1,0,"1_5","0",2,"2.1_right_slow",0.396726726726727,0.4,0.234463276836158
"66371cc4de71aac65b5f1980","2_1",0,0,"1_1","0",2,"2.1_wrong_slow",0.396726726726727,0.4,0.234463276836158
"66371cc4de71aac65b5f1980","2_1",0,0,"1_2","1",2,"2.1_wrong_slow",0.396726726726727,0.4,0.234463276836158
"66371cc4de71aac65b5f1980","2_1",0,0,"1_3","1",2,"2.1_wrong_slow",0.396726726726727,0.4,0.234463276836158
"66371cc4de71aac65b5f1980","2_1",0,0,"1_4","1",2,"2.1_wrong_slow",0.396726726726727,0.4,0.234463276836158
"66371cc4de71aac65b5f1980","2_1",0,0,"1_5","0",2,"2.1_wrong_slow",0.396726726726727,0.4,0.234463276836158
"66371cc4de71aac65b5f1980","2_4",0,0,"1_1","1",2,"2.4_wrong_slow",0.518938053097345,0.7,0.675141242937853
"66371cc4de71aac65b5f1980","2_4",0,0,"1_2","1",2,"2.4_wrong_slow",0.518938053097345,0.7,0.675141242937853
"66371cc4de71aac65b5f1980","2_4",0,0,"1_3","0",2,"2.4_wrong_slow",0.518938053097345,0.7,0.675141242937853
"66371cc4de71aac65b5f1980","2_4",0,0,"1_4","1",2,"2.4_wrong_slow",0.518938053097345,0.7,0.675141242937853
"66371cc4de71aac65b5f1980","2_4",0,0,"1_5","0",2,"2.4_wrong_slow",0.518938053097345,0.7,0.675141242937853
"66371cc4de71aac65b5f1980","2_1",0,1,"1_1","1",2,"2.1_wrong_fast",0.396726726726727,0.36,0.234463276836158
"66371cc4de71aac65b5f1980","2_1",0,1,"1_2","0",2,"2.1_wrong_fast",0.396726726726727,0.36,0.234463276836158
"66371cc4de71aac65b5f1980","2_1",0,1,"1_3","1",2,"2.1_wrong_fast",0.396726726726727,0.36,0.234463276836158
"66371cc4de71aac65b5f1980","2_1",0,1,"1_4","0",2,"2.1_wrong_fast",0.396726726726727,0.36,0.234463276836158
"66371cc4de71aac65b5f1980","2_1",0,1,"1_5","1",2,"2.1_wrong_fast",0.396726726726727,0.36,0.234463276836158
"66371cc4de71aac65b5f1980","2_4",0,1,"1_1","1",2,"2.4_wrong_fast",0.518938053097345,0.6,0.675141242937853
"66371cc4de71aac65b5f1980","2_4",0,1,"1_2","0",2,"2.4_wrong_fast",0.518938053097345,0.6,0.675141242937853
"66371cc4de71aac65b5f1980","2_4",0,1,"1_3","1",2,"2.4_wrong_fast",0.518938053097345,0.6,0.675141242937853
"66371cc4de71aac65b5f1980","2_4",0,1,"1_4","0",2,"2.4_wrong_fast",0.518938053097345,0.6,0.675141242937853
"66371cc4de71aac65b5f1980","2_4",0,1,"1_5","1",2,"2.4_wrong_fast",0.518938053097345,0.6,0.675141242937853
"6637f53e203e2f5f706d70ec","2_2",1,0,"1_1","1",5,"2.2_right_slow",0.566398891966759,0.65,0.536723163841808
"6637f53e203e2f5f706d70ec","2_2",1,0,"1_2","1",5,"2.2_right_slow",0.566398891966759,0.65,0.536723163841808
"6637f53e203e2f5f706d70ec","2_2",1,0,"1_3","1",5,"2.2_right_slow",0.566398891966759,0.65,0.536723163841808
"6637f53e203e2f5f706d70ec","2_2",1,0,"1_4","1",5,"2.2_right_slow",0.566398891966759,0.65,0.536723163841808
"6637f53e203e2f5f706d70ec","2_2",1,0,"1_5","0",5,"2.2_right_slow",0.566398891966759,0.65,0.536723163841808
"6637f53e203e2f5f706d70ec","2_1",0,0,"1_1","0",5,"2.1_wrong_slow",0.396726726726727,0.48,0.234463276836158
"6637f53e203e2f5f706d70ec","2_1",0,0,"1_2","0",5,"2.1_wrong_slow",0.396726726726727,0.48,0.234463276836158
"6637f53e203e2f5f706d70ec","2_1",0,0,"1_3","0",5,"2.1_wrong_slow",0.396726726726727,0.48,0.234463276836158
"6637f53e203e2f5f706d70ec","2_1",0,0,"1_4","1",5,"2.1_wrong_slow",0.396726726726727,0.48,0.234463276836158
"6637f53e203e2f5f706d70ec","2_1",0,0,"1_5","0",5,"2.1_wrong_slow",0.396726726726727,0.48,0.234463276836158
"6637f53e203e2f5f706d70ec","2_3",0,0,"1_1","1",5,"2.3_wrong_slow",0.577430167597765,0.6,0.446327683615819
"6637f53e203e2f5f706d70ec","2_3",0,0,"1_2","0",5,"2.3_wrong_slow",0.577430167597765,0.6,0.446327683615819
"6637f53e203e2f5f706d70ec","2_3",0,0,"1_3","0",5,"2.3_wrong_slow",0.577430167597765,0.6,0.446327683615819
"6637f53e203e2f5f706d70ec","2_3",0,0,"1_4","1",5,"2.3_wrong_slow",0.577430167597765,0.6,0.446327683615819
"6637f53e203e2f5f706d70ec","2_3",0,0,"1_5","0",5,"2.3_wrong_slow",0.577430167597765,0.6,0.446327683615819
"6637f53e203e2f5f706d70ec","2_1",1,1,"1_1","1",5,"2.1_right_fast",0.396726726726727,0.58,0.234463276836158
"6637f53e203e2f5f706d70ec","2_1",1,1,"1_2","1",5,"2.1_right_fast",0.396726726726727,0.58,0.234463276836158
"6637f53e203e2f5f706d70ec","2_1",1,1,"1_3","0",5,"2.1_right_fast",0.396726726726727,0.58,0.234463276836158
"6637f53e203e2f5f706d70ec","2_1",1,1,"1_4","1",5,"2.1_right_fast",0.396726726726727,0.58,0.234463276836158
"6637f53e203e2f5f706d70ec","2_1",1,1,"1_5","0",5,"2.1_right_fast",0.396726726726727,0.58,0.234463276836158
"6637f53e203e2f5f706d70ec","2_4",0,1,"1_1","1",5,"2.4_wrong_fast",0.518938053097345,0.39,0.675141242937853
"6637f53e203e2f5f706d70ec","2_4",0,1,"1_2","0",5,"2.4_wrong_fast",0.518938053097345,0.39,0.675141242937853
"6637f53e203e2f5f706d70ec","2_4",0,1,"1_3","0",5,"2.4_wrong_fast",0.518938053097345,0.39,0.675141242937853
"6637f53e203e2f5f706d70ec","2_4",0,1,"1_4","0",5,"2.4_wrong_fast",0.518938053097345,0.39,0.675141242937853
"6637f53e203e2f5f706d70ec","2_4",0,1,"1_5","0",5,"2.4_wrong_fast",0.518938053097345,0.39,0.675141242937853
"6638068d9ab49383d1fe00ae","2_2",1,0,"1_1","1",5,"2.2_right_slow",0.566398891966759,0.35,0.536723163841808
"6638068d9ab49383d1fe00ae","2_2",1,0,"1_2","1",5,"2.2_right_slow",0.566398891966759,0.35,0.536723163841808
"6638068d9ab49383d1fe00ae","2_2",1,0,"1_3","1",5,"2.2_right_slow",0.566398891966759,0.35,0.536723163841808
"6638068d9ab49383d1fe00ae","2_2",1,0,"1_4","1",5,"2.2_right_slow",0.566398891966759,0.35,0.536723163841808
"6638068d9ab49383d1fe00ae","2_2",1,0,"1_5","0",5,"2.2_right_slow",0.566398891966759,0.35,0.536723163841808
"6638068d9ab49383d1fe00ae","2_3",1,0,"1_1","1",5,"2.3_right_slow",0.577430167597765,0.15,0.446327683615819
"6638068d9ab49383d1fe00ae","2_3",1,0,"1_2","1",5,"2.3_right_slow",0.577430167597765,0.15,0.446327683615819
"6638068d9ab49383d1fe00ae","2_3",1,0,"1_3","1",5,"2.3_right_slow",0.577430167597765,0.15,0.446327683615819
"6638068d9ab49383d1fe00ae","2_3",1,0,"1_4","1",5,"2.3_right_slow",0.577430167597765,0.15,0.446327683615819
"6638068d9ab49383d1fe00ae","2_3",1,0,"1_5","0",5,"2.3_right_slow",0.577430167597765,0.15,0.446327683615819
"6638068d9ab49383d1fe00ae","2_5",1,0,"1_1","1",5,"2.5_right_slow",0.760870712401055,0.6,0.915254237288136
"6638068d9ab49383d1fe00ae","2_5",1,0,"1_2","1",5,"2.5_right_slow",0.760870712401055,0.6,0.915254237288136
"6638068d9ab49383d1fe00ae","2_5",1,0,"1_3","1",5,"2.5_right_slow",0.760870712401055,0.6,0.915254237288136
"6638068d9ab49383d1fe00ae","2_5",1,0,"1_4","1",5,"2.5_right_slow",0.760870712401055,0.6,0.915254237288136
"6638068d9ab49383d1fe00ae","2_5",1,0,"1_5","1",5,"2.5_right_slow",0.760870712401055,0.6,0.915254237288136
"6638068d9ab49383d1fe00ae","2_3",1,1,"1_1","1",5,"2.3_right_fast",0.577430167597765,0.2,0.446327683615819
"6638068d9ab49383d1fe00ae","2_3",1,1,"1_2","1",5,"2.3_right_fast",0.577430167597765,0.2,0.446327683615819
"6638068d9ab49383d1fe00ae","2_3",1,1,"1_3","1",5,"2.3_right_fast",0.577430167597765,0.2,0.446327683615819
"6638068d9ab49383d1fe00ae","2_3",1,1,"1_4","1",5,"2.3_right_fast",0.577430167597765,0.2,0.446327683615819
"6638068d9ab49383d1fe00ae","2_3",1,1,"1_5","0",5,"2.3_right_fast",0.577430167597765,0.2,0.446327683615819
"6638068d9ab49383d1fe00ae","2_5",0,1,"1_1","1",5,"2.5_wrong_fast",0.760870712401055,0.75,0.915254237288136
"6638068d9ab49383d1fe00ae","2_5",0,1,"1_2","1",5,"2.5_wrong_fast",0.760870712401055,0.75,0.915254237288136
"6638068d9ab49383d1fe00ae","2_5",0,1,"1_3","1",5,"2.5_wrong_fast",0.760870712401055,0.75,0.915254237288136
"6638068d9ab49383d1fe00ae","2_5",0,1,"1_4","1",5,"2.5_wrong_fast",0.760870712401055,0.75,0.915254237288136
"6638068d9ab49383d1fe00ae","2_5",0,1,"1_5","0",5,"2.5_wrong_fast",0.760870712401055,0.75,0.915254237288136
"6639ebf807878b4110374f02","2_2",1,0,"1_1","1",7,"2.2_right_slow",0.566398891966759,0.11,0.536723163841808
"6639ebf807878b4110374f02","2_2",1,0,"1_2","1",7,"2.2_right_slow",0.566398891966759,0.11,0.536723163841808
"6639ebf807878b4110374f02","2_2",1,0,"1_3","1",7,"2.2_right_slow",0.566398891966759,0.11,0.536723163841808
"6639ebf807878b4110374f02","2_2",1,0,"1_4","1",7,"2.2_right_slow",0.566398891966759,0.11,0.536723163841808
"6639ebf807878b4110374f02","2_2",1,0,"1_5","0",7,"2.2_right_slow",0.566398891966759,0.11,0.536723163841808
"6639ebf807878b4110374f02","2_3",1,0,"1_1","1",7,"2.3_right_slow",0.577430167597765,0.3,0.446327683615819
"6639ebf807878b4110374f02","2_3",1,0,"1_2","1",7,"2.3_right_slow",0.577430167597765,0.3,0.446327683615819
"6639ebf807878b4110374f02","2_3",1,0,"1_3","1",7,"2.3_right_slow",0.577430167597765,0.3,0.446327683615819
"6639ebf807878b4110374f02","2_3",1,0,"1_4","1",7,"2.3_right_slow",0.577430167597765,0.3,0.446327683615819
"6639ebf807878b4110374f02","2_3",1,0,"1_5","0",7,"2.3_right_slow",0.577430167597765,0.3,0.446327683615819
"6639ebf807878b4110374f02","2_2",1,1,"1_1","1",7,"2.2_right_fast",0.566398891966759,0.6,0.536723163841808
"6639ebf807878b4110374f02","2_2",1,1,"1_2","1",7,"2.2_right_fast",0.566398891966759,0.6,0.536723163841808
"6639ebf807878b4110374f02","2_2",1,1,"1_3","1",7,"2.2_right_fast",0.566398891966759,0.6,0.536723163841808
"6639ebf807878b4110374f02","2_2",1,1,"1_4","1",7,"2.2_right_fast",0.566398891966759,0.6,0.536723163841808
"6639ebf807878b4110374f02","2_2",1,1,"1_5","0",7,"2.2_right_fast",0.566398891966759,0.6,0.536723163841808
"6639ebf807878b4110374f02","2_3",1,1,"1_1","1",7,"2.3_right_fast",0.577430167597765,0.86,0.446327683615819
"6639ebf807878b4110374f02","2_3",1,1,"1_2","1",7,"2.3_right_fast",0.577430167597765,0.86,0.446327683615819
"6639ebf807878b4110374f02","2_3",1,1,"1_3","1",7,"2.3_right_fast",0.577430167597765,0.86,0.446327683615819
"6639ebf807878b4110374f02","2_3",1,1,"1_4","1",7,"2.3_right_fast",0.577430167597765,0.86,0.446327683615819
"6639ebf807878b4110374f02","2_3",1,1,"1_5","1",7,"2.3_right_fast",0.577430167597765,0.86,0.446327683615819
"6639ebf807878b4110374f02","2_5",0,1,"1_1","1",7,"2.5_wrong_fast",0.760870712401055,0.95,0.915254237288136
"6639ebf807878b4110374f02","2_5",0,1,"1_2","1",7,"2.5_wrong_fast",0.760870712401055,0.95,0.915254237288136
"6639ebf807878b4110374f02","2_5",0,1,"1_3","1",7,"2.5_wrong_fast",0.760870712401055,0.95,0.915254237288136
"6639ebf807878b4110374f02","2_5",0,1,"1_4","1",7,"2.5_wrong_fast",0.760870712401055,0.95,0.915254237288136
"6639ebf807878b4110374f02","2_5",0,1,"1_5","0",7,"2.5_wrong_fast",0.760870712401055,0.95,0.915254237288136
"663a584a28c3c4f47601792c","2_2",1,0,"1_1","1",6,"2.2_right_slow",0.566398891966759,0.43,0.536723163841808
"663a584a28c3c4f47601792c","2_2",1,0,"1_2","1",6,"2.2_right_slow",0.566398891966759,0.43,0.536723163841808
"663a584a28c3c4f47601792c","2_2",1,0,"1_3","1",6,"2.2_right_slow",0.566398891966759,0.43,0.536723163841808
"663a584a28c3c4f47601792c","2_2",1,0,"1_4","1",6,"2.2_right_slow",0.566398891966759,0.43,0.536723163841808
"663a584a28c3c4f47601792c","2_2",1,0,"1_5","0",6,"2.2_right_slow",0.566398891966759,0.43,0.536723163841808
"663a584a28c3c4f47601792c","2_2",0,0,"1_1","1",6,"2.2_wrong_slow",0.566398891966759,0.35,0.536723163841808
"663a584a28c3c4f47601792c","2_2",0,0,"1_2","1",6,"2.2_wrong_slow",0.566398891966759,0.35,0.536723163841808
"663a584a28c3c4f47601792c","2_2",0,0,"1_3","1",6,"2.2_wrong_slow",0.566398891966759,0.35,0.536723163841808
"663a584a28c3c4f47601792c","2_2",0,0,"1_4","1",6,"2.2_wrong_slow",0.566398891966759,0.35,0.536723163841808
"663a584a28c3c4f47601792c","2_2",0,0,"1_5","0",6,"2.2_wrong_slow",0.566398891966759,0.35,0.536723163841808
"663a584a28c3c4f47601792c","2_1",0,1,"1_1","1",6,"2.1_wrong_fast",0.396726726726727,0.61,0.234463276836158
"663a584a28c3c4f47601792c","2_1",0,1,"1_2","0",6,"2.1_wrong_fast",0.396726726726727,0.61,0.234463276836158
"663a584a28c3c4f47601792c","2_1",0,1,"1_3","0",6,"2.1_wrong_fast",0.396726726726727,0.61,0.234463276836158
"663a584a28c3c4f47601792c","2_1",0,1,"1_4","1",6,"2.1_wrong_fast",0.396726726726727,0.61,0.234463276836158
"663a584a28c3c4f47601792c","2_1",0,1,"1_5","0",6,"2.1_wrong_fast",0.396726726726727,0.61,0.234463276836158
"663a584a28c3c4f47601792c","2_3",0,1,"1_1","1",6,"2.3_wrong_fast",0.577430167597765,0.86,0.446327683615819
"663a584a28c3c4f47601792c","2_3",0,1,"1_2","1",6,"2.3_wrong_fast",0.577430167597765,0.86,0.446327683615819
"663a584a28c3c4f47601792c","2_3",0,1,"1_3","0",6,"2.3_wrong_fast",0.577430167597765,0.86,0.446327683615819
"663a584a28c3c4f47601792c","2_3",0,1,"1_4","1",6,"2.3_wrong_fast",0.577430167597765,0.86,0.446327683615819
"663a584a28c3c4f47601792c","2_3",0,1,"1_5","0",6,"2.3_wrong_fast",0.577430167597765,0.86,0.446327683615819
"663a584a28c3c4f47601792c","2_5",0,1,"1_1","1",6,"2.5_wrong_fast",0.760870712401055,0.43,0.915254237288136
"663a584a28c3c4f47601792c","2_5",0,1,"1_2","1",6,"2.5_wrong_fast",0.760870712401055,0.43,0.915254237288136
"663a584a28c3c4f47601792c","2_5",0,1,"1_3","1",6,"2.5_wrong_fast",0.760870712401055,0.43,0.915254237288136
"663a584a28c3c4f47601792c","2_5",0,1,"1_4","1",6,"2.5_wrong_fast",0.760870712401055,0.43,0.915254237288136
"663a584a28c3c4f47601792c","2_5",0,1,"1_5","0",6,"2.5_wrong_fast",0.760870712401055,0.43,0.915254237288136
"663a5c27da2d5c4350225119","2_3",1,0,"1_1","1",12,"2.3_right_slow",0.577430167597765,0.5,0.446327683615819
"663a5c27da2d5c4350225119","2_3",1,0,"1_2","1",12,"2.3_right_slow",0.577430167597765,0.5,0.446327683615819
"663a5c27da2d5c4350225119","2_3",1,0,"1_3","1",12,"2.3_right_slow",0.577430167597765,0.5,0.446327683615819
"663a5c27da2d5c4350225119","2_3",1,0,"1_4","1",12,"2.3_right_slow",0.577430167597765,0.5,0.446327683615819
"663a5c27da2d5c4350225119","2_3",1,0,"1_5","0",12,"2.3_right_slow",0.577430167597765,0.5,0.446327683615819
"663a5c27da2d5c4350225119","2_5",0,0,"1_1","1",12,"2.5_wrong_slow",0.760870712401055,0.9,0.915254237288136
"663a5c27da2d5c4350225119","2_5",0,0,"1_2","1",12,"2.5_wrong_slow",0.760870712401055,0.9,0.915254237288136
"663a5c27da2d5c4350225119","2_5",0,0,"1_3","1",12,"2.5_wrong_slow",0.760870712401055,0.9,0.915254237288136
"663a5c27da2d5c4350225119","2_5",0,0,"1_4","1",12,"2.5_wrong_slow",0.760870712401055,0.9,0.915254237288136
"663a5c27da2d5c4350225119","2_5",0,0,"1_5","0",12,"2.5_wrong_slow",0.760870712401055,0.9,0.915254237288136
"663a5c27da2d5c4350225119","2_1",1,1,"1_1","1",12,"2.1_right_fast",0.396726726726727,0.39,0.234463276836158
"663a5c27da2d5c4350225119","2_1",1,1,"1_2","1",12,"2.1_right_fast",0.396726726726727,0.39,0.234463276836158
"663a5c27da2d5c4350225119","2_1",1,1,"1_3","1",12,"2.1_right_fast",0.396726726726727,0.39,0.234463276836158
"663a5c27da2d5c4350225119","2_1",1,1,"1_4","1",12,"2.1_right_fast",0.396726726726727,0.39,0.234463276836158
"663a5c27da2d5c4350225119","2_1",1,1,"1_5","0",12,"2.1_right_fast",0.396726726726727,0.39,0.234463276836158
"663a5c27da2d5c4350225119","2_4",1,1,"1_1","1",12,"2.4_right_fast",0.518938053097345,0.5,0.675141242937853
"663a5c27da2d5c4350225119","2_4",1,1,"1_2","1",12,"2.4_right_fast",0.518938053097345,0.5,0.675141242937853
"663a5c27da2d5c4350225119","2_4",1,1,"1_3","1",12,"2.4_right_fast",0.518938053097345,0.5,0.675141242937853
"663a5c27da2d5c4350225119","2_4",1,1,"1_4","1",12,"2.4_right_fast",0.518938053097345,0.5,0.675141242937853
"663a5c27da2d5c4350225119","2_4",1,1,"1_5","0",12,"2.4_right_fast",0.518938053097345,0.5,0.675141242937853
"663a5c27da2d5c4350225119","2_1",0,1,"1_1","0",12,"2.1_wrong_fast",0.396726726726727,0.34,0.234463276836158
"663a5c27da2d5c4350225119","2_1",0,1,"1_2","0",12,"2.1_wrong_fast",0.396726726726727,0.34,0.234463276836158
"663a5c27da2d5c4350225119","2_1",0,1,"1_3","1",12,"2.1_wrong_fast",0.396726726726727,0.34,0.234463276836158
"663a5c27da2d5c4350225119","2_1",0,1,"1_4","1",12,"2.1_wrong_fast",0.396726726726727,0.34,0.234463276836158
"663a5c27da2d5c4350225119","2_1",0,1,"1_5","0",12,"2.1_wrong_fast",0.396726726726727,0.34,0.234463276836158
"663a5efc3be407346e417ff2","2_4",1,0,"1_1","1",10,"2.4_right_slow",0.518938053097345,0.1,0.675141242937853
"663a5efc3be407346e417ff2","2_4",1,0,"1_2","1",10,"2.4_right_slow",0.518938053097345,0.1,0.675141242937853
"663a5efc3be407346e417ff2","2_4",1,0,"1_3","1",10,"2.4_right_slow",0.518938053097345,0.1,0.675141242937853
"663a5efc3be407346e417ff2","2_4",1,0,"1_4","1",10,"2.4_right_slow",0.518938053097345,0.1,0.675141242937853
"663a5efc3be407346e417ff2","2_4",1,0,"1_5","0",10,"2.4_right_slow",0.518938053097345,0.1,0.675141242937853
"663a5efc3be407346e417ff2","2_2",0,0,"1_1","1",10,"2.2_wrong_slow",0.566398891966759,0.5,0.536723163841808
"663a5efc3be407346e417ff2","2_2",0,0,"1_2","0",10,"2.2_wrong_slow",0.566398891966759,0.5,0.536723163841808
"663a5efc3be407346e417ff2","2_2",0,0,"1_3","0",10,"2.2_wrong_slow",0.566398891966759,0.5,0.536723163841808
"663a5efc3be407346e417ff2","2_2",0,0,"1_4","0",10,"2.2_wrong_slow",0.566398891966759,0.5,0.536723163841808
"663a5efc3be407346e417ff2","2_2",0,0,"1_5","0",10,"2.2_wrong_slow",0.566398891966759,0.5,0.536723163841808
"663a5efc3be407346e417ff2","2_4",0,0,"1_1","0",10,"2.4_wrong_slow",0.518938053097345,0.2,0.675141242937853
"663a5efc3be407346e417ff2","2_4",0,0,"1_2","0",10,"2.4_wrong_slow",0.518938053097345,0.2,0.675141242937853
"663a5efc3be407346e417ff2","2_4",0,0,"1_3","0",10,"2.4_wrong_slow",0.518938053097345,0.2,0.675141242937853
"663a5efc3be407346e417ff2","2_4",0,0,"1_4","0",10,"2.4_wrong_slow",0.518938053097345,0.2,0.675141242937853
"663a5efc3be407346e417ff2","2_4",0,0,"1_5","0",10,"2.4_wrong_slow",0.518938053097345,0.2,0.675141242937853
"663a5efc3be407346e417ff2","2_1",1,1,"1_1","1",10,"2.1_right_fast",0.396726726726727,0.5,0.234463276836158
"663a5efc3be407346e417ff2","2_1",1,1,"1_2","1",10,"2.1_right_fast",0.396726726726727,0.5,0.234463276836158
"663a5efc3be407346e417ff2","2_1",1,1,"1_3","1",10,"2.1_right_fast",0.396726726726727,0.5,0.234463276836158
"663a5efc3be407346e417ff2","2_1",1,1,"1_4","1",10,"2.1_right_fast",0.396726726726727,0.5,0.234463276836158
"663a5efc3be407346e417ff2","2_1",1,1,"1_5","0",10,"2.1_right_fast",0.396726726726727,0.5,0.234463276836158
"663a5efc3be407346e417ff2","2_3",0,1,"1_1","1",10,"2.3_wrong_fast",0.577430167597765,0.63,0.446327683615819
"663a5efc3be407346e417ff2","2_3",0,1,"1_2","1",10,"2.3_wrong_fast",0.577430167597765,0.63,0.446327683615819
"663a5efc3be407346e417ff2","2_3",0,1,"1_3","0",10,"2.3_wrong_fast",0.577430167597765,0.63,0.446327683615819
"663a5efc3be407346e417ff2","2_3",0,1,"1_4","1",10,"2.3_wrong_fast",0.577430167597765,0.63,0.446327683615819
"663a5efc3be407346e417ff2","2_3",0,1,"1_5","0",10,"2.3_wrong_fast",0.577430167597765,0.63,0.446327683615819
"663c1925ab9d8b179a23180e","2_4",1,0,"1_1","1",1,"2.4_right_slow",0.518938053097345,0.63,0.675141242937853
"663c1925ab9d8b179a23180e","2_4",1,0,"1_2","1",1,"2.4_right_slow",0.518938053097345,0.63,0.675141242937853
"663c1925ab9d8b179a23180e","2_4",1,0,"1_3","1",1,"2.4_right_slow",0.518938053097345,0.63,0.675141242937853
"663c1925ab9d8b179a23180e","2_4",1,0,"1_4","1",1,"2.4_right_slow",0.518938053097345,0.63,0.675141242937853
"663c1925ab9d8b179a23180e","2_4",1,0,"1_5","0",1,"2.4_right_slow",0.518938053097345,0.63,0.675141242937853
"663c1925ab9d8b179a23180e","2_2",0,0,"1_1","1",1,"2.2_wrong_slow",0.566398891966759,0.76,0.536723163841808
"663c1925ab9d8b179a23180e","2_2",0,0,"1_2","0",1,"2.2_wrong_slow",0.566398891966759,0.76,0.536723163841808
"663c1925ab9d8b179a23180e","2_2",0,0,"1_3","0",1,"2.2_wrong_slow",0.566398891966759,0.76,0.536723163841808
"663c1925ab9d8b179a23180e","2_2",0,0,"1_4","0",1,"2.2_wrong_slow",0.566398891966759,0.76,0.536723163841808
"663c1925ab9d8b179a23180e","2_2",0,0,"1_5","0",1,"2.2_wrong_slow",0.566398891966759,0.76,0.536723163841808
"663c1925ab9d8b179a23180e","2_4",0,0,"1_1","1",1,"2.4_wrong_slow",0.518938053097345,0.83,0.675141242937853
"663c1925ab9d8b179a23180e","2_4",0,0,"1_2","1",1,"2.4_wrong_slow",0.518938053097345,0.83,0.675141242937853
"663c1925ab9d8b179a23180e","2_4",0,0,"1_3","0",1,"2.4_wrong_slow",0.518938053097345,0.83,0.675141242937853
"663c1925ab9d8b179a23180e","2_4",0,0,"1_4","0",1,"2.4_wrong_slow",0.518938053097345,0.83,0.675141242937853
"663c1925ab9d8b179a23180e","2_4",0,0,"1_5","0",1,"2.4_wrong_slow",0.518938053097345,0.83,0.675141242937853
"663c1925ab9d8b179a23180e","2_5",1,1,"1_1","1",1,"2.5_right_fast",0.760870712401055,0.66,0.915254237288136
"663c1925ab9d8b179a23180e","2_5",1,1,"1_2","1",1,"2.5_right_fast",0.760870712401055,0.66,0.915254237288136
"663c1925ab9d8b179a23180e","2_5",1,1,"1_3","1",1,"2.5_right_fast",0.760870712401055,0.66,0.915254237288136
"663c1925ab9d8b179a23180e","2_5",1,1,"1_4","1",1,"2.5_right_fast",0.760870712401055,0.66,0.915254237288136
"663c1925ab9d8b179a23180e","2_5",1,1,"1_5","1",1,"2.5_right_fast",0.760870712401055,0.66,0.915254237288136
"663c1925ab9d8b179a23180e","2_4",0,1,"1_1","1",1,"2.4_wrong_fast",0.518938053097345,0.57,0.675141242937853
"663c1925ab9d8b179a23180e","2_4",0,1,"1_2","1",1,"2.4_wrong_fast",0.518938053097345,0.57,0.675141242937853
"663c1925ab9d8b179a23180e","2_4",0,1,"1_3","0",1,"2.4_wrong_fast",0.518938053097345,0.57,0.675141242937853
"663c1925ab9d8b179a23180e","2_4",0,1,"1_4","0",1,"2.4_wrong_fast",0.518938053097345,0.57,0.675141242937853
"663c1925ab9d8b179a23180e","2_4",0,1,"1_5","0",1,"2.4_wrong_fast",0.518938053097345,0.57,0.675141242937853
"663c96417cf7568733cd1b96","2_5",1,0,"1_1","1",NA,"2.5_right_slow",0.760870712401055,0.92,0.915254237288136
"663c96417cf7568733cd1b96","2_5",1,0,"1_2","1",NA,"2.5_right_slow",0.760870712401055,0.92,0.915254237288136
"663c96417cf7568733cd1b96","2_5",1,0,"1_3","1",NA,"2.5_right_slow",0.760870712401055,0.92,0.915254237288136
"663c96417cf7568733cd1b96","2_5",1,0,"1_4","0",NA,"2.5_right_slow",0.760870712401055,0.92,0.915254237288136
"663c96417cf7568733cd1b96","2_5",1,0,"1_5","1",NA,"2.5_right_slow",0.760870712401055,0.92,0.915254237288136
"663c96417cf7568733cd1b96","2_1",0,0,"1_1","0",NA,"2.1_wrong_slow",0.396726726726727,0.79,0.234463276836158
"663c96417cf7568733cd1b96","2_1",0,0,"1_2","0",NA,"2.1_wrong_slow",0.396726726726727,0.79,0.234463276836158
"663c96417cf7568733cd1b96","2_1",0,0,"1_3","0",NA,"2.1_wrong_slow",0.396726726726727,0.79,0.234463276836158
"663c96417cf7568733cd1b96","2_1",0,0,"1_4","0",NA,"2.1_wrong_slow",0.396726726726727,0.79,0.234463276836158
"663c96417cf7568733cd1b96","2_1",0,0,"1_5","0",NA,"2.1_wrong_slow",0.396726726726727,0.79,0.234463276836158
"663c96417cf7568733cd1b96","2_1",1,1,"1_1","1",NA,"2.1_right_fast",0.396726726726727,0.77,0.234463276836158
"663c96417cf7568733cd1b96","2_1",1,1,"1_2","0",NA,"2.1_right_fast",0.396726726726727,0.77,0.234463276836158
"663c96417cf7568733cd1b96","2_1",1,1,"1_3","1",NA,"2.1_right_fast",0.396726726726727,0.77,0.234463276836158
"663c96417cf7568733cd1b96","2_1",1,1,"1_4","0",NA,"2.1_right_fast",0.396726726726727,0.77,0.234463276836158
"663c96417cf7568733cd1b96","2_1",1,1,"1_5","0",NA,"2.1_right_fast",0.396726726726727,0.77,0.234463276836158
"663c96417cf7568733cd1b96","2_2",1,1,"1_1","1",NA,"2.2_right_fast",0.566398891966759,0.88,0.536723163841808
"663c96417cf7568733cd1b96","2_2",1,1,"1_2","1",NA,"2.2_right_fast",0.566398891966759,0.88,0.536723163841808
"663c96417cf7568733cd1b96","2_2",1,1,"1_3","1",NA,"2.2_right_fast",0.566398891966759,0.88,0.536723163841808
"663c96417cf7568733cd1b96","2_2",1,1,"1_4","0",NA,"2.2_right_fast",0.566398891966759,0.88,0.536723163841808
"663c96417cf7568733cd1b96","2_2",1,1,"1_5","0",NA,"2.2_right_fast",0.566398891966759,0.88,0.536723163841808
"663c96417cf7568733cd1b96","2_4",0,1,"1_1","1",NA,"2.4_wrong_fast",0.518938053097345,0.97,0.675141242937853
"663c96417cf7568733cd1b96","2_4",0,1,"1_2","0",NA,"2.4_wrong_fast",0.518938053097345,0.97,0.675141242937853
"663c96417cf7568733cd1b96","2_4",0,1,"1_3","1",NA,"2.4_wrong_fast",0.518938053097345,0.97,0.675141242937853
"663c96417cf7568733cd1b96","2_4",0,1,"1_4","0",NA,"2.4_wrong_fast",0.518938053097345,0.97,0.675141242937853
"663c96417cf7568733cd1b96","2_4",0,1,"1_5","0",NA,"2.4_wrong_fast",0.518938053097345,0.97,0.675141242937853
"663cca6f32da191e05406d21","2_1",1,0,"1_1","1",5,"2.1_right_slow",0.396726726726727,0.81,0.234463276836158
"663cca6f32da191e05406d21","2_1",1,0,"1_2","1",5,"2.1_right_slow",0.396726726726727,0.81,0.234463276836158
"663cca6f32da191e05406d21","2_1",1,0,"1_3","1",5,"2.1_right_slow",0.396726726726727,0.81,0.234463276836158
"663cca6f32da191e05406d21","2_1",1,0,"1_4","0",5,"2.1_right_slow",0.396726726726727,0.81,0.234463276836158
"663cca6f32da191e05406d21","2_1",1,0,"1_5","0",5,"2.1_right_slow",0.396726726726727,0.81,0.234463276836158
"663cca6f32da191e05406d21","2_2",1,0,"1_1","1",5,"2.2_right_slow",0.566398891966759,0.6,0.536723163841808
"663cca6f32da191e05406d21","2_2",1,0,"1_2","1",5,"2.2_right_slow",0.566398891966759,0.6,0.536723163841808
"663cca6f32da191e05406d21","2_2",1,0,"1_3","1",5,"2.2_right_slow",0.566398891966759,0.6,0.536723163841808
"663cca6f32da191e05406d21","2_2",1,0,"1_4","1",5,"2.2_right_slow",0.566398891966759,0.6,0.536723163841808
"663cca6f32da191e05406d21","2_2",1,0,"1_5","0",5,"2.2_right_slow",0.566398891966759,0.6,0.536723163841808
"663cca6f32da191e05406d21","2_3",1,0,"1_1","1",5,"2.3_right_slow",0.577430167597765,0.7,0.446327683615819
"663cca6f32da191e05406d21","2_3",1,0,"1_2","1",5,"2.3_right_slow",0.577430167597765,0.7,0.446327683615819
"663cca6f32da191e05406d21","2_3",1,0,"1_3","1",5,"2.3_right_slow",0.577430167597765,0.7,0.446327683615819
"663cca6f32da191e05406d21","2_3",1,0,"1_4","0",5,"2.3_right_slow",0.577430167597765,0.7,0.446327683615819
"663cca6f32da191e05406d21","2_3",1,0,"1_5","0",5,"2.3_right_slow",0.577430167597765,0.7,0.446327683615819
"663cca6f32da191e05406d21","2_2",1,1,"1_1","1",5,"2.2_right_fast",0.566398891966759,0.95,0.536723163841808
"663cca6f32da191e05406d21","2_2",1,1,"1_2","0",5,"2.2_right_fast",0.566398891966759,0.95,0.536723163841808
"663cca6f32da191e05406d21","2_2",1,1,"1_3","1",5,"2.2_right_fast",0.566398891966759,0.95,0.536723163841808
"663cca6f32da191e05406d21","2_2",1,1,"1_4","0",5,"2.2_right_fast",0.566398891966759,0.95,0.536723163841808
"663cca6f32da191e05406d21","2_2",1,1,"1_5","0",5,"2.2_right_fast",0.566398891966759,0.95,0.536723163841808
"663cca6f32da191e05406d21","2_4",1,1,"1_1","1",5,"2.4_right_fast",0.518938053097345,0.8,0.675141242937853
"663cca6f32da191e05406d21","2_4",1,1,"1_2","1",5,"2.4_right_fast",0.518938053097345,0.8,0.675141242937853
"663cca6f32da191e05406d21","2_4",1,1,"1_3","1",5,"2.4_right_fast",0.518938053097345,0.8,0.675141242937853
"663cca6f32da191e05406d21","2_4",1,1,"1_4","1",5,"2.4_right_fast",0.518938053097345,0.8,0.675141242937853
"663cca6f32da191e05406d21","2_4",1,1,"1_5","0",5,"2.4_right_fast",0.518938053097345,0.8,0.675141242937853
"664124a221f88b6a260a3df3","2_2",1,0,"1_1","1",3,"2.2_right_slow",0.566398891966759,0.5,0.536723163841808
"664124a221f88b6a260a3df3","2_2",1,0,"1_2","1",3,"2.2_right_slow",0.566398891966759,0.5,0.536723163841808
"664124a221f88b6a260a3df3","2_2",1,0,"1_3","0",3,"2.2_right_slow",0.566398891966759,0.5,0.536723163841808
"664124a221f88b6a260a3df3","2_2",1,0,"1_4","1",3,"2.2_right_slow",0.566398891966759,0.5,0.536723163841808
"664124a221f88b6a260a3df3","2_2",1,0,"1_5","0",3,"2.2_right_slow",0.566398891966759,0.5,0.536723163841808
"664124a221f88b6a260a3df3","2_5",1,0,"1_1","1",3,"2.5_right_slow",0.760870712401055,0.5,0.915254237288136
"664124a221f88b6a260a3df3","2_5",1,0,"1_2","1",3,"2.5_right_slow",0.760870712401055,0.5,0.915254237288136
"664124a221f88b6a260a3df3","2_5",1,0,"1_3","0",3,"2.5_right_slow",0.760870712401055,0.5,0.915254237288136
"664124a221f88b6a260a3df3","2_5",1,0,"1_4","1",3,"2.5_right_slow",0.760870712401055,0.5,0.915254237288136
"664124a221f88b6a260a3df3","2_5",1,0,"1_5","0",3,"2.5_right_slow",0.760870712401055,0.5,0.915254237288136
"664124a221f88b6a260a3df3","2_1",0,0,"1_1","1",3,"2.1_wrong_slow",0.396726726726727,0.5,0.234463276836158
"664124a221f88b6a260a3df3","2_1",0,0,"1_2","1",3,"2.1_wrong_slow",0.396726726726727,0.5,0.234463276836158
"664124a221f88b6a260a3df3","2_1",0,0,"1_3","0",3,"2.1_wrong_slow",0.396726726726727,0.5,0.234463276836158
"664124a221f88b6a260a3df3","2_1",0,0,"1_4","1",3,"2.1_wrong_slow",0.396726726726727,0.5,0.234463276836158
"664124a221f88b6a260a3df3","2_1",0,0,"1_5","0",3,"2.1_wrong_slow",0.396726726726727,0.5,0.234463276836158
"664124a221f88b6a260a3df3","2_4",0,0,"1_1","1",3,"2.4_wrong_slow",0.518938053097345,0.5,0.675141242937853
"664124a221f88b6a260a3df3","2_4",0,0,"1_2","1",3,"2.4_wrong_slow",0.518938053097345,0.5,0.675141242937853
"664124a221f88b6a260a3df3","2_4",0,0,"1_3","0",3,"2.4_wrong_slow",0.518938053097345,0.5,0.675141242937853
"664124a221f88b6a260a3df3","2_4",0,0,"1_4","0",3,"2.4_wrong_slow",0.518938053097345,0.5,0.675141242937853
"664124a221f88b6a260a3df3","2_4",0,0,"1_5","0",3,"2.4_wrong_slow",0.518938053097345,0.5,0.675141242937853
"664124a221f88b6a260a3df3","2_1",1,1,"1_1","1",3,"2.1_right_fast",0.396726726726727,0.5,0.234463276836158
"664124a221f88b6a260a3df3","2_1",1,1,"1_2","1",3,"2.1_right_fast",0.396726726726727,0.5,0.234463276836158
"664124a221f88b6a260a3df3","2_1",1,1,"1_3","0",3,"2.1_right_fast",0.396726726726727,0.5,0.234463276836158
"664124a221f88b6a260a3df3","2_1",1,1,"1_4","1",3,"2.1_right_fast",0.396726726726727,0.5,0.234463276836158
"664124a221f88b6a260a3df3","2_1",1,1,"1_5","0",3,"2.1_right_fast",0.396726726726727,0.5,0.234463276836158
"664493c2f8a40a43beacc839","2_2",0,0,"1_1","1",NA,"2.2_wrong_slow",0.566398891966759,0.6,0.536723163841808
"664493c2f8a40a43beacc839","2_2",0,0,"1_2","0",NA,"2.2_wrong_slow",0.566398891966759,0.6,0.536723163841808
"664493c2f8a40a43beacc839","2_2",0,0,"1_3","1",NA,"2.2_wrong_slow",0.566398891966759,0.6,0.536723163841808
"664493c2f8a40a43beacc839","2_2",0,0,"1_4","1",NA,"2.2_wrong_slow",0.566398891966759,0.6,0.536723163841808
"664493c2f8a40a43beacc839","2_2",0,0,"1_5","0",NA,"2.2_wrong_slow",0.566398891966759,0.6,0.536723163841808
"664493c2f8a40a43beacc839","2_5",0,0,"1_1","0",NA,"2.5_wrong_slow",0.760870712401055,0.65,0.915254237288136
"664493c2f8a40a43beacc839","2_5",0,0,"1_2","0",NA,"2.5_wrong_slow",0.760870712401055,0.65,0.915254237288136
"664493c2f8a40a43beacc839","2_5",0,0,"1_3","0",NA,"2.5_wrong_slow",0.760870712401055,0.65,0.915254237288136
"664493c2f8a40a43beacc839","2_5",0,0,"1_4","1",NA,"2.5_wrong_slow",0.760870712401055,0.65,0.915254237288136
"664493c2f8a40a43beacc839","2_5",0,0,"1_5","0",NA,"2.5_wrong_slow",0.760870712401055,0.65,0.915254237288136
"664493c2f8a40a43beacc839","2_4",1,1,"1_1","1",NA,"2.4_right_fast",0.518938053097345,0.55,0.675141242937853
"664493c2f8a40a43beacc839","2_4",1,1,"1_2","1",NA,"2.4_right_fast",0.518938053097345,0.55,0.675141242937853
"664493c2f8a40a43beacc839","2_4",1,1,"1_3","1",NA,"2.4_right_fast",0.518938053097345,0.55,0.675141242937853
"664493c2f8a40a43beacc839","2_4",1,1,"1_4","1",NA,"2.4_right_fast",0.518938053097345,0.55,0.675141242937853
"664493c2f8a40a43beacc839","2_4",1,1,"1_5","0",NA,"2.4_right_fast",0.518938053097345,0.55,0.675141242937853
"664493c2f8a40a43beacc839","2_5",1,1,"1_1","1",NA,"2.5_right_fast",0.760870712401055,0.65,0.915254237288136
"664493c2f8a40a43beacc839","2_5",1,1,"1_2","1",NA,"2.5_right_fast",0.760870712401055,0.65,0.915254237288136
"664493c2f8a40a43beacc839","2_5",1,1,"1_3","1",NA,"2.5_right_fast",0.760870712401055,0.65,0.915254237288136
"664493c2f8a40a43beacc839","2_5",1,1,"1_4","1",NA,"2.5_right_fast",0.760870712401055,0.65,0.915254237288136
"664493c2f8a40a43beacc839","2_5",1,1,"1_5","1",NA,"2.5_right_fast",0.760870712401055,0.65,0.915254237288136
"664493c2f8a40a43beacc839","2_2",0,1,"1_1","0",NA,"2.2_wrong_fast",0.566398891966759,0.5,0.536723163841808
"664493c2f8a40a43beacc839","2_2",0,1,"1_2","0",NA,"2.2_wrong_fast",0.566398891966759,0.5,0.536723163841808
"664493c2f8a40a43beacc839","2_2",0,1,"1_3","0",NA,"2.2_wrong_fast",0.566398891966759,0.5,0.536723163841808
"664493c2f8a40a43beacc839","2_2",0,1,"1_4","1",NA,"2.2_wrong_fast",0.566398891966759,0.5,0.536723163841808
"664493c2f8a40a43beacc839","2_2",0,1,"1_5","0",NA,"2.2_wrong_fast",0.566398891966759,0.5,0.536723163841808
"6644d7bf5f60f4789126db0d","2_3",1,0,"1_1","1",4,"2.3_right_slow",0.577430167597765,0.96,0.446327683615819
"6644d7bf5f60f4789126db0d","2_3",1,0,"1_2","1",4,"2.3_right_slow",0.577430167597765,0.96,0.446327683615819
"6644d7bf5f60f4789126db0d","2_3",1,0,"1_3","1",4,"2.3_right_slow",0.577430167597765,0.96,0.446327683615819
"6644d7bf5f60f4789126db0d","2_3",1,0,"1_4","1",4,"2.3_right_slow",0.577430167597765,0.96,0.446327683615819
"6644d7bf5f60f4789126db0d","2_3",1,0,"1_5","0",4,"2.3_right_slow",0.577430167597765,0.96,0.446327683615819
"6644d7bf5f60f4789126db0d","2_1",0,0,"1_1","0",4,"2.1_wrong_slow",0.396726726726727,0.84,0.234463276836158
"6644d7bf5f60f4789126db0d","2_1",0,0,"1_2","0",4,"2.1_wrong_slow",0.396726726726727,0.84,0.234463276836158
"6644d7bf5f60f4789126db0d","2_1",0,0,"1_3","0",4,"2.1_wrong_slow",0.396726726726727,0.84,0.234463276836158
"6644d7bf5f60f4789126db0d","2_1",0,0,"1_4","0",4,"2.1_wrong_slow",0.396726726726727,0.84,0.234463276836158
"6644d7bf5f60f4789126db0d","2_1",0,0,"1_5","0",4,"2.1_wrong_slow",0.396726726726727,0.84,0.234463276836158
"6644d7bf5f60f4789126db0d","2_4",0,0,"1_1","0",4,"2.4_wrong_slow",0.518938053097345,0.95,0.675141242937853
"6644d7bf5f60f4789126db0d","2_4",0,0,"1_2","0",4,"2.4_wrong_slow",0.518938053097345,0.95,0.675141242937853
"6644d7bf5f60f4789126db0d","2_4",0,0,"1_3","0",4,"2.4_wrong_slow",0.518938053097345,0.95,0.675141242937853
"6644d7bf5f60f4789126db0d","2_4",0,0,"1_4","0",4,"2.4_wrong_slow",0.518938053097345,0.95,0.675141242937853
"6644d7bf5f60f4789126db0d","2_4",0,0,"1_5","0",4,"2.4_wrong_slow",0.518938053097345,0.95,0.675141242937853
"6644d7bf5f60f4789126db0d","2_2",1,1,"1_1","1",4,"2.2_right_fast",0.566398891966759,0.96,0.536723163841808
"6644d7bf5f60f4789126db0d","2_2",1,1,"1_2","1",4,"2.2_right_fast",0.566398891966759,0.96,0.536723163841808
"6644d7bf5f60f4789126db0d","2_2",1,1,"1_3","1",4,"2.2_right_fast",0.566398891966759,0.96,0.536723163841808
"6644d7bf5f60f4789126db0d","2_2",1,1,"1_4","1",4,"2.2_right_fast",0.566398891966759,0.96,0.536723163841808
"6644d7bf5f60f4789126db0d","2_2",1,1,"1_5","0",4,"2.2_right_fast",0.566398891966759,0.96,0.536723163841808
"6644d7bf5f60f4789126db0d","2_1",0,1,"1_1","0",4,"2.1_wrong_fast",0.396726726726727,0.89,0.234463276836158
"6644d7bf5f60f4789126db0d","2_1",0,1,"1_2","0",4,"2.1_wrong_fast",0.396726726726727,0.89,0.234463276836158
"6644d7bf5f60f4789126db0d","2_1",0,1,"1_3","0",4,"2.1_wrong_fast",0.396726726726727,0.89,0.234463276836158
"6644d7bf5f60f4789126db0d","2_1",0,1,"1_4","0",4,"2.1_wrong_fast",0.396726726726727,0.89,0.234463276836158
"6644d7bf5f60f4789126db0d","2_1",0,1,"1_5","0",4,"2.1_wrong_fast",0.396726726726727,0.89,0.234463276836158
"6645755c72f71662e832dfb8","2_4",1,0,"1_1","1",10,"2.4_right_slow",0.518938053097345,0.15,0.675141242937853
"6645755c72f71662e832dfb8","2_4",1,0,"1_2","1",10,"2.4_right_slow",0.518938053097345,0.15,0.675141242937853
"6645755c72f71662e832dfb8","2_4",1,0,"1_3","0",10,"2.4_right_slow",0.518938053097345,0.15,0.675141242937853
"6645755c72f71662e832dfb8","2_4",1,0,"1_4","1",10,"2.4_right_slow",0.518938053097345,0.15,0.675141242937853
"6645755c72f71662e832dfb8","2_4",1,0,"1_5","0",10,"2.4_right_slow",0.518938053097345,0.15,0.675141242937853
"6645755c72f71662e832dfb8","2_3",0,0,"1_1","1",10,"2.3_wrong_slow",0.577430167597765,0.3,0.446327683615819
"6645755c72f71662e832dfb8","2_3",0,0,"1_2","0",10,"2.3_wrong_slow",0.577430167597765,0.3,0.446327683615819
"6645755c72f71662e832dfb8","2_3",0,0,"1_3","0",10,"2.3_wrong_slow",0.577430167597765,0.3,0.446327683615819
"6645755c72f71662e832dfb8","2_3",0,0,"1_4","1",10,"2.3_wrong_slow",0.577430167597765,0.3,0.446327683615819
"6645755c72f71662e832dfb8","2_3",0,0,"1_5","0",10,"2.3_wrong_slow",0.577430167597765,0.3,0.446327683615819
"6645755c72f71662e832dfb8","2_4",0,0,"1_1","1",10,"2.4_wrong_slow",0.518938053097345,0.1,0.675141242937853
"6645755c72f71662e832dfb8","2_4",0,0,"1_2","0",10,"2.4_wrong_slow",0.518938053097345,0.1,0.675141242937853
"6645755c72f71662e832dfb8","2_4",0,0,"1_3","0",10,"2.4_wrong_slow",0.518938053097345,0.1,0.675141242937853
"6645755c72f71662e832dfb8","2_4",0,0,"1_4","0",10,"2.4_wrong_slow",0.518938053097345,0.1,0.675141242937853
"6645755c72f71662e832dfb8","2_4",0,0,"1_5","0",10,"2.4_wrong_slow",0.518938053097345,0.1,0.675141242937853
"6645755c72f71662e832dfb8","2_1",0,1,"1_1","1",10,"2.1_wrong_fast",0.396726726726727,0.1,0.234463276836158
"6645755c72f71662e832dfb8","2_1",0,1,"1_2","0",10,"2.1_wrong_fast",0.396726726726727,0.1,0.234463276836158
"6645755c72f71662e832dfb8","2_1",0,1,"1_3","0",10,"2.1_wrong_fast",0.396726726726727,0.1,0.234463276836158
"6645755c72f71662e832dfb8","2_1",0,1,"1_4","1",10,"2.1_wrong_fast",0.396726726726727,0.1,0.234463276836158
"6645755c72f71662e832dfb8","2_1",0,1,"1_5","0",10,"2.1_wrong_fast",0.396726726726727,0.1,0.234463276836158
"6645755c72f71662e832dfb8","2_5",0,1,"1_1","1",10,"2.5_wrong_fast",0.760870712401055,0.97,0.915254237288136
"6645755c72f71662e832dfb8","2_5",0,1,"1_2","1",10,"2.5_wrong_fast",0.760870712401055,0.97,0.915254237288136
"6645755c72f71662e832dfb8","2_5",0,1,"1_3","0",10,"2.5_wrong_fast",0.760870712401055,0.97,0.915254237288136
"6645755c72f71662e832dfb8","2_5",0,1,"1_4","1",10,"2.5_wrong_fast",0.760870712401055,0.97,0.915254237288136
"6645755c72f71662e832dfb8","2_5",0,1,"1_5","0",10,"2.5_wrong_fast",0.760870712401055,0.97,0.915254237288136
"664641bdbd41a76a83a835a8","2_2",1,0,"1_1","1",7,"2.2_right_slow",0.566398891966759,0.4,0.536723163841808
"664641bdbd41a76a83a835a8","2_2",1,0,"1_2","1",7,"2.2_right_slow",0.566398891966759,0.4,0.536723163841808
"664641bdbd41a76a83a835a8","2_2",1,0,"1_3","1",7,"2.2_right_slow",0.566398891966759,0.4,0.536723163841808
"664641bdbd41a76a83a835a8","2_2",1,0,"1_4","1",7,"2.2_right_slow",0.566398891966759,0.4,0.536723163841808
"664641bdbd41a76a83a835a8","2_2",1,0,"1_5","0",7,"2.2_right_slow",0.566398891966759,0.4,0.536723163841808
"664641bdbd41a76a83a835a8","2_1",1,1,"1_1","1",7,"2.1_right_fast",0.396726726726727,0.3,0.234463276836158
"664641bdbd41a76a83a835a8","2_1",1,1,"1_2","1",7,"2.1_right_fast",0.396726726726727,0.3,0.234463276836158
"664641bdbd41a76a83a835a8","2_1",1,1,"1_3","1",7,"2.1_right_fast",0.396726726726727,0.3,0.234463276836158
"664641bdbd41a76a83a835a8","2_1",1,1,"1_4","1",7,"2.1_right_fast",0.396726726726727,0.3,0.234463276836158
"664641bdbd41a76a83a835a8","2_1",1,1,"1_5","0",7,"2.1_right_fast",0.396726726726727,0.3,0.234463276836158
"664641bdbd41a76a83a835a8","2_2",1,1,"1_1","1",7,"2.2_right_fast",0.566398891966759,0.6,0.536723163841808
"664641bdbd41a76a83a835a8","2_2",1,1,"1_2","1",7,"2.2_right_fast",0.566398891966759,0.6,0.536723163841808
"664641bdbd41a76a83a835a8","2_2",1,1,"1_3","1",7,"2.2_right_fast",0.566398891966759,0.6,0.536723163841808
"664641bdbd41a76a83a835a8","2_2",1,1,"1_4","1",7,"2.2_right_fast",0.566398891966759,0.6,0.536723163841808
"664641bdbd41a76a83a835a8","2_2",1,1,"1_5","0",7,"2.2_right_fast",0.566398891966759,0.6,0.536723163841808
"664641bdbd41a76a83a835a8","2_3",1,1,"1_1","1",7,"2.3_right_fast",0.577430167597765,0.75,0.446327683615819
"664641bdbd41a76a83a835a8","2_3",1,1,"1_2","1",7,"2.3_right_fast",0.577430167597765,0.75,0.446327683615819
"664641bdbd41a76a83a835a8","2_3",1,1,"1_3","0",7,"2.3_right_fast",0.577430167597765,0.75,0.446327683615819
"664641bdbd41a76a83a835a8","2_3",1,1,"1_4","1",7,"2.3_right_fast",0.577430167597765,0.75,0.446327683615819
"664641bdbd41a76a83a835a8","2_3",1,1,"1_5","0",7,"2.3_right_fast",0.577430167597765,0.75,0.446327683615819
"664641bdbd41a76a83a835a8","2_5",1,1,"1_1","1",7,"2.5_right_fast",0.760870712401055,0.9,0.915254237288136
"664641bdbd41a76a83a835a8","2_5",1,1,"1_2","1",7,"2.5_right_fast",0.760870712401055,0.9,0.915254237288136
"664641bdbd41a76a83a835a8","2_5",1,1,"1_3","1",7,"2.5_right_fast",0.760870712401055,0.9,0.915254237288136
"664641bdbd41a76a83a835a8","2_5",1,1,"1_4","1",7,"2.5_right_fast",0.760870712401055,0.9,0.915254237288136
"664641bdbd41a76a83a835a8","2_5",1,1,"1_5","1",7,"2.5_right_fast",0.760870712401055,0.9,0.915254237288136
"66465d688e90512d006edc84","2_1",1,0,"1_1","1",7,"2.1_right_slow",0.396726726726727,0.1,0.234463276836158
"66465d688e90512d006edc84","2_1",1,0,"1_2","1",7,"2.1_right_slow",0.396726726726727,0.1,0.234463276836158
"66465d688e90512d006edc84","2_1",1,0,"1_3","1",7,"2.1_right_slow",0.396726726726727,0.1,0.234463276836158
"66465d688e90512d006edc84","2_1",1,0,"1_4","1",7,"2.1_right_slow",0.396726726726727,0.1,0.234463276836158
"66465d688e90512d006edc84","2_1",1,0,"1_5","0",7,"2.1_right_slow",0.396726726726727,0.1,0.234463276836158
"66465d688e90512d006edc84","2_5",1,0,"1_1","1",7,"2.5_right_slow",0.760870712401055,0.6,0.915254237288136
"66465d688e90512d006edc84","2_5",1,0,"1_2","1",7,"2.5_right_slow",0.760870712401055,0.6,0.915254237288136
"66465d688e90512d006edc84","2_5",1,0,"1_3","1",7,"2.5_right_slow",0.760870712401055,0.6,0.915254237288136
"66465d688e90512d006edc84","2_5",1,0,"1_4","1",7,"2.5_right_slow",0.760870712401055,0.6,0.915254237288136
"66465d688e90512d006edc84","2_5",1,0,"1_5","1",7,"2.5_right_slow",0.760870712401055,0.6,0.915254237288136
"66465d688e90512d006edc84","2_4",0,0,"1_1","1",7,"2.4_wrong_slow",0.518938053097345,0.35,0.675141242937853
"66465d688e90512d006edc84","2_4",0,0,"1_2","1",7,"2.4_wrong_slow",0.518938053097345,0.35,0.675141242937853
"66465d688e90512d006edc84","2_4",0,0,"1_3","1",7,"2.4_wrong_slow",0.518938053097345,0.35,0.675141242937853
"66465d688e90512d006edc84","2_4",0,0,"1_4","0",7,"2.4_wrong_slow",0.518938053097345,0.35,0.675141242937853
"66465d688e90512d006edc84","2_4",0,0,"1_5","0",7,"2.4_wrong_slow",0.518938053097345,0.35,0.675141242937853
"66465d688e90512d006edc84","2_2",1,1,"1_1","1",7,"2.2_right_fast",0.566398891966759,0.3,0.536723163841808
"66465d688e90512d006edc84","2_2",1,1,"1_2","1",7,"2.2_right_fast",0.566398891966759,0.3,0.536723163841808
"66465d688e90512d006edc84","2_2",1,1,"1_3","1",7,"2.2_right_fast",0.566398891966759,0.3,0.536723163841808
"66465d688e90512d006edc84","2_2",1,1,"1_4","1",7,"2.2_right_fast",0.566398891966759,0.3,0.536723163841808
"66465d688e90512d006edc84","2_2",1,1,"1_5","0",7,"2.2_right_fast",0.566398891966759,0.3,0.536723163841808
"66465d688e90512d006edc84","2_5",1,1,"1_1","1",7,"2.5_right_fast",0.760870712401055,0.7,0.915254237288136
"66465d688e90512d006edc84","2_5",1,1,"1_2","1",7,"2.5_right_fast",0.760870712401055,0.7,0.915254237288136
"66465d688e90512d006edc84","2_5",1,1,"1_3","1",7,"2.5_right_fast",0.760870712401055,0.7,0.915254237288136
"66465d688e90512d006edc84","2_5",1,1,"1_4","1",7,"2.5_right_fast",0.760870712401055,0.7,0.915254237288136
"66465d688e90512d006edc84","2_5",1,1,"1_5","1",7,"2.5_right_fast",0.760870712401055,0.7,0.915254237288136
"664671b9d20e4b68c8b78770","2_5",1,0,"1_1","1",11,"2.5_right_slow",0.760870712401055,0.89,0.915254237288136
"664671b9d20e4b68c8b78770","2_5",1,0,"1_2","1",11,"2.5_right_slow",0.760870712401055,0.89,0.915254237288136
"664671b9d20e4b68c8b78770","2_5",1,0,"1_3","1",11,"2.5_right_slow",0.760870712401055,0.89,0.915254237288136
"664671b9d20e4b68c8b78770","2_5",1,0,"1_4","0",11,"2.5_right_slow",0.760870712401055,0.89,0.915254237288136
"664671b9d20e4b68c8b78770","2_5",1,0,"1_5","1",11,"2.5_right_slow",0.760870712401055,0.89,0.915254237288136
"664671b9d20e4b68c8b78770","2_2",0,0,"1_1","1",11,"2.2_wrong_slow",0.566398891966759,0.38,0.536723163841808
"664671b9d20e4b68c8b78770","2_2",0,0,"1_2","0",11,"2.2_wrong_slow",0.566398891966759,0.38,0.536723163841808
"664671b9d20e4b68c8b78770","2_2",0,0,"1_3","0",11,"2.2_wrong_slow",0.566398891966759,0.38,0.536723163841808
"664671b9d20e4b68c8b78770","2_2",0,0,"1_4","0",11,"2.2_wrong_slow",0.566398891966759,0.38,0.536723163841808
"664671b9d20e4b68c8b78770","2_2",0,0,"1_5","0",11,"2.2_wrong_slow",0.566398891966759,0.38,0.536723163841808
"664671b9d20e4b68c8b78770","2_2",1,1,"1_1","1",11,"2.2_right_fast",0.566398891966759,0.62,0.536723163841808
"664671b9d20e4b68c8b78770","2_2",1,1,"1_2","1",11,"2.2_right_fast",0.566398891966759,0.62,0.536723163841808
"664671b9d20e4b68c8b78770","2_2",1,1,"1_3","1",11,"2.2_right_fast",0.566398891966759,0.62,0.536723163841808
"664671b9d20e4b68c8b78770","2_2",1,1,"1_4","0",11,"2.2_right_fast",0.566398891966759,0.62,0.536723163841808
"664671b9d20e4b68c8b78770","2_2",1,1,"1_5","0",11,"2.2_right_fast",0.566398891966759,0.62,0.536723163841808
"664671b9d20e4b68c8b78770","2_5",1,1,"1_1","0",11,"2.5_right_fast",0.760870712401055,0.92,0.915254237288136
"664671b9d20e4b68c8b78770","2_5",1,1,"1_2","1",11,"2.5_right_fast",0.760870712401055,0.92,0.915254237288136
"664671b9d20e4b68c8b78770","2_5",1,1,"1_3","1",11,"2.5_right_fast",0.760870712401055,0.92,0.915254237288136
"664671b9d20e4b68c8b78770","2_5",1,1,"1_4","0",11,"2.5_right_fast",0.760870712401055,0.92,0.915254237288136
"664671b9d20e4b68c8b78770","2_5",1,1,"1_5","1",11,"2.5_right_fast",0.760870712401055,0.92,0.915254237288136
"664671b9d20e4b68c8b78770","2_4",0,1,"1_1","1",11,"2.4_wrong_fast",0.518938053097345,0.59,0.675141242937853
"664671b9d20e4b68c8b78770","2_4",0,1,"1_2","1",11,"2.4_wrong_fast",0.518938053097345,0.59,0.675141242937853
"664671b9d20e4b68c8b78770","2_4",0,1,"1_3","0",11,"2.4_wrong_fast",0.518938053097345,0.59,0.675141242937853
"664671b9d20e4b68c8b78770","2_4",0,1,"1_4","0",11,"2.4_wrong_fast",0.518938053097345,0.59,0.675141242937853
"664671b9d20e4b68c8b78770","2_4",0,1,"1_5","0",11,"2.4_wrong_fast",0.518938053097345,0.59,0.675141242937853
"664b556302986cf5ccd650f4","2_3",1,0,"1_1","1",9,"2.3_right_slow",0.577430167597765,0.27,0.446327683615819
"664b556302986cf5ccd650f4","2_3",1,0,"1_2","1",9,"2.3_right_slow",0.577430167597765,0.27,0.446327683615819
"664b556302986cf5ccd650f4","2_3",1,0,"1_3","1",9,"2.3_right_slow",0.577430167597765,0.27,0.446327683615819
"664b556302986cf5ccd650f4","2_3",1,0,"1_4","1",9,"2.3_right_slow",0.577430167597765,0.27,0.446327683615819
"664b556302986cf5ccd650f4","2_3",1,0,"1_5","0",9,"2.3_right_slow",0.577430167597765,0.27,0.446327683615819
"664b556302986cf5ccd650f4","2_4",1,0,"1_1","1",9,"2.4_right_slow",0.518938053097345,0.13,0.675141242937853
"664b556302986cf5ccd650f4","2_4",1,0,"1_2","1",9,"2.4_right_slow",0.518938053097345,0.13,0.675141242937853
"664b556302986cf5ccd650f4","2_4",1,0,"1_3","1",9,"2.4_right_slow",0.518938053097345,0.13,0.675141242937853
"664b556302986cf5ccd650f4","2_4",1,0,"1_4","1",9,"2.4_right_slow",0.518938053097345,0.13,0.675141242937853
"664b556302986cf5ccd650f4","2_4",1,0,"1_5","0",9,"2.4_right_slow",0.518938053097345,0.13,0.675141242937853
"664b556302986cf5ccd650f4","2_2",0,0,"1_1","1",9,"2.2_wrong_slow",0.566398891966759,0.12,0.536723163841808
"664b556302986cf5ccd650f4","2_2",0,0,"1_2","1",9,"2.2_wrong_slow",0.566398891966759,0.12,0.536723163841808
"664b556302986cf5ccd650f4","2_2",0,0,"1_3","0",9,"2.2_wrong_slow",0.566398891966759,0.12,0.536723163841808
"664b556302986cf5ccd650f4","2_2",0,0,"1_4","1",9,"2.2_wrong_slow",0.566398891966759,0.12,0.536723163841808
"664b556302986cf5ccd650f4","2_2",0,0,"1_5","0",9,"2.2_wrong_slow",0.566398891966759,0.12,0.536723163841808
"664b556302986cf5ccd650f4","2_4",0,0,"1_1","1",9,"2.4_wrong_slow",0.518938053097345,0.27,0.675141242937853
"664b556302986cf5ccd650f4","2_4",0,0,"1_2","1",9,"2.4_wrong_slow",0.518938053097345,0.27,0.675141242937853
"664b556302986cf5ccd650f4","2_4",0,0,"1_3","0",9,"2.4_wrong_slow",0.518938053097345,0.27,0.675141242937853
"664b556302986cf5ccd650f4","2_4",0,0,"1_4","0",9,"2.4_wrong_slow",0.518938053097345,0.27,0.675141242937853
"664b556302986cf5ccd650f4","2_4",0,0,"1_5","0",9,"2.4_wrong_slow",0.518938053097345,0.27,0.675141242937853
"664b556302986cf5ccd650f4","2_1",1,1,"1_1","1",9,"2.1_right_fast",0.396726726726727,0.05,0.234463276836158
"664b556302986cf5ccd650f4","2_1",1,1,"1_2","0",9,"2.1_right_fast",0.396726726726727,0.05,0.234463276836158
"664b556302986cf5ccd650f4","2_1",1,1,"1_3","1",9,"2.1_right_fast",0.396726726726727,0.05,0.234463276836158
"664b556302986cf5ccd650f4","2_1",1,1,"1_4","0",9,"2.1_right_fast",0.396726726726727,0.05,0.234463276836158
"664b556302986cf5ccd650f4","2_1",1,1,"1_5","0",9,"2.1_right_fast",0.396726726726727,0.05,0.234463276836158
"664b700b38e720bf4c02dfd7","2_2",1,0,"1_1","1",4,"2.2_right_slow",0.566398891966759,0.84,0.536723163841808
"664b700b38e720bf4c02dfd7","2_2",1,0,"1_2","1",4,"2.2_right_slow",0.566398891966759,0.84,0.536723163841808
"664b700b38e720bf4c02dfd7","2_2",1,0,"1_3","1",4,"2.2_right_slow",0.566398891966759,0.84,0.536723163841808
"664b700b38e720bf4c02dfd7","2_2",1,0,"1_4","1",4,"2.2_right_slow",0.566398891966759,0.84,0.536723163841808
"664b700b38e720bf4c02dfd7","2_2",1,0,"1_5","0",4,"2.2_right_slow",0.566398891966759,0.84,0.536723163841808
"664b700b38e720bf4c02dfd7","2_1",0,0,"1_1","0",4,"2.1_wrong_slow",0.396726726726727,0.71,0.234463276836158
"664b700b38e720bf4c02dfd7","2_1",0,0,"1_2","0",4,"2.1_wrong_slow",0.396726726726727,0.71,0.234463276836158
"664b700b38e720bf4c02dfd7","2_1",0,0,"1_3","0",4,"2.1_wrong_slow",0.396726726726727,0.71,0.234463276836158
"664b700b38e720bf4c02dfd7","2_1",0,0,"1_4","0",4,"2.1_wrong_slow",0.396726726726727,0.71,0.234463276836158
"664b700b38e720bf4c02dfd7","2_1",0,0,"1_5","0",4,"2.1_wrong_slow",0.396726726726727,0.71,0.234463276836158
"664b700b38e720bf4c02dfd7","2_2",1,1,"1_1","1",4,"2.2_right_fast",0.566398891966759,0.85,0.536723163841808
"664b700b38e720bf4c02dfd7","2_2",1,1,"1_2","1",4,"2.2_right_fast",0.566398891966759,0.85,0.536723163841808
"664b700b38e720bf4c02dfd7","2_2",1,1,"1_3","1",4,"2.2_right_fast",0.566398891966759,0.85,0.536723163841808
"664b700b38e720bf4c02dfd7","2_2",1,1,"1_4","1",4,"2.2_right_fast",0.566398891966759,0.85,0.536723163841808
"664b700b38e720bf4c02dfd7","2_2",1,1,"1_5","0",4,"2.2_right_fast",0.566398891966759,0.85,0.536723163841808
"664b700b38e720bf4c02dfd7","2_3",1,1,"1_1","1",4,"2.3_right_fast",0.577430167597765,0.96,0.446327683615819
"664b700b38e720bf4c02dfd7","2_3",1,1,"1_2","1",4,"2.3_right_fast",0.577430167597765,0.96,0.446327683615819
"664b700b38e720bf4c02dfd7","2_3",1,1,"1_3","1",4,"2.3_right_fast",0.577430167597765,0.96,0.446327683615819
"664b700b38e720bf4c02dfd7","2_3",1,1,"1_4","1",4,"2.3_right_fast",0.577430167597765,0.96,0.446327683615819
"664b700b38e720bf4c02dfd7","2_3",1,1,"1_5","0",4,"2.3_right_fast",0.577430167597765,0.96,0.446327683615819
"664b700b38e720bf4c02dfd7","2_5",0,1,"1_1","1",4,"2.5_wrong_fast",0.760870712401055,0.93,0.915254237288136
"664b700b38e720bf4c02dfd7","2_5",0,1,"1_2","0",4,"2.5_wrong_fast",0.760870712401055,0.93,0.915254237288136
"664b700b38e720bf4c02dfd7","2_5",0,1,"1_3","0",4,"2.5_wrong_fast",0.760870712401055,0.93,0.915254237288136
"664b700b38e720bf4c02dfd7","2_5",0,1,"1_4","0",4,"2.5_wrong_fast",0.760870712401055,0.93,0.915254237288136
"664b700b38e720bf4c02dfd7","2_5",0,1,"1_5","0",4,"2.5_wrong_fast",0.760870712401055,0.93,0.915254237288136
"664d3306a354afdb587d4550","2_4",1,0,"1_1","0",1,"2.4_right_slow",0.518938053097345,0.28,0.675141242937853
"664d3306a354afdb587d4550","2_4",1,0,"1_2","1",1,"2.4_right_slow",0.518938053097345,0.28,0.675141242937853
"664d3306a354afdb587d4550","2_4",1,0,"1_3","1",1,"2.4_right_slow",0.518938053097345,0.28,0.675141242937853
"664d3306a354afdb587d4550","2_4",1,0,"1_4","1",1,"2.4_right_slow",0.518938053097345,0.28,0.675141242937853
"664d3306a354afdb587d4550","2_4",1,0,"1_5","0",1,"2.4_right_slow",0.518938053097345,0.28,0.675141242937853
"664d3306a354afdb587d4550","2_1",0,0,"1_1","1",1,"2.1_wrong_slow",0.396726726726727,0.59,0.234463276836158
"664d3306a354afdb587d4550","2_1",0,0,"1_2","1",1,"2.1_wrong_slow",0.396726726726727,0.59,0.234463276836158
"664d3306a354afdb587d4550","2_1",0,0,"1_3","1",1,"2.1_wrong_slow",0.396726726726727,0.59,0.234463276836158
"664d3306a354afdb587d4550","2_1",0,0,"1_4","1",1,"2.1_wrong_slow",0.396726726726727,0.59,0.234463276836158
"664d3306a354afdb587d4550","2_1",0,0,"1_5","0",1,"2.1_wrong_slow",0.396726726726727,0.59,0.234463276836158
"664d3306a354afdb587d4550","2_2",0,0,"1_1","1",1,"2.2_wrong_slow",0.566398891966759,0.45,0.536723163841808
"664d3306a354afdb587d4550","2_2",0,0,"1_2","1",1,"2.2_wrong_slow",0.566398891966759,0.45,0.536723163841808
"664d3306a354afdb587d4550","2_2",0,0,"1_3","1",1,"2.2_wrong_slow",0.566398891966759,0.45,0.536723163841808
"664d3306a354afdb587d4550","2_2",0,0,"1_4","1",1,"2.2_wrong_slow",0.566398891966759,0.45,0.536723163841808
"664d3306a354afdb587d4550","2_2",0,0,"1_5","0",1,"2.2_wrong_slow",0.566398891966759,0.45,0.536723163841808
"664d3306a354afdb587d4550","2_3",0,0,"1_1","1",1,"2.3_wrong_slow",0.577430167597765,0.6,0.446327683615819
"664d3306a354afdb587d4550","2_3",0,0,"1_2","1",1,"2.3_wrong_slow",0.577430167597765,0.6,0.446327683615819
"664d3306a354afdb587d4550","2_3",0,0,"1_3","1",1,"2.3_wrong_slow",0.577430167597765,0.6,0.446327683615819
"664d3306a354afdb587d4550","2_3",0,0,"1_4","1",1,"2.3_wrong_slow",0.577430167597765,0.6,0.446327683615819
"664d3306a354afdb587d4550","2_3",0,0,"1_5","0",1,"2.3_wrong_slow",0.577430167597765,0.6,0.446327683615819
"664d3306a354afdb587d4550","2_2",1,1,"1_1","0",1,"2.2_right_fast",0.566398891966759,0.69,0.536723163841808
"664d3306a354afdb587d4550","2_2",1,1,"1_2","1",1,"2.2_right_fast",0.566398891966759,0.69,0.536723163841808
"664d3306a354afdb587d4550","2_2",1,1,"1_3","1",1,"2.2_right_fast",0.566398891966759,0.69,0.536723163841808
"664d3306a354afdb587d4550","2_2",1,1,"1_4","1",1,"2.2_right_fast",0.566398891966759,0.69,0.536723163841808
"664d3306a354afdb587d4550","2_2",1,1,"1_5","0",1,"2.2_right_fast",0.566398891966759,0.69,0.536723163841808
"664d46ad7cc1780eecfd0c24","2_3",1,0,"1_1","1",9,"2.3_right_slow",0.577430167597765,0.13,0.446327683615819
"664d46ad7cc1780eecfd0c24","2_3",1,0,"1_2","1",9,"2.3_right_slow",0.577430167597765,0.13,0.446327683615819
"664d46ad7cc1780eecfd0c24","2_3",1,0,"1_3","1",9,"2.3_right_slow",0.577430167597765,0.13,0.446327683615819
"664d46ad7cc1780eecfd0c24","2_3",1,0,"1_4","0",9,"2.3_right_slow",0.577430167597765,0.13,0.446327683615819
"664d46ad7cc1780eecfd0c24","2_3",1,0,"1_5","0",9,"2.3_right_slow",0.577430167597765,0.13,0.446327683615819
"664d46ad7cc1780eecfd0c24","2_5",1,0,"1_1","1",9,"2.5_right_slow",0.760870712401055,0.98,0.915254237288136
"664d46ad7cc1780eecfd0c24","2_5",1,0,"1_2","1",9,"2.5_right_slow",0.760870712401055,0.98,0.915254237288136
"664d46ad7cc1780eecfd0c24","2_5",1,0,"1_3","1",9,"2.5_right_slow",0.760870712401055,0.98,0.915254237288136
"664d46ad7cc1780eecfd0c24","2_5",1,0,"1_4","1",9,"2.5_right_slow",0.760870712401055,0.98,0.915254237288136
"664d46ad7cc1780eecfd0c24","2_5",1,0,"1_5","0",9,"2.5_right_slow",0.760870712401055,0.98,0.915254237288136
"664d46ad7cc1780eecfd0c24","2_5",0,0,"1_1","1",9,"2.5_wrong_slow",0.760870712401055,0.98,0.915254237288136
"664d46ad7cc1780eecfd0c24","2_5",0,0,"1_2","1",9,"2.5_wrong_slow",0.760870712401055,0.98,0.915254237288136
"664d46ad7cc1780eecfd0c24","2_5",0,0,"1_3","1",9,"2.5_wrong_slow",0.760870712401055,0.98,0.915254237288136
"664d46ad7cc1780eecfd0c24","2_5",0,0,"1_4","1",9,"2.5_wrong_slow",0.760870712401055,0.98,0.915254237288136
"664d46ad7cc1780eecfd0c24","2_5",0,0,"1_5","0",9,"2.5_wrong_slow",0.760870712401055,0.98,0.915254237288136
"664d46ad7cc1780eecfd0c24","2_4",1,1,"1_1","1",9,"2.4_right_fast",0.518938053097345,0.56,0.675141242937853
"664d46ad7cc1780eecfd0c24","2_4",1,1,"1_2","1",9,"2.4_right_fast",0.518938053097345,0.56,0.675141242937853
"664d46ad7cc1780eecfd0c24","2_4",1,1,"1_3","1",9,"2.4_right_fast",0.518938053097345,0.56,0.675141242937853
"664d46ad7cc1780eecfd0c24","2_4",1,1,"1_4","1",9,"2.4_right_fast",0.518938053097345,0.56,0.675141242937853
"664d46ad7cc1780eecfd0c24","2_4",1,1,"1_5","0",9,"2.4_right_fast",0.518938053097345,0.56,0.675141242937853
"664d46ad7cc1780eecfd0c24","2_4",0,1,"1_1","1",9,"2.4_wrong_fast",0.518938053097345,0.8,0.675141242937853
"664d46ad7cc1780eecfd0c24","2_4",0,1,"1_2","0",9,"2.4_wrong_fast",0.518938053097345,0.8,0.675141242937853
"664d46ad7cc1780eecfd0c24","2_4",0,1,"1_3","1",9,"2.4_wrong_fast",0.518938053097345,0.8,0.675141242937853
"664d46ad7cc1780eecfd0c24","2_4",0,1,"1_4","0",9,"2.4_wrong_fast",0.518938053097345,0.8,0.675141242937853
"664d46ad7cc1780eecfd0c24","2_4",0,1,"1_5","0",9,"2.4_wrong_fast",0.518938053097345,0.8,0.675141242937853
"664f69a84a5c11cd7be673de","2_2",1,0,"1_1","1",2,"2.2_right_slow",0.566398891966759,0.33,0.536723163841808
"664f69a84a5c11cd7be673de","2_2",1,0,"1_2","1",2,"2.2_right_slow",0.566398891966759,0.33,0.536723163841808
"664f69a84a5c11cd7be673de","2_2",1,0,"1_3","1",2,"2.2_right_slow",0.566398891966759,0.33,0.536723163841808
"664f69a84a5c11cd7be673de","2_2",1,0,"1_4","0",2,"2.2_right_slow",0.566398891966759,0.33,0.536723163841808
"664f69a84a5c11cd7be673de","2_2",1,0,"1_5","0",2,"2.2_right_slow",0.566398891966759,0.33,0.536723163841808
"664f69a84a5c11cd7be673de","2_3",1,0,"1_1","1",2,"2.3_right_slow",0.577430167597765,0.29,0.446327683615819
"664f69a84a5c11cd7be673de","2_3",1,0,"1_2","1",2,"2.3_right_slow",0.577430167597765,0.29,0.446327683615819
"664f69a84a5c11cd7be673de","2_3",1,0,"1_3","1",2,"2.3_right_slow",0.577430167597765,0.29,0.446327683615819
"664f69a84a5c11cd7be673de","2_3",1,0,"1_4","0",2,"2.3_right_slow",0.577430167597765,0.29,0.446327683615819
"664f69a84a5c11cd7be673de","2_3",1,0,"1_5","0",2,"2.3_right_slow",0.577430167597765,0.29,0.446327683615819
"664f69a84a5c11cd7be673de","2_4",1,0,"1_1","1",2,"2.4_right_slow",0.518938053097345,0.29,0.675141242937853
"664f69a84a5c11cd7be673de","2_4",1,0,"1_2","1",2,"2.4_right_slow",0.518938053097345,0.29,0.675141242937853
"664f69a84a5c11cd7be673de","2_4",1,0,"1_3","1",2,"2.4_right_slow",0.518938053097345,0.29,0.675141242937853
"664f69a84a5c11cd7be673de","2_4",1,0,"1_4","0",2,"2.4_right_slow",0.518938053097345,0.29,0.675141242937853
"664f69a84a5c11cd7be673de","2_4",1,0,"1_5","0",2,"2.4_right_slow",0.518938053097345,0.29,0.675141242937853
"664f69a84a5c11cd7be673de","2_5",1,0,"1_1","1",2,"2.5_right_slow",0.760870712401055,0.11,0.915254237288136
"664f69a84a5c11cd7be673de","2_5",1,0,"1_2","1",2,"2.5_right_slow",0.760870712401055,0.11,0.915254237288136
"664f69a84a5c11cd7be673de","2_5",1,0,"1_3","1",2,"2.5_right_slow",0.760870712401055,0.11,0.915254237288136
"664f69a84a5c11cd7be673de","2_5",1,0,"1_4","0",2,"2.5_right_slow",0.760870712401055,0.11,0.915254237288136
"664f69a84a5c11cd7be673de","2_5",1,0,"1_5","0",2,"2.5_right_slow",0.760870712401055,0.11,0.915254237288136
"664f69a84a5c11cd7be673de","2_4",1,1,"1_1","1",2,"2.4_right_fast",0.518938053097345,0.11,0.675141242937853
"664f69a84a5c11cd7be673de","2_4",1,1,"1_2","1",2,"2.4_right_fast",0.518938053097345,0.11,0.675141242937853
"664f69a84a5c11cd7be673de","2_4",1,1,"1_3","1",2,"2.4_right_fast",0.518938053097345,0.11,0.675141242937853
"664f69a84a5c11cd7be673de","2_4",1,1,"1_4","0",2,"2.4_right_fast",0.518938053097345,0.11,0.675141242937853
"664f69a84a5c11cd7be673de","2_4",1,1,"1_5","0",2,"2.4_right_fast",0.518938053097345,0.11,0.675141242937853
"6650ecda2657647b60a302eb","2_1",1,1,"1_1","1",5,"2.1_right_fast",0.396726726726727,0.8,0.234463276836158
"6650ecda2657647b60a302eb","2_1",1,1,"1_2","1",5,"2.1_right_fast",0.396726726726727,0.8,0.234463276836158
"6650ecda2657647b60a302eb","2_1",1,1,"1_3","1",5,"2.1_right_fast",0.396726726726727,0.8,0.234463276836158
"6650ecda2657647b60a302eb","2_1",1,1,"1_4","1",5,"2.1_right_fast",0.396726726726727,0.8,0.234463276836158
"6650ecda2657647b60a302eb","2_1",1,1,"1_5","0",5,"2.1_right_fast",0.396726726726727,0.8,0.234463276836158
"6650ecda2657647b60a302eb","2_2",1,1,"1_1","1",5,"2.2_right_fast",0.566398891966759,0.75,0.536723163841808
"6650ecda2657647b60a302eb","2_2",1,1,"1_2","1",5,"2.2_right_fast",0.566398891966759,0.75,0.536723163841808
"6650ecda2657647b60a302eb","2_2",1,1,"1_3","1",5,"2.2_right_fast",0.566398891966759,0.75,0.536723163841808
"6650ecda2657647b60a302eb","2_2",1,1,"1_4","1",5,"2.2_right_fast",0.566398891966759,0.75,0.536723163841808
"6650ecda2657647b60a302eb","2_2",1,1,"1_5","0",5,"2.2_right_fast",0.566398891966759,0.75,0.536723163841808
"6650ecda2657647b60a302eb","2_3",1,1,"1_1","1",5,"2.3_right_fast",0.577430167597765,0.85,0.446327683615819
"6650ecda2657647b60a302eb","2_3",1,1,"1_2","1",5,"2.3_right_fast",0.577430167597765,0.85,0.446327683615819
"6650ecda2657647b60a302eb","2_3",1,1,"1_3","1",5,"2.3_right_fast",0.577430167597765,0.85,0.446327683615819
"6650ecda2657647b60a302eb","2_3",1,1,"1_4","1",5,"2.3_right_fast",0.577430167597765,0.85,0.446327683615819
"6650ecda2657647b60a302eb","2_3",1,1,"1_5","0",5,"2.3_right_fast",0.577430167597765,0.85,0.446327683615819
"6650ecda2657647b60a302eb","2_5",1,1,"1_1","1",5,"2.5_right_fast",0.760870712401055,1,0.915254237288136
"6650ecda2657647b60a302eb","2_5",1,1,"1_2","1",5,"2.5_right_fast",0.760870712401055,1,0.915254237288136
"6650ecda2657647b60a302eb","2_5",1,1,"1_3","1",5,"2.5_right_fast",0.760870712401055,1,0.915254237288136
"6650ecda2657647b60a302eb","2_5",1,1,"1_4","1",5,"2.5_right_fast",0.760870712401055,1,0.915254237288136
"6650ecda2657647b60a302eb","2_5",1,1,"1_5","0",5,"2.5_right_fast",0.760870712401055,1,0.915254237288136
"6650ecda2657647b60a302eb","2_1",0,1,"1_1","1",5,"2.1_wrong_fast",0.396726726726727,0.75,0.234463276836158
"6650ecda2657647b60a302eb","2_1",0,1,"1_2","1",5,"2.1_wrong_fast",0.396726726726727,0.75,0.234463276836158
"6650ecda2657647b60a302eb","2_1",0,1,"1_3","1",5,"2.1_wrong_fast",0.396726726726727,0.75,0.234463276836158
"6650ecda2657647b60a302eb","2_1",0,1,"1_4","1",5,"2.1_wrong_fast",0.396726726726727,0.75,0.234463276836158
"6650ecda2657647b60a302eb","2_1",0,1,"1_5","0",5,"2.1_wrong_fast",0.396726726726727,0.75,0.234463276836158
"66520f31e4b5df0b6b365ed3","2_1",1,0,"1_1","1",5,"2.1_right_slow",0.396726726726727,0,0.234463276836158
"66520f31e4b5df0b6b365ed3","2_1",1,0,"1_2","1",5,"2.1_right_slow",0.396726726726727,0,0.234463276836158
"66520f31e4b5df0b6b365ed3","2_1",1,0,"1_3","1",5,"2.1_right_slow",0.396726726726727,0,0.234463276836158
"66520f31e4b5df0b6b365ed3","2_1",1,0,"1_4","0",5,"2.1_right_slow",0.396726726726727,0,0.234463276836158
"66520f31e4b5df0b6b365ed3","2_1",1,0,"1_5","0",5,"2.1_right_slow",0.396726726726727,0,0.234463276836158
"66520f31e4b5df0b6b365ed3","2_2",1,0,"1_1","1",5,"2.2_right_slow",0.566398891966759,0.1,0.536723163841808
"66520f31e4b5df0b6b365ed3","2_2",1,0,"1_2","1",5,"2.2_right_slow",0.566398891966759,0.1,0.536723163841808
"66520f31e4b5df0b6b365ed3","2_2",1,0,"1_3","1",5,"2.2_right_slow",0.566398891966759,0.1,0.536723163841808
"66520f31e4b5df0b6b365ed3","2_2",1,0,"1_4","1",5,"2.2_right_slow",0.566398891966759,0.1,0.536723163841808
"66520f31e4b5df0b6b365ed3","2_2",1,0,"1_5","0",5,"2.2_right_slow",0.566398891966759,0.1,0.536723163841808
"66520f31e4b5df0b6b365ed3","2_3",0,0,"1_1","1",5,"2.3_wrong_slow",0.577430167597765,0.09,0.446327683615819
"66520f31e4b5df0b6b365ed3","2_3",0,0,"1_2","0",5,"2.3_wrong_slow",0.577430167597765,0.09,0.446327683615819
"66520f31e4b5df0b6b365ed3","2_3",0,0,"1_3","1",5,"2.3_wrong_slow",0.577430167597765,0.09,0.446327683615819
"66520f31e4b5df0b6b365ed3","2_3",0,0,"1_4","0",5,"2.3_wrong_slow",0.577430167597765,0.09,0.446327683615819
"66520f31e4b5df0b6b365ed3","2_3",0,0,"1_5","0",5,"2.3_wrong_slow",0.577430167597765,0.09,0.446327683615819
"66520f31e4b5df0b6b365ed3","2_1",1,1,"1_1","1",5,"2.1_right_fast",0.396726726726727,0,0.234463276836158
"66520f31e4b5df0b6b365ed3","2_1",1,1,"1_2","1",5,"2.1_right_fast",0.396726726726727,0,0.234463276836158
"66520f31e4b5df0b6b365ed3","2_1",1,1,"1_3","1",5,"2.1_right_fast",0.396726726726727,0,0.234463276836158
"66520f31e4b5df0b6b365ed3","2_1",1,1,"1_4","1",5,"2.1_right_fast",0.396726726726727,0,0.234463276836158
"66520f31e4b5df0b6b365ed3","2_1",1,1,"1_5","0",5,"2.1_right_fast",0.396726726726727,0,0.234463276836158
"66520f31e4b5df0b6b365ed3","2_2",0,1,"1_1","1",5,"2.2_wrong_fast",0.566398891966759,0.2,0.536723163841808
"66520f31e4b5df0b6b365ed3","2_2",0,1,"1_2","0",5,"2.2_wrong_fast",0.566398891966759,0.2,0.536723163841808
"66520f31e4b5df0b6b365ed3","2_2",0,1,"1_3","0",5,"2.2_wrong_fast",0.566398891966759,0.2,0.536723163841808
"66520f31e4b5df0b6b365ed3","2_2",0,1,"1_4","0",5,"2.2_wrong_fast",0.566398891966759,0.2,0.536723163841808
"66520f31e4b5df0b6b365ed3","2_2",0,1,"1_5","0",5,"2.2_wrong_fast",0.566398891966759,0.2,0.536723163841808
"6657711e8946f4ed5f7a08a0","2_2",1,0,"1_1","1",9,"2.2_right_slow",0.566398891966759,0.24,0.536723163841808
"6657711e8946f4ed5f7a08a0","2_2",1,0,"1_2","1",9,"2.2_right_slow",0.566398891966759,0.24,0.536723163841808
"6657711e8946f4ed5f7a08a0","2_2",1,0,"1_3","0",9,"2.2_right_slow",0.566398891966759,0.24,0.536723163841808
"6657711e8946f4ed5f7a08a0","2_2",1,0,"1_4","0",9,"2.2_right_slow",0.566398891966759,0.24,0.536723163841808
"6657711e8946f4ed5f7a08a0","2_2",1,0,"1_5","0",9,"2.2_right_slow",0.566398891966759,0.24,0.536723163841808
"6657711e8946f4ed5f7a08a0","2_3",1,0,"1_1","1",9,"2.3_right_slow",0.577430167597765,0.29,0.446327683615819
"6657711e8946f4ed5f7a08a0","2_3",1,0,"1_2","1",9,"2.3_right_slow",0.577430167597765,0.29,0.446327683615819
"6657711e8946f4ed5f7a08a0","2_3",1,0,"1_3","1",9,"2.3_right_slow",0.577430167597765,0.29,0.446327683615819
"6657711e8946f4ed5f7a08a0","2_3",1,0,"1_4","0",9,"2.3_right_slow",0.577430167597765,0.29,0.446327683615819
"6657711e8946f4ed5f7a08a0","2_3",1,0,"1_5","0",9,"2.3_right_slow",0.577430167597765,0.29,0.446327683615819
"6657711e8946f4ed5f7a08a0","2_1",0,0,"1_1","1",9,"2.1_wrong_slow",0.396726726726727,0.02,0.234463276836158
"6657711e8946f4ed5f7a08a0","2_1",0,0,"1_2","1",9,"2.1_wrong_slow",0.396726726726727,0.02,0.234463276836158
"6657711e8946f4ed5f7a08a0","2_1",0,0,"1_3","0",9,"2.1_wrong_slow",0.396726726726727,0.02,0.234463276836158
"6657711e8946f4ed5f7a08a0","2_1",0,0,"1_4","0",9,"2.1_wrong_slow",0.396726726726727,0.02,0.234463276836158
"6657711e8946f4ed5f7a08a0","2_1",0,0,"1_5","0",9,"2.1_wrong_slow",0.396726726726727,0.02,0.234463276836158
"6657711e8946f4ed5f7a08a0","2_5",1,1,"1_1","1",9,"2.5_right_fast",0.760870712401055,0.81,0.915254237288136
"6657711e8946f4ed5f7a08a0","2_5",1,1,"1_2","0",9,"2.5_right_fast",0.760870712401055,0.81,0.915254237288136
"6657711e8946f4ed5f7a08a0","2_5",1,1,"1_3","0",9,"2.5_right_fast",0.760870712401055,0.81,0.915254237288136
"6657711e8946f4ed5f7a08a0","2_5",1,1,"1_4","0",9,"2.5_right_fast",0.760870712401055,0.81,0.915254237288136
"6657711e8946f4ed5f7a08a0","2_5",1,1,"1_5","0",9,"2.5_right_fast",0.760870712401055,0.81,0.915254237288136
"6657711e8946f4ed5f7a08a0","2_1",0,1,"1_1","1",9,"2.1_wrong_fast",0.396726726726727,0.25,0.234463276836158
"6657711e8946f4ed5f7a08a0","2_1",0,1,"1_2","0",9,"2.1_wrong_fast",0.396726726726727,0.25,0.234463276836158
"6657711e8946f4ed5f7a08a0","2_1",0,1,"1_3","0",9,"2.1_wrong_fast",0.396726726726727,0.25,0.234463276836158
"6657711e8946f4ed5f7a08a0","2_1",0,1,"1_4","0",9,"2.1_wrong_fast",0.396726726726727,0.25,0.234463276836158
"6657711e8946f4ed5f7a08a0","2_1",0,1,"1_5","0",9,"2.1_wrong_fast",0.396726726726727,0.25,0.234463276836158
"665773e884cedbe2cba4794e","2_1",1,1,"1_1","1",NA,"2.1_right_fast",0.396726726726727,0.68,0.234463276836158
"665773e884cedbe2cba4794e","2_1",1,1,"1_2","0",NA,"2.1_right_fast",0.396726726726727,0.68,0.234463276836158
"665773e884cedbe2cba4794e","2_1",1,1,"1_3","0",NA,"2.1_right_fast",0.396726726726727,0.68,0.234463276836158
"665773e884cedbe2cba4794e","2_1",1,1,"1_4","1",NA,"2.1_right_fast",0.396726726726727,0.68,0.234463276836158
"665773e884cedbe2cba4794e","2_1",1,1,"1_5","0",NA,"2.1_right_fast",0.396726726726727,0.68,0.234463276836158
"665773e884cedbe2cba4794e","2_4",1,1,"1_1","0",NA,"2.4_right_fast",0.518938053097345,0.39,0.675141242937853
"665773e884cedbe2cba4794e","2_4",1,1,"1_2","0",NA,"2.4_right_fast",0.518938053097345,0.39,0.675141242937853
"665773e884cedbe2cba4794e","2_4",1,1,"1_3","0",NA,"2.4_right_fast",0.518938053097345,0.39,0.675141242937853
"665773e884cedbe2cba4794e","2_4",1,1,"1_4","1",NA,"2.4_right_fast",0.518938053097345,0.39,0.675141242937853
"665773e884cedbe2cba4794e","2_4",1,1,"1_5","0",NA,"2.4_right_fast",0.518938053097345,0.39,0.675141242937853
"665773e884cedbe2cba4794e","2_3",0,1,"1_1","1",NA,"2.3_wrong_fast",0.577430167597765,0.9,0.446327683615819
"665773e884cedbe2cba4794e","2_3",0,1,"1_2","0",NA,"2.3_wrong_fast",0.577430167597765,0.9,0.446327683615819
"665773e884cedbe2cba4794e","2_3",0,1,"1_3","0",NA,"2.3_wrong_fast",0.577430167597765,0.9,0.446327683615819
"665773e884cedbe2cba4794e","2_3",0,1,"1_4","0",NA,"2.3_wrong_fast",0.577430167597765,0.9,0.446327683615819
"665773e884cedbe2cba4794e","2_3",0,1,"1_5","0",NA,"2.3_wrong_fast",0.577430167597765,0.9,0.446327683615819
"665773e884cedbe2cba4794e","2_4",0,1,"1_1","0",NA,"2.4_wrong_fast",0.518938053097345,0.79,0.675141242937853
"665773e884cedbe2cba4794e","2_4",0,1,"1_2","0",NA,"2.4_wrong_fast",0.518938053097345,0.79,0.675141242937853
"665773e884cedbe2cba4794e","2_4",0,1,"1_3","0",NA,"2.4_wrong_fast",0.518938053097345,0.79,0.675141242937853
"665773e884cedbe2cba4794e","2_4",0,1,"1_4","1",NA,"2.4_wrong_fast",0.518938053097345,0.79,0.675141242937853
"665773e884cedbe2cba4794e","2_4",0,1,"1_5","0",NA,"2.4_wrong_fast",0.518938053097345,0.79,0.675141242937853
"665773e884cedbe2cba4794e","2_5",0,1,"1_1","0",NA,"2.5_wrong_fast",0.760870712401055,0.9,0.915254237288136
"665773e884cedbe2cba4794e","2_5",0,1,"1_2","0",NA,"2.5_wrong_fast",0.760870712401055,0.9,0.915254237288136
"665773e884cedbe2cba4794e","2_5",0,1,"1_3","0",NA,"2.5_wrong_fast",0.760870712401055,0.9,0.915254237288136
"665773e884cedbe2cba4794e","2_5",0,1,"1_4","1",NA,"2.5_wrong_fast",0.760870712401055,0.9,0.915254237288136
"665773e884cedbe2cba4794e","2_5",0,1,"1_5","0",NA,"2.5_wrong_fast",0.760870712401055,0.9,0.915254237288136
"66585ecc44201efc39f333bc","2_4",1,0,"1_1","1",3,"2.4_right_slow",0.518938053097345,0.6,0.675141242937853
"66585ecc44201efc39f333bc","2_4",1,0,"1_2","1",3,"2.4_right_slow",0.518938053097345,0.6,0.675141242937853
"66585ecc44201efc39f333bc","2_4",1,0,"1_3","0",3,"2.4_right_slow",0.518938053097345,0.6,0.675141242937853
"66585ecc44201efc39f333bc","2_4",1,0,"1_4","1",3,"2.4_right_slow",0.518938053097345,0.6,0.675141242937853
"66585ecc44201efc39f333bc","2_4",1,0,"1_5","0",3,"2.4_right_slow",0.518938053097345,0.6,0.675141242937853
"66585ecc44201efc39f333bc","2_2",0,0,"1_1","1",3,"2.2_wrong_slow",0.566398891966759,0.68,0.536723163841808
"66585ecc44201efc39f333bc","2_2",0,0,"1_2","1",3,"2.2_wrong_slow",0.566398891966759,0.68,0.536723163841808
"66585ecc44201efc39f333bc","2_2",0,0,"1_3","0",3,"2.2_wrong_slow",0.566398891966759,0.68,0.536723163841808
"66585ecc44201efc39f333bc","2_2",0,0,"1_4","0",3,"2.2_wrong_slow",0.566398891966759,0.68,0.536723163841808
"66585ecc44201efc39f333bc","2_2",0,0,"1_5","0",3,"2.2_wrong_slow",0.566398891966759,0.68,0.536723163841808
"66585ecc44201efc39f333bc","2_3",0,0,"1_1","0",3,"2.3_wrong_slow",0.577430167597765,0.6,0.446327683615819
"66585ecc44201efc39f333bc","2_3",0,0,"1_2","0",3,"2.3_wrong_slow",0.577430167597765,0.6,0.446327683615819
"66585ecc44201efc39f333bc","2_3",0,0,"1_3","0",3,"2.3_wrong_slow",0.577430167597765,0.6,0.446327683615819
"66585ecc44201efc39f333bc","2_3",0,0,"1_4","0",3,"2.3_wrong_slow",0.577430167597765,0.6,0.446327683615819
"66585ecc44201efc39f333bc","2_3",0,0,"1_5","0",3,"2.3_wrong_slow",0.577430167597765,0.6,0.446327683615819
"66585ecc44201efc39f333bc","2_2",1,1,"1_1","1",3,"2.2_right_fast",0.566398891966759,0.8,0.536723163841808
"66585ecc44201efc39f333bc","2_2",1,1,"1_2","1",3,"2.2_right_fast",0.566398891966759,0.8,0.536723163841808
"66585ecc44201efc39f333bc","2_2",1,1,"1_3","0",3,"2.2_right_fast",0.566398891966759,0.8,0.536723163841808
"66585ecc44201efc39f333bc","2_2",1,1,"1_4","0",3,"2.2_right_fast",0.566398891966759,0.8,0.536723163841808
"66585ecc44201efc39f333bc","2_2",1,1,"1_5","0",3,"2.2_right_fast",0.566398891966759,0.8,0.536723163841808
"66585ecc44201efc39f333bc","2_2",0,1,"1_1","0",3,"2.2_wrong_fast",0.566398891966759,0.58,0.536723163841808
"66585ecc44201efc39f333bc","2_2",0,1,"1_2","0",3,"2.2_wrong_fast",0.566398891966759,0.58,0.536723163841808
"66585ecc44201efc39f333bc","2_2",0,1,"1_3","0",3,"2.2_wrong_fast",0.566398891966759,0.58,0.536723163841808
"66585ecc44201efc39f333bc","2_2",0,1,"1_4","0",3,"2.2_wrong_fast",0.566398891966759,0.58,0.536723163841808
"66585ecc44201efc39f333bc","2_2",0,1,"1_5","0",3,"2.2_wrong_fast",0.566398891966759,0.58,0.536723163841808
"665922cc624996d90589447a","2_2",1,0,"1_1","1",3,"2.2_right_slow",0.566398891966759,0.4,0.536723163841808
"665922cc624996d90589447a","2_2",1,0,"1_2","1",3,"2.2_right_slow",0.566398891966759,0.4,0.536723163841808
"665922cc624996d90589447a","2_2",1,0,"1_3","1",3,"2.2_right_slow",0.566398891966759,0.4,0.536723163841808
"665922cc624996d90589447a","2_2",1,0,"1_4","1",3,"2.2_right_slow",0.566398891966759,0.4,0.536723163841808
"665922cc624996d90589447a","2_2",1,0,"1_5","1",3,"2.2_right_slow",0.566398891966759,0.4,0.536723163841808
"665922cc624996d90589447a","2_3",1,0,"1_1","1",3,"2.3_right_slow",0.577430167597765,0.4,0.446327683615819
"665922cc624996d90589447a","2_3",1,0,"1_2","1",3,"2.3_right_slow",0.577430167597765,0.4,0.446327683615819
"665922cc624996d90589447a","2_3",1,0,"1_3","1",3,"2.3_right_slow",0.577430167597765,0.4,0.446327683615819
"665922cc624996d90589447a","2_3",1,0,"1_4","1",3,"2.3_right_slow",0.577430167597765,0.4,0.446327683615819
"665922cc624996d90589447a","2_3",1,0,"1_5","1",3,"2.3_right_slow",0.577430167597765,0.4,0.446327683615819
"665922cc624996d90589447a","2_2",0,0,"1_1","1",3,"2.2_wrong_slow",0.566398891966759,0.55,0.536723163841808
"665922cc624996d90589447a","2_2",0,0,"1_2","0",3,"2.2_wrong_slow",0.566398891966759,0.55,0.536723163841808
"665922cc624996d90589447a","2_2",0,0,"1_3","1",3,"2.2_wrong_slow",0.566398891966759,0.55,0.536723163841808
"665922cc624996d90589447a","2_2",0,0,"1_4","1",3,"2.2_wrong_slow",0.566398891966759,0.55,0.536723163841808
"665922cc624996d90589447a","2_2",0,0,"1_5","0",3,"2.2_wrong_slow",0.566398891966759,0.55,0.536723163841808
"665922cc624996d90589447a","2_5",1,1,"1_1","1",3,"2.5_right_fast",0.760870712401055,0.65,0.915254237288136
"665922cc624996d90589447a","2_5",1,1,"1_2","1",3,"2.5_right_fast",0.760870712401055,0.65,0.915254237288136
"665922cc624996d90589447a","2_5",1,1,"1_3","1",3,"2.5_right_fast",0.760870712401055,0.65,0.915254237288136
"665922cc624996d90589447a","2_5",1,1,"1_4","1",3,"2.5_right_fast",0.760870712401055,0.65,0.915254237288136
"665922cc624996d90589447a","2_5",1,1,"1_5","1",3,"2.5_right_fast",0.760870712401055,0.65,0.915254237288136
"665922cc624996d90589447a","2_4",0,1,"1_1","1",3,"2.4_wrong_fast",0.518938053097345,0.65,0.675141242937853
"665922cc624996d90589447a","2_4",0,1,"1_2","1",3,"2.4_wrong_fast",0.518938053097345,0.65,0.675141242937853
"665922cc624996d90589447a","2_4",0,1,"1_3","0",3,"2.4_wrong_fast",0.518938053097345,0.65,0.675141242937853
"665922cc624996d90589447a","2_4",0,1,"1_4","0",3,"2.4_wrong_fast",0.518938053097345,0.65,0.675141242937853
"665922cc624996d90589447a","2_4",0,1,"1_5","0",3,"2.4_wrong_fast",0.518938053097345,0.65,0.675141242937853
"665a234c97c127c4605a9be1","2_1",0,0,"1_1","1",9,"2.1_wrong_slow",0.396726726726727,0.1,0.234463276836158
"665a234c97c127c4605a9be1","2_1",0,0,"1_2","0",9,"2.1_wrong_slow",0.396726726726727,0.1,0.234463276836158
"665a234c97c127c4605a9be1","2_1",0,0,"1_3","0",9,"2.1_wrong_slow",0.396726726726727,0.1,0.234463276836158
"665a234c97c127c4605a9be1","2_1",0,0,"1_4","0",9,"2.1_wrong_slow",0.396726726726727,0.1,0.234463276836158
"665a234c97c127c4605a9be1","2_1",0,0,"1_5","0",9,"2.1_wrong_slow",0.396726726726727,0.1,0.234463276836158
"665a234c97c127c4605a9be1","2_2",0,0,"1_1","1",9,"2.2_wrong_slow",0.566398891966759,0.88,0.536723163841808
"665a234c97c127c4605a9be1","2_2",0,0,"1_2","1",9,"2.2_wrong_slow",0.566398891966759,0.88,0.536723163841808
"665a234c97c127c4605a9be1","2_2",0,0,"1_3","1",9,"2.2_wrong_slow",0.566398891966759,0.88,0.536723163841808
"665a234c97c127c4605a9be1","2_2",0,0,"1_4","1",9,"2.2_wrong_slow",0.566398891966759,0.88,0.536723163841808
"665a234c97c127c4605a9be1","2_2",0,0,"1_5","0",9,"2.2_wrong_slow",0.566398891966759,0.88,0.536723163841808
"665a234c97c127c4605a9be1","2_3",0,0,"1_1","1",9,"2.3_wrong_slow",0.577430167597765,0.8,0.446327683615819
"665a234c97c127c4605a9be1","2_3",0,0,"1_2","0",9,"2.3_wrong_slow",0.577430167597765,0.8,0.446327683615819
"665a234c97c127c4605a9be1","2_3",0,0,"1_3","1",9,"2.3_wrong_slow",0.577430167597765,0.8,0.446327683615819
"665a234c97c127c4605a9be1","2_3",0,0,"1_4","0",9,"2.3_wrong_slow",0.577430167597765,0.8,0.446327683615819
"665a234c97c127c4605a9be1","2_3",0,0,"1_5","0",9,"2.3_wrong_slow",0.577430167597765,0.8,0.446327683615819
"665a234c97c127c4605a9be1","2_2",1,1,"1_1","1",9,"2.2_right_fast",0.566398891966759,0.38,0.536723163841808
"665a234c97c127c4605a9be1","2_2",1,1,"1_2","1",9,"2.2_right_fast",0.566398891966759,0.38,0.536723163841808
"665a234c97c127c4605a9be1","2_2",1,1,"1_3","0",9,"2.2_right_fast",0.566398891966759,0.38,0.536723163841808
"665a234c97c127c4605a9be1","2_2",1,1,"1_4","0",9,"2.2_right_fast",0.566398891966759,0.38,0.536723163841808
"665a234c97c127c4605a9be1","2_2",1,1,"1_5","0",9,"2.2_right_fast",0.566398891966759,0.38,0.536723163841808
"665a234c97c127c4605a9be1","2_5",1,1,"1_1","1",9,"2.5_right_fast",0.760870712401055,0.89,0.915254237288136
"665a234c97c127c4605a9be1","2_5",1,1,"1_2","1",9,"2.5_right_fast",0.760870712401055,0.89,0.915254237288136
"665a234c97c127c4605a9be1","2_5",1,1,"1_3","1",9,"2.5_right_fast",0.760870712401055,0.89,0.915254237288136
"665a234c97c127c4605a9be1","2_5",1,1,"1_4","1",9,"2.5_right_fast",0.760870712401055,0.89,0.915254237288136
"665a234c97c127c4605a9be1","2_5",1,1,"1_5","1",9,"2.5_right_fast",0.760870712401055,0.89,0.915254237288136
"665a2cdd103e514a43e3d5fc","2_5",1,0,"1_1","1",4,"2.5_right_slow",0.760870712401055,0.85,0.915254237288136
"665a2cdd103e514a43e3d5fc","2_5",1,0,"1_2","1",4,"2.5_right_slow",0.760870712401055,0.85,0.915254237288136
"665a2cdd103e514a43e3d5fc","2_5",1,0,"1_3","1",4,"2.5_right_slow",0.760870712401055,0.85,0.915254237288136
"665a2cdd103e514a43e3d5fc","2_5",1,0,"1_4","1",4,"2.5_right_slow",0.760870712401055,0.85,0.915254237288136
"665a2cdd103e514a43e3d5fc","2_5",1,0,"1_5","0",4,"2.5_right_slow",0.760870712401055,0.85,0.915254237288136
"665a2cdd103e514a43e3d5fc","2_1",0,0,"1_1","0",4,"2.1_wrong_slow",0.396726726726727,0.5,0.234463276836158
"665a2cdd103e514a43e3d5fc","2_1",0,0,"1_2","1",4,"2.1_wrong_slow",0.396726726726727,0.5,0.234463276836158
"665a2cdd103e514a43e3d5fc","2_1",0,0,"1_3","0",4,"2.1_wrong_slow",0.396726726726727,0.5,0.234463276836158
"665a2cdd103e514a43e3d5fc","2_1",0,0,"1_4","0",4,"2.1_wrong_slow",0.396726726726727,0.5,0.234463276836158
"665a2cdd103e514a43e3d5fc","2_1",0,0,"1_5","0",4,"2.1_wrong_slow",0.396726726726727,0.5,0.234463276836158
"665a2cdd103e514a43e3d5fc","2_2",0,0,"1_1","1",4,"2.2_wrong_slow",0.566398891966759,0.7,0.536723163841808
"665a2cdd103e514a43e3d5fc","2_2",0,0,"1_2","1",4,"2.2_wrong_slow",0.566398891966759,0.7,0.536723163841808
"665a2cdd103e514a43e3d5fc","2_2",0,0,"1_3","0",4,"2.2_wrong_slow",0.566398891966759,0.7,0.536723163841808
"665a2cdd103e514a43e3d5fc","2_2",0,0,"1_4","1",4,"2.2_wrong_slow",0.566398891966759,0.7,0.536723163841808
"665a2cdd103e514a43e3d5fc","2_2",0,0,"1_5","0",4,"2.2_wrong_slow",0.566398891966759,0.7,0.536723163841808
"665a2cdd103e514a43e3d5fc","2_1",1,1,"1_1","1",4,"2.1_right_fast",0.396726726726727,0.83,0.234463276836158
"665a2cdd103e514a43e3d5fc","2_1",1,1,"1_2","0",4,"2.1_right_fast",0.396726726726727,0.83,0.234463276836158
"665a2cdd103e514a43e3d5fc","2_1",1,1,"1_3","0",4,"2.1_right_fast",0.396726726726727,0.83,0.234463276836158
"665a2cdd103e514a43e3d5fc","2_1",1,1,"1_4","1",4,"2.1_right_fast",0.396726726726727,0.83,0.234463276836158
"665a2cdd103e514a43e3d5fc","2_1",1,1,"1_5","0",4,"2.1_right_fast",0.396726726726727,0.83,0.234463276836158
"665a2cdd103e514a43e3d5fc","2_5",1,1,"1_1","1",4,"2.5_right_fast",0.760870712401055,0.98,0.915254237288136
"665a2cdd103e514a43e3d5fc","2_5",1,1,"1_2","1",4,"2.5_right_fast",0.760870712401055,0.98,0.915254237288136
"665a2cdd103e514a43e3d5fc","2_5",1,1,"1_3","1",4,"2.5_right_fast",0.760870712401055,0.98,0.915254237288136
"665a2cdd103e514a43e3d5fc","2_5",1,1,"1_4","1",4,"2.5_right_fast",0.760870712401055,0.98,0.915254237288136
"665a2cdd103e514a43e3d5fc","2_5",1,1,"1_5","0",4,"2.5_right_fast",0.760870712401055,0.98,0.915254237288136
"665cdbb9278577e5acd6dafd","2_1",0,0,"1_1","1",5,"2.1_wrong_slow",0.396726726726727,0.23,0.234463276836158
"665cdbb9278577e5acd6dafd","2_1",0,0,"1_2","1",5,"2.1_wrong_slow",0.396726726726727,0.23,0.234463276836158
"665cdbb9278577e5acd6dafd","2_1",0,0,"1_3","1",5,"2.1_wrong_slow",0.396726726726727,0.23,0.234463276836158
"665cdbb9278577e5acd6dafd","2_1",0,0,"1_4","1",5,"2.1_wrong_slow",0.396726726726727,0.23,0.234463276836158
"665cdbb9278577e5acd6dafd","2_1",0,0,"1_5","0",5,"2.1_wrong_slow",0.396726726726727,0.23,0.234463276836158
"665cdbb9278577e5acd6dafd","2_3",0,0,"1_1","1",5,"2.3_wrong_slow",0.577430167597765,0.38,0.446327683615819
"665cdbb9278577e5acd6dafd","2_3",0,0,"1_2","1",5,"2.3_wrong_slow",0.577430167597765,0.38,0.446327683615819
"665cdbb9278577e5acd6dafd","2_3",0,0,"1_3","1",5,"2.3_wrong_slow",0.577430167597765,0.38,0.446327683615819
"665cdbb9278577e5acd6dafd","2_3",0,0,"1_4","1",5,"2.3_wrong_slow",0.577430167597765,0.38,0.446327683615819
"665cdbb9278577e5acd6dafd","2_3",0,0,"1_5","0",5,"2.3_wrong_slow",0.577430167597765,0.38,0.446327683615819
"665cdbb9278577e5acd6dafd","2_3",1,1,"1_1","1",5,"2.3_right_fast",0.577430167597765,0.71,0.446327683615819
"665cdbb9278577e5acd6dafd","2_3",1,1,"1_2","1",5,"2.3_right_fast",0.577430167597765,0.71,0.446327683615819
"665cdbb9278577e5acd6dafd","2_3",1,1,"1_3","1",5,"2.3_right_fast",0.577430167597765,0.71,0.446327683615819
"665cdbb9278577e5acd6dafd","2_3",1,1,"1_4","1",5,"2.3_right_fast",0.577430167597765,0.71,0.446327683615819
"665cdbb9278577e5acd6dafd","2_3",1,1,"1_5","0",5,"2.3_right_fast",0.577430167597765,0.71,0.446327683615819
"665cdbb9278577e5acd6dafd","2_2",0,1,"1_1","1",5,"2.2_wrong_fast",0.566398891966759,0.51,0.536723163841808
"665cdbb9278577e5acd6dafd","2_2",0,1,"1_2","1",5,"2.2_wrong_fast",0.566398891966759,0.51,0.536723163841808
"665cdbb9278577e5acd6dafd","2_2",0,1,"1_3","1",5,"2.2_wrong_fast",0.566398891966759,0.51,0.536723163841808
"665cdbb9278577e5acd6dafd","2_2",0,1,"1_4","1",5,"2.2_wrong_fast",0.566398891966759,0.51,0.536723163841808
"665cdbb9278577e5acd6dafd","2_2",0,1,"1_5","0",5,"2.2_wrong_fast",0.566398891966759,0.51,0.536723163841808
"665cdbb9278577e5acd6dafd","2_4",0,1,"1_1","1",5,"2.4_wrong_fast",0.518938053097345,0.86,0.675141242937853
"665cdbb9278577e5acd6dafd","2_4",0,1,"1_2","1",5,"2.4_wrong_fast",0.518938053097345,0.86,0.675141242937853
"665cdbb9278577e5acd6dafd","2_4",0,1,"1_3","1",5,"2.4_wrong_fast",0.518938053097345,0.86,0.675141242937853
"665cdbb9278577e5acd6dafd","2_4",0,1,"1_4","1",5,"2.4_wrong_fast",0.518938053097345,0.86,0.675141242937853
"665cdbb9278577e5acd6dafd","2_4",0,1,"1_5","0",5,"2.4_wrong_fast",0.518938053097345,0.86,0.675141242937853
"6660f30d9cab7604513cf59b","2_3",1,0,"1_1","1",5,"2.3_right_slow",0.577430167597765,0.41,0.446327683615819
"6660f30d9cab7604513cf59b","2_3",1,0,"1_2","1",5,"2.3_right_slow",0.577430167597765,0.41,0.446327683615819
"6660f30d9cab7604513cf59b","2_3",1,0,"1_3","1",5,"2.3_right_slow",0.577430167597765,0.41,0.446327683615819
"6660f30d9cab7604513cf59b","2_3",1,0,"1_4","1",5,"2.3_right_slow",0.577430167597765,0.41,0.446327683615819
"6660f30d9cab7604513cf59b","2_3",1,0,"1_5","0",5,"2.3_right_slow",0.577430167597765,0.41,0.446327683615819
"6660f30d9cab7604513cf59b","2_1",1,1,"1_1","1",5,"2.1_right_fast",0.396726726726727,0.3,0.234463276836158
"6660f30d9cab7604513cf59b","2_1",1,1,"1_2","1",5,"2.1_right_fast",0.396726726726727,0.3,0.234463276836158
"6660f30d9cab7604513cf59b","2_1",1,1,"1_3","1",5,"2.1_right_fast",0.396726726726727,0.3,0.234463276836158
"6660f30d9cab7604513cf59b","2_1",1,1,"1_4","1",5,"2.1_right_fast",0.396726726726727,0.3,0.234463276836158
"6660f30d9cab7604513cf59b","2_1",1,1,"1_5","0",5,"2.1_right_fast",0.396726726726727,0.3,0.234463276836158
"6660f30d9cab7604513cf59b","2_2",1,1,"1_1","1",5,"2.2_right_fast",0.566398891966759,0.66,0.536723163841808
"6660f30d9cab7604513cf59b","2_2",1,1,"1_2","1",5,"2.2_right_fast",0.566398891966759,0.66,0.536723163841808
"6660f30d9cab7604513cf59b","2_2",1,1,"1_3","1",5,"2.2_right_fast",0.566398891966759,0.66,0.536723163841808
"6660f30d9cab7604513cf59b","2_2",1,1,"1_4","1",5,"2.2_right_fast",0.566398891966759,0.66,0.536723163841808
"6660f30d9cab7604513cf59b","2_2",1,1,"1_5","1",5,"2.2_right_fast",0.566398891966759,0.66,0.536723163841808
"6660f30d9cab7604513cf59b","2_4",1,1,"1_1","1",5,"2.4_right_fast",0.518938053097345,0.73,0.675141242937853
"6660f30d9cab7604513cf59b","2_4",1,1,"1_2","1",5,"2.4_right_fast",0.518938053097345,0.73,0.675141242937853
"6660f30d9cab7604513cf59b","2_4",1,1,"1_3","1",5,"2.4_right_fast",0.518938053097345,0.73,0.675141242937853
"6660f30d9cab7604513cf59b","2_4",1,1,"1_4","1",5,"2.4_right_fast",0.518938053097345,0.73,0.675141242937853
"6660f30d9cab7604513cf59b","2_4",1,1,"1_5","1",5,"2.4_right_fast",0.518938053097345,0.73,0.675141242937853
"6660f30d9cab7604513cf59b","2_2",0,1,"1_1","1",5,"2.2_wrong_fast",0.566398891966759,0.56,0.536723163841808
"6660f30d9cab7604513cf59b","2_2",0,1,"1_2","1",5,"2.2_wrong_fast",0.566398891966759,0.56,0.536723163841808
"6660f30d9cab7604513cf59b","2_2",0,1,"1_3","0",5,"2.2_wrong_fast",0.566398891966759,0.56,0.536723163841808
"6660f30d9cab7604513cf59b","2_2",0,1,"1_4","0",5,"2.2_wrong_fast",0.566398891966759,0.56,0.536723163841808
"6660f30d9cab7604513cf59b","2_2",0,1,"1_5","0",5,"2.2_wrong_fast",0.566398891966759,0.56,0.536723163841808
"666253e8c992de971c27b622","2_2",1,0,"1_1","1",6,"2.2_right_slow",0.566398891966759,0.26,0.536723163841808
"666253e8c992de971c27b622","2_2",1,0,"1_2","1",6,"2.2_right_slow",0.566398891966759,0.26,0.536723163841808
"666253e8c992de971c27b622","2_2",1,0,"1_3","1",6,"2.2_right_slow",0.566398891966759,0.26,0.536723163841808
"666253e8c992de971c27b622","2_2",1,0,"1_4","1",6,"2.2_right_slow",0.566398891966759,0.26,0.536723163841808
"666253e8c992de971c27b622","2_2",1,0,"1_5","0",6,"2.2_right_slow",0.566398891966759,0.26,0.536723163841808
"666253e8c992de971c27b622","2_3",1,0,"1_1","1",6,"2.3_right_slow",0.577430167597765,0.12,0.446327683615819
"666253e8c992de971c27b622","2_3",1,0,"1_2","1",6,"2.3_right_slow",0.577430167597765,0.12,0.446327683615819
"666253e8c992de971c27b622","2_3",1,0,"1_3","1",6,"2.3_right_slow",0.577430167597765,0.12,0.446327683615819
"666253e8c992de971c27b622","2_3",1,0,"1_4","1",6,"2.3_right_slow",0.577430167597765,0.12,0.446327683615819
"666253e8c992de971c27b622","2_3",1,0,"1_5","0",6,"2.3_right_slow",0.577430167597765,0.12,0.446327683615819
"666253e8c992de971c27b622","2_5",1,0,"1_1","1",6,"2.5_right_slow",0.760870712401055,0.26,0.915254237288136
"666253e8c992de971c27b622","2_5",1,0,"1_2","1",6,"2.5_right_slow",0.760870712401055,0.26,0.915254237288136
"666253e8c992de971c27b622","2_5",1,0,"1_3","1",6,"2.5_right_slow",0.760870712401055,0.26,0.915254237288136
"666253e8c992de971c27b622","2_5",1,0,"1_4","1",6,"2.5_right_slow",0.760870712401055,0.26,0.915254237288136
"666253e8c992de971c27b622","2_5",1,0,"1_5","1",6,"2.5_right_slow",0.760870712401055,0.26,0.915254237288136
"666253e8c992de971c27b622","2_2",1,1,"1_1","1",6,"2.2_right_fast",0.566398891966759,0.79,0.536723163841808
"666253e8c992de971c27b622","2_2",1,1,"1_2","1",6,"2.2_right_fast",0.566398891966759,0.79,0.536723163841808
"666253e8c992de971c27b622","2_2",1,1,"1_3","1",6,"2.2_right_fast",0.566398891966759,0.79,0.536723163841808
"666253e8c992de971c27b622","2_2",1,1,"1_4","1",6,"2.2_right_fast",0.566398891966759,0.79,0.536723163841808
"666253e8c992de971c27b622","2_2",1,1,"1_5","0",6,"2.2_right_fast",0.566398891966759,0.79,0.536723163841808
"666253e8c992de971c27b622","2_2",0,1,"1_1","1",6,"2.2_wrong_fast",0.566398891966759,0.77,0.536723163841808
"666253e8c992de971c27b622","2_2",0,1,"1_2","0",6,"2.2_wrong_fast",0.566398891966759,0.77,0.536723163841808
"666253e8c992de971c27b622","2_2",0,1,"1_3","1",6,"2.2_wrong_fast",0.566398891966759,0.77,0.536723163841808
"666253e8c992de971c27b622","2_2",0,1,"1_4","0",6,"2.2_wrong_fast",0.566398891966759,0.77,0.536723163841808
"666253e8c992de971c27b622","2_2",0,1,"1_5","0",6,"2.2_wrong_fast",0.566398891966759,0.77,0.536723163841808
"666601cef955d69a64aa5e8f","2_2",1,0,"1_1","1",13,"2.2_right_slow",0.566398891966759,0.57,0.536723163841808
"666601cef955d69a64aa5e8f","2_2",1,0,"1_2","1",13,"2.2_right_slow",0.566398891966759,0.57,0.536723163841808
"666601cef955d69a64aa5e8f","2_2",1,0,"1_3","1",13,"2.2_right_slow",0.566398891966759,0.57,0.536723163841808
"666601cef955d69a64aa5e8f","2_2",1,0,"1_4","0",13,"2.2_right_slow",0.566398891966759,0.57,0.536723163841808
"666601cef955d69a64aa5e8f","2_2",1,0,"1_5","0",13,"2.2_right_slow",0.566398891966759,0.57,0.536723163841808
"666601cef955d69a64aa5e8f","2_5",0,0,"1_1","1",13,"2.5_wrong_slow",0.760870712401055,0.8,0.915254237288136
"666601cef955d69a64aa5e8f","2_5",0,0,"1_2","1",13,"2.5_wrong_slow",0.760870712401055,0.8,0.915254237288136
"666601cef955d69a64aa5e8f","2_5",0,0,"1_3","1",13,"2.5_wrong_slow",0.760870712401055,0.8,0.915254237288136
"666601cef955d69a64aa5e8f","2_5",0,0,"1_4","1",13,"2.5_wrong_slow",0.760870712401055,0.8,0.915254237288136
"666601cef955d69a64aa5e8f","2_5",0,0,"1_5","0",13,"2.5_wrong_slow",0.760870712401055,0.8,0.915254237288136
"666601cef955d69a64aa5e8f","2_2",1,1,"1_1","1",13,"2.2_right_fast",0.566398891966759,0.51,0.536723163841808
"666601cef955d69a64aa5e8f","2_2",1,1,"1_2","1",13,"2.2_right_fast",0.566398891966759,0.51,0.536723163841808
"666601cef955d69a64aa5e8f","2_2",1,1,"1_3","1",13,"2.2_right_fast",0.566398891966759,0.51,0.536723163841808
"666601cef955d69a64aa5e8f","2_2",1,1,"1_4","0",13,"2.2_right_fast",0.566398891966759,0.51,0.536723163841808
"666601cef955d69a64aa5e8f","2_2",1,1,"1_5","0",13,"2.2_right_fast",0.566398891966759,0.51,0.536723163841808
"666601cef955d69a64aa5e8f","2_5",1,1,"1_1","1",13,"2.5_right_fast",0.760870712401055,0.79,0.915254237288136
"666601cef955d69a64aa5e8f","2_5",1,1,"1_2","1",13,"2.5_right_fast",0.760870712401055,0.79,0.915254237288136
"666601cef955d69a64aa5e8f","2_5",1,1,"1_3","1",13,"2.5_right_fast",0.760870712401055,0.79,0.915254237288136
"666601cef955d69a64aa5e8f","2_5",1,1,"1_4","0",13,"2.5_right_fast",0.760870712401055,0.79,0.915254237288136
"666601cef955d69a64aa5e8f","2_5",1,1,"1_5","0",13,"2.5_right_fast",0.760870712401055,0.79,0.915254237288136
"666601cef955d69a64aa5e8f","2_3",0,1,"1_1","1",13,"2.3_wrong_fast",0.577430167597765,0.4,0.446327683615819
"666601cef955d69a64aa5e8f","2_3",0,1,"1_2","1",13,"2.3_wrong_fast",0.577430167597765,0.4,0.446327683615819
"666601cef955d69a64aa5e8f","2_3",0,1,"1_3","1",13,"2.3_wrong_fast",0.577430167597765,0.4,0.446327683615819
"666601cef955d69a64aa5e8f","2_3",0,1,"1_4","1",13,"2.3_wrong_fast",0.577430167597765,0.4,0.446327683615819
"666601cef955d69a64aa5e8f","2_3",0,1,"1_5","0",13,"2.3_wrong_fast",0.577430167597765,0.4,0.446327683615819
"66699f85a69c5a20e26d0446","2_3",1,0,"1_1","1",NA,"2.3_right_slow",0.577430167597765,0.49,0.446327683615819
"66699f85a69c5a20e26d0446","2_3",1,0,"1_2","1",NA,"2.3_right_slow",0.577430167597765,0.49,0.446327683615819
"66699f85a69c5a20e26d0446","2_3",1,0,"1_3","1",NA,"2.3_right_slow",0.577430167597765,0.49,0.446327683615819
"66699f85a69c5a20e26d0446","2_3",1,0,"1_4","0",NA,"2.3_right_slow",0.577430167597765,0.49,0.446327683615819
"66699f85a69c5a20e26d0446","2_3",1,0,"1_5","0",NA,"2.3_right_slow",0.577430167597765,0.49,0.446327683615819
"66699f85a69c5a20e26d0446","2_4",1,0,"1_1","1",NA,"2.4_right_slow",0.518938053097345,0.59,0.675141242937853
"66699f85a69c5a20e26d0446","2_4",1,0,"1_2","1",NA,"2.4_right_slow",0.518938053097345,0.59,0.675141242937853
"66699f85a69c5a20e26d0446","2_4",1,0,"1_3","1",NA,"2.4_right_slow",0.518938053097345,0.59,0.675141242937853
"66699f85a69c5a20e26d0446","2_4",1,0,"1_4","0",NA,"2.4_right_slow",0.518938053097345,0.59,0.675141242937853
"66699f85a69c5a20e26d0446","2_4",1,0,"1_5","0",NA,"2.4_right_slow",0.518938053097345,0.59,0.675141242937853
"66699f85a69c5a20e26d0446","2_3",0,0,"1_1","1",NA,"2.3_wrong_slow",0.577430167597765,0.53,0.446327683615819
"66699f85a69c5a20e26d0446","2_3",0,0,"1_2","1",NA,"2.3_wrong_slow",0.577430167597765,0.53,0.446327683615819
"66699f85a69c5a20e26d0446","2_3",0,0,"1_3","1",NA,"2.3_wrong_slow",0.577430167597765,0.53,0.446327683615819
"66699f85a69c5a20e26d0446","2_3",0,0,"1_4","0",NA,"2.3_wrong_slow",0.577430167597765,0.53,0.446327683615819
"66699f85a69c5a20e26d0446","2_3",0,0,"1_5","0",NA,"2.3_wrong_slow",0.577430167597765,0.53,0.446327683615819
"66699f85a69c5a20e26d0446","2_2",0,1,"1_1","1",NA,"2.2_wrong_fast",0.566398891966759,0.3,0.536723163841808
"66699f85a69c5a20e26d0446","2_2",0,1,"1_2","1",NA,"2.2_wrong_fast",0.566398891966759,0.3,0.536723163841808
"66699f85a69c5a20e26d0446","2_2",0,1,"1_3","1",NA,"2.2_wrong_fast",0.566398891966759,0.3,0.536723163841808
"66699f85a69c5a20e26d0446","2_2",0,1,"1_4","0",NA,"2.2_wrong_fast",0.566398891966759,0.3,0.536723163841808
"66699f85a69c5a20e26d0446","2_2",0,1,"1_5","0",NA,"2.2_wrong_fast",0.566398891966759,0.3,0.536723163841808
"66699f85a69c5a20e26d0446","2_3",0,1,"1_1","1",NA,"2.3_wrong_fast",0.577430167597765,0.46,0.446327683615819
"66699f85a69c5a20e26d0446","2_3",0,1,"1_2","1",NA,"2.3_wrong_fast",0.577430167597765,0.46,0.446327683615819
"66699f85a69c5a20e26d0446","2_3",0,1,"1_3","1",NA,"2.3_wrong_fast",0.577430167597765,0.46,0.446327683615819
"66699f85a69c5a20e26d0446","2_3",0,1,"1_4","0",NA,"2.3_wrong_fast",0.577430167597765,0.46,0.446327683615819
"66699f85a69c5a20e26d0446","2_3",0,1,"1_5","0",NA,"2.3_wrong_fast",0.577430167597765,0.46,0.446327683615819
"666a11d046107a56965a98f5","2_3",1,0,"1_1","1",6,"2.3_right_slow",0.577430167597765,0.35,0.446327683615819
"666a11d046107a56965a98f5","2_3",1,0,"1_2","1",6,"2.3_right_slow",0.577430167597765,0.35,0.446327683615819
"666a11d046107a56965a98f5","2_3",1,0,"1_3","1",6,"2.3_right_slow",0.577430167597765,0.35,0.446327683615819
"666a11d046107a56965a98f5","2_3",1,0,"1_4","1",6,"2.3_right_slow",0.577430167597765,0.35,0.446327683615819
"666a11d046107a56965a98f5","2_3",1,0,"1_5","0",6,"2.3_right_slow",0.577430167597765,0.35,0.446327683615819
"666a11d046107a56965a98f5","2_4",1,0,"1_1","1",6,"2.4_right_slow",0.518938053097345,0.3,0.675141242937853
"666a11d046107a56965a98f5","2_4",1,0,"1_2","0",6,"2.4_right_slow",0.518938053097345,0.3,0.675141242937853
"666a11d046107a56965a98f5","2_4",1,0,"1_3","1",6,"2.4_right_slow",0.518938053097345,0.3,0.675141242937853
"666a11d046107a56965a98f5","2_4",1,0,"1_4","1",6,"2.4_right_slow",0.518938053097345,0.3,0.675141242937853
"666a11d046107a56965a98f5","2_4",1,0,"1_5","0",6,"2.4_right_slow",0.518938053097345,0.3,0.675141242937853
"666a11d046107a56965a98f5","2_5",1,0,"1_1","1",6,"2.5_right_slow",0.760870712401055,0.9,0.915254237288136
"666a11d046107a56965a98f5","2_5",1,0,"1_2","1",6,"2.5_right_slow",0.760870712401055,0.9,0.915254237288136
"666a11d046107a56965a98f5","2_5",1,0,"1_3","1",6,"2.5_right_slow",0.760870712401055,0.9,0.915254237288136
"666a11d046107a56965a98f5","2_5",1,0,"1_4","1",6,"2.5_right_slow",0.760870712401055,0.9,0.915254237288136
"666a11d046107a56965a98f5","2_5",1,0,"1_5","1",6,"2.5_right_slow",0.760870712401055,0.9,0.915254237288136
"666a11d046107a56965a98f5","2_1",0,1,"1_1","0",6,"2.1_wrong_fast",0.396726726726727,0.1,0.234463276836158
"666a11d046107a56965a98f5","2_1",0,1,"1_2","0",6,"2.1_wrong_fast",0.396726726726727,0.1,0.234463276836158
"666a11d046107a56965a98f5","2_1",0,1,"1_3","0",6,"2.1_wrong_fast",0.396726726726727,0.1,0.234463276836158
"666a11d046107a56965a98f5","2_1",0,1,"1_4","0",6,"2.1_wrong_fast",0.396726726726727,0.1,0.234463276836158
"666a11d046107a56965a98f5","2_1",0,1,"1_5","0",6,"2.1_wrong_fast",0.396726726726727,0.1,0.234463276836158
"666a11d046107a56965a98f5","2_3",0,1,"1_1","0",6,"2.3_wrong_fast",0.577430167597765,0.3,0.446327683615819
"666a11d046107a56965a98f5","2_3",0,1,"1_2","0",6,"2.3_wrong_fast",0.577430167597765,0.3,0.446327683615819
"666a11d046107a56965a98f5","2_3",0,1,"1_3","0",6,"2.3_wrong_fast",0.577430167597765,0.3,0.446327683615819
"666a11d046107a56965a98f5","2_3",0,1,"1_4","1",6,"2.3_wrong_fast",0.577430167597765,0.3,0.446327683615819
"666a11d046107a56965a98f5","2_3",0,1,"1_5","0",6,"2.3_wrong_fast",0.577430167597765,0.3,0.446327683615819
"666bb3c2a3d285b44af2b25d","2_2",1,1,"1_1","1",8,"2.2_right_fast",0.566398891966759,0.66,0.536723163841808
"666bb3c2a3d285b44af2b25d","2_2",1,1,"1_2","1",8,"2.2_right_fast",0.566398891966759,0.66,0.536723163841808
"666bb3c2a3d285b44af2b25d","2_2",1,1,"1_3","1",8,"2.2_right_fast",0.566398891966759,0.66,0.536723163841808
"666bb3c2a3d285b44af2b25d","2_2",1,1,"1_4","1",8,"2.2_right_fast",0.566398891966759,0.66,0.536723163841808
"666bb3c2a3d285b44af2b25d","2_2",1,1,"1_5","0",8,"2.2_right_fast",0.566398891966759,0.66,0.536723163841808
"666bb3c2a3d285b44af2b25d","2_3",1,1,"1_1","1",8,"2.3_right_fast",0.577430167597765,0.76,0.446327683615819
"666bb3c2a3d285b44af2b25d","2_3",1,1,"1_2","1",8,"2.3_right_fast",0.577430167597765,0.76,0.446327683615819
"666bb3c2a3d285b44af2b25d","2_3",1,1,"1_3","1",8,"2.3_right_fast",0.577430167597765,0.76,0.446327683615819
"666bb3c2a3d285b44af2b25d","2_3",1,1,"1_4","1",8,"2.3_right_fast",0.577430167597765,0.76,0.446327683615819
"666bb3c2a3d285b44af2b25d","2_3",1,1,"1_5","0",8,"2.3_right_fast",0.577430167597765,0.76,0.446327683615819
"666bb3c2a3d285b44af2b25d","2_1",0,1,"1_1","1",8,"2.1_wrong_fast",0.396726726726727,0.44,0.234463276836158
"666bb3c2a3d285b44af2b25d","2_1",0,1,"1_2","1",8,"2.1_wrong_fast",0.396726726726727,0.44,0.234463276836158
"666bb3c2a3d285b44af2b25d","2_1",0,1,"1_3","0",8,"2.1_wrong_fast",0.396726726726727,0.44,0.234463276836158
"666bb3c2a3d285b44af2b25d","2_1",0,1,"1_4","0",8,"2.1_wrong_fast",0.396726726726727,0.44,0.234463276836158
"666bb3c2a3d285b44af2b25d","2_1",0,1,"1_5","0",8,"2.1_wrong_fast",0.396726726726727,0.44,0.234463276836158
"666bb3c2a3d285b44af2b25d","2_2",0,1,"1_1","1",8,"2.2_wrong_fast",0.566398891966759,0.55,0.536723163841808
"666bb3c2a3d285b44af2b25d","2_2",0,1,"1_2","1",8,"2.2_wrong_fast",0.566398891966759,0.55,0.536723163841808
"666bb3c2a3d285b44af2b25d","2_2",0,1,"1_3","0",8,"2.2_wrong_fast",0.566398891966759,0.55,0.536723163841808
"666bb3c2a3d285b44af2b25d","2_2",0,1,"1_4","1",8,"2.2_wrong_fast",0.566398891966759,0.55,0.536723163841808
"666bb3c2a3d285b44af2b25d","2_2",0,1,"1_5","0",8,"2.2_wrong_fast",0.566398891966759,0.55,0.536723163841808
"666bb3c2a3d285b44af2b25d","2_4",0,1,"1_1","1",8,"2.4_wrong_fast",0.518938053097345,0.8,0.675141242937853
"666bb3c2a3d285b44af2b25d","2_4",0,1,"1_2","1",8,"2.4_wrong_fast",0.518938053097345,0.8,0.675141242937853
"666bb3c2a3d285b44af2b25d","2_4",0,1,"1_3","0",8,"2.4_wrong_fast",0.518938053097345,0.8,0.675141242937853
"666bb3c2a3d285b44af2b25d","2_4",0,1,"1_4","1",8,"2.4_wrong_fast",0.518938053097345,0.8,0.675141242937853
"666bb3c2a3d285b44af2b25d","2_4",0,1,"1_5","0",8,"2.4_wrong_fast",0.518938053097345,0.8,0.675141242937853
"667041824bfac26003bcc3cd","2_3",1,0,"1_1","1",3,"2.3_right_slow",0.577430167597765,0.85,0.446327683615819
"667041824bfac26003bcc3cd","2_3",1,0,"1_2","1",3,"2.3_right_slow",0.577430167597765,0.85,0.446327683615819
"667041824bfac26003bcc3cd","2_3",1,0,"1_3","1",3,"2.3_right_slow",0.577430167597765,0.85,0.446327683615819
"667041824bfac26003bcc3cd","2_3",1,0,"1_4","1",3,"2.3_right_slow",0.577430167597765,0.85,0.446327683615819
"667041824bfac26003bcc3cd","2_3",1,0,"1_5","1",3,"2.3_right_slow",0.577430167597765,0.85,0.446327683615819
"667041824bfac26003bcc3cd","2_5",1,0,"1_1","1",3,"2.5_right_slow",0.760870712401055,0.83,0.915254237288136
"667041824bfac26003bcc3cd","2_5",1,0,"1_2","1",3,"2.5_right_slow",0.760870712401055,0.83,0.915254237288136
"667041824bfac26003bcc3cd","2_5",1,0,"1_3","1",3,"2.5_right_slow",0.760870712401055,0.83,0.915254237288136
"667041824bfac26003bcc3cd","2_5",1,0,"1_4","1",3,"2.5_right_slow",0.760870712401055,0.83,0.915254237288136
"667041824bfac26003bcc3cd","2_5",1,0,"1_5","1",3,"2.5_right_slow",0.760870712401055,0.83,0.915254237288136
"667041824bfac26003bcc3cd","2_1",0,0,"1_1","0",3,"2.1_wrong_slow",0.396726726726727,0.35,0.234463276836158
"667041824bfac26003bcc3cd","2_1",0,0,"1_2","0",3,"2.1_wrong_slow",0.396726726726727,0.35,0.234463276836158
"667041824bfac26003bcc3cd","2_1",0,0,"1_3","0",3,"2.1_wrong_slow",0.396726726726727,0.35,0.234463276836158
"667041824bfac26003bcc3cd","2_1",0,0,"1_4","0",3,"2.1_wrong_slow",0.396726726726727,0.35,0.234463276836158
"667041824bfac26003bcc3cd","2_1",0,0,"1_5","0",3,"2.1_wrong_slow",0.396726726726727,0.35,0.234463276836158
"667041824bfac26003bcc3cd","2_4",0,0,"1_1","1",3,"2.4_wrong_slow",0.518938053097345,0.69,0.675141242937853
"667041824bfac26003bcc3cd","2_4",0,0,"1_2","0",3,"2.4_wrong_slow",0.518938053097345,0.69,0.675141242937853
"667041824bfac26003bcc3cd","2_4",0,0,"1_3","0",3,"2.4_wrong_slow",0.518938053097345,0.69,0.675141242937853
"667041824bfac26003bcc3cd","2_4",0,0,"1_4","1",3,"2.4_wrong_slow",0.518938053097345,0.69,0.675141242937853
"667041824bfac26003bcc3cd","2_4",0,0,"1_5","0",3,"2.4_wrong_slow",0.518938053097345,0.69,0.675141242937853
"667041824bfac26003bcc3cd","2_3",0,1,"1_1","1",3,"2.3_wrong_fast",0.577430167597765,0.78,0.446327683615819
"667041824bfac26003bcc3cd","2_3",0,1,"1_2","1",3,"2.3_wrong_fast",0.577430167597765,0.78,0.446327683615819
"667041824bfac26003bcc3cd","2_3",0,1,"1_3","0",3,"2.3_wrong_fast",0.577430167597765,0.78,0.446327683615819
"667041824bfac26003bcc3cd","2_3",0,1,"1_4","1",3,"2.3_wrong_fast",0.577430167597765,0.78,0.446327683615819
"667041824bfac26003bcc3cd","2_3",0,1,"1_5","0",3,"2.3_wrong_fast",0.577430167597765,0.78,0.446327683615819
"6672d841976c5e0961cc8883","2_3",1,0,"1_1","1",11,"2.3_right_slow",0.577430167597765,0.4,0.446327683615819
"6672d841976c5e0961cc8883","2_3",1,0,"1_2","1",11,"2.3_right_slow",0.577430167597765,0.4,0.446327683615819
"6672d841976c5e0961cc8883","2_3",1,0,"1_3","1",11,"2.3_right_slow",0.577430167597765,0.4,0.446327683615819
"6672d841976c5e0961cc8883","2_3",1,0,"1_4","1",11,"2.3_right_slow",0.577430167597765,0.4,0.446327683615819
"6672d841976c5e0961cc8883","2_3",1,0,"1_5","1",11,"2.3_right_slow",0.577430167597765,0.4,0.446327683615819
"6672d841976c5e0961cc8883","2_3",0,0,"1_1","1",11,"2.3_wrong_slow",0.577430167597765,0.66,0.446327683615819
"6672d841976c5e0961cc8883","2_3",0,0,"1_2","0",11,"2.3_wrong_slow",0.577430167597765,0.66,0.446327683615819
"6672d841976c5e0961cc8883","2_3",0,0,"1_3","0",11,"2.3_wrong_slow",0.577430167597765,0.66,0.446327683615819
"6672d841976c5e0961cc8883","2_3",0,0,"1_4","1",11,"2.3_wrong_slow",0.577430167597765,0.66,0.446327683615819
"6672d841976c5e0961cc8883","2_3",0,0,"1_5","0",11,"2.3_wrong_slow",0.577430167597765,0.66,0.446327683615819
"6672d841976c5e0961cc8883","2_2",0,1,"1_1","0",11,"2.2_wrong_fast",0.566398891966759,0.72,0.536723163841808
"6672d841976c5e0961cc8883","2_2",0,1,"1_2","1",11,"2.2_wrong_fast",0.566398891966759,0.72,0.536723163841808
"6672d841976c5e0961cc8883","2_2",0,1,"1_3","1",11,"2.2_wrong_fast",0.566398891966759,0.72,0.536723163841808
"6672d841976c5e0961cc8883","2_2",0,1,"1_4","1",11,"2.2_wrong_fast",0.566398891966759,0.72,0.536723163841808
"6672d841976c5e0961cc8883","2_2",0,1,"1_5","0",11,"2.2_wrong_fast",0.566398891966759,0.72,0.536723163841808
"6672d841976c5e0961cc8883","2_3",0,1,"1_1","1",11,"2.3_wrong_fast",0.577430167597765,0.66,0.446327683615819
"6672d841976c5e0961cc8883","2_3",0,1,"1_2","0",11,"2.3_wrong_fast",0.577430167597765,0.66,0.446327683615819
"6672d841976c5e0961cc8883","2_3",0,1,"1_3","1",11,"2.3_wrong_fast",0.577430167597765,0.66,0.446327683615819
"6672d841976c5e0961cc8883","2_3",0,1,"1_4","1",11,"2.3_wrong_fast",0.577430167597765,0.66,0.446327683615819
"6672d841976c5e0961cc8883","2_3",0,1,"1_5","0",11,"2.3_wrong_fast",0.577430167597765,0.66,0.446327683615819
"6672d841976c5e0961cc8883","2_4",0,1,"1_1","1",11,"2.4_wrong_fast",0.518938053097345,0.5,0.675141242937853
"6672d841976c5e0961cc8883","2_4",0,1,"1_2","0",11,"2.4_wrong_fast",0.518938053097345,0.5,0.675141242937853
"6672d841976c5e0961cc8883","2_4",0,1,"1_3","1",11,"2.4_wrong_fast",0.518938053097345,0.5,0.675141242937853
"6672d841976c5e0961cc8883","2_4",0,1,"1_4","0",11,"2.4_wrong_fast",0.518938053097345,0.5,0.675141242937853
"6672d841976c5e0961cc8883","2_4",0,1,"1_5","0",11,"2.4_wrong_fast",0.518938053097345,0.5,0.675141242937853
"66734cd5a99b7d4c18928ded","2_4",1,0,"1_1","1",11,"2.4_right_slow",0.518938053097345,0.1,0.675141242937853
"66734cd5a99b7d4c18928ded","2_4",1,0,"1_2","1",11,"2.4_right_slow",0.518938053097345,0.1,0.675141242937853
"66734cd5a99b7d4c18928ded","2_4",1,0,"1_3","1",11,"2.4_right_slow",0.518938053097345,0.1,0.675141242937853
"66734cd5a99b7d4c18928ded","2_4",1,0,"1_4","1",11,"2.4_right_slow",0.518938053097345,0.1,0.675141242937853
"66734cd5a99b7d4c18928ded","2_4",1,0,"1_5","0",11,"2.4_right_slow",0.518938053097345,0.1,0.675141242937853
"66734cd5a99b7d4c18928ded","2_5",1,0,"1_1","1",11,"2.5_right_slow",0.760870712401055,0.91,0.915254237288136
"66734cd5a99b7d4c18928ded","2_5",1,0,"1_2","1",11,"2.5_right_slow",0.760870712401055,0.91,0.915254237288136
"66734cd5a99b7d4c18928ded","2_5",1,0,"1_3","1",11,"2.5_right_slow",0.760870712401055,0.91,0.915254237288136
"66734cd5a99b7d4c18928ded","2_5",1,0,"1_4","1",11,"2.5_right_slow",0.760870712401055,0.91,0.915254237288136
"66734cd5a99b7d4c18928ded","2_5",1,0,"1_5","1",11,"2.5_right_slow",0.760870712401055,0.91,0.915254237288136
"66734cd5a99b7d4c18928ded","2_3",1,1,"1_1","1",11,"2.3_right_fast",0.577430167597765,0.6,0.446327683615819
"66734cd5a99b7d4c18928ded","2_3",1,1,"1_2","1",11,"2.3_right_fast",0.577430167597765,0.6,0.446327683615819
"66734cd5a99b7d4c18928ded","2_3",1,1,"1_3","1",11,"2.3_right_fast",0.577430167597765,0.6,0.446327683615819
"66734cd5a99b7d4c18928ded","2_3",1,1,"1_4","1",11,"2.3_right_fast",0.577430167597765,0.6,0.446327683615819
"66734cd5a99b7d4c18928ded","2_3",1,1,"1_5","0",11,"2.3_right_fast",0.577430167597765,0.6,0.446327683615819
"66734cd5a99b7d4c18928ded","2_4",1,1,"1_1","1",11,"2.4_right_fast",0.518938053097345,0.27,0.675141242937853
"66734cd5a99b7d4c18928ded","2_4",1,1,"1_2","1",11,"2.4_right_fast",0.518938053097345,0.27,0.675141242937853
"66734cd5a99b7d4c18928ded","2_4",1,1,"1_3","1",11,"2.4_right_fast",0.518938053097345,0.27,0.675141242937853
"66734cd5a99b7d4c18928ded","2_4",1,1,"1_4","1",11,"2.4_right_fast",0.518938053097345,0.27,0.675141242937853
"66734cd5a99b7d4c18928ded","2_4",1,1,"1_5","0",11,"2.4_right_fast",0.518938053097345,0.27,0.675141242937853
"66734cd5a99b7d4c18928ded","2_1",0,1,"1_1","1",11,"2.1_wrong_fast",0.396726726726727,0.18,0.234463276836158
"66734cd5a99b7d4c18928ded","2_1",0,1,"1_2","1",11,"2.1_wrong_fast",0.396726726726727,0.18,0.234463276836158
"66734cd5a99b7d4c18928ded","2_1",0,1,"1_3","1",11,"2.1_wrong_fast",0.396726726726727,0.18,0.234463276836158
"66734cd5a99b7d4c18928ded","2_1",0,1,"1_4","1",11,"2.1_wrong_fast",0.396726726726727,0.18,0.234463276836158
"66734cd5a99b7d4c18928ded","2_1",0,1,"1_5","0",11,"2.1_wrong_fast",0.396726726726727,0.18,0.234463276836158
"66744faaf566bdef7376dbe2","2_4",1,0,"1_1","1",9,"2.4_right_slow",0.518938053097345,0.7,0.675141242937853
"66744faaf566bdef7376dbe2","2_4",1,0,"1_2","1",9,"2.4_right_slow",0.518938053097345,0.7,0.675141242937853
"66744faaf566bdef7376dbe2","2_4",1,0,"1_3","0",9,"2.4_right_slow",0.518938053097345,0.7,0.675141242937853
"66744faaf566bdef7376dbe2","2_4",1,0,"1_4","1",9,"2.4_right_slow",0.518938053097345,0.7,0.675141242937853
"66744faaf566bdef7376dbe2","2_4",1,0,"1_5","0",9,"2.4_right_slow",0.518938053097345,0.7,0.675141242937853
"66744faaf566bdef7376dbe2","2_3",0,0,"1_1","1",9,"2.3_wrong_slow",0.577430167597765,0.59,0.446327683615819
"66744faaf566bdef7376dbe2","2_3",0,0,"1_2","0",9,"2.3_wrong_slow",0.577430167597765,0.59,0.446327683615819
"66744faaf566bdef7376dbe2","2_3",0,0,"1_3","0",9,"2.3_wrong_slow",0.577430167597765,0.59,0.446327683615819
"66744faaf566bdef7376dbe2","2_3",0,0,"1_4","0",9,"2.3_wrong_slow",0.577430167597765,0.59,0.446327683615819
"66744faaf566bdef7376dbe2","2_3",0,0,"1_5","0",9,"2.3_wrong_slow",0.577430167597765,0.59,0.446327683615819
"66744faaf566bdef7376dbe2","2_1",1,1,"1_1","1",9,"2.1_right_fast",0.396726726726727,0,0.234463276836158
"66744faaf566bdef7376dbe2","2_1",1,1,"1_2","0",9,"2.1_right_fast",0.396726726726727,0,0.234463276836158
"66744faaf566bdef7376dbe2","2_1",1,1,"1_3","1",9,"2.1_right_fast",0.396726726726727,0,0.234463276836158
"66744faaf566bdef7376dbe2","2_1",1,1,"1_4","1",9,"2.1_right_fast",0.396726726726727,0,0.234463276836158
"66744faaf566bdef7376dbe2","2_1",1,1,"1_5","0",9,"2.1_right_fast",0.396726726726727,0,0.234463276836158
"66744faaf566bdef7376dbe2","2_3",1,1,"1_1","1",9,"2.3_right_fast",0.577430167597765,0.75,0.446327683615819
"66744faaf566bdef7376dbe2","2_3",1,1,"1_2","0",9,"2.3_right_fast",0.577430167597765,0.75,0.446327683615819
"66744faaf566bdef7376dbe2","2_3",1,1,"1_3","1",9,"2.3_right_fast",0.577430167597765,0.75,0.446327683615819
"66744faaf566bdef7376dbe2","2_3",1,1,"1_4","1",9,"2.3_right_fast",0.577430167597765,0.75,0.446327683615819
"66744faaf566bdef7376dbe2","2_3",1,1,"1_5","0",9,"2.3_right_fast",0.577430167597765,0.75,0.446327683615819
"66744faaf566bdef7376dbe2","2_4",0,1,"1_1","0",9,"2.4_wrong_fast",0.518938053097345,0.82,0.675141242937853
"66744faaf566bdef7376dbe2","2_4",0,1,"1_2","0",9,"2.4_wrong_fast",0.518938053097345,0.82,0.675141242937853
"66744faaf566bdef7376dbe2","2_4",0,1,"1_3","0",9,"2.4_wrong_fast",0.518938053097345,0.82,0.675141242937853
"66744faaf566bdef7376dbe2","2_4",0,1,"1_4","0",9,"2.4_wrong_fast",0.518938053097345,0.82,0.675141242937853
"66744faaf566bdef7376dbe2","2_4",0,1,"1_5","0",9,"2.4_wrong_fast",0.518938053097345,0.82,0.675141242937853
"6679d012158715ae2d03a3f7","2_3",0,0,"1_1","1",4,"2.3_wrong_slow",0.577430167597765,0.56,0.446327683615819
"6679d012158715ae2d03a3f7","2_3",0,0,"1_2","1",4,"2.3_wrong_slow",0.577430167597765,0.56,0.446327683615819
"6679d012158715ae2d03a3f7","2_3",0,0,"1_3","0",4,"2.3_wrong_slow",0.577430167597765,0.56,0.446327683615819
"6679d012158715ae2d03a3f7","2_3",0,0,"1_4","1",4,"2.3_wrong_slow",0.577430167597765,0.56,0.446327683615819
"6679d012158715ae2d03a3f7","2_3",0,0,"1_5","0",4,"2.3_wrong_slow",0.577430167597765,0.56,0.446327683615819
"6679d012158715ae2d03a3f7","2_4",0,0,"1_1","1",4,"2.4_wrong_slow",0.518938053097345,0.6,0.675141242937853
"6679d012158715ae2d03a3f7","2_4",0,0,"1_2","1",4,"2.4_wrong_slow",0.518938053097345,0.6,0.675141242937853
"6679d012158715ae2d03a3f7","2_4",0,0,"1_3","0",4,"2.4_wrong_slow",0.518938053097345,0.6,0.675141242937853
"6679d012158715ae2d03a3f7","2_4",0,0,"1_4","0",4,"2.4_wrong_slow",0.518938053097345,0.6,0.675141242937853
"6679d012158715ae2d03a3f7","2_4",0,0,"1_5","0",4,"2.4_wrong_slow",0.518938053097345,0.6,0.675141242937853
"6679d012158715ae2d03a3f7","2_2",1,1,"1_1","1",4,"2.2_right_fast",0.566398891966759,0.66,0.536723163841808
"6679d012158715ae2d03a3f7","2_2",1,1,"1_2","1",4,"2.2_right_fast",0.566398891966759,0.66,0.536723163841808
"6679d012158715ae2d03a3f7","2_2",1,1,"1_3","1",4,"2.2_right_fast",0.566398891966759,0.66,0.536723163841808
"6679d012158715ae2d03a3f7","2_2",1,1,"1_4","1",4,"2.2_right_fast",0.566398891966759,0.66,0.536723163841808
"6679d012158715ae2d03a3f7","2_2",1,1,"1_5","0",4,"2.2_right_fast",0.566398891966759,0.66,0.536723163841808
"6679d012158715ae2d03a3f7","2_4",1,1,"1_1","1",4,"2.4_right_fast",0.518938053097345,0.67,0.675141242937853
"6679d012158715ae2d03a3f7","2_4",1,1,"1_2","1",4,"2.4_right_fast",0.518938053097345,0.67,0.675141242937853
"6679d012158715ae2d03a3f7","2_4",1,1,"1_3","1",4,"2.4_right_fast",0.518938053097345,0.67,0.675141242937853
"6679d012158715ae2d03a3f7","2_4",1,1,"1_4","1",4,"2.4_right_fast",0.518938053097345,0.67,0.675141242937853
"6679d012158715ae2d03a3f7","2_4",1,1,"1_5","0",4,"2.4_right_fast",0.518938053097345,0.67,0.675141242937853
"6679d012158715ae2d03a3f7","2_5",0,1,"1_1","1",4,"2.5_wrong_fast",0.760870712401055,0.78,0.915254237288136
"6679d012158715ae2d03a3f7","2_5",0,1,"1_2","0",4,"2.5_wrong_fast",0.760870712401055,0.78,0.915254237288136
"6679d012158715ae2d03a3f7","2_5",0,1,"1_3","1",4,"2.5_wrong_fast",0.760870712401055,0.78,0.915254237288136
"6679d012158715ae2d03a3f7","2_5",0,1,"1_4","1",4,"2.5_wrong_fast",0.760870712401055,0.78,0.915254237288136
"6679d012158715ae2d03a3f7","2_5",0,1,"1_5","0",4,"2.5_wrong_fast",0.760870712401055,0.78,0.915254237288136
"6679ed3623ba9780099483c0","2_1",1,0,"1_1","1",5,"2.1_right_slow",0.396726726726727,0.3,0.234463276836158
"6679ed3623ba9780099483c0","2_1",1,0,"1_2","1",5,"2.1_right_slow",0.396726726726727,0.3,0.234463276836158
"6679ed3623ba9780099483c0","2_1",1,0,"1_3","1",5,"2.1_right_slow",0.396726726726727,0.3,0.234463276836158
"6679ed3623ba9780099483c0","2_1",1,0,"1_4","1",5,"2.1_right_slow",0.396726726726727,0.3,0.234463276836158
"6679ed3623ba9780099483c0","2_1",1,0,"1_5","0",5,"2.1_right_slow",0.396726726726727,0.3,0.234463276836158
"6679ed3623ba9780099483c0","2_5",1,0,"1_1","1",5,"2.5_right_slow",0.760870712401055,0.4,0.915254237288136
"6679ed3623ba9780099483c0","2_5",1,0,"1_2","1",5,"2.5_right_slow",0.760870712401055,0.4,0.915254237288136
"6679ed3623ba9780099483c0","2_5",1,0,"1_3","1",5,"2.5_right_slow",0.760870712401055,0.4,0.915254237288136
"6679ed3623ba9780099483c0","2_5",1,0,"1_4","1",5,"2.5_right_slow",0.760870712401055,0.4,0.915254237288136
"6679ed3623ba9780099483c0","2_5",1,0,"1_5","1",5,"2.5_right_slow",0.760870712401055,0.4,0.915254237288136
"6679ed3623ba9780099483c0","2_1",1,1,"1_1","1",5,"2.1_right_fast",0.396726726726727,0.2,0.234463276836158
"6679ed3623ba9780099483c0","2_1",1,1,"1_2","1",5,"2.1_right_fast",0.396726726726727,0.2,0.234463276836158
"6679ed3623ba9780099483c0","2_1",1,1,"1_3","1",5,"2.1_right_fast",0.396726726726727,0.2,0.234463276836158
"6679ed3623ba9780099483c0","2_1",1,1,"1_4","1",5,"2.1_right_fast",0.396726726726727,0.2,0.234463276836158
"6679ed3623ba9780099483c0","2_1",1,1,"1_5","0",5,"2.1_right_fast",0.396726726726727,0.2,0.234463276836158
"6679ed3623ba9780099483c0","2_2",1,1,"1_1","1",5,"2.2_right_fast",0.566398891966759,0.6,0.536723163841808
"6679ed3623ba9780099483c0","2_2",1,1,"1_2","1",5,"2.2_right_fast",0.566398891966759,0.6,0.536723163841808
"6679ed3623ba9780099483c0","2_2",1,1,"1_3","1",5,"2.2_right_fast",0.566398891966759,0.6,0.536723163841808
"6679ed3623ba9780099483c0","2_2",1,1,"1_4","1",5,"2.2_right_fast",0.566398891966759,0.6,0.536723163841808
"6679ed3623ba9780099483c0","2_2",1,1,"1_5","0",5,"2.2_right_fast",0.566398891966759,0.6,0.536723163841808
"6679ed3623ba9780099483c0","2_5",1,1,"1_1","1",5,"2.5_right_fast",0.760870712401055,0.7,0.915254237288136
"6679ed3623ba9780099483c0","2_5",1,1,"1_2","1",5,"2.5_right_fast",0.760870712401055,0.7,0.915254237288136
"6679ed3623ba9780099483c0","2_5",1,1,"1_3","0",5,"2.5_right_fast",0.760870712401055,0.7,0.915254237288136
"6679ed3623ba9780099483c0","2_5",1,1,"1_4","1",5,"2.5_right_fast",0.760870712401055,0.7,0.915254237288136
"6679ed3623ba9780099483c0","2_5",1,1,"1_5","0",5,"2.5_right_fast",0.760870712401055,0.7,0.915254237288136
"667bd5012a43ab2c51a565ce","2_1",1,0,"1_1","1",NA,"2.1_right_slow",0.396726726726727,0.23,0.234463276836158
"667bd5012a43ab2c51a565ce","2_1",1,0,"1_2","0",NA,"2.1_right_slow",0.396726726726727,0.23,0.234463276836158
"667bd5012a43ab2c51a565ce","2_1",1,0,"1_3","0",NA,"2.1_right_slow",0.396726726726727,0.23,0.234463276836158
"667bd5012a43ab2c51a565ce","2_1",1,0,"1_4","1",NA,"2.1_right_slow",0.396726726726727,0.23,0.234463276836158
"667bd5012a43ab2c51a565ce","2_1",1,0,"1_5","0",NA,"2.1_right_slow",0.396726726726727,0.23,0.234463276836158
"667bd5012a43ab2c51a565ce","2_4",1,0,"1_1","1",NA,"2.4_right_slow",0.518938053097345,0.15,0.675141242937853
"667bd5012a43ab2c51a565ce","2_4",1,0,"1_2","0",NA,"2.4_right_slow",0.518938053097345,0.15,0.675141242937853
"667bd5012a43ab2c51a565ce","2_4",1,0,"1_3","0",NA,"2.4_right_slow",0.518938053097345,0.15,0.675141242937853
"667bd5012a43ab2c51a565ce","2_4",1,0,"1_4","1",NA,"2.4_right_slow",0.518938053097345,0.15,0.675141242937853
"667bd5012a43ab2c51a565ce","2_4",1,0,"1_5","0",NA,"2.4_right_slow",0.518938053097345,0.15,0.675141242937853
"667bd5012a43ab2c51a565ce","2_2",0,0,"1_1","1",NA,"2.2_wrong_slow",0.566398891966759,0.37,0.536723163841808
"667bd5012a43ab2c51a565ce","2_2",0,0,"1_2","0",NA,"2.2_wrong_slow",0.566398891966759,0.37,0.536723163841808
"667bd5012a43ab2c51a565ce","2_2",0,0,"1_3","0",NA,"2.2_wrong_slow",0.566398891966759,0.37,0.536723163841808
"667bd5012a43ab2c51a565ce","2_2",0,0,"1_4","1",NA,"2.2_wrong_slow",0.566398891966759,0.37,0.536723163841808
"667bd5012a43ab2c51a565ce","2_2",0,0,"1_5","0",NA,"2.2_wrong_slow",0.566398891966759,0.37,0.536723163841808
"667bd5012a43ab2c51a565ce","2_3",0,0,"1_1","1",NA,"2.3_wrong_slow",0.577430167597765,0.69,0.446327683615819
"667bd5012a43ab2c51a565ce","2_3",0,0,"1_2","0",NA,"2.3_wrong_slow",0.577430167597765,0.69,0.446327683615819
"667bd5012a43ab2c51a565ce","2_3",0,0,"1_3","0",NA,"2.3_wrong_slow",0.577430167597765,0.69,0.446327683615819
"667bd5012a43ab2c51a565ce","2_3",0,0,"1_4","1",NA,"2.3_wrong_slow",0.577430167597765,0.69,0.446327683615819
"667bd5012a43ab2c51a565ce","2_3",0,0,"1_5","0",NA,"2.3_wrong_slow",0.577430167597765,0.69,0.446327683615819
"667bd5012a43ab2c51a565ce","2_2",1,1,"1_1","1",NA,"2.2_right_fast",0.566398891966759,0.22,0.536723163841808
"667bd5012a43ab2c51a565ce","2_2",1,1,"1_2","1",NA,"2.2_right_fast",0.566398891966759,0.22,0.536723163841808
"667bd5012a43ab2c51a565ce","2_2",1,1,"1_3","1",NA,"2.2_right_fast",0.566398891966759,0.22,0.536723163841808
"667bd5012a43ab2c51a565ce","2_2",1,1,"1_4","1",NA,"2.2_right_fast",0.566398891966759,0.22,0.536723163841808
"667bd5012a43ab2c51a565ce","2_2",1,1,"1_5","0",NA,"2.2_right_fast",0.566398891966759,0.22,0.536723163841808
"667e27322e43770fb9f2bb8c","2_2",1,0,"1_1","1",4,"2.2_right_slow",0.566398891966759,0.92,0.536723163841808
"667e27322e43770fb9f2bb8c","2_2",1,0,"1_2","0",4,"2.2_right_slow",0.566398891966759,0.92,0.536723163841808
"667e27322e43770fb9f2bb8c","2_2",1,0,"1_3","0",4,"2.2_right_slow",0.566398891966759,0.92,0.536723163841808
"667e27322e43770fb9f2bb8c","2_2",1,0,"1_4","1",4,"2.2_right_slow",0.566398891966759,0.92,0.536723163841808
"667e27322e43770fb9f2bb8c","2_2",1,0,"1_5","0",4,"2.2_right_slow",0.566398891966759,0.92,0.536723163841808
"667e27322e43770fb9f2bb8c","2_3",1,0,"1_1","1",4,"2.3_right_slow",0.577430167597765,1,0.446327683615819
"667e27322e43770fb9f2bb8c","2_3",1,0,"1_2","0",4,"2.3_right_slow",0.577430167597765,1,0.446327683615819
"667e27322e43770fb9f2bb8c","2_3",1,0,"1_3","1",4,"2.3_right_slow",0.577430167597765,1,0.446327683615819
"667e27322e43770fb9f2bb8c","2_3",1,0,"1_4","1",4,"2.3_right_slow",0.577430167597765,1,0.446327683615819
"667e27322e43770fb9f2bb8c","2_3",1,0,"1_5","0",4,"2.3_right_slow",0.577430167597765,1,0.446327683615819
"667e27322e43770fb9f2bb8c","2_4",1,0,"1_1","0",4,"2.4_right_slow",0.518938053097345,0.53,0.675141242937853
"667e27322e43770fb9f2bb8c","2_4",1,0,"1_2","0",4,"2.4_right_slow",0.518938053097345,0.53,0.675141242937853
"667e27322e43770fb9f2bb8c","2_4",1,0,"1_3","0",4,"2.4_right_slow",0.518938053097345,0.53,0.675141242937853
"667e27322e43770fb9f2bb8c","2_4",1,0,"1_4","0",4,"2.4_right_slow",0.518938053097345,0.53,0.675141242937853
"667e27322e43770fb9f2bb8c","2_4",1,0,"1_5","0",4,"2.4_right_slow",0.518938053097345,0.53,0.675141242937853
"667e27322e43770fb9f2bb8c","2_1",1,1,"1_1","1",4,"2.1_right_fast",0.396726726726727,0.52,0.234463276836158
"667e27322e43770fb9f2bb8c","2_1",1,1,"1_2","0",4,"2.1_right_fast",0.396726726726727,0.52,0.234463276836158
"667e27322e43770fb9f2bb8c","2_1",1,1,"1_3","1",4,"2.1_right_fast",0.396726726726727,0.52,0.234463276836158
"667e27322e43770fb9f2bb8c","2_1",1,1,"1_4","1",4,"2.1_right_fast",0.396726726726727,0.52,0.234463276836158
"667e27322e43770fb9f2bb8c","2_1",1,1,"1_5","0",4,"2.1_right_fast",0.396726726726727,0.52,0.234463276836158
"667e27322e43770fb9f2bb8c","2_3",0,1,"1_1","1",4,"2.3_wrong_fast",0.577430167597765,0.79,0.446327683615819
"667e27322e43770fb9f2bb8c","2_3",0,1,"1_2","1",4,"2.3_wrong_fast",0.577430167597765,0.79,0.446327683615819
"667e27322e43770fb9f2bb8c","2_3",0,1,"1_3","1",4,"2.3_wrong_fast",0.577430167597765,0.79,0.446327683615819
"667e27322e43770fb9f2bb8c","2_3",0,1,"1_4","1",4,"2.3_wrong_fast",0.577430167597765,0.79,0.446327683615819
"667e27322e43770fb9f2bb8c","2_3",0,1,"1_5","0",4,"2.3_wrong_fast",0.577430167597765,0.79,0.446327683615819
"6681e05e37692ab271e02312","2_3",1,0,"1_1","1",3,"2.3_right_slow",0.577430167597765,0.37,0.446327683615819
"6681e05e37692ab271e02312","2_3",1,0,"1_2","1",3,"2.3_right_slow",0.577430167597765,0.37,0.446327683615819
"6681e05e37692ab271e02312","2_3",1,0,"1_3","0",3,"2.3_right_slow",0.577430167597765,0.37,0.446327683615819
"6681e05e37692ab271e02312","2_3",1,0,"1_4","1",3,"2.3_right_slow",0.577430167597765,0.37,0.446327683615819
"6681e05e37692ab271e02312","2_3",1,0,"1_5","0",3,"2.3_right_slow",0.577430167597765,0.37,0.446327683615819
"6681e05e37692ab271e02312","2_1",0,0,"1_1","1",3,"2.1_wrong_slow",0.396726726726727,0.66,0.234463276836158
"6681e05e37692ab271e02312","2_1",0,0,"1_2","0",3,"2.1_wrong_slow",0.396726726726727,0.66,0.234463276836158
"6681e05e37692ab271e02312","2_1",0,0,"1_3","0",3,"2.1_wrong_slow",0.396726726726727,0.66,0.234463276836158
"6681e05e37692ab271e02312","2_1",0,0,"1_4","0",3,"2.1_wrong_slow",0.396726726726727,0.66,0.234463276836158
"6681e05e37692ab271e02312","2_1",0,0,"1_5","0",3,"2.1_wrong_slow",0.396726726726727,0.66,0.234463276836158
"6681e05e37692ab271e02312","2_2",0,0,"1_1","1",3,"2.2_wrong_slow",0.566398891966759,0.43,0.536723163841808
"6681e05e37692ab271e02312","2_2",0,0,"1_2","0",3,"2.2_wrong_slow",0.566398891966759,0.43,0.536723163841808
"6681e05e37692ab271e02312","2_2",0,0,"1_3","0",3,"2.2_wrong_slow",0.566398891966759,0.43,0.536723163841808
"6681e05e37692ab271e02312","2_2",0,0,"1_4","1",3,"2.2_wrong_slow",0.566398891966759,0.43,0.536723163841808
"6681e05e37692ab271e02312","2_2",0,0,"1_5","0",3,"2.2_wrong_slow",0.566398891966759,0.43,0.536723163841808
"6681e05e37692ab271e02312","2_4",0,1,"1_1","1",3,"2.4_wrong_fast",0.518938053097345,0.84,0.675141242937853
"6681e05e37692ab271e02312","2_4",0,1,"1_2","0",3,"2.4_wrong_fast",0.518938053097345,0.84,0.675141242937853
"6681e05e37692ab271e02312","2_4",0,1,"1_3","0",3,"2.4_wrong_fast",0.518938053097345,0.84,0.675141242937853
"6681e05e37692ab271e02312","2_4",0,1,"1_4","1",3,"2.4_wrong_fast",0.518938053097345,0.84,0.675141242937853
"6681e05e37692ab271e02312","2_4",0,1,"1_5","0",3,"2.4_wrong_fast",0.518938053097345,0.84,0.675141242937853
"6681e05e37692ab271e02312","2_5",0,1,"1_1","1",3,"2.5_wrong_fast",0.760870712401055,0.89,0.915254237288136
"6681e05e37692ab271e02312","2_5",0,1,"1_2","0",3,"2.5_wrong_fast",0.760870712401055,0.89,0.915254237288136
"6681e05e37692ab271e02312","2_5",0,1,"1_3","0",3,"2.5_wrong_fast",0.760870712401055,0.89,0.915254237288136
"6681e05e37692ab271e02312","2_5",0,1,"1_4","1",3,"2.5_wrong_fast",0.760870712401055,0.89,0.915254237288136
"6681e05e37692ab271e02312","2_5",0,1,"1_5","0",3,"2.5_wrong_fast",0.760870712401055,0.89,0.915254237288136
"6685ac588e11bf25e72e6a07","2_1",1,0,"1_1","1",7,"2.1_right_slow",0.396726726726727,0.15,0.234463276836158
"6685ac588e11bf25e72e6a07","2_1",1,0,"1_2","1",7,"2.1_right_slow",0.396726726726727,0.15,0.234463276836158
"6685ac588e11bf25e72e6a07","2_1",1,0,"1_3","1",7,"2.1_right_slow",0.396726726726727,0.15,0.234463276836158
"6685ac588e11bf25e72e6a07","2_1",1,0,"1_4","1",7,"2.1_right_slow",0.396726726726727,0.15,0.234463276836158
"6685ac588e11bf25e72e6a07","2_1",1,0,"1_5","0",7,"2.1_right_slow",0.396726726726727,0.15,0.234463276836158
"6685ac588e11bf25e72e6a07","2_5",1,0,"1_1","1",7,"2.5_right_slow",0.760870712401055,0.2,0.915254237288136
"6685ac588e11bf25e72e6a07","2_5",1,0,"1_2","1",7,"2.5_right_slow",0.760870712401055,0.2,0.915254237288136
"6685ac588e11bf25e72e6a07","2_5",1,0,"1_3","1",7,"2.5_right_slow",0.760870712401055,0.2,0.915254237288136
"6685ac588e11bf25e72e6a07","2_5",1,0,"1_4","1",7,"2.5_right_slow",0.760870712401055,0.2,0.915254237288136
"6685ac588e11bf25e72e6a07","2_5",1,0,"1_5","1",7,"2.5_right_slow",0.760870712401055,0.2,0.915254237288136
"6685ac588e11bf25e72e6a07","2_3",1,1,"1_1","1",7,"2.3_right_fast",0.577430167597765,0.25,0.446327683615819
"6685ac588e11bf25e72e6a07","2_3",1,1,"1_2","1",7,"2.3_right_fast",0.577430167597765,0.25,0.446327683615819
"6685ac588e11bf25e72e6a07","2_3",1,1,"1_3","1",7,"2.3_right_fast",0.577430167597765,0.25,0.446327683615819
"6685ac588e11bf25e72e6a07","2_3",1,1,"1_4","1",7,"2.3_right_fast",0.577430167597765,0.25,0.446327683615819
"6685ac588e11bf25e72e6a07","2_3",1,1,"1_5","0",7,"2.3_right_fast",0.577430167597765,0.25,0.446327683615819
"6685ac588e11bf25e72e6a07","2_5",1,1,"1_1","1",7,"2.5_right_fast",0.760870712401055,0.6,0.915254237288136
"6685ac588e11bf25e72e6a07","2_5",1,1,"1_2","1",7,"2.5_right_fast",0.760870712401055,0.6,0.915254237288136
"6685ac588e11bf25e72e6a07","2_5",1,1,"1_3","1",7,"2.5_right_fast",0.760870712401055,0.6,0.915254237288136
"6685ac588e11bf25e72e6a07","2_5",1,1,"1_4","1",7,"2.5_right_fast",0.760870712401055,0.6,0.915254237288136
"6685ac588e11bf25e72e6a07","2_5",1,1,"1_5","1",7,"2.5_right_fast",0.760870712401055,0.6,0.915254237288136
"6685ac588e11bf25e72e6a07","2_1",0,1,"1_1","1",7,"2.1_wrong_fast",0.396726726726727,0.2,0.234463276836158
"6685ac588e11bf25e72e6a07","2_1",0,1,"1_2","1",7,"2.1_wrong_fast",0.396726726726727,0.2,0.234463276836158
"6685ac588e11bf25e72e6a07","2_1",0,1,"1_3","1",7,"2.1_wrong_fast",0.396726726726727,0.2,0.234463276836158
"6685ac588e11bf25e72e6a07","2_1",0,1,"1_4","1",7,"2.1_wrong_fast",0.396726726726727,0.2,0.234463276836158
"6685ac588e11bf25e72e6a07","2_1",0,1,"1_5","0",7,"2.1_wrong_fast",0.396726726726727,0.2,0.234463276836158
"66956649d7179281d46fa6f2","2_1",1,0,"1_1","1",10,"2.1_right_slow",0.396726726726727,0.45,0.234463276836158
"66956649d7179281d46fa6f2","2_1",1,0,"1_2","1",10,"2.1_right_slow",0.396726726726727,0.45,0.234463276836158
"66956649d7179281d46fa6f2","2_1",1,0,"1_3","1",10,"2.1_right_slow",0.396726726726727,0.45,0.234463276836158
"66956649d7179281d46fa6f2","2_1",1,0,"1_4","1",10,"2.1_right_slow",0.396726726726727,0.45,0.234463276836158
"66956649d7179281d46fa6f2","2_1",1,0,"1_5","0",10,"2.1_right_slow",0.396726726726727,0.45,0.234463276836158
"66956649d7179281d46fa6f2","2_3",1,0,"1_1","1",10,"2.3_right_slow",0.577430167597765,0.48,0.446327683615819
"66956649d7179281d46fa6f2","2_3",1,0,"1_2","1",10,"2.3_right_slow",0.577430167597765,0.48,0.446327683615819
"66956649d7179281d46fa6f2","2_3",1,0,"1_3","1",10,"2.3_right_slow",0.577430167597765,0.48,0.446327683615819
"66956649d7179281d46fa6f2","2_3",1,0,"1_4","1",10,"2.3_right_slow",0.577430167597765,0.48,0.446327683615819
"66956649d7179281d46fa6f2","2_3",1,0,"1_5","0",10,"2.3_right_slow",0.577430167597765,0.48,0.446327683615819
"66956649d7179281d46fa6f2","2_5",1,0,"1_1","1",10,"2.5_right_slow",0.760870712401055,0.92,0.915254237288136
"66956649d7179281d46fa6f2","2_5",1,0,"1_2","1",10,"2.5_right_slow",0.760870712401055,0.92,0.915254237288136
"66956649d7179281d46fa6f2","2_5",1,0,"1_3","1",10,"2.5_right_slow",0.760870712401055,0.92,0.915254237288136
"66956649d7179281d46fa6f2","2_5",1,0,"1_4","1",10,"2.5_right_slow",0.760870712401055,0.92,0.915254237288136
"66956649d7179281d46fa6f2","2_5",1,0,"1_5","1",10,"2.5_right_slow",0.760870712401055,0.92,0.915254237288136
"66956649d7179281d46fa6f2","2_3",1,1,"1_1","1",10,"2.3_right_fast",0.577430167597765,0.7,0.446327683615819
"66956649d7179281d46fa6f2","2_3",1,1,"1_2","0",10,"2.3_right_fast",0.577430167597765,0.7,0.446327683615819
"66956649d7179281d46fa6f2","2_3",1,1,"1_3","1",10,"2.3_right_fast",0.577430167597765,0.7,0.446327683615819
"66956649d7179281d46fa6f2","2_3",1,1,"1_4","1",10,"2.3_right_fast",0.577430167597765,0.7,0.446327683615819
"66956649d7179281d46fa6f2","2_3",1,1,"1_5","0",10,"2.3_right_fast",0.577430167597765,0.7,0.446327683615819
"66956649d7179281d46fa6f2","2_4",0,1,"1_1","1",10,"2.4_wrong_fast",0.518938053097345,0.68,0.675141242937853
"66956649d7179281d46fa6f2","2_4",0,1,"1_2","0",10,"2.4_wrong_fast",0.518938053097345,0.68,0.675141242937853
"66956649d7179281d46fa6f2","2_4",0,1,"1_3","0",10,"2.4_wrong_fast",0.518938053097345,0.68,0.675141242937853
"66956649d7179281d46fa6f2","2_4",0,1,"1_4","1",10,"2.4_wrong_fast",0.518938053097345,0.68,0.675141242937853
"66956649d7179281d46fa6f2","2_4",0,1,"1_5","0",10,"2.4_wrong_fast",0.518938053097345,0.68,0.675141242937853
"66956d856f7176e8bb907fcc","2_2",1,0,"1_1","1",8,"2.2_right_slow",0.566398891966759,0.35,0.536723163841808
"66956d856f7176e8bb907fcc","2_2",1,0,"1_2","1",8,"2.2_right_slow",0.566398891966759,0.35,0.536723163841808
"66956d856f7176e8bb907fcc","2_2",1,0,"1_3","1",8,"2.2_right_slow",0.566398891966759,0.35,0.536723163841808
"66956d856f7176e8bb907fcc","2_2",1,0,"1_4","1",8,"2.2_right_slow",0.566398891966759,0.35,0.536723163841808
"66956d856f7176e8bb907fcc","2_2",1,0,"1_5","0",8,"2.2_right_slow",0.566398891966759,0.35,0.536723163841808
"66956d856f7176e8bb907fcc","2_3",1,0,"1_1","1",8,"2.3_right_slow",0.577430167597765,0.4,0.446327683615819
"66956d856f7176e8bb907fcc","2_3",1,0,"1_2","1",8,"2.3_right_slow",0.577430167597765,0.4,0.446327683615819
"66956d856f7176e8bb907fcc","2_3",1,0,"1_3","1",8,"2.3_right_slow",0.577430167597765,0.4,0.446327683615819
"66956d856f7176e8bb907fcc","2_3",1,0,"1_4","1",8,"2.3_right_slow",0.577430167597765,0.4,0.446327683615819
"66956d856f7176e8bb907fcc","2_3",1,0,"1_5","0",8,"2.3_right_slow",0.577430167597765,0.4,0.446327683615819
"66956d856f7176e8bb907fcc","2_3",1,1,"1_1","1",8,"2.3_right_fast",0.577430167597765,0.7,0.446327683615819
"66956d856f7176e8bb907fcc","2_3",1,1,"1_2","1",8,"2.3_right_fast",0.577430167597765,0.7,0.446327683615819
"66956d856f7176e8bb907fcc","2_3",1,1,"1_3","1",8,"2.3_right_fast",0.577430167597765,0.7,0.446327683615819
"66956d856f7176e8bb907fcc","2_3",1,1,"1_4","1",8,"2.3_right_fast",0.577430167597765,0.7,0.446327683615819
"66956d856f7176e8bb907fcc","2_3",1,1,"1_5","0",8,"2.3_right_fast",0.577430167597765,0.7,0.446327683615819
"66956d856f7176e8bb907fcc","2_4",1,1,"1_1","1",8,"2.4_right_fast",0.518938053097345,0.75,0.675141242937853
"66956d856f7176e8bb907fcc","2_4",1,1,"1_2","1",8,"2.4_right_fast",0.518938053097345,0.75,0.675141242937853
"66956d856f7176e8bb907fcc","2_4",1,1,"1_3","1",8,"2.4_right_fast",0.518938053097345,0.75,0.675141242937853
"66956d856f7176e8bb907fcc","2_4",1,1,"1_4","1",8,"2.4_right_fast",0.518938053097345,0.75,0.675141242937853
"66956d856f7176e8bb907fcc","2_4",1,1,"1_5","0",8,"2.4_right_fast",0.518938053097345,0.75,0.675141242937853
"66956d856f7176e8bb907fcc","2_3",0,1,"1_1","1",8,"2.3_wrong_fast",0.577430167597765,0.7,0.446327683615819
"66956d856f7176e8bb907fcc","2_3",0,1,"1_2","1",8,"2.3_wrong_fast",0.577430167597765,0.7,0.446327683615819
"66956d856f7176e8bb907fcc","2_3",0,1,"1_3","1",8,"2.3_wrong_fast",0.577430167597765,0.7,0.446327683615819
"66956d856f7176e8bb907fcc","2_3",0,1,"1_4","1",8,"2.3_wrong_fast",0.577430167597765,0.7,0.446327683615819
"66956d856f7176e8bb907fcc","2_3",0,1,"1_5","0",8,"2.3_wrong_fast",0.577430167597765,0.7,0.446327683615819
"6696fd1fb46668008566a9bd","2_4",1,0,"1_1","1",2,"2.4_right_slow",0.518938053097345,0.78,0.675141242937853
"6696fd1fb46668008566a9bd","2_4",1,0,"1_2","0",2,"2.4_right_slow",0.518938053097345,0.78,0.675141242937853
"6696fd1fb46668008566a9bd","2_4",1,0,"1_3","1",2,"2.4_right_slow",0.518938053097345,0.78,0.675141242937853
"6696fd1fb46668008566a9bd","2_4",1,0,"1_4","1",2,"2.4_right_slow",0.518938053097345,0.78,0.675141242937853
"6696fd1fb46668008566a9bd","2_4",1,0,"1_5","0",2,"2.4_right_slow",0.518938053097345,0.78,0.675141242937853
"6696fd1fb46668008566a9bd","2_3",0,0,"1_1","1",2,"2.3_wrong_slow",0.577430167597765,0.83,0.446327683615819
"6696fd1fb46668008566a9bd","2_3",0,0,"1_2","0",2,"2.3_wrong_slow",0.577430167597765,0.83,0.446327683615819
"6696fd1fb46668008566a9bd","2_3",0,0,"1_3","0",2,"2.3_wrong_slow",0.577430167597765,0.83,0.446327683615819
"6696fd1fb46668008566a9bd","2_3",0,0,"1_4","0",2,"2.3_wrong_slow",0.577430167597765,0.83,0.446327683615819
"6696fd1fb46668008566a9bd","2_3",0,0,"1_5","0",2,"2.3_wrong_slow",0.577430167597765,0.83,0.446327683615819
"6696fd1fb46668008566a9bd","2_5",0,0,"1_1","1",2,"2.5_wrong_slow",0.760870712401055,0.95,0.915254237288136
"6696fd1fb46668008566a9bd","2_5",0,0,"1_2","0",2,"2.5_wrong_slow",0.760870712401055,0.95,0.915254237288136
"6696fd1fb46668008566a9bd","2_5",0,0,"1_3","0",2,"2.5_wrong_slow",0.760870712401055,0.95,0.915254237288136
"6696fd1fb46668008566a9bd","2_5",0,0,"1_4","0",2,"2.5_wrong_slow",0.760870712401055,0.95,0.915254237288136
"6696fd1fb46668008566a9bd","2_5",0,0,"1_5","0",2,"2.5_wrong_slow",0.760870712401055,0.95,0.915254237288136
"6696fd1fb46668008566a9bd","2_1",0,1,"1_1","1",2,"2.1_wrong_fast",0.396726726726727,0.95,0.234463276836158
"6696fd1fb46668008566a9bd","2_1",0,1,"1_2","0",2,"2.1_wrong_fast",0.396726726726727,0.95,0.234463276836158
"6696fd1fb46668008566a9bd","2_1",0,1,"1_3","0",2,"2.1_wrong_fast",0.396726726726727,0.95,0.234463276836158
"6696fd1fb46668008566a9bd","2_1",0,1,"1_4","0",2,"2.1_wrong_fast",0.396726726726727,0.95,0.234463276836158
"6696fd1fb46668008566a9bd","2_1",0,1,"1_5","0",2,"2.1_wrong_fast",0.396726726726727,0.95,0.234463276836158
"6696fd1fb46668008566a9bd","2_4",0,1,"1_1","1",2,"2.4_wrong_fast",0.518938053097345,0.99,0.675141242937853
"6696fd1fb46668008566a9bd","2_4",0,1,"1_2","0",2,"2.4_wrong_fast",0.518938053097345,0.99,0.675141242937853
"6696fd1fb46668008566a9bd","2_4",0,1,"1_3","0",2,"2.4_wrong_fast",0.518938053097345,0.99,0.675141242937853
"6696fd1fb46668008566a9bd","2_4",0,1,"1_4","0",2,"2.4_wrong_fast",0.518938053097345,0.99,0.675141242937853
"6696fd1fb46668008566a9bd","2_4",0,1,"1_5","0",2,"2.4_wrong_fast",0.518938053097345,0.99,0.675141242937853
"6697f5425b965a8e85012f54","2_2",1,0,"1_1","1",4,"2.2_right_slow",0.566398891966759,0.74,0.536723163841808
"6697f5425b965a8e85012f54","2_2",1,0,"1_2","1",4,"2.2_right_slow",0.566398891966759,0.74,0.536723163841808
"6697f5425b965a8e85012f54","2_2",1,0,"1_3","1",4,"2.2_right_slow",0.566398891966759,0.74,0.536723163841808
"6697f5425b965a8e85012f54","2_2",1,0,"1_4","1",4,"2.2_right_slow",0.566398891966759,0.74,0.536723163841808
"6697f5425b965a8e85012f54","2_2",1,0,"1_5","0",4,"2.2_right_slow",0.566398891966759,0.74,0.536723163841808
"6697f5425b965a8e85012f54","2_4",1,0,"1_1","1",4,"2.4_right_slow",0.518938053097345,0.59,0.675141242937853
"6697f5425b965a8e85012f54","2_4",1,0,"1_2","0",4,"2.4_right_slow",0.518938053097345,0.59,0.675141242937853
"6697f5425b965a8e85012f54","2_4",1,0,"1_3","0",4,"2.4_right_slow",0.518938053097345,0.59,0.675141242937853
"6697f5425b965a8e85012f54","2_4",1,0,"1_4","1",4,"2.4_right_slow",0.518938053097345,0.59,0.675141242937853
"6697f5425b965a8e85012f54","2_4",1,0,"1_5","0",4,"2.4_right_slow",0.518938053097345,0.59,0.675141242937853
"6697f5425b965a8e85012f54","2_2",0,0,"1_1","1",4,"2.2_wrong_slow",0.566398891966759,0.75,0.536723163841808
"6697f5425b965a8e85012f54","2_2",0,0,"1_2","0",4,"2.2_wrong_slow",0.566398891966759,0.75,0.536723163841808
"6697f5425b965a8e85012f54","2_2",0,0,"1_3","0",4,"2.2_wrong_slow",0.566398891966759,0.75,0.536723163841808
"6697f5425b965a8e85012f54","2_2",0,0,"1_4","1",4,"2.2_wrong_slow",0.566398891966759,0.75,0.536723163841808
"6697f5425b965a8e85012f54","2_2",0,0,"1_5","0",4,"2.2_wrong_slow",0.566398891966759,0.75,0.536723163841808
"6697f5425b965a8e85012f54","2_2",1,1,"1_1","1",4,"2.2_right_fast",0.566398891966759,0.91,0.536723163841808
"6697f5425b965a8e85012f54","2_2",1,1,"1_2","0",4,"2.2_right_fast",0.566398891966759,0.91,0.536723163841808
"6697f5425b965a8e85012f54","2_2",1,1,"1_3","0",4,"2.2_right_fast",0.566398891966759,0.91,0.536723163841808
"6697f5425b965a8e85012f54","2_2",1,1,"1_4","1",4,"2.2_right_fast",0.566398891966759,0.91,0.536723163841808
"6697f5425b965a8e85012f54","2_2",1,1,"1_5","0",4,"2.2_right_fast",0.566398891966759,0.91,0.536723163841808
"6697f5425b965a8e85012f54","2_1",0,1,"1_1","0",4,"2.1_wrong_fast",0.396726726726727,0.79,0.234463276836158
"6697f5425b965a8e85012f54","2_1",0,1,"1_2","0",4,"2.1_wrong_fast",0.396726726726727,0.79,0.234463276836158
"6697f5425b965a8e85012f54","2_1",0,1,"1_3","0",4,"2.1_wrong_fast",0.396726726726727,0.79,0.234463276836158
"6697f5425b965a8e85012f54","2_1",0,1,"1_4","0",4,"2.1_wrong_fast",0.396726726726727,0.79,0.234463276836158
"6697f5425b965a8e85012f54","2_1",0,1,"1_5","0",4,"2.1_wrong_fast",0.396726726726727,0.79,0.234463276836158
"66985059ff08abc91b78325b","2_4",1,0,"1_1","1",8,"2.4_right_slow",0.518938053097345,0.65,0.675141242937853
"66985059ff08abc91b78325b","2_4",1,0,"1_2","0",8,"2.4_right_slow",0.518938053097345,0.65,0.675141242937853
"66985059ff08abc91b78325b","2_4",1,0,"1_3","1",8,"2.4_right_slow",0.518938053097345,0.65,0.675141242937853
"66985059ff08abc91b78325b","2_4",1,0,"1_4","1",8,"2.4_right_slow",0.518938053097345,0.65,0.675141242937853
"66985059ff08abc91b78325b","2_4",1,0,"1_5","0",8,"2.4_right_slow",0.518938053097345,0.65,0.675141242937853
"66985059ff08abc91b78325b","2_5",1,0,"1_1","1",8,"2.5_right_slow",0.760870712401055,0.8,0.915254237288136
"66985059ff08abc91b78325b","2_5",1,0,"1_2","1",8,"2.5_right_slow",0.760870712401055,0.8,0.915254237288136
"66985059ff08abc91b78325b","2_5",1,0,"1_3","1",8,"2.5_right_slow",0.760870712401055,0.8,0.915254237288136
"66985059ff08abc91b78325b","2_5",1,0,"1_4","1",8,"2.5_right_slow",0.760870712401055,0.8,0.915254237288136
"66985059ff08abc91b78325b","2_5",1,0,"1_5","0",8,"2.5_right_slow",0.760870712401055,0.8,0.915254237288136
"66985059ff08abc91b78325b","2_2",0,0,"1_1","1",8,"2.2_wrong_slow",0.566398891966759,0.6,0.536723163841808
"66985059ff08abc91b78325b","2_2",0,0,"1_2","0",8,"2.2_wrong_slow",0.566398891966759,0.6,0.536723163841808
"66985059ff08abc91b78325b","2_2",0,0,"1_3","0",8,"2.2_wrong_slow",0.566398891966759,0.6,0.536723163841808
"66985059ff08abc91b78325b","2_2",0,0,"1_4","1",8,"2.2_wrong_slow",0.566398891966759,0.6,0.536723163841808
"66985059ff08abc91b78325b","2_2",0,0,"1_5","0",8,"2.2_wrong_slow",0.566398891966759,0.6,0.536723163841808
"66985059ff08abc91b78325b","2_2",1,1,"1_1","1",8,"2.2_right_fast",0.566398891966759,0.95,0.536723163841808
"66985059ff08abc91b78325b","2_2",1,1,"1_2","1",8,"2.2_right_fast",0.566398891966759,0.95,0.536723163841808
"66985059ff08abc91b78325b","2_2",1,1,"1_3","1",8,"2.2_right_fast",0.566398891966759,0.95,0.536723163841808
"66985059ff08abc91b78325b","2_2",1,1,"1_4","1",8,"2.2_right_fast",0.566398891966759,0.95,0.536723163841808
"66985059ff08abc91b78325b","2_2",1,1,"1_5","1",8,"2.2_right_fast",0.566398891966759,0.95,0.536723163841808
"66985059ff08abc91b78325b","2_3",1,1,"1_1","1",8,"2.3_right_fast",0.577430167597765,0.92,0.446327683615819
"66985059ff08abc91b78325b","2_3",1,1,"1_2","1",8,"2.3_right_fast",0.577430167597765,0.92,0.446327683615819
"66985059ff08abc91b78325b","2_3",1,1,"1_3","1",8,"2.3_right_fast",0.577430167597765,0.92,0.446327683615819
"66985059ff08abc91b78325b","2_3",1,1,"1_4","1",8,"2.3_right_fast",0.577430167597765,0.92,0.446327683615819
"66985059ff08abc91b78325b","2_3",1,1,"1_5","0",8,"2.3_right_fast",0.577430167597765,0.92,0.446327683615819
"66999b706aa1ff4d31fa559a","2_4",1,0,"1_1","1",9,"2.4_right_slow",0.518938053097345,0.24,0.675141242937853
"66999b706aa1ff4d31fa559a","2_4",1,0,"1_2","1",9,"2.4_right_slow",0.518938053097345,0.24,0.675141242937853
"66999b706aa1ff4d31fa559a","2_4",1,0,"1_3","1",9,"2.4_right_slow",0.518938053097345,0.24,0.675141242937853
"66999b706aa1ff4d31fa559a","2_4",1,0,"1_4","1",9,"2.4_right_slow",0.518938053097345,0.24,0.675141242937853
"66999b706aa1ff4d31fa559a","2_4",1,0,"1_5","0",9,"2.4_right_slow",0.518938053097345,0.24,0.675141242937853
"66999b706aa1ff4d31fa559a","2_5",0,0,"1_1","1",9,"2.5_wrong_slow",0.760870712401055,0.83,0.915254237288136
"66999b706aa1ff4d31fa559a","2_5",0,0,"1_2","1",9,"2.5_wrong_slow",0.760870712401055,0.83,0.915254237288136
"66999b706aa1ff4d31fa559a","2_5",0,0,"1_3","1",9,"2.5_wrong_slow",0.760870712401055,0.83,0.915254237288136
"66999b706aa1ff4d31fa559a","2_5",0,0,"1_4","1",9,"2.5_wrong_slow",0.760870712401055,0.83,0.915254237288136
"66999b706aa1ff4d31fa559a","2_5",0,0,"1_5","0",9,"2.5_wrong_slow",0.760870712401055,0.83,0.915254237288136
"66999b706aa1ff4d31fa559a","2_1",1,1,"1_1","1",9,"2.1_right_fast",0.396726726726727,0,0.234463276836158
"66999b706aa1ff4d31fa559a","2_1",1,1,"1_2","1",9,"2.1_right_fast",0.396726726726727,0,0.234463276836158
"66999b706aa1ff4d31fa559a","2_1",1,1,"1_3","1",9,"2.1_right_fast",0.396726726726727,0,0.234463276836158
"66999b706aa1ff4d31fa559a","2_1",1,1,"1_4","1",9,"2.1_right_fast",0.396726726726727,0,0.234463276836158
"66999b706aa1ff4d31fa559a","2_1",1,1,"1_5","0",9,"2.1_right_fast",0.396726726726727,0,0.234463276836158
"66999b706aa1ff4d31fa559a","2_2",1,1,"1_1","1",9,"2.2_right_fast",0.566398891966759,0.59,0.536723163841808
"66999b706aa1ff4d31fa559a","2_2",1,1,"1_2","1",9,"2.2_right_fast",0.566398891966759,0.59,0.536723163841808
"66999b706aa1ff4d31fa559a","2_2",1,1,"1_3","1",9,"2.2_right_fast",0.566398891966759,0.59,0.536723163841808
"66999b706aa1ff4d31fa559a","2_2",1,1,"1_4","1",9,"2.2_right_fast",0.566398891966759,0.59,0.536723163841808
"66999b706aa1ff4d31fa559a","2_2",1,1,"1_5","0",9,"2.2_right_fast",0.566398891966759,0.59,0.536723163841808
"66999b706aa1ff4d31fa559a","2_3",1,1,"1_1","1",9,"2.3_right_fast",0.577430167597765,0.7,0.446327683615819
"66999b706aa1ff4d31fa559a","2_3",1,1,"1_2","1",9,"2.3_right_fast",0.577430167597765,0.7,0.446327683615819
"66999b706aa1ff4d31fa559a","2_3",1,1,"1_3","1",9,"2.3_right_fast",0.577430167597765,0.7,0.446327683615819
"66999b706aa1ff4d31fa559a","2_3",1,1,"1_4","1",9,"2.3_right_fast",0.577430167597765,0.7,0.446327683615819
"66999b706aa1ff4d31fa559a","2_3",1,1,"1_5","0",9,"2.3_right_fast",0.577430167597765,0.7,0.446327683615819
"669d46e4f0740074dc39e491","2_2",1,0,"1_1","1",4,"2.2_right_slow",0.566398891966759,0.36,0.536723163841808
"669d46e4f0740074dc39e491","2_2",1,0,"1_2","1",4,"2.2_right_slow",0.566398891966759,0.36,0.536723163841808
"669d46e4f0740074dc39e491","2_2",1,0,"1_3","1",4,"2.2_right_slow",0.566398891966759,0.36,0.536723163841808
"669d46e4f0740074dc39e491","2_2",1,0,"1_4","1",4,"2.2_right_slow",0.566398891966759,0.36,0.536723163841808
"669d46e4f0740074dc39e491","2_2",1,0,"1_5","0",4,"2.2_right_slow",0.566398891966759,0.36,0.536723163841808
"669d46e4f0740074dc39e491","2_2",0,0,"1_1","1",4,"2.2_wrong_slow",0.566398891966759,0.3,0.536723163841808
"669d46e4f0740074dc39e491","2_2",0,0,"1_2","0",4,"2.2_wrong_slow",0.566398891966759,0.3,0.536723163841808
"669d46e4f0740074dc39e491","2_2",0,0,"1_3","1",4,"2.2_wrong_slow",0.566398891966759,0.3,0.536723163841808
"669d46e4f0740074dc39e491","2_2",0,0,"1_4","1",4,"2.2_wrong_slow",0.566398891966759,0.3,0.536723163841808
"669d46e4f0740074dc39e491","2_2",0,0,"1_5","0",4,"2.2_wrong_slow",0.566398891966759,0.3,0.536723163841808
"669d46e4f0740074dc39e491","2_2",1,1,"1_1","1",4,"2.2_right_fast",0.566398891966759,0.43,0.536723163841808
"669d46e4f0740074dc39e491","2_2",1,1,"1_2","1",4,"2.2_right_fast",0.566398891966759,0.43,0.536723163841808
"669d46e4f0740074dc39e491","2_2",1,1,"1_3","1",4,"2.2_right_fast",0.566398891966759,0.43,0.536723163841808
"669d46e4f0740074dc39e491","2_2",1,1,"1_4","1",4,"2.2_right_fast",0.566398891966759,0.43,0.536723163841808
"669d46e4f0740074dc39e491","2_2",1,1,"1_5","0",4,"2.2_right_fast",0.566398891966759,0.43,0.536723163841808
"669d46e4f0740074dc39e491","2_4",1,1,"1_1","1",4,"2.4_right_fast",0.518938053097345,0.42,0.675141242937853
"669d46e4f0740074dc39e491","2_4",1,1,"1_2","1",4,"2.4_right_fast",0.518938053097345,0.42,0.675141242937853
"669d46e4f0740074dc39e491","2_4",1,1,"1_3","1",4,"2.4_right_fast",0.518938053097345,0.42,0.675141242937853
"669d46e4f0740074dc39e491","2_4",1,1,"1_4","1",4,"2.4_right_fast",0.518938053097345,0.42,0.675141242937853
"669d46e4f0740074dc39e491","2_4",1,1,"1_5","1",4,"2.4_right_fast",0.518938053097345,0.42,0.675141242937853
"669d46e4f0740074dc39e491","2_5",0,1,"1_1","1",4,"2.5_wrong_fast",0.760870712401055,0.68,0.915254237288136
"669d46e4f0740074dc39e491","2_5",0,1,"1_2","1",4,"2.5_wrong_fast",0.760870712401055,0.68,0.915254237288136
"669d46e4f0740074dc39e491","2_5",0,1,"1_3","1",4,"2.5_wrong_fast",0.760870712401055,0.68,0.915254237288136
"669d46e4f0740074dc39e491","2_5",0,1,"1_4","1",4,"2.5_wrong_fast",0.760870712401055,0.68,0.915254237288136
"669d46e4f0740074dc39e491","2_5",0,1,"1_5","0",4,"2.5_wrong_fast",0.760870712401055,0.68,0.915254237288136
"669d8b26896ecc9457727c9f","2_1",1,0,"1_1","0",1,"2.1_right_slow",0.396726726726727,0.85,0.234463276836158
"669d8b26896ecc9457727c9f","2_1",1,0,"1_2","0",1,"2.1_right_slow",0.396726726726727,0.85,0.234463276836158
"669d8b26896ecc9457727c9f","2_1",1,0,"1_3","0",1,"2.1_right_slow",0.396726726726727,0.85,0.234463276836158
"669d8b26896ecc9457727c9f","2_1",1,0,"1_4","0",1,"2.1_right_slow",0.396726726726727,0.85,0.234463276836158
"669d8b26896ecc9457727c9f","2_1",1,0,"1_5","0",1,"2.1_right_slow",0.396726726726727,0.85,0.234463276836158
"669d8b26896ecc9457727c9f","2_2",0,0,"1_1","0",1,"2.2_wrong_slow",0.566398891966759,0.97,0.536723163841808
"669d8b26896ecc9457727c9f","2_2",0,0,"1_2","0",1,"2.2_wrong_slow",0.566398891966759,0.97,0.536723163841808
"669d8b26896ecc9457727c9f","2_2",0,0,"1_3","0",1,"2.2_wrong_slow",0.566398891966759,0.97,0.536723163841808
"669d8b26896ecc9457727c9f","2_2",0,0,"1_4","0",1,"2.2_wrong_slow",0.566398891966759,0.97,0.536723163841808
"669d8b26896ecc9457727c9f","2_2",0,0,"1_5","0",1,"2.2_wrong_slow",0.566398891966759,0.97,0.536723163841808
"669d8b26896ecc9457727c9f","2_1",0,1,"1_1","0",1,"2.1_wrong_fast",0.396726726726727,0.9,0.234463276836158
"669d8b26896ecc9457727c9f","2_1",0,1,"1_2","0",1,"2.1_wrong_fast",0.396726726726727,0.9,0.234463276836158
"669d8b26896ecc9457727c9f","2_1",0,1,"1_3","0",1,"2.1_wrong_fast",0.396726726726727,0.9,0.234463276836158
"669d8b26896ecc9457727c9f","2_1",0,1,"1_4","0",1,"2.1_wrong_fast",0.396726726726727,0.9,0.234463276836158
"669d8b26896ecc9457727c9f","2_1",0,1,"1_5","0",1,"2.1_wrong_fast",0.396726726726727,0.9,0.234463276836158
"669d8b26896ecc9457727c9f","2_3",0,1,"1_1","0",1,"2.3_wrong_fast",0.577430167597765,0.92,0.446327683615819
"669d8b26896ecc9457727c9f","2_3",0,1,"1_2","0",1,"2.3_wrong_fast",0.577430167597765,0.92,0.446327683615819
"669d8b26896ecc9457727c9f","2_3",0,1,"1_3","0",1,"2.3_wrong_fast",0.577430167597765,0.92,0.446327683615819
"669d8b26896ecc9457727c9f","2_3",0,1,"1_4","0",1,"2.3_wrong_fast",0.577430167597765,0.92,0.446327683615819
"669d8b26896ecc9457727c9f","2_3",0,1,"1_5","0",1,"2.3_wrong_fast",0.577430167597765,0.92,0.446327683615819
"669d8b26896ecc9457727c9f","2_4",0,1,"1_1","0",1,"2.4_wrong_fast",0.518938053097345,0.96,0.675141242937853
"669d8b26896ecc9457727c9f","2_4",0,1,"1_2","0",1,"2.4_wrong_fast",0.518938053097345,0.96,0.675141242937853
"669d8b26896ecc9457727c9f","2_4",0,1,"1_3","0",1,"2.4_wrong_fast",0.518938053097345,0.96,0.675141242937853
"669d8b26896ecc9457727c9f","2_4",0,1,"1_4","0",1,"2.4_wrong_fast",0.518938053097345,0.96,0.675141242937853
"669d8b26896ecc9457727c9f","2_4",0,1,"1_5","0",1,"2.4_wrong_fast",0.518938053097345,0.96,0.675141242937853
"66a2fd3ddb8757da1068e932","2_1",1,0,"1_1","1",8,"2.1_right_slow",0.396726726726727,0.2,0.234463276836158
"66a2fd3ddb8757da1068e932","2_1",1,0,"1_2","1",8,"2.1_right_slow",0.396726726726727,0.2,0.234463276836158
"66a2fd3ddb8757da1068e932","2_1",1,0,"1_3","1",8,"2.1_right_slow",0.396726726726727,0.2,0.234463276836158
"66a2fd3ddb8757da1068e932","2_1",1,0,"1_4","1",8,"2.1_right_slow",0.396726726726727,0.2,0.234463276836158
"66a2fd3ddb8757da1068e932","2_1",1,0,"1_5","0",8,"2.1_right_slow",0.396726726726727,0.2,0.234463276836158
"66a2fd3ddb8757da1068e932","2_4",0,0,"1_1","1",8,"2.4_wrong_slow",0.518938053097345,0.3,0.675141242937853
"66a2fd3ddb8757da1068e932","2_4",0,0,"1_2","0",8,"2.4_wrong_slow",0.518938053097345,0.3,0.675141242937853
"66a2fd3ddb8757da1068e932","2_4",0,0,"1_3","1",8,"2.4_wrong_slow",0.518938053097345,0.3,0.675141242937853
"66a2fd3ddb8757da1068e932","2_4",0,0,"1_4","0",8,"2.4_wrong_slow",0.518938053097345,0.3,0.675141242937853
"66a2fd3ddb8757da1068e932","2_4",0,0,"1_5","0",8,"2.4_wrong_slow",0.518938053097345,0.3,0.675141242937853
"66a2fd3ddb8757da1068e932","2_1",1,1,"1_1","1",8,"2.1_right_fast",0.396726726726727,0.4,0.234463276836158
"66a2fd3ddb8757da1068e932","2_1",1,1,"1_2","1",8,"2.1_right_fast",0.396726726726727,0.4,0.234463276836158
"66a2fd3ddb8757da1068e932","2_1",1,1,"1_3","1",8,"2.1_right_fast",0.396726726726727,0.4,0.234463276836158
"66a2fd3ddb8757da1068e932","2_1",1,1,"1_4","0",8,"2.1_right_fast",0.396726726726727,0.4,0.234463276836158
"66a2fd3ddb8757da1068e932","2_1",1,1,"1_5","0",8,"2.1_right_fast",0.396726726726727,0.4,0.234463276836158
"66a2fd3ddb8757da1068e932","2_1",0,1,"1_1","0",8,"2.1_wrong_fast",0.396726726726727,0.6,0.234463276836158
"66a2fd3ddb8757da1068e932","2_1",0,1,"1_2","0",8,"2.1_wrong_fast",0.396726726726727,0.6,0.234463276836158
"66a2fd3ddb8757da1068e932","2_1",0,1,"1_3","1",8,"2.1_wrong_fast",0.396726726726727,0.6,0.234463276836158
"66a2fd3ddb8757da1068e932","2_1",0,1,"1_4","1",8,"2.1_wrong_fast",0.396726726726727,0.6,0.234463276836158
"66a2fd3ddb8757da1068e932","2_1",0,1,"1_5","0",8,"2.1_wrong_fast",0.396726726726727,0.6,0.234463276836158
"66a2fd3ddb8757da1068e932","2_4",0,1,"1_1","1",8,"2.4_wrong_fast",0.518938053097345,0.7,0.675141242937853
"66a2fd3ddb8757da1068e932","2_4",0,1,"1_2","1",8,"2.4_wrong_fast",0.518938053097345,0.7,0.675141242937853
"66a2fd3ddb8757da1068e932","2_4",0,1,"1_3","1",8,"2.4_wrong_fast",0.518938053097345,0.7,0.675141242937853
"66a2fd3ddb8757da1068e932","2_4",0,1,"1_4","0",8,"2.4_wrong_fast",0.518938053097345,0.7,0.675141242937853
"66a2fd3ddb8757da1068e932","2_4",0,1,"1_5","0",8,"2.4_wrong_fast",0.518938053097345,0.7,0.675141242937853
"66a7cfbe34912bdc644b6bf5","2_1",1,0,"1_1","1",3,"2.1_right_slow",0.396726726726727,0,0.234463276836158
"66a7cfbe34912bdc644b6bf5","2_1",1,0,"1_2","1",3,"2.1_right_slow",0.396726726726727,0,0.234463276836158
"66a7cfbe34912bdc644b6bf5","2_1",1,0,"1_3","1",3,"2.1_right_slow",0.396726726726727,0,0.234463276836158
"66a7cfbe34912bdc644b6bf5","2_1",1,0,"1_4","1",3,"2.1_right_slow",0.396726726726727,0,0.234463276836158
"66a7cfbe34912bdc644b6bf5","2_1",1,0,"1_5","0",3,"2.1_right_slow",0.396726726726727,0,0.234463276836158
"66a7cfbe34912bdc644b6bf5","2_2",1,1,"1_1","1",3,"2.2_right_fast",0.566398891966759,0.62,0.536723163841808
"66a7cfbe34912bdc644b6bf5","2_2",1,1,"1_2","1",3,"2.2_right_fast",0.566398891966759,0.62,0.536723163841808
"66a7cfbe34912bdc644b6bf5","2_2",1,1,"1_3","1",3,"2.2_right_fast",0.566398891966759,0.62,0.536723163841808
"66a7cfbe34912bdc644b6bf5","2_2",1,1,"1_4","1",3,"2.2_right_fast",0.566398891966759,0.62,0.536723163841808
"66a7cfbe34912bdc644b6bf5","2_2",1,1,"1_5","0",3,"2.2_right_fast",0.566398891966759,0.62,0.536723163841808
"66a7cfbe34912bdc644b6bf5","2_4",1,1,"1_1","1",3,"2.4_right_fast",0.518938053097345,0.5,0.675141242937853
"66a7cfbe34912bdc644b6bf5","2_4",1,1,"1_2","1",3,"2.4_right_fast",0.518938053097345,0.5,0.675141242937853
"66a7cfbe34912bdc644b6bf5","2_4",1,1,"1_3","1",3,"2.4_right_fast",0.518938053097345,0.5,0.675141242937853
"66a7cfbe34912bdc644b6bf5","2_4",1,1,"1_4","1",3,"2.4_right_fast",0.518938053097345,0.5,0.675141242937853
"66a7cfbe34912bdc644b6bf5","2_4",1,1,"1_5","0",3,"2.4_right_fast",0.518938053097345,0.5,0.675141242937853
"66a7cfbe34912bdc644b6bf5","2_5",1,1,"1_1","1",3,"2.5_right_fast",0.760870712401055,0,0.915254237288136
"66a7cfbe34912bdc644b6bf5","2_5",1,1,"1_2","1",3,"2.5_right_fast",0.760870712401055,0,0.915254237288136
"66a7cfbe34912bdc644b6bf5","2_5",1,1,"1_3","1",3,"2.5_right_fast",0.760870712401055,0,0.915254237288136
"66a7cfbe34912bdc644b6bf5","2_5",1,1,"1_4","1",3,"2.5_right_fast",0.760870712401055,0,0.915254237288136
"66a7cfbe34912bdc644b6bf5","2_5",1,1,"1_5","1",3,"2.5_right_fast",0.760870712401055,0,0.915254237288136
"66a7cfbe34912bdc644b6bf5","2_1",0,1,"1_1","0",3,"2.1_wrong_fast",0.396726726726727,0.23,0.234463276836158
"66a7cfbe34912bdc644b6bf5","2_1",0,1,"1_2","0",3,"2.1_wrong_fast",0.396726726726727,0.23,0.234463276836158
"66a7cfbe34912bdc644b6bf5","2_1",0,1,"1_3","0",3,"2.1_wrong_fast",0.396726726726727,0.23,0.234463276836158
"66a7cfbe34912bdc644b6bf5","2_1",0,1,"1_4","0",3,"2.1_wrong_fast",0.396726726726727,0.23,0.234463276836158
"66a7cfbe34912bdc644b6bf5","2_1",0,1,"1_5","0",3,"2.1_wrong_fast",0.396726726726727,0.23,0.234463276836158
"66ad1e08076381b48ffb7d79","2_4",1,0,"1_1","1",1,"2.4_right_slow",0.518938053097345,0.24,0.675141242937853
"66ad1e08076381b48ffb7d79","2_4",1,0,"1_2","0",1,"2.4_right_slow",0.518938053097345,0.24,0.675141242937853
"66ad1e08076381b48ffb7d79","2_4",1,0,"1_3","1",1,"2.4_right_slow",0.518938053097345,0.24,0.675141242937853
"66ad1e08076381b48ffb7d79","2_4",1,0,"1_4","1",1,"2.4_right_slow",0.518938053097345,0.24,0.675141242937853
"66ad1e08076381b48ffb7d79","2_4",1,0,"1_5","0",1,"2.4_right_slow",0.518938053097345,0.24,0.675141242937853
"66ad1e08076381b48ffb7d79","2_2",0,0,"1_1","1",1,"2.2_wrong_slow",0.566398891966759,0.65,0.536723163841808
"66ad1e08076381b48ffb7d79","2_2",0,0,"1_2","0",1,"2.2_wrong_slow",0.566398891966759,0.65,0.536723163841808
"66ad1e08076381b48ffb7d79","2_2",0,0,"1_3","0",1,"2.2_wrong_slow",0.566398891966759,0.65,0.536723163841808
"66ad1e08076381b48ffb7d79","2_2",0,0,"1_4","1",1,"2.2_wrong_slow",0.566398891966759,0.65,0.536723163841808
"66ad1e08076381b48ffb7d79","2_2",0,0,"1_5","0",1,"2.2_wrong_slow",0.566398891966759,0.65,0.536723163841808
"66ad1e08076381b48ffb7d79","2_5",0,0,"1_1","1",1,"2.5_wrong_slow",0.760870712401055,0.85,0.915254237288136
"66ad1e08076381b48ffb7d79","2_5",0,0,"1_2","0",1,"2.5_wrong_slow",0.760870712401055,0.85,0.915254237288136
"66ad1e08076381b48ffb7d79","2_5",0,0,"1_3","0",1,"2.5_wrong_slow",0.760870712401055,0.85,0.915254237288136
"66ad1e08076381b48ffb7d79","2_5",0,0,"1_4","1",1,"2.5_wrong_slow",0.760870712401055,0.85,0.915254237288136
"66ad1e08076381b48ffb7d79","2_5",0,0,"1_5","0",1,"2.5_wrong_slow",0.760870712401055,0.85,0.915254237288136
"66ad1e08076381b48ffb7d79","2_1",1,1,"1_1","1",1,"2.1_right_fast",0.396726726726727,0.3,0.234463276836158
"66ad1e08076381b48ffb7d79","2_1",1,1,"1_2","0",1,"2.1_right_fast",0.396726726726727,0.3,0.234463276836158
"66ad1e08076381b48ffb7d79","2_1",1,1,"1_3","1",1,"2.1_right_fast",0.396726726726727,0.3,0.234463276836158
"66ad1e08076381b48ffb7d79","2_1",1,1,"1_4","1",1,"2.1_right_fast",0.396726726726727,0.3,0.234463276836158
"66ad1e08076381b48ffb7d79","2_1",1,1,"1_5","0",1,"2.1_right_fast",0.396726726726727,0.3,0.234463276836158
"66ad1e08076381b48ffb7d79","2_4",1,1,"1_1","1",1,"2.4_right_fast",0.518938053097345,0.24,0.675141242937853
"66ad1e08076381b48ffb7d79","2_4",1,1,"1_2","0",1,"2.4_right_fast",0.518938053097345,0.24,0.675141242937853
"66ad1e08076381b48ffb7d79","2_4",1,1,"1_3","1",1,"2.4_right_fast",0.518938053097345,0.24,0.675141242937853
"66ad1e08076381b48ffb7d79","2_4",1,1,"1_4","1",1,"2.4_right_fast",0.518938053097345,0.24,0.675141242937853
"66ad1e08076381b48ffb7d79","2_4",1,1,"1_5","0",1,"2.4_right_fast",0.518938053097345,0.24,0.675141242937853
"66aebc2458180fbfae675464","2_1",1,0,"1_1","1",11,"2.1_right_slow",0.396726726726727,0.06,0.234463276836158
"66aebc2458180fbfae675464","2_1",1,0,"1_2","1",11,"2.1_right_slow",0.396726726726727,0.06,0.234463276836158
"66aebc2458180fbfae675464","2_1",1,0,"1_3","1",11,"2.1_right_slow",0.396726726726727,0.06,0.234463276836158
"66aebc2458180fbfae675464","2_1",1,0,"1_4","1",11,"2.1_right_slow",0.396726726726727,0.06,0.234463276836158
"66aebc2458180fbfae675464","2_1",1,0,"1_5","0",11,"2.1_right_slow",0.396726726726727,0.06,0.234463276836158
"66aebc2458180fbfae675464","2_3",1,0,"1_1","1",11,"2.3_right_slow",0.577430167597765,0.3,0.446327683615819
"66aebc2458180fbfae675464","2_3",1,0,"1_2","1",11,"2.3_right_slow",0.577430167597765,0.3,0.446327683615819
"66aebc2458180fbfae675464","2_3",1,0,"1_3","1",11,"2.3_right_slow",0.577430167597765,0.3,0.446327683615819
"66aebc2458180fbfae675464","2_3",1,0,"1_4","1",11,"2.3_right_slow",0.577430167597765,0.3,0.446327683615819
"66aebc2458180fbfae675464","2_3",1,0,"1_5","0",11,"2.3_right_slow",0.577430167597765,0.3,0.446327683615819
"66aebc2458180fbfae675464","2_3",0,0,"1_1","1",11,"2.3_wrong_slow",0.577430167597765,0.3,0.446327683615819
"66aebc2458180fbfae675464","2_3",0,0,"1_2","1",11,"2.3_wrong_slow",0.577430167597765,0.3,0.446327683615819
"66aebc2458180fbfae675464","2_3",0,0,"1_3","1",11,"2.3_wrong_slow",0.577430167597765,0.3,0.446327683615819
"66aebc2458180fbfae675464","2_3",0,0,"1_4","1",11,"2.3_wrong_slow",0.577430167597765,0.3,0.446327683615819
"66aebc2458180fbfae675464","2_3",0,0,"1_5","0",11,"2.3_wrong_slow",0.577430167597765,0.3,0.446327683615819
"66aebc2458180fbfae675464","2_3",1,1,"1_1","1",11,"2.3_right_fast",0.577430167597765,0.3,0.446327683615819
"66aebc2458180fbfae675464","2_3",1,1,"1_2","1",11,"2.3_right_fast",0.577430167597765,0.3,0.446327683615819
"66aebc2458180fbfae675464","2_3",1,1,"1_3","1",11,"2.3_right_fast",0.577430167597765,0.3,0.446327683615819
"66aebc2458180fbfae675464","2_3",1,1,"1_4","1",11,"2.3_right_fast",0.577430167597765,0.3,0.446327683615819
"66aebc2458180fbfae675464","2_3",1,1,"1_5","0",11,"2.3_right_fast",0.577430167597765,0.3,0.446327683615819
"66aebc2458180fbfae675464","2_5",1,1,"1_1","1",11,"2.5_right_fast",0.760870712401055,0.4,0.915254237288136
"66aebc2458180fbfae675464","2_5",1,1,"1_2","1",11,"2.5_right_fast",0.760870712401055,0.4,0.915254237288136
"66aebc2458180fbfae675464","2_5",1,1,"1_3","1",11,"2.5_right_fast",0.760870712401055,0.4,0.915254237288136
"66aebc2458180fbfae675464","2_5",1,1,"1_4","1",11,"2.5_right_fast",0.760870712401055,0.4,0.915254237288136
"66aebc2458180fbfae675464","2_5",1,1,"1_5","1",11,"2.5_right_fast",0.760870712401055,0.4,0.915254237288136
"66b2499852ad11f580d4d546","2_5",1,0,"1_1","1",10,"2.5_right_slow",0.760870712401055,0.39,0.915254237288136
"66b2499852ad11f580d4d546","2_5",1,0,"1_2","1",10,"2.5_right_slow",0.760870712401055,0.39,0.915254237288136
"66b2499852ad11f580d4d546","2_5",1,0,"1_3","1",10,"2.5_right_slow",0.760870712401055,0.39,0.915254237288136
"66b2499852ad11f580d4d546","2_5",1,0,"1_4","1",10,"2.5_right_slow",0.760870712401055,0.39,0.915254237288136
"66b2499852ad11f580d4d546","2_5",1,0,"1_5","1",10,"2.5_right_slow",0.760870712401055,0.39,0.915254237288136
"66b2499852ad11f580d4d546","2_1",0,0,"1_1","1",10,"2.1_wrong_slow",0.396726726726727,0.24,0.234463276836158
"66b2499852ad11f580d4d546","2_1",0,0,"1_2","0",10,"2.1_wrong_slow",0.396726726726727,0.24,0.234463276836158
"66b2499852ad11f580d4d546","2_1",0,0,"1_3","0",10,"2.1_wrong_slow",0.396726726726727,0.24,0.234463276836158
"66b2499852ad11f580d4d546","2_1",0,0,"1_4","1",10,"2.1_wrong_slow",0.396726726726727,0.24,0.234463276836158
"66b2499852ad11f580d4d546","2_1",0,0,"1_5","0",10,"2.1_wrong_slow",0.396726726726727,0.24,0.234463276836158
"66b2499852ad11f580d4d546","2_3",0,0,"1_1","1",10,"2.3_wrong_slow",0.577430167597765,0.27,0.446327683615819
"66b2499852ad11f580d4d546","2_3",0,0,"1_2","1",10,"2.3_wrong_slow",0.577430167597765,0.27,0.446327683615819
"66b2499852ad11f580d4d546","2_3",0,0,"1_3","0",10,"2.3_wrong_slow",0.577430167597765,0.27,0.446327683615819
"66b2499852ad11f580d4d546","2_3",0,0,"1_4","1",10,"2.3_wrong_slow",0.577430167597765,0.27,0.446327683615819
"66b2499852ad11f580d4d546","2_3",0,0,"1_5","0",10,"2.3_wrong_slow",0.577430167597765,0.27,0.446327683615819
"66b2499852ad11f580d4d546","2_4",1,1,"1_1","1",10,"2.4_right_fast",0.518938053097345,0.4,0.675141242937853
"66b2499852ad11f580d4d546","2_4",1,1,"1_2","1",10,"2.4_right_fast",0.518938053097345,0.4,0.675141242937853
"66b2499852ad11f580d4d546","2_4",1,1,"1_3","1",10,"2.4_right_fast",0.518938053097345,0.4,0.675141242937853
"66b2499852ad11f580d4d546","2_4",1,1,"1_4","1",10,"2.4_right_fast",0.518938053097345,0.4,0.675141242937853
"66b2499852ad11f580d4d546","2_4",1,1,"1_5","0",10,"2.4_right_fast",0.518938053097345,0.4,0.675141242937853
"66b2499852ad11f580d4d546","2_2",0,1,"1_1","1",10,"2.2_wrong_fast",0.566398891966759,0.62,0.536723163841808
"66b2499852ad11f580d4d546","2_2",0,1,"1_2","1",10,"2.2_wrong_fast",0.566398891966759,0.62,0.536723163841808
"66b2499852ad11f580d4d546","2_2",0,1,"1_3","1",10,"2.2_wrong_fast",0.566398891966759,0.62,0.536723163841808
"66b2499852ad11f580d4d546","2_2",0,1,"1_4","1",10,"2.2_wrong_fast",0.566398891966759,0.62,0.536723163841808
"66b2499852ad11f580d4d546","2_2",0,1,"1_5","0",10,"2.2_wrong_fast",0.566398891966759,0.62,0.536723163841808
"66b6e70b2a7cebe3d1c15dc0","2_4",1,0,"1_1","1",6,"2.4_right_slow",0.518938053097345,0.1,0.675141242937853
"66b6e70b2a7cebe3d1c15dc0","2_4",1,0,"1_2","1",6,"2.4_right_slow",0.518938053097345,0.1,0.675141242937853
"66b6e70b2a7cebe3d1c15dc0","2_4",1,0,"1_3","1",6,"2.4_right_slow",0.518938053097345,0.1,0.675141242937853
"66b6e70b2a7cebe3d1c15dc0","2_4",1,0,"1_4","1",6,"2.4_right_slow",0.518938053097345,0.1,0.675141242937853
"66b6e70b2a7cebe3d1c15dc0","2_4",1,0,"1_5","0",6,"2.4_right_slow",0.518938053097345,0.1,0.675141242937853
"66b6e70b2a7cebe3d1c15dc0","2_5",1,0,"1_1","1",6,"2.5_right_slow",0.760870712401055,0.75,0.915254237288136
"66b6e70b2a7cebe3d1c15dc0","2_5",1,0,"1_2","1",6,"2.5_right_slow",0.760870712401055,0.75,0.915254237288136
"66b6e70b2a7cebe3d1c15dc0","2_5",1,0,"1_3","1",6,"2.5_right_slow",0.760870712401055,0.75,0.915254237288136
"66b6e70b2a7cebe3d1c15dc0","2_5",1,0,"1_4","1",6,"2.5_right_slow",0.760870712401055,0.75,0.915254237288136
"66b6e70b2a7cebe3d1c15dc0","2_5",1,0,"1_5","0",6,"2.5_right_slow",0.760870712401055,0.75,0.915254237288136
"66b6e70b2a7cebe3d1c15dc0","2_3",0,0,"1_1","1",6,"2.3_wrong_slow",0.577430167597765,0.3,0.446327683615819
"66b6e70b2a7cebe3d1c15dc0","2_3",0,0,"1_2","1",6,"2.3_wrong_slow",0.577430167597765,0.3,0.446327683615819
"66b6e70b2a7cebe3d1c15dc0","2_3",0,0,"1_3","1",6,"2.3_wrong_slow",0.577430167597765,0.3,0.446327683615819
"66b6e70b2a7cebe3d1c15dc0","2_3",0,0,"1_4","1",6,"2.3_wrong_slow",0.577430167597765,0.3,0.446327683615819
"66b6e70b2a7cebe3d1c15dc0","2_3",0,0,"1_5","0",6,"2.3_wrong_slow",0.577430167597765,0.3,0.446327683615819
"66b6e70b2a7cebe3d1c15dc0","2_5",1,1,"1_1","1",6,"2.5_right_fast",0.760870712401055,0.8,0.915254237288136
"66b6e70b2a7cebe3d1c15dc0","2_5",1,1,"1_2","1",6,"2.5_right_fast",0.760870712401055,0.8,0.915254237288136
"66b6e70b2a7cebe3d1c15dc0","2_5",1,1,"1_3","1",6,"2.5_right_fast",0.760870712401055,0.8,0.915254237288136
"66b6e70b2a7cebe3d1c15dc0","2_5",1,1,"1_4","1",6,"2.5_right_fast",0.760870712401055,0.8,0.915254237288136
"66b6e70b2a7cebe3d1c15dc0","2_5",1,1,"1_5","1",6,"2.5_right_fast",0.760870712401055,0.8,0.915254237288136
"66b6e70b2a7cebe3d1c15dc0","2_5",0,1,"1_1","1",6,"2.5_wrong_fast",0.760870712401055,0.8,0.915254237288136
"66b6e70b2a7cebe3d1c15dc0","2_5",0,1,"1_2","1",6,"2.5_wrong_fast",0.760870712401055,0.8,0.915254237288136
"66b6e70b2a7cebe3d1c15dc0","2_5",0,1,"1_3","1",6,"2.5_wrong_fast",0.760870712401055,0.8,0.915254237288136
"66b6e70b2a7cebe3d1c15dc0","2_5",0,1,"1_4","1",6,"2.5_wrong_fast",0.760870712401055,0.8,0.915254237288136
"66b6e70b2a7cebe3d1c15dc0","2_5",0,1,"1_5","0",6,"2.5_wrong_fast",0.760870712401055,0.8,0.915254237288136
"66ba819cd72c840e39108978","2_1",0,0,"1_1","0",9,"2.1_wrong_slow",0.396726726726727,0.4,0.234463276836158
"66ba819cd72c840e39108978","2_1",0,0,"1_2","0",9,"2.1_wrong_slow",0.396726726726727,0.4,0.234463276836158
"66ba819cd72c840e39108978","2_1",0,0,"1_3","0",9,"2.1_wrong_slow",0.396726726726727,0.4,0.234463276836158
"66ba819cd72c840e39108978","2_1",0,0,"1_4","0",9,"2.1_wrong_slow",0.396726726726727,0.4,0.234463276836158
"66ba819cd72c840e39108978","2_1",0,0,"1_5","0",9,"2.1_wrong_slow",0.396726726726727,0.4,0.234463276836158
"66ba819cd72c840e39108978","2_2",0,0,"1_1","1",9,"2.2_wrong_slow",0.566398891966759,0.6,0.536723163841808
"66ba819cd72c840e39108978","2_2",0,0,"1_2","0",9,"2.2_wrong_slow",0.566398891966759,0.6,0.536723163841808
"66ba819cd72c840e39108978","2_2",0,0,"1_3","0",9,"2.2_wrong_slow",0.566398891966759,0.6,0.536723163841808
"66ba819cd72c840e39108978","2_2",0,0,"1_4","1",9,"2.2_wrong_slow",0.566398891966759,0.6,0.536723163841808
"66ba819cd72c840e39108978","2_2",0,0,"1_5","0",9,"2.2_wrong_slow",0.566398891966759,0.6,0.536723163841808
"66ba819cd72c840e39108978","2_3",0,0,"1_1","1",9,"2.3_wrong_slow",0.577430167597765,0.6,0.446327683615819
"66ba819cd72c840e39108978","2_3",0,0,"1_2","0",9,"2.3_wrong_slow",0.577430167597765,0.6,0.446327683615819
"66ba819cd72c840e39108978","2_3",0,0,"1_3","0",9,"2.3_wrong_slow",0.577430167597765,0.6,0.446327683615819
"66ba819cd72c840e39108978","2_3",0,0,"1_4","0",9,"2.3_wrong_slow",0.577430167597765,0.6,0.446327683615819
"66ba819cd72c840e39108978","2_3",0,0,"1_5","0",9,"2.3_wrong_slow",0.577430167597765,0.6,0.446327683615819
"66ba819cd72c840e39108978","2_5",1,1,"1_1","1",9,"2.5_right_fast",0.760870712401055,0.95,0.915254237288136
"66ba819cd72c840e39108978","2_5",1,1,"1_2","1",9,"2.5_right_fast",0.760870712401055,0.95,0.915254237288136
"66ba819cd72c840e39108978","2_5",1,1,"1_3","1",9,"2.5_right_fast",0.760870712401055,0.95,0.915254237288136
"66ba819cd72c840e39108978","2_5",1,1,"1_4","1",9,"2.5_right_fast",0.760870712401055,0.95,0.915254237288136
"66ba819cd72c840e39108978","2_5",1,1,"1_5","1",9,"2.5_right_fast",0.760870712401055,0.95,0.915254237288136
"66ba819cd72c840e39108978","2_5",0,1,"1_1","1",9,"2.5_wrong_fast",0.760870712401055,0.92,0.915254237288136
"66ba819cd72c840e39108978","2_5",0,1,"1_2","1",9,"2.5_wrong_fast",0.760870712401055,0.92,0.915254237288136
"66ba819cd72c840e39108978","2_5",0,1,"1_3","1",9,"2.5_wrong_fast",0.760870712401055,0.92,0.915254237288136
"66ba819cd72c840e39108978","2_5",0,1,"1_4","1",9,"2.5_wrong_fast",0.760870712401055,0.92,0.915254237288136
"66ba819cd72c840e39108978","2_5",0,1,"1_5","0",9,"2.5_wrong_fast",0.760870712401055,0.92,0.915254237288136
"66be4c98197a6d1a726134d4","2_5",1,0,"1_1","1",8,"2.5_right_slow",0.760870712401055,0.4,0.915254237288136
"66be4c98197a6d1a726134d4","2_5",1,0,"1_2","1",8,"2.5_right_slow",0.760870712401055,0.4,0.915254237288136
"66be4c98197a6d1a726134d4","2_5",1,0,"1_3","1",8,"2.5_right_slow",0.760870712401055,0.4,0.915254237288136
"66be4c98197a6d1a726134d4","2_5",1,0,"1_4","1",8,"2.5_right_slow",0.760870712401055,0.4,0.915254237288136
"66be4c98197a6d1a726134d4","2_5",1,0,"1_5","1",8,"2.5_right_slow",0.760870712401055,0.4,0.915254237288136
"66be4c98197a6d1a726134d4","2_4",0,0,"1_1","1",8,"2.4_wrong_slow",0.518938053097345,0.2,0.675141242937853
"66be4c98197a6d1a726134d4","2_4",0,0,"1_2","1",8,"2.4_wrong_slow",0.518938053097345,0.2,0.675141242937853
"66be4c98197a6d1a726134d4","2_4",0,0,"1_3","1",8,"2.4_wrong_slow",0.518938053097345,0.2,0.675141242937853
"66be4c98197a6d1a726134d4","2_4",0,0,"1_4","0",8,"2.4_wrong_slow",0.518938053097345,0.2,0.675141242937853
"66be4c98197a6d1a726134d4","2_4",0,0,"1_5","0",8,"2.4_wrong_slow",0.518938053097345,0.2,0.675141242937853
"66be4c98197a6d1a726134d4","2_5",0,0,"1_1","1",8,"2.5_wrong_slow",0.760870712401055,0.7,0.915254237288136
"66be4c98197a6d1a726134d4","2_5",0,0,"1_2","1",8,"2.5_wrong_slow",0.760870712401055,0.7,0.915254237288136
"66be4c98197a6d1a726134d4","2_5",0,0,"1_3","1",8,"2.5_wrong_slow",0.760870712401055,0.7,0.915254237288136
"66be4c98197a6d1a726134d4","2_5",0,0,"1_4","1",8,"2.5_wrong_slow",0.760870712401055,0.7,0.915254237288136
"66be4c98197a6d1a726134d4","2_5",0,0,"1_5","0",8,"2.5_wrong_slow",0.760870712401055,0.7,0.915254237288136
"66be4c98197a6d1a726134d4","2_5",1,1,"1_1","1",8,"2.5_right_fast",0.760870712401055,0.7,0.915254237288136
"66be4c98197a6d1a726134d4","2_5",1,1,"1_2","1",8,"2.5_right_fast",0.760870712401055,0.7,0.915254237288136
"66be4c98197a6d1a726134d4","2_5",1,1,"1_3","1",8,"2.5_right_fast",0.760870712401055,0.7,0.915254237288136
"66be4c98197a6d1a726134d4","2_5",1,1,"1_4","1",8,"2.5_right_fast",0.760870712401055,0.7,0.915254237288136
"66be4c98197a6d1a726134d4","2_5",1,1,"1_5","1",8,"2.5_right_fast",0.760870712401055,0.7,0.915254237288136
"66be4c98197a6d1a726134d4","2_5",0,1,"1_1","1",8,"2.5_wrong_fast",0.760870712401055,0.7,0.915254237288136
"66be4c98197a6d1a726134d4","2_5",0,1,"1_2","1",8,"2.5_wrong_fast",0.760870712401055,0.7,0.915254237288136
"66be4c98197a6d1a726134d4","2_5",0,1,"1_3","1",8,"2.5_wrong_fast",0.760870712401055,0.7,0.915254237288136
"66be4c98197a6d1a726134d4","2_5",0,1,"1_4","1",8,"2.5_wrong_fast",0.760870712401055,0.7,0.915254237288136
"66be4c98197a6d1a726134d4","2_5",0,1,"1_5","0",8,"2.5_wrong_fast",0.760870712401055,0.7,0.915254237288136
"66be5fde262694b5262482b1","2_4",0,0,"1_1","1",12,"2.4_wrong_slow",0.518938053097345,0.34,0.675141242937853
"66be5fde262694b5262482b1","2_4",0,0,"1_2","1",12,"2.4_wrong_slow",0.518938053097345,0.34,0.675141242937853
"66be5fde262694b5262482b1","2_4",0,0,"1_3","1",12,"2.4_wrong_slow",0.518938053097345,0.34,0.675141242937853
"66be5fde262694b5262482b1","2_4",0,0,"1_4","0",12,"2.4_wrong_slow",0.518938053097345,0.34,0.675141242937853
"66be5fde262694b5262482b1","2_4",0,0,"1_5","0",12,"2.4_wrong_slow",0.518938053097345,0.34,0.675141242937853
"66be5fde262694b5262482b1","2_2",1,1,"1_1","1",12,"2.2_right_fast",0.566398891966759,0.12,0.536723163841808
"66be5fde262694b5262482b1","2_2",1,1,"1_2","1",12,"2.2_right_fast",0.566398891966759,0.12,0.536723163841808
"66be5fde262694b5262482b1","2_2",1,1,"1_3","1",12,"2.2_right_fast",0.566398891966759,0.12,0.536723163841808
"66be5fde262694b5262482b1","2_2",1,1,"1_4","1",12,"2.2_right_fast",0.566398891966759,0.12,0.536723163841808
"66be5fde262694b5262482b1","2_2",1,1,"1_5","0",12,"2.2_right_fast",0.566398891966759,0.12,0.536723163841808
"66be5fde262694b5262482b1","2_3",1,1,"1_1","1",12,"2.3_right_fast",0.577430167597765,0.76,0.446327683615819
"66be5fde262694b5262482b1","2_3",1,1,"1_2","1",12,"2.3_right_fast",0.577430167597765,0.76,0.446327683615819
"66be5fde262694b5262482b1","2_3",1,1,"1_3","1",12,"2.3_right_fast",0.577430167597765,0.76,0.446327683615819
"66be5fde262694b5262482b1","2_3",1,1,"1_4","1",12,"2.3_right_fast",0.577430167597765,0.76,0.446327683615819
"66be5fde262694b5262482b1","2_3",1,1,"1_5","1",12,"2.3_right_fast",0.577430167597765,0.76,0.446327683615819
"66be5fde262694b5262482b1","2_4",1,1,"1_1","1",12,"2.4_right_fast",0.518938053097345,0.34,0.675141242937853
"66be5fde262694b5262482b1","2_4",1,1,"1_2","1",12,"2.4_right_fast",0.518938053097345,0.34,0.675141242937853
"66be5fde262694b5262482b1","2_4",1,1,"1_3","1",12,"2.4_right_fast",0.518938053097345,0.34,0.675141242937853
"66be5fde262694b5262482b1","2_4",1,1,"1_4","1",12,"2.4_right_fast",0.518938053097345,0.34,0.675141242937853
"66be5fde262694b5262482b1","2_4",1,1,"1_5","1",12,"2.4_right_fast",0.518938053097345,0.34,0.675141242937853
"66be5fde262694b5262482b1","2_5",0,1,"1_1","1",12,"2.5_wrong_fast",0.760870712401055,0.92,0.915254237288136
"66be5fde262694b5262482b1","2_5",0,1,"1_2","1",12,"2.5_wrong_fast",0.760870712401055,0.92,0.915254237288136
"66be5fde262694b5262482b1","2_5",0,1,"1_3","1",12,"2.5_wrong_fast",0.760870712401055,0.92,0.915254237288136
"66be5fde262694b5262482b1","2_5",0,1,"1_4","1",12,"2.5_wrong_fast",0.760870712401055,0.92,0.915254237288136
"66be5fde262694b5262482b1","2_5",0,1,"1_5","0",12,"2.5_wrong_fast",0.760870712401055,0.92,0.915254237288136
"66be86562465d56fd953fba2","2_1",1,0,"1_1","1",9,"2.1_right_slow",0.396726726726727,0.18,0.234463276836158
"66be86562465d56fd953fba2","2_1",1,0,"1_2","1",9,"2.1_right_slow",0.396726726726727,0.18,0.234463276836158
"66be86562465d56fd953fba2","2_1",1,0,"1_3","1",9,"2.1_right_slow",0.396726726726727,0.18,0.234463276836158
"66be86562465d56fd953fba2","2_1",1,0,"1_4","1",9,"2.1_right_slow",0.396726726726727,0.18,0.234463276836158
"66be86562465d56fd953fba2","2_1",1,0,"1_5","0",9,"2.1_right_slow",0.396726726726727,0.18,0.234463276836158
"66be86562465d56fd953fba2","2_3",1,0,"1_1","1",9,"2.3_right_slow",0.577430167597765,0.36,0.446327683615819
"66be86562465d56fd953fba2","2_3",1,0,"1_2","1",9,"2.3_right_slow",0.577430167597765,0.36,0.446327683615819
"66be86562465d56fd953fba2","2_3",1,0,"1_3","1",9,"2.3_right_slow",0.577430167597765,0.36,0.446327683615819
"66be86562465d56fd953fba2","2_3",1,0,"1_4","1",9,"2.3_right_slow",0.577430167597765,0.36,0.446327683615819
"66be86562465d56fd953fba2","2_3",1,0,"1_5","0",9,"2.3_right_slow",0.577430167597765,0.36,0.446327683615819
"66be86562465d56fd953fba2","2_2",0,0,"1_1","1",9,"2.2_wrong_slow",0.566398891966759,0.5,0.536723163841808
"66be86562465d56fd953fba2","2_2",0,0,"1_2","0",9,"2.2_wrong_slow",0.566398891966759,0.5,0.536723163841808
"66be86562465d56fd953fba2","2_2",0,0,"1_3","0",9,"2.2_wrong_slow",0.566398891966759,0.5,0.536723163841808
"66be86562465d56fd953fba2","2_2",0,0,"1_4","1",9,"2.2_wrong_slow",0.566398891966759,0.5,0.536723163841808
"66be86562465d56fd953fba2","2_2",0,0,"1_5","0",9,"2.2_wrong_slow",0.566398891966759,0.5,0.536723163841808
"66be86562465d56fd953fba2","2_2",1,1,"1_1","1",9,"2.2_right_fast",0.566398891966759,0.8,0.536723163841808
"66be86562465d56fd953fba2","2_2",1,1,"1_2","1",9,"2.2_right_fast",0.566398891966759,0.8,0.536723163841808
"66be86562465d56fd953fba2","2_2",1,1,"1_3","1",9,"2.2_right_fast",0.566398891966759,0.8,0.536723163841808
"66be86562465d56fd953fba2","2_2",1,1,"1_4","1",9,"2.2_right_fast",0.566398891966759,0.8,0.536723163841808
"66be86562465d56fd953fba2","2_2",1,1,"1_5","0",9,"2.2_right_fast",0.566398891966759,0.8,0.536723163841808
"66be86562465d56fd953fba2","2_3",0,1,"1_1","1",9,"2.3_wrong_fast",0.577430167597765,0.81,0.446327683615819
"66be86562465d56fd953fba2","2_3",0,1,"1_2","0",9,"2.3_wrong_fast",0.577430167597765,0.81,0.446327683615819
"66be86562465d56fd953fba2","2_3",0,1,"1_3","0",9,"2.3_wrong_fast",0.577430167597765,0.81,0.446327683615819
"66be86562465d56fd953fba2","2_3",0,1,"1_4","1",9,"2.3_wrong_fast",0.577430167597765,0.81,0.446327683615819
"66be86562465d56fd953fba2","2_3",0,1,"1_5","0",9,"2.3_wrong_fast",0.577430167597765,0.81,0.446327683615819
"66c0e61e88d109a1324701f3","2_3",1,0,"1_1","1",5,"2.3_right_slow",0.577430167597765,0.54,0.446327683615819
"66c0e61e88d109a1324701f3","2_3",1,0,"1_2","1",5,"2.3_right_slow",0.577430167597765,0.54,0.446327683615819
"66c0e61e88d109a1324701f3","2_3",1,0,"1_3","1",5,"2.3_right_slow",0.577430167597765,0.54,0.446327683615819
"66c0e61e88d109a1324701f3","2_3",1,0,"1_4","1",5,"2.3_right_slow",0.577430167597765,0.54,0.446327683615819
"66c0e61e88d109a1324701f3","2_3",1,0,"1_5","0",5,"2.3_right_slow",0.577430167597765,0.54,0.446327683615819
"66c0e61e88d109a1324701f3","2_2",0,0,"1_1","1",5,"2.2_wrong_slow",0.566398891966759,0.64,0.536723163841808
"66c0e61e88d109a1324701f3","2_2",0,0,"1_2","1",5,"2.2_wrong_slow",0.566398891966759,0.64,0.536723163841808
"66c0e61e88d109a1324701f3","2_2",0,0,"1_3","0",5,"2.2_wrong_slow",0.566398891966759,0.64,0.536723163841808
"66c0e61e88d109a1324701f3","2_2",0,0,"1_4","0",5,"2.2_wrong_slow",0.566398891966759,0.64,0.536723163841808
"66c0e61e88d109a1324701f3","2_2",0,0,"1_5","0",5,"2.2_wrong_slow",0.566398891966759,0.64,0.536723163841808
"66c0e61e88d109a1324701f3","2_3",1,1,"1_1","1",5,"2.3_right_fast",0.577430167597765,0.85,0.446327683615819
"66c0e61e88d109a1324701f3","2_3",1,1,"1_2","1",5,"2.3_right_fast",0.577430167597765,0.85,0.446327683615819
"66c0e61e88d109a1324701f3","2_3",1,1,"1_3","1",5,"2.3_right_fast",0.577430167597765,0.85,0.446327683615819
"66c0e61e88d109a1324701f3","2_3",1,1,"1_4","1",5,"2.3_right_fast",0.577430167597765,0.85,0.446327683615819
"66c0e61e88d109a1324701f3","2_3",1,1,"1_5","0",5,"2.3_right_fast",0.577430167597765,0.85,0.446327683615819
"66c0e61e88d109a1324701f3","2_2",0,1,"1_1","1",5,"2.2_wrong_fast",0.566398891966759,0.95,0.536723163841808
"66c0e61e88d109a1324701f3","2_2",0,1,"1_2","0",5,"2.2_wrong_fast",0.566398891966759,0.95,0.536723163841808
"66c0e61e88d109a1324701f3","2_2",0,1,"1_3","0",5,"2.2_wrong_fast",0.566398891966759,0.95,0.536723163841808
"66c0e61e88d109a1324701f3","2_2",0,1,"1_4","0",5,"2.2_wrong_fast",0.566398891966759,0.95,0.536723163841808
"66c0e61e88d109a1324701f3","2_2",0,1,"1_5","0",5,"2.2_wrong_fast",0.566398891966759,0.95,0.536723163841808
"66c0e61e88d109a1324701f3","2_5",0,1,"1_1","1",5,"2.5_wrong_fast",0.760870712401055,1,0.915254237288136
"66c0e61e88d109a1324701f3","2_5",0,1,"1_2","1",5,"2.5_wrong_fast",0.760870712401055,1,0.915254237288136
"66c0e61e88d109a1324701f3","2_5",0,1,"1_3","0",5,"2.5_wrong_fast",0.760870712401055,1,0.915254237288136
"66c0e61e88d109a1324701f3","2_5",0,1,"1_4","1",5,"2.5_wrong_fast",0.760870712401055,1,0.915254237288136
"66c0e61e88d109a1324701f3","2_5",0,1,"1_5","0",5,"2.5_wrong_fast",0.760870712401055,1,0.915254237288136
"66c30398cfdcf65e1ef278bf","2_2",1,0,"1_1","1",3,"2.2_right_slow",0.566398891966759,0.6,0.536723163841808
"66c30398cfdcf65e1ef278bf","2_2",1,0,"1_2","1",3,"2.2_right_slow",0.566398891966759,0.6,0.536723163841808
"66c30398cfdcf65e1ef278bf","2_2",1,0,"1_3","1",3,"2.2_right_slow",0.566398891966759,0.6,0.536723163841808
"66c30398cfdcf65e1ef278bf","2_2",1,0,"1_4","1",3,"2.2_right_slow",0.566398891966759,0.6,0.536723163841808
"66c30398cfdcf65e1ef278bf","2_2",1,0,"1_5","0",3,"2.2_right_slow",0.566398891966759,0.6,0.536723163841808
"66c30398cfdcf65e1ef278bf","2_3",1,0,"1_1","1",3,"2.3_right_slow",0.577430167597765,0.5,0.446327683615819
"66c30398cfdcf65e1ef278bf","2_3",1,0,"1_2","1",3,"2.3_right_slow",0.577430167597765,0.5,0.446327683615819
"66c30398cfdcf65e1ef278bf","2_3",1,0,"1_3","1",3,"2.3_right_slow",0.577430167597765,0.5,0.446327683615819
"66c30398cfdcf65e1ef278bf","2_3",1,0,"1_4","1",3,"2.3_right_slow",0.577430167597765,0.5,0.446327683615819
"66c30398cfdcf65e1ef278bf","2_3",1,0,"1_5","0",3,"2.3_right_slow",0.577430167597765,0.5,0.446327683615819
"66c30398cfdcf65e1ef278bf","2_1",0,0,"1_1","1",3,"2.1_wrong_slow",0.396726726726727,0.3,0.234463276836158
"66c30398cfdcf65e1ef278bf","2_1",0,0,"1_2","0",3,"2.1_wrong_slow",0.396726726726727,0.3,0.234463276836158
"66c30398cfdcf65e1ef278bf","2_1",0,0,"1_3","0",3,"2.1_wrong_slow",0.396726726726727,0.3,0.234463276836158
"66c30398cfdcf65e1ef278bf","2_1",0,0,"1_4","0",3,"2.1_wrong_slow",0.396726726726727,0.3,0.234463276836158
"66c30398cfdcf65e1ef278bf","2_1",0,0,"1_5","0",3,"2.1_wrong_slow",0.396726726726727,0.3,0.234463276836158
"66c30398cfdcf65e1ef278bf","2_4",1,1,"1_1","1",3,"2.4_right_fast",0.518938053097345,0.7,0.675141242937853
"66c30398cfdcf65e1ef278bf","2_4",1,1,"1_2","1",3,"2.4_right_fast",0.518938053097345,0.7,0.675141242937853
"66c30398cfdcf65e1ef278bf","2_4",1,1,"1_3","1",3,"2.4_right_fast",0.518938053097345,0.7,0.675141242937853
"66c30398cfdcf65e1ef278bf","2_4",1,1,"1_4","1",3,"2.4_right_fast",0.518938053097345,0.7,0.675141242937853
"66c30398cfdcf65e1ef278bf","2_4",1,1,"1_5","0",3,"2.4_right_fast",0.518938053097345,0.7,0.675141242937853
"66c30398cfdcf65e1ef278bf","2_5",0,1,"1_1","1",3,"2.5_wrong_fast",0.760870712401055,0.9,0.915254237288136
"66c30398cfdcf65e1ef278bf","2_5",0,1,"1_2","0",3,"2.5_wrong_fast",0.760870712401055,0.9,0.915254237288136
"66c30398cfdcf65e1ef278bf","2_5",0,1,"1_3","0",3,"2.5_wrong_fast",0.760870712401055,0.9,0.915254237288136
"66c30398cfdcf65e1ef278bf","2_5",0,1,"1_4","0",3,"2.5_wrong_fast",0.760870712401055,0.9,0.915254237288136
"66c30398cfdcf65e1ef278bf","2_5",0,1,"1_5","0",3,"2.5_wrong_fast",0.760870712401055,0.9,0.915254237288136
"66c37a08436b5a1851123557","2_2",1,0,"1_1","1",8,"2.2_right_slow",0.566398891966759,0.7,0.536723163841808
"66c37a08436b5a1851123557","2_2",1,0,"1_2","1",8,"2.2_right_slow",0.566398891966759,0.7,0.536723163841808
"66c37a08436b5a1851123557","2_2",1,0,"1_3","1",8,"2.2_right_slow",0.566398891966759,0.7,0.536723163841808
"66c37a08436b5a1851123557","2_2",1,0,"1_4","1",8,"2.2_right_slow",0.566398891966759,0.7,0.536723163841808
"66c37a08436b5a1851123557","2_2",1,0,"1_5","0",8,"2.2_right_slow",0.566398891966759,0.7,0.536723163841808
"66c37a08436b5a1851123557","2_4",1,0,"1_1","1",8,"2.4_right_slow",0.518938053097345,0.85,0.675141242937853
"66c37a08436b5a1851123557","2_4",1,0,"1_2","1",8,"2.4_right_slow",0.518938053097345,0.85,0.675141242937853
"66c37a08436b5a1851123557","2_4",1,0,"1_3","1",8,"2.4_right_slow",0.518938053097345,0.85,0.675141242937853
"66c37a08436b5a1851123557","2_4",1,0,"1_4","1",8,"2.4_right_slow",0.518938053097345,0.85,0.675141242937853
"66c37a08436b5a1851123557","2_4",1,0,"1_5","0",8,"2.4_right_slow",0.518938053097345,0.85,0.675141242937853
"66c37a08436b5a1851123557","2_1",1,1,"1_1","1",8,"2.1_right_fast",0.396726726726727,0.5,0.234463276836158
"66c37a08436b5a1851123557","2_1",1,1,"1_2","1",8,"2.1_right_fast",0.396726726726727,0.5,0.234463276836158
"66c37a08436b5a1851123557","2_1",1,1,"1_3","1",8,"2.1_right_fast",0.396726726726727,0.5,0.234463276836158
"66c37a08436b5a1851123557","2_1",1,1,"1_4","1",8,"2.1_right_fast",0.396726726726727,0.5,0.234463276836158
"66c37a08436b5a1851123557","2_1",1,1,"1_5","1",8,"2.1_right_fast",0.396726726726727,0.5,0.234463276836158
"66c37a08436b5a1851123557","2_5",1,1,"1_1","1",8,"2.5_right_fast",0.760870712401055,0.95,0.915254237288136
"66c37a08436b5a1851123557","2_5",1,1,"1_2","1",8,"2.5_right_fast",0.760870712401055,0.95,0.915254237288136
"66c37a08436b5a1851123557","2_5",1,1,"1_3","1",8,"2.5_right_fast",0.760870712401055,0.95,0.915254237288136
"66c37a08436b5a1851123557","2_5",1,1,"1_4","1",8,"2.5_right_fast",0.760870712401055,0.95,0.915254237288136
"66c37a08436b5a1851123557","2_5",1,1,"1_5","1",8,"2.5_right_fast",0.760870712401055,0.95,0.915254237288136
"66c37a08436b5a1851123557","2_5",0,1,"1_1","1",8,"2.5_wrong_fast",0.760870712401055,0.85,0.915254237288136
"66c37a08436b5a1851123557","2_5",0,1,"1_2","0",8,"2.5_wrong_fast",0.760870712401055,0.85,0.915254237288136
"66c37a08436b5a1851123557","2_5",0,1,"1_3","1",8,"2.5_wrong_fast",0.760870712401055,0.85,0.915254237288136
"66c37a08436b5a1851123557","2_5",0,1,"1_4","0",8,"2.5_wrong_fast",0.760870712401055,0.85,0.915254237288136
"66c37a08436b5a1851123557","2_5",0,1,"1_5","0",8,"2.5_wrong_fast",0.760870712401055,0.85,0.915254237288136
"66c49506c24e39d11f5d89fc","2_2",1,0,"1_1","1",9,"2.2_right_slow",0.566398891966759,0.5,0.536723163841808
"66c49506c24e39d11f5d89fc","2_2",1,0,"1_2","1",9,"2.2_right_slow",0.566398891966759,0.5,0.536723163841808
"66c49506c24e39d11f5d89fc","2_2",1,0,"1_3","0",9,"2.2_right_slow",0.566398891966759,0.5,0.536723163841808
"66c49506c24e39d11f5d89fc","2_2",1,0,"1_4","1",9,"2.2_right_slow",0.566398891966759,0.5,0.536723163841808
"66c49506c24e39d11f5d89fc","2_2",1,0,"1_5","0",9,"2.2_right_slow",0.566398891966759,0.5,0.536723163841808
"66c49506c24e39d11f5d89fc","2_4",1,0,"1_1","1",9,"2.4_right_slow",0.518938053097345,0.3,0.675141242937853
"66c49506c24e39d11f5d89fc","2_4",1,0,"1_2","1",9,"2.4_right_slow",0.518938053097345,0.3,0.675141242937853
"66c49506c24e39d11f5d89fc","2_4",1,0,"1_3","0",9,"2.4_right_slow",0.518938053097345,0.3,0.675141242937853
"66c49506c24e39d11f5d89fc","2_4",1,0,"1_4","1",9,"2.4_right_slow",0.518938053097345,0.3,0.675141242937853
"66c49506c24e39d11f5d89fc","2_4",1,0,"1_5","0",9,"2.4_right_slow",0.518938053097345,0.3,0.675141242937853
"66c49506c24e39d11f5d89fc","2_2",0,0,"1_1","1",9,"2.2_wrong_slow",0.566398891966759,0.35,0.536723163841808
"66c49506c24e39d11f5d89fc","2_2",0,0,"1_2","0",9,"2.2_wrong_slow",0.566398891966759,0.35,0.536723163841808
"66c49506c24e39d11f5d89fc","2_2",0,0,"1_3","0",9,"2.2_wrong_slow",0.566398891966759,0.35,0.536723163841808
"66c49506c24e39d11f5d89fc","2_2",0,0,"1_4","0",9,"2.2_wrong_slow",0.566398891966759,0.35,0.536723163841808
"66c49506c24e39d11f5d89fc","2_2",0,0,"1_5","0",9,"2.2_wrong_slow",0.566398891966759,0.35,0.536723163841808
"66c49506c24e39d11f5d89fc","2_3",0,1,"1_1","1",9,"2.3_wrong_fast",0.577430167597765,0.8,0.446327683615819
"66c49506c24e39d11f5d89fc","2_3",0,1,"1_2","0",9,"2.3_wrong_fast",0.577430167597765,0.8,0.446327683615819
"66c49506c24e39d11f5d89fc","2_3",0,1,"1_3","0",9,"2.3_wrong_fast",0.577430167597765,0.8,0.446327683615819
"66c49506c24e39d11f5d89fc","2_3",0,1,"1_4","1",9,"2.3_wrong_fast",0.577430167597765,0.8,0.446327683615819
"66c49506c24e39d11f5d89fc","2_3",0,1,"1_5","0",9,"2.3_wrong_fast",0.577430167597765,0.8,0.446327683615819
"66c49506c24e39d11f5d89fc","2_4",0,1,"1_1","1",9,"2.4_wrong_fast",0.518938053097345,0.7,0.675141242937853
"66c49506c24e39d11f5d89fc","2_4",0,1,"1_2","0",9,"2.4_wrong_fast",0.518938053097345,0.7,0.675141242937853
"66c49506c24e39d11f5d89fc","2_4",0,1,"1_3","0",9,"2.4_wrong_fast",0.518938053097345,0.7,0.675141242937853
"66c49506c24e39d11f5d89fc","2_4",0,1,"1_4","0",9,"2.4_wrong_fast",0.518938053097345,0.7,0.675141242937853
"66c49506c24e39d11f5d89fc","2_4",0,1,"1_5","0",9,"2.4_wrong_fast",0.518938053097345,0.7,0.675141242937853
"66c54542fde51396756cb576","2_3",1,0,"1_1","1",4,"2.3_right_slow",0.577430167597765,0.63,0.446327683615819
"66c54542fde51396756cb576","2_3",1,0,"1_2","1",4,"2.3_right_slow",0.577430167597765,0.63,0.446327683615819
"66c54542fde51396756cb576","2_3",1,0,"1_3","1",4,"2.3_right_slow",0.577430167597765,0.63,0.446327683615819
"66c54542fde51396756cb576","2_3",1,0,"1_4","1",4,"2.3_right_slow",0.577430167597765,0.63,0.446327683615819
"66c54542fde51396756cb576","2_3",1,0,"1_5","0",4,"2.3_right_slow",0.577430167597765,0.63,0.446327683615819
"66c54542fde51396756cb576","2_4",0,0,"1_1","1",4,"2.4_wrong_slow",0.518938053097345,0.69,0.675141242937853
"66c54542fde51396756cb576","2_4",0,0,"1_2","0",4,"2.4_wrong_slow",0.518938053097345,0.69,0.675141242937853
"66c54542fde51396756cb576","2_4",0,0,"1_3","0",4,"2.4_wrong_slow",0.518938053097345,0.69,0.675141242937853
"66c54542fde51396756cb576","2_4",0,0,"1_4","0",4,"2.4_wrong_slow",0.518938053097345,0.69,0.675141242937853
"66c54542fde51396756cb576","2_4",0,0,"1_5","0",4,"2.4_wrong_slow",0.518938053097345,0.69,0.675141242937853
"66c54542fde51396756cb576","2_5",1,1,"1_1","1",4,"2.5_right_fast",0.760870712401055,0.87,0.915254237288136
"66c54542fde51396756cb576","2_5",1,1,"1_2","1",4,"2.5_right_fast",0.760870712401055,0.87,0.915254237288136
"66c54542fde51396756cb576","2_5",1,1,"1_3","1",4,"2.5_right_fast",0.760870712401055,0.87,0.915254237288136
"66c54542fde51396756cb576","2_5",1,1,"1_4","1",4,"2.5_right_fast",0.760870712401055,0.87,0.915254237288136
"66c54542fde51396756cb576","2_5",1,1,"1_5","1",4,"2.5_right_fast",0.760870712401055,0.87,0.915254237288136
"66c54542fde51396756cb576","2_1",0,1,"1_1","1",4,"2.1_wrong_fast",0.396726726726727,0.81,0.234463276836158
"66c54542fde51396756cb576","2_1",0,1,"1_2","1",4,"2.1_wrong_fast",0.396726726726727,0.81,0.234463276836158
"66c54542fde51396756cb576","2_1",0,1,"1_3","0",4,"2.1_wrong_fast",0.396726726726727,0.81,0.234463276836158
"66c54542fde51396756cb576","2_1",0,1,"1_4","0",4,"2.1_wrong_fast",0.396726726726727,0.81,0.234463276836158
"66c54542fde51396756cb576","2_1",0,1,"1_5","0",4,"2.1_wrong_fast",0.396726726726727,0.81,0.234463276836158
"66c54542fde51396756cb576","2_4",0,1,"1_1","1",4,"2.4_wrong_fast",0.518938053097345,0.8,0.675141242937853
"66c54542fde51396756cb576","2_4",0,1,"1_2","1",4,"2.4_wrong_fast",0.518938053097345,0.8,0.675141242937853
"66c54542fde51396756cb576","2_4",0,1,"1_3","0",4,"2.4_wrong_fast",0.518938053097345,0.8,0.675141242937853
"66c54542fde51396756cb576","2_4",0,1,"1_4","0",4,"2.4_wrong_fast",0.518938053097345,0.8,0.675141242937853
"66c54542fde51396756cb576","2_4",0,1,"1_5","0",4,"2.4_wrong_fast",0.518938053097345,0.8,0.675141242937853
"66c7e6e05a6d60e4278bfda7","2_2",1,0,"1_1","1",3,"2.2_right_slow",0.566398891966759,0.77,0.536723163841808
"66c7e6e05a6d60e4278bfda7","2_2",1,0,"1_2","1",3,"2.2_right_slow",0.566398891966759,0.77,0.536723163841808
"66c7e6e05a6d60e4278bfda7","2_2",1,0,"1_3","1",3,"2.2_right_slow",0.566398891966759,0.77,0.536723163841808
"66c7e6e05a6d60e4278bfda7","2_2",1,0,"1_4","1",3,"2.2_right_slow",0.566398891966759,0.77,0.536723163841808
"66c7e6e05a6d60e4278bfda7","2_2",1,0,"1_5","0",3,"2.2_right_slow",0.566398891966759,0.77,0.536723163841808
"66c7e6e05a6d60e4278bfda7","2_2",1,1,"1_1","1",3,"2.2_right_fast",0.566398891966759,0.85,0.536723163841808
"66c7e6e05a6d60e4278bfda7","2_2",1,1,"1_2","1",3,"2.2_right_fast",0.566398891966759,0.85,0.536723163841808
"66c7e6e05a6d60e4278bfda7","2_2",1,1,"1_3","1",3,"2.2_right_fast",0.566398891966759,0.85,0.536723163841808
"66c7e6e05a6d60e4278bfda7","2_2",1,1,"1_4","1",3,"2.2_right_fast",0.566398891966759,0.85,0.536723163841808
"66c7e6e05a6d60e4278bfda7","2_2",1,1,"1_5","0",3,"2.2_right_fast",0.566398891966759,0.85,0.536723163841808
"66c7e6e05a6d60e4278bfda7","2_3",1,1,"1_1","1",3,"2.3_right_fast",0.577430167597765,0.9,0.446327683615819
"66c7e6e05a6d60e4278bfda7","2_3",1,1,"1_2","1",3,"2.3_right_fast",0.577430167597765,0.9,0.446327683615819
"66c7e6e05a6d60e4278bfda7","2_3",1,1,"1_3","1",3,"2.3_right_fast",0.577430167597765,0.9,0.446327683615819
"66c7e6e05a6d60e4278bfda7","2_3",1,1,"1_4","1",3,"2.3_right_fast",0.577430167597765,0.9,0.446327683615819
"66c7e6e05a6d60e4278bfda7","2_3",1,1,"1_5","0",3,"2.3_right_fast",0.577430167597765,0.9,0.446327683615819
"66c7e6e05a6d60e4278bfda7","2_5",1,1,"1_1","1",3,"2.5_right_fast",0.760870712401055,0.95,0.915254237288136
"66c7e6e05a6d60e4278bfda7","2_5",1,1,"1_2","1",3,"2.5_right_fast",0.760870712401055,0.95,0.915254237288136
"66c7e6e05a6d60e4278bfda7","2_5",1,1,"1_3","1",3,"2.5_right_fast",0.760870712401055,0.95,0.915254237288136
"66c7e6e05a6d60e4278bfda7","2_5",1,1,"1_4","1",3,"2.5_right_fast",0.760870712401055,0.95,0.915254237288136
"66c7e6e05a6d60e4278bfda7","2_5",1,1,"1_5","1",3,"2.5_right_fast",0.760870712401055,0.95,0.915254237288136
"66c7e6e05a6d60e4278bfda7","2_2",0,1,"1_1","1",3,"2.2_wrong_fast",0.566398891966759,0.81,0.536723163841808
"66c7e6e05a6d60e4278bfda7","2_2",0,1,"1_2","0",3,"2.2_wrong_fast",0.566398891966759,0.81,0.536723163841808
"66c7e6e05a6d60e4278bfda7","2_2",0,1,"1_3","1",3,"2.2_wrong_fast",0.566398891966759,0.81,0.536723163841808
"66c7e6e05a6d60e4278bfda7","2_2",0,1,"1_4","0",3,"2.2_wrong_fast",0.566398891966759,0.81,0.536723163841808
"66c7e6e05a6d60e4278bfda7","2_2",0,1,"1_5","0",3,"2.2_wrong_fast",0.566398891966759,0.81,0.536723163841808
"66cb4f58e9880a1fcf7bf516","2_2",1,0,"1_1","1",8,"2.2_right_slow",0.566398891966759,0.63,0.536723163841808
"66cb4f58e9880a1fcf7bf516","2_2",1,0,"1_2","1",8,"2.2_right_slow",0.566398891966759,0.63,0.536723163841808
"66cb4f58e9880a1fcf7bf516","2_2",1,0,"1_3","1",8,"2.2_right_slow",0.566398891966759,0.63,0.536723163841808
"66cb4f58e9880a1fcf7bf516","2_2",1,0,"1_4","1",8,"2.2_right_slow",0.566398891966759,0.63,0.536723163841808
"66cb4f58e9880a1fcf7bf516","2_2",1,0,"1_5","0",8,"2.2_right_slow",0.566398891966759,0.63,0.536723163841808
"66cb4f58e9880a1fcf7bf516","2_4",1,0,"1_1","1",8,"2.4_right_slow",0.518938053097345,0.69,0.675141242937853
"66cb4f58e9880a1fcf7bf516","2_4",1,0,"1_2","0",8,"2.4_right_slow",0.518938053097345,0.69,0.675141242937853
"66cb4f58e9880a1fcf7bf516","2_4",1,0,"1_3","1",8,"2.4_right_slow",0.518938053097345,0.69,0.675141242937853
"66cb4f58e9880a1fcf7bf516","2_4",1,0,"1_4","1",8,"2.4_right_slow",0.518938053097345,0.69,0.675141242937853
"66cb4f58e9880a1fcf7bf516","2_4",1,0,"1_5","0",8,"2.4_right_slow",0.518938053097345,0.69,0.675141242937853
"66cb4f58e9880a1fcf7bf516","2_5",1,0,"1_1","1",8,"2.5_right_slow",0.760870712401055,0.74,0.915254237288136
"66cb4f58e9880a1fcf7bf516","2_5",1,0,"1_2","1",8,"2.5_right_slow",0.760870712401055,0.74,0.915254237288136
"66cb4f58e9880a1fcf7bf516","2_5",1,0,"1_3","1",8,"2.5_right_slow",0.760870712401055,0.74,0.915254237288136
"66cb4f58e9880a1fcf7bf516","2_5",1,0,"1_4","1",8,"2.5_right_slow",0.760870712401055,0.74,0.915254237288136
"66cb4f58e9880a1fcf7bf516","2_5",1,0,"1_5","0",8,"2.5_right_slow",0.760870712401055,0.74,0.915254237288136
"66cb4f58e9880a1fcf7bf516","2_1",0,1,"1_1","1",8,"2.1_wrong_fast",0.396726726726727,0.66,0.234463276836158
"66cb4f58e9880a1fcf7bf516","2_1",0,1,"1_2","1",8,"2.1_wrong_fast",0.396726726726727,0.66,0.234463276836158
"66cb4f58e9880a1fcf7bf516","2_1",0,1,"1_3","1",8,"2.1_wrong_fast",0.396726726726727,0.66,0.234463276836158
"66cb4f58e9880a1fcf7bf516","2_1",0,1,"1_4","1",8,"2.1_wrong_fast",0.396726726726727,0.66,0.234463276836158
"66cb4f58e9880a1fcf7bf516","2_1",0,1,"1_5","0",8,"2.1_wrong_fast",0.396726726726727,0.66,0.234463276836158
"66cb4f58e9880a1fcf7bf516","2_2",0,1,"1_1","1",8,"2.2_wrong_fast",0.566398891966759,0.69,0.536723163841808
"66cb4f58e9880a1fcf7bf516","2_2",0,1,"1_2","1",8,"2.2_wrong_fast",0.566398891966759,0.69,0.536723163841808
"66cb4f58e9880a1fcf7bf516","2_2",0,1,"1_3","1",8,"2.2_wrong_fast",0.566398891966759,0.69,0.536723163841808
"66cb4f58e9880a1fcf7bf516","2_2",0,1,"1_4","1",8,"2.2_wrong_fast",0.566398891966759,0.69,0.536723163841808
"66cb4f58e9880a1fcf7bf516","2_2",0,1,"1_5","0",8,"2.2_wrong_fast",0.566398891966759,0.69,0.536723163841808
"66d40e332be72e1fc3f10994","2_2",1,0,"1_1","1",1,"2.2_right_slow",0.566398891966759,0.23,0.536723163841808
"66d40e332be72e1fc3f10994","2_2",1,0,"1_2","1",1,"2.2_right_slow",0.566398891966759,0.23,0.536723163841808
"66d40e332be72e1fc3f10994","2_2",1,0,"1_3","1",1,"2.2_right_slow",0.566398891966759,0.23,0.536723163841808
"66d40e332be72e1fc3f10994","2_2",1,0,"1_4","1",1,"2.2_right_slow",0.566398891966759,0.23,0.536723163841808
"66d40e332be72e1fc3f10994","2_2",1,0,"1_5","1",1,"2.2_right_slow",0.566398891966759,0.23,0.536723163841808
"66d40e332be72e1fc3f10994","2_5",1,0,"1_1","1",1,"2.5_right_slow",0.760870712401055,0.25,0.915254237288136
"66d40e332be72e1fc3f10994","2_5",1,0,"1_2","1",1,"2.5_right_slow",0.760870712401055,0.25,0.915254237288136
"66d40e332be72e1fc3f10994","2_5",1,0,"1_3","1",1,"2.5_right_slow",0.760870712401055,0.25,0.915254237288136
"66d40e332be72e1fc3f10994","2_5",1,0,"1_4","1",1,"2.5_right_slow",0.760870712401055,0.25,0.915254237288136
"66d40e332be72e1fc3f10994","2_5",1,0,"1_5","0",1,"2.5_right_slow",0.760870712401055,0.25,0.915254237288136
"66d40e332be72e1fc3f10994","2_4",0,0,"1_1","1",1,"2.4_wrong_slow",0.518938053097345,0.3,0.675141242937853
"66d40e332be72e1fc3f10994","2_4",0,0,"1_2","1",1,"2.4_wrong_slow",0.518938053097345,0.3,0.675141242937853
"66d40e332be72e1fc3f10994","2_4",0,0,"1_3","1",1,"2.4_wrong_slow",0.518938053097345,0.3,0.675141242937853
"66d40e332be72e1fc3f10994","2_4",0,0,"1_4","0",1,"2.4_wrong_slow",0.518938053097345,0.3,0.675141242937853
"66d40e332be72e1fc3f10994","2_4",0,0,"1_5","0",1,"2.4_wrong_slow",0.518938053097345,0.3,0.675141242937853
"66d40e332be72e1fc3f10994","2_5",0,0,"1_1","1",1,"2.5_wrong_slow",0.760870712401055,0.36,0.915254237288136
"66d40e332be72e1fc3f10994","2_5",0,0,"1_2","1",1,"2.5_wrong_slow",0.760870712401055,0.36,0.915254237288136
"66d40e332be72e1fc3f10994","2_5",0,0,"1_3","0",1,"2.5_wrong_slow",0.760870712401055,0.36,0.915254237288136
"66d40e332be72e1fc3f10994","2_5",0,0,"1_4","1",1,"2.5_wrong_slow",0.760870712401055,0.36,0.915254237288136
"66d40e332be72e1fc3f10994","2_5",0,0,"1_5","0",1,"2.5_wrong_slow",0.760870712401055,0.36,0.915254237288136
"66d40e332be72e1fc3f10994","2_1",0,1,"1_1","1",1,"2.1_wrong_fast",0.396726726726727,0.6,0.234463276836158
"66d40e332be72e1fc3f10994","2_1",0,1,"1_2","1",1,"2.1_wrong_fast",0.396726726726727,0.6,0.234463276836158
"66d40e332be72e1fc3f10994","2_1",0,1,"1_3","1",1,"2.1_wrong_fast",0.396726726726727,0.6,0.234463276836158
"66d40e332be72e1fc3f10994","2_1",0,1,"1_4","0",1,"2.1_wrong_fast",0.396726726726727,0.6,0.234463276836158
"66d40e332be72e1fc3f10994","2_1",0,1,"1_5","0",1,"2.1_wrong_fast",0.396726726726727,0.6,0.234463276836158
"66d916af0cf8c145a0aa3220","2_2",0,0,"1_1","1",8,"2.2_wrong_slow",0.566398891966759,0.41,0.536723163841808
"66d916af0cf8c145a0aa3220","2_2",0,0,"1_2","0",8,"2.2_wrong_slow",0.566398891966759,0.41,0.536723163841808
"66d916af0cf8c145a0aa3220","2_2",0,0,"1_3","0",8,"2.2_wrong_slow",0.566398891966759,0.41,0.536723163841808
"66d916af0cf8c145a0aa3220","2_2",0,0,"1_4","1",8,"2.2_wrong_slow",0.566398891966759,0.41,0.536723163841808
"66d916af0cf8c145a0aa3220","2_2",0,0,"1_5","0",8,"2.2_wrong_slow",0.566398891966759,0.41,0.536723163841808
"66d916af0cf8c145a0aa3220","2_2",1,1,"1_1","1",8,"2.2_right_fast",0.566398891966759,0.8,0.536723163841808
"66d916af0cf8c145a0aa3220","2_2",1,1,"1_2","1",8,"2.2_right_fast",0.566398891966759,0.8,0.536723163841808
"66d916af0cf8c145a0aa3220","2_2",1,1,"1_3","1",8,"2.2_right_fast",0.566398891966759,0.8,0.536723163841808
"66d916af0cf8c145a0aa3220","2_2",1,1,"1_4","1",8,"2.2_right_fast",0.566398891966759,0.8,0.536723163841808
"66d916af0cf8c145a0aa3220","2_2",1,1,"1_5","0",8,"2.2_right_fast",0.566398891966759,0.8,0.536723163841808
"66d916af0cf8c145a0aa3220","2_1",0,1,"1_1","0",8,"2.1_wrong_fast",0.396726726726727,0.6,0.234463276836158
"66d916af0cf8c145a0aa3220","2_1",0,1,"1_2","0",8,"2.1_wrong_fast",0.396726726726727,0.6,0.234463276836158
"66d916af0cf8c145a0aa3220","2_1",0,1,"1_3","0",8,"2.1_wrong_fast",0.396726726726727,0.6,0.234463276836158
"66d916af0cf8c145a0aa3220","2_1",0,1,"1_4","1",8,"2.1_wrong_fast",0.396726726726727,0.6,0.234463276836158
"66d916af0cf8c145a0aa3220","2_1",0,1,"1_5","0",8,"2.1_wrong_fast",0.396726726726727,0.6,0.234463276836158
"66d916af0cf8c145a0aa3220","2_2",0,1,"1_1","1",8,"2.2_wrong_fast",0.566398891966759,0.75,0.536723163841808
"66d916af0cf8c145a0aa3220","2_2",0,1,"1_2","0",8,"2.2_wrong_fast",0.566398891966759,0.75,0.536723163841808
"66d916af0cf8c145a0aa3220","2_2",0,1,"1_3","1",8,"2.2_wrong_fast",0.566398891966759,0.75,0.536723163841808
"66d916af0cf8c145a0aa3220","2_2",0,1,"1_4","1",8,"2.2_wrong_fast",0.566398891966759,0.75,0.536723163841808
"66d916af0cf8c145a0aa3220","2_2",0,1,"1_5","0",8,"2.2_wrong_fast",0.566398891966759,0.75,0.536723163841808
"66d916af0cf8c145a0aa3220","2_5",0,1,"1_1","1",8,"2.5_wrong_fast",0.760870712401055,0.85,0.915254237288136
"66d916af0cf8c145a0aa3220","2_5",0,1,"1_2","0",8,"2.5_wrong_fast",0.760870712401055,0.85,0.915254237288136
"66d916af0cf8c145a0aa3220","2_5",0,1,"1_3","1",8,"2.5_wrong_fast",0.760870712401055,0.85,0.915254237288136
"66d916af0cf8c145a0aa3220","2_5",0,1,"1_4","1",8,"2.5_wrong_fast",0.760870712401055,0.85,0.915254237288136
"66d916af0cf8c145a0aa3220","2_5",0,1,"1_5","0",8,"2.5_wrong_fast",0.760870712401055,0.85,0.915254237288136
"66d9edfb2b46f520118ea289","2_3",1,0,"1_1","1",9,"2.3_right_slow",0.577430167597765,0.49,0.446327683615819
"66d9edfb2b46f520118ea289","2_3",1,0,"1_2","1",9,"2.3_right_slow",0.577430167597765,0.49,0.446327683615819
"66d9edfb2b46f520118ea289","2_3",1,0,"1_3","1",9,"2.3_right_slow",0.577430167597765,0.49,0.446327683615819
"66d9edfb2b46f520118ea289","2_3",1,0,"1_4","1",9,"2.3_right_slow",0.577430167597765,0.49,0.446327683615819
"66d9edfb2b46f520118ea289","2_3",1,0,"1_5","1",9,"2.3_right_slow",0.577430167597765,0.49,0.446327683615819
"66d9edfb2b46f520118ea289","2_4",1,0,"1_1","1",9,"2.4_right_slow",0.518938053097345,0.5,0.675141242937853
"66d9edfb2b46f520118ea289","2_4",1,0,"1_2","1",9,"2.4_right_slow",0.518938053097345,0.5,0.675141242937853
"66d9edfb2b46f520118ea289","2_4",1,0,"1_3","1",9,"2.4_right_slow",0.518938053097345,0.5,0.675141242937853
"66d9edfb2b46f520118ea289","2_4",1,0,"1_4","1",9,"2.4_right_slow",0.518938053097345,0.5,0.675141242937853
"66d9edfb2b46f520118ea289","2_4",1,0,"1_5","1",9,"2.4_right_slow",0.518938053097345,0.5,0.675141242937853
"66d9edfb2b46f520118ea289","2_3",0,0,"1_1","1",9,"2.3_wrong_slow",0.577430167597765,0.5,0.446327683615819
"66d9edfb2b46f520118ea289","2_3",0,0,"1_2","1",9,"2.3_wrong_slow",0.577430167597765,0.5,0.446327683615819
"66d9edfb2b46f520118ea289","2_3",0,0,"1_3","1",9,"2.3_wrong_slow",0.577430167597765,0.5,0.446327683615819
"66d9edfb2b46f520118ea289","2_3",0,0,"1_4","1",9,"2.3_wrong_slow",0.577430167597765,0.5,0.446327683615819
"66d9edfb2b46f520118ea289","2_3",0,0,"1_5","0",9,"2.3_wrong_slow",0.577430167597765,0.5,0.446327683615819
"66d9edfb2b46f520118ea289","2_4",0,0,"1_1","0",9,"2.4_wrong_slow",0.518938053097345,0.51,0.675141242937853
"66d9edfb2b46f520118ea289","2_4",0,0,"1_2","0",9,"2.4_wrong_slow",0.518938053097345,0.51,0.675141242937853
"66d9edfb2b46f520118ea289","2_4",0,0,"1_3","0",9,"2.4_wrong_slow",0.518938053097345,0.51,0.675141242937853
"66d9edfb2b46f520118ea289","2_4",0,0,"1_4","0",9,"2.4_wrong_slow",0.518938053097345,0.51,0.675141242937853
"66d9edfb2b46f520118ea289","2_4",0,0,"1_5","0",9,"2.4_wrong_slow",0.518938053097345,0.51,0.675141242937853
"66d9edfb2b46f520118ea289","2_5",0,1,"1_1","1",9,"2.5_wrong_fast",0.760870712401055,0.51,0.915254237288136
"66d9edfb2b46f520118ea289","2_5",0,1,"1_2","1",9,"2.5_wrong_fast",0.760870712401055,0.51,0.915254237288136
"66d9edfb2b46f520118ea289","2_5",0,1,"1_3","1",9,"2.5_wrong_fast",0.760870712401055,0.51,0.915254237288136
"66d9edfb2b46f520118ea289","2_5",0,1,"1_4","1",9,"2.5_wrong_fast",0.760870712401055,0.51,0.915254237288136
"66d9edfb2b46f520118ea289","2_5",0,1,"1_5","0",9,"2.5_wrong_fast",0.760870712401055,0.51,0.915254237288136
"66dad383980bc872c801ed55","2_4",1,0,"1_1","1",7,"2.4_right_slow",0.518938053097345,0.25,0.675141242937853
"66dad383980bc872c801ed55","2_4",1,0,"1_2","1",7,"2.4_right_slow",0.518938053097345,0.25,0.675141242937853
"66dad383980bc872c801ed55","2_4",1,0,"1_3","1",7,"2.4_right_slow",0.518938053097345,0.25,0.675141242937853
"66dad383980bc872c801ed55","2_4",1,0,"1_4","1",7,"2.4_right_slow",0.518938053097345,0.25,0.675141242937853
"66dad383980bc872c801ed55","2_4",1,0,"1_5","0",7,"2.4_right_slow",0.518938053097345,0.25,0.675141242937853
"66dad383980bc872c801ed55","2_2",0,0,"1_1","1",7,"2.2_wrong_slow",0.566398891966759,0.65,0.536723163841808
"66dad383980bc872c801ed55","2_2",0,0,"1_2","0",7,"2.2_wrong_slow",0.566398891966759,0.65,0.536723163841808
"66dad383980bc872c801ed55","2_2",0,0,"1_3","1",7,"2.2_wrong_slow",0.566398891966759,0.65,0.536723163841808
"66dad383980bc872c801ed55","2_2",0,0,"1_4","1",7,"2.2_wrong_slow",0.566398891966759,0.65,0.536723163841808
"66dad383980bc872c801ed55","2_2",0,0,"1_5","0",7,"2.2_wrong_slow",0.566398891966759,0.65,0.536723163841808
"66dad383980bc872c801ed55","2_5",1,1,"1_1","1",7,"2.5_right_fast",0.760870712401055,0.75,0.915254237288136
"66dad383980bc872c801ed55","2_5",1,1,"1_2","1",7,"2.5_right_fast",0.760870712401055,0.75,0.915254237288136
"66dad383980bc872c801ed55","2_5",1,1,"1_3","1",7,"2.5_right_fast",0.760870712401055,0.75,0.915254237288136
"66dad383980bc872c801ed55","2_5",1,1,"1_4","1",7,"2.5_right_fast",0.760870712401055,0.75,0.915254237288136
"66dad383980bc872c801ed55","2_5",1,1,"1_5","1",7,"2.5_right_fast",0.760870712401055,0.75,0.915254237288136
"66dad383980bc872c801ed55","2_1",0,1,"1_1","1",7,"2.1_wrong_fast",0.396726726726727,0.4,0.234463276836158
"66dad383980bc872c801ed55","2_1",0,1,"1_2","0",7,"2.1_wrong_fast",0.396726726726727,0.4,0.234463276836158
"66dad383980bc872c801ed55","2_1",0,1,"1_3","0",7,"2.1_wrong_fast",0.396726726726727,0.4,0.234463276836158
"66dad383980bc872c801ed55","2_1",0,1,"1_4","1",7,"2.1_wrong_fast",0.396726726726727,0.4,0.234463276836158
"66dad383980bc872c801ed55","2_1",0,1,"1_5","0",7,"2.1_wrong_fast",0.396726726726727,0.4,0.234463276836158
"66dad383980bc872c801ed55","2_5",0,1,"1_1","1",7,"2.5_wrong_fast",0.760870712401055,0.8,0.915254237288136
"66dad383980bc872c801ed55","2_5",0,1,"1_2","1",7,"2.5_wrong_fast",0.760870712401055,0.8,0.915254237288136
"66dad383980bc872c801ed55","2_5",0,1,"1_3","1",7,"2.5_wrong_fast",0.760870712401055,0.8,0.915254237288136
"66dad383980bc872c801ed55","2_5",0,1,"1_4","1",7,"2.5_wrong_fast",0.760870712401055,0.8,0.915254237288136
"66dad383980bc872c801ed55","2_5",0,1,"1_5","0",7,"2.5_wrong_fast",0.760870712401055,0.8,0.915254237288136
"66ddf1fdcc5c581ffea00af4","2_2",1,0,"1_1","1",6,"2.2_right_slow",0.566398891966759,0.43,0.536723163841808
"66ddf1fdcc5c581ffea00af4","2_2",1,0,"1_2","1",6,"2.2_right_slow",0.566398891966759,0.43,0.536723163841808
"66ddf1fdcc5c581ffea00af4","2_2",1,0,"1_3","1",6,"2.2_right_slow",0.566398891966759,0.43,0.536723163841808
"66ddf1fdcc5c581ffea00af4","2_2",1,0,"1_4","1",6,"2.2_right_slow",0.566398891966759,0.43,0.536723163841808
"66ddf1fdcc5c581ffea00af4","2_2",1,0,"1_5","0",6,"2.2_right_slow",0.566398891966759,0.43,0.536723163841808
"66ddf1fdcc5c581ffea00af4","2_4",1,0,"1_1","1",6,"2.4_right_slow",0.518938053097345,0.59,0.675141242937853
"66ddf1fdcc5c581ffea00af4","2_4",1,0,"1_2","1",6,"2.4_right_slow",0.518938053097345,0.59,0.675141242937853
"66ddf1fdcc5c581ffea00af4","2_4",1,0,"1_3","1",6,"2.4_right_slow",0.518938053097345,0.59,0.675141242937853
"66ddf1fdcc5c581ffea00af4","2_4",1,0,"1_4","1",6,"2.4_right_slow",0.518938053097345,0.59,0.675141242937853
"66ddf1fdcc5c581ffea00af4","2_4",1,0,"1_5","0",6,"2.4_right_slow",0.518938053097345,0.59,0.675141242937853
"66ddf1fdcc5c581ffea00af4","2_5",1,0,"1_1","1",6,"2.5_right_slow",0.760870712401055,0.75,0.915254237288136
"66ddf1fdcc5c581ffea00af4","2_5",1,0,"1_2","1",6,"2.5_right_slow",0.760870712401055,0.75,0.915254237288136
"66ddf1fdcc5c581ffea00af4","2_5",1,0,"1_3","1",6,"2.5_right_slow",0.760870712401055,0.75,0.915254237288136
"66ddf1fdcc5c581ffea00af4","2_5",1,0,"1_4","1",6,"2.5_right_slow",0.760870712401055,0.75,0.915254237288136
"66ddf1fdcc5c581ffea00af4","2_5",1,0,"1_5","1",6,"2.5_right_slow",0.760870712401055,0.75,0.915254237288136
"66ddf1fdcc5c581ffea00af4","2_2",1,1,"1_1","1",6,"2.2_right_fast",0.566398891966759,0.66,0.536723163841808
"66ddf1fdcc5c581ffea00af4","2_2",1,1,"1_2","1",6,"2.2_right_fast",0.566398891966759,0.66,0.536723163841808
"66ddf1fdcc5c581ffea00af4","2_2",1,1,"1_3","1",6,"2.2_right_fast",0.566398891966759,0.66,0.536723163841808
"66ddf1fdcc5c581ffea00af4","2_2",1,1,"1_4","1",6,"2.2_right_fast",0.566398891966759,0.66,0.536723163841808
"66ddf1fdcc5c581ffea00af4","2_2",1,1,"1_5","0",6,"2.2_right_fast",0.566398891966759,0.66,0.536723163841808
"66ddf1fdcc5c581ffea00af4","2_4",0,1,"1_1","1",6,"2.4_wrong_fast",0.518938053097345,0.89,0.675141242937853
"66ddf1fdcc5c581ffea00af4","2_4",0,1,"1_2","1",6,"2.4_wrong_fast",0.518938053097345,0.89,0.675141242937853
"66ddf1fdcc5c581ffea00af4","2_4",0,1,"1_3","1",6,"2.4_wrong_fast",0.518938053097345,0.89,0.675141242937853
"66ddf1fdcc5c581ffea00af4","2_4",0,1,"1_4","0",6,"2.4_wrong_fast",0.518938053097345,0.89,0.675141242937853
"66ddf1fdcc5c581ffea00af4","2_4",0,1,"1_5","0",6,"2.4_wrong_fast",0.518938053097345,0.89,0.675141242937853
"66e190148f9148e423a22d87","2_1",0,0,"1_1","0",3,"2.1_wrong_slow",0.396726726726727,0.39,0.234463276836158
"66e190148f9148e423a22d87","2_1",0,0,"1_2","0",3,"2.1_wrong_slow",0.396726726726727,0.39,0.234463276836158
"66e190148f9148e423a22d87","2_1",0,0,"1_3","0",3,"2.1_wrong_slow",0.396726726726727,0.39,0.234463276836158
"66e190148f9148e423a22d87","2_1",0,0,"1_4","1",3,"2.1_wrong_slow",0.396726726726727,0.39,0.234463276836158
"66e190148f9148e423a22d87","2_1",0,0,"1_5","0",3,"2.1_wrong_slow",0.396726726726727,0.39,0.234463276836158
"66e190148f9148e423a22d87","2_5",0,0,"1_1","1",3,"2.5_wrong_slow",0.760870712401055,0.3,0.915254237288136
"66e190148f9148e423a22d87","2_5",0,0,"1_2","1",3,"2.5_wrong_slow",0.760870712401055,0.3,0.915254237288136
"66e190148f9148e423a22d87","2_5",0,0,"1_3","0",3,"2.5_wrong_slow",0.760870712401055,0.3,0.915254237288136
"66e190148f9148e423a22d87","2_5",0,0,"1_4","1",3,"2.5_wrong_slow",0.760870712401055,0.3,0.915254237288136
"66e190148f9148e423a22d87","2_5",0,0,"1_5","0",3,"2.5_wrong_slow",0.760870712401055,0.3,0.915254237288136
"66e190148f9148e423a22d87","2_1",1,1,"1_1","1",3,"2.1_right_fast",0.396726726726727,0.2,0.234463276836158
"66e190148f9148e423a22d87","2_1",1,1,"1_2","1",3,"2.1_right_fast",0.396726726726727,0.2,0.234463276836158
"66e190148f9148e423a22d87","2_1",1,1,"1_3","1",3,"2.1_right_fast",0.396726726726727,0.2,0.234463276836158
"66e190148f9148e423a22d87","2_1",1,1,"1_4","1",3,"2.1_right_fast",0.396726726726727,0.2,0.234463276836158
"66e190148f9148e423a22d87","2_1",1,1,"1_5","1",3,"2.1_right_fast",0.396726726726727,0.2,0.234463276836158
"66e190148f9148e423a22d87","2_4",1,1,"1_1","1",3,"2.4_right_fast",0.518938053097345,0.24,0.675141242937853
"66e190148f9148e423a22d87","2_4",1,1,"1_2","1",3,"2.4_right_fast",0.518938053097345,0.24,0.675141242937853
"66e190148f9148e423a22d87","2_4",1,1,"1_3","0",3,"2.4_right_fast",0.518938053097345,0.24,0.675141242937853
"66e190148f9148e423a22d87","2_4",1,1,"1_4","1",3,"2.4_right_fast",0.518938053097345,0.24,0.675141242937853
"66e190148f9148e423a22d87","2_4",1,1,"1_5","0",3,"2.4_right_fast",0.518938053097345,0.24,0.675141242937853
"66e190148f9148e423a22d87","2_5",1,1,"1_1","1",3,"2.5_right_fast",0.760870712401055,0.5,0.915254237288136
"66e190148f9148e423a22d87","2_5",1,1,"1_2","1",3,"2.5_right_fast",0.760870712401055,0.5,0.915254237288136
"66e190148f9148e423a22d87","2_5",1,1,"1_3","1",3,"2.5_right_fast",0.760870712401055,0.5,0.915254237288136
"66e190148f9148e423a22d87","2_5",1,1,"1_4","1",3,"2.5_right_fast",0.760870712401055,0.5,0.915254237288136
"66e190148f9148e423a22d87","2_5",1,1,"1_5","1",3,"2.5_right_fast",0.760870712401055,0.5,0.915254237288136
"66e5ab0828cf6046bd8f1df1","2_2",1,0,"1_1","1",2,"2.2_right_slow",0.566398891966759,0.75,0.536723163841808
"66e5ab0828cf6046bd8f1df1","2_2",1,0,"1_2","1",2,"2.2_right_slow",0.566398891966759,0.75,0.536723163841808
"66e5ab0828cf6046bd8f1df1","2_2",1,0,"1_3","1",2,"2.2_right_slow",0.566398891966759,0.75,0.536723163841808
"66e5ab0828cf6046bd8f1df1","2_2",1,0,"1_4","1",2,"2.2_right_slow",0.566398891966759,0.75,0.536723163841808
"66e5ab0828cf6046bd8f1df1","2_2",1,0,"1_5","0",2,"2.2_right_slow",0.566398891966759,0.75,0.536723163841808
"66e5ab0828cf6046bd8f1df1","2_1",0,0,"1_1","1",2,"2.1_wrong_slow",0.396726726726727,0.6,0.234463276836158
"66e5ab0828cf6046bd8f1df1","2_1",0,0,"1_2","0",2,"2.1_wrong_slow",0.396726726726727,0.6,0.234463276836158
"66e5ab0828cf6046bd8f1df1","2_1",0,0,"1_3","0",2,"2.1_wrong_slow",0.396726726726727,0.6,0.234463276836158
"66e5ab0828cf6046bd8f1df1","2_1",0,0,"1_4","0",2,"2.1_wrong_slow",0.396726726726727,0.6,0.234463276836158
"66e5ab0828cf6046bd8f1df1","2_1",0,0,"1_5","0",2,"2.1_wrong_slow",0.396726726726727,0.6,0.234463276836158
"66e5ab0828cf6046bd8f1df1","2_1",1,1,"1_1","1",2,"2.1_right_fast",0.396726726726727,0.85,0.234463276836158
"66e5ab0828cf6046bd8f1df1","2_1",1,1,"1_2","1",2,"2.1_right_fast",0.396726726726727,0.85,0.234463276836158
"66e5ab0828cf6046bd8f1df1","2_1",1,1,"1_3","1",2,"2.1_right_fast",0.396726726726727,0.85,0.234463276836158
"66e5ab0828cf6046bd8f1df1","2_1",1,1,"1_4","0",2,"2.1_right_fast",0.396726726726727,0.85,0.234463276836158
"66e5ab0828cf6046bd8f1df1","2_1",1,1,"1_5","0",2,"2.1_right_fast",0.396726726726727,0.85,0.234463276836158
"66e5ab0828cf6046bd8f1df1","2_3",1,1,"1_1","0",2,"2.3_right_fast",0.577430167597765,0.8,0.446327683615819
"66e5ab0828cf6046bd8f1df1","2_3",1,1,"1_2","0",2,"2.3_right_fast",0.577430167597765,0.8,0.446327683615819
"66e5ab0828cf6046bd8f1df1","2_3",1,1,"1_3","1",2,"2.3_right_fast",0.577430167597765,0.8,0.446327683615819
"66e5ab0828cf6046bd8f1df1","2_3",1,1,"1_4","1",2,"2.3_right_fast",0.577430167597765,0.8,0.446327683615819
"66e5ab0828cf6046bd8f1df1","2_3",1,1,"1_5","0",2,"2.3_right_fast",0.577430167597765,0.8,0.446327683615819
"66e5ab0828cf6046bd8f1df1","2_5",1,1,"1_1","1",2,"2.5_right_fast",0.760870712401055,0.95,0.915254237288136
"66e5ab0828cf6046bd8f1df1","2_5",1,1,"1_2","1",2,"2.5_right_fast",0.760870712401055,0.95,0.915254237288136
"66e5ab0828cf6046bd8f1df1","2_5",1,1,"1_3","1",2,"2.5_right_fast",0.760870712401055,0.95,0.915254237288136
"66e5ab0828cf6046bd8f1df1","2_5",1,1,"1_4","1",2,"2.5_right_fast",0.760870712401055,0.95,0.915254237288136
"66e5ab0828cf6046bd8f1df1","2_5",1,1,"1_5","0",2,"2.5_right_fast",0.760870712401055,0.95,0.915254237288136
"66e982b2da4a8dde63eac56c","2_5",1,0,"1_1","1",5,"2.5_right_slow",0.760870712401055,0.2,0.915254237288136
"66e982b2da4a8dde63eac56c","2_5",1,0,"1_2","0",5,"2.5_right_slow",0.760870712401055,0.2,0.915254237288136
"66e982b2da4a8dde63eac56c","2_5",1,0,"1_3","0",5,"2.5_right_slow",0.760870712401055,0.2,0.915254237288136
"66e982b2da4a8dde63eac56c","2_5",1,0,"1_4","0",5,"2.5_right_slow",0.760870712401055,0.2,0.915254237288136
"66e982b2da4a8dde63eac56c","2_5",1,0,"1_5","0",5,"2.5_right_slow",0.760870712401055,0.2,0.915254237288136
"66e982b2da4a8dde63eac56c","2_2",0,0,"1_1","1",5,"2.2_wrong_slow",0.566398891966759,0.35,0.536723163841808
"66e982b2da4a8dde63eac56c","2_2",0,0,"1_2","0",5,"2.2_wrong_slow",0.566398891966759,0.35,0.536723163841808
"66e982b2da4a8dde63eac56c","2_2",0,0,"1_3","1",5,"2.2_wrong_slow",0.566398891966759,0.35,0.536723163841808
"66e982b2da4a8dde63eac56c","2_2",0,0,"1_4","0",5,"2.2_wrong_slow",0.566398891966759,0.35,0.536723163841808
"66e982b2da4a8dde63eac56c","2_2",0,0,"1_5","0",5,"2.2_wrong_slow",0.566398891966759,0.35,0.536723163841808
"66e982b2da4a8dde63eac56c","2_1",1,1,"1_1","1",5,"2.1_right_fast",0.396726726726727,0.6,0.234463276836158
"66e982b2da4a8dde63eac56c","2_1",1,1,"1_2","1",5,"2.1_right_fast",0.396726726726727,0.6,0.234463276836158
"66e982b2da4a8dde63eac56c","2_1",1,1,"1_3","1",5,"2.1_right_fast",0.396726726726727,0.6,0.234463276836158
"66e982b2da4a8dde63eac56c","2_1",1,1,"1_4","0",5,"2.1_right_fast",0.396726726726727,0.6,0.234463276836158
"66e982b2da4a8dde63eac56c","2_1",1,1,"1_5","0",5,"2.1_right_fast",0.396726726726727,0.6,0.234463276836158
"66e982b2da4a8dde63eac56c","2_3",1,1,"1_1","1",5,"2.3_right_fast",0.577430167597765,0.3,0.446327683615819
"66e982b2da4a8dde63eac56c","2_3",1,1,"1_2","1",5,"2.3_right_fast",0.577430167597765,0.3,0.446327683615819
"66e982b2da4a8dde63eac56c","2_3",1,1,"1_3","1",5,"2.3_right_fast",0.577430167597765,0.3,0.446327683615819
"66e982b2da4a8dde63eac56c","2_3",1,1,"1_4","0",5,"2.3_right_fast",0.577430167597765,0.3,0.446327683615819
"66e982b2da4a8dde63eac56c","2_3",1,1,"1_5","0",5,"2.3_right_fast",0.577430167597765,0.3,0.446327683615819
"66e982b2da4a8dde63eac56c","2_5",1,1,"1_1","1",5,"2.5_right_fast",0.760870712401055,0.2,0.915254237288136
"66e982b2da4a8dde63eac56c","2_5",1,1,"1_2","1",5,"2.5_right_fast",0.760870712401055,0.2,0.915254237288136
"66e982b2da4a8dde63eac56c","2_5",1,1,"1_3","1",5,"2.5_right_fast",0.760870712401055,0.2,0.915254237288136
"66e982b2da4a8dde63eac56c","2_5",1,1,"1_4","0",5,"2.5_right_fast",0.760870712401055,0.2,0.915254237288136
"66e982b2da4a8dde63eac56c","2_5",1,1,"1_5","0",5,"2.5_right_fast",0.760870712401055,0.2,0.915254237288136
"66eb407e1ff22f0926073501","2_5",1,0,"1_1","0",1,"2.5_right_slow",0.760870712401055,0.5,0.915254237288136
"66eb407e1ff22f0926073501","2_5",1,0,"1_2","0",1,"2.5_right_slow",0.760870712401055,0.5,0.915254237288136
"66eb407e1ff22f0926073501","2_5",1,0,"1_3","1",1,"2.5_right_slow",0.760870712401055,0.5,0.915254237288136
"66eb407e1ff22f0926073501","2_5",1,0,"1_4","1",1,"2.5_right_slow",0.760870712401055,0.5,0.915254237288136
"66eb407e1ff22f0926073501","2_5",1,0,"1_5","0",1,"2.5_right_slow",0.760870712401055,0.5,0.915254237288136
"66eb407e1ff22f0926073501","2_1",0,0,"1_1","1",1,"2.1_wrong_slow",0.396726726726727,0.5,0.234463276836158
"66eb407e1ff22f0926073501","2_1",0,0,"1_2","0",1,"2.1_wrong_slow",0.396726726726727,0.5,0.234463276836158
"66eb407e1ff22f0926073501","2_1",0,0,"1_3","1",1,"2.1_wrong_slow",0.396726726726727,0.5,0.234463276836158
"66eb407e1ff22f0926073501","2_1",0,0,"1_4","0",1,"2.1_wrong_slow",0.396726726726727,0.5,0.234463276836158
"66eb407e1ff22f0926073501","2_1",0,0,"1_5","0",1,"2.1_wrong_slow",0.396726726726727,0.5,0.234463276836158
"66eb407e1ff22f0926073501","2_2",0,0,"1_1","0",1,"2.2_wrong_slow",0.566398891966759,0.49,0.536723163841808
"66eb407e1ff22f0926073501","2_2",0,0,"1_2","0",1,"2.2_wrong_slow",0.566398891966759,0.49,0.536723163841808
"66eb407e1ff22f0926073501","2_2",0,0,"1_3","0",1,"2.2_wrong_slow",0.566398891966759,0.49,0.536723163841808
"66eb407e1ff22f0926073501","2_2",0,0,"1_4","0",1,"2.2_wrong_slow",0.566398891966759,0.49,0.536723163841808
"66eb407e1ff22f0926073501","2_2",0,0,"1_5","0",1,"2.2_wrong_slow",0.566398891966759,0.49,0.536723163841808
"66eb407e1ff22f0926073501","2_5",0,0,"1_1","0",1,"2.5_wrong_slow",0.760870712401055,0.44,0.915254237288136
"66eb407e1ff22f0926073501","2_5",0,0,"1_2","0",1,"2.5_wrong_slow",0.760870712401055,0.44,0.915254237288136
"66eb407e1ff22f0926073501","2_5",0,0,"1_3","0",1,"2.5_wrong_slow",0.760870712401055,0.44,0.915254237288136
"66eb407e1ff22f0926073501","2_5",0,0,"1_4","0",1,"2.5_wrong_slow",0.760870712401055,0.44,0.915254237288136
"66eb407e1ff22f0926073501","2_5",0,0,"1_5","0",1,"2.5_wrong_slow",0.760870712401055,0.44,0.915254237288136
"66eb407e1ff22f0926073501","2_3",1,1,"1_1","1",1,"2.3_right_fast",0.577430167597765,0.51,0.446327683615819
"66eb407e1ff22f0926073501","2_3",1,1,"1_2","1",1,"2.3_right_fast",0.577430167597765,0.51,0.446327683615819
"66eb407e1ff22f0926073501","2_3",1,1,"1_3","0",1,"2.3_right_fast",0.577430167597765,0.51,0.446327683615819
"66eb407e1ff22f0926073501","2_3",1,1,"1_4","0",1,"2.3_right_fast",0.577430167597765,0.51,0.446327683615819
"66eb407e1ff22f0926073501","2_3",1,1,"1_5","0",1,"2.3_right_fast",0.577430167597765,0.51,0.446327683615819
"66efa54508a57ab4d42cab20","2_1",0,0,"1_1","0",4,"2.1_wrong_slow",0.396726726726727,0.6,0.234463276836158
"66efa54508a57ab4d42cab20","2_1",0,0,"1_2","0",4,"2.1_wrong_slow",0.396726726726727,0.6,0.234463276836158
"66efa54508a57ab4d42cab20","2_1",0,0,"1_3","1",4,"2.1_wrong_slow",0.396726726726727,0.6,0.234463276836158
"66efa54508a57ab4d42cab20","2_1",0,0,"1_4","0",4,"2.1_wrong_slow",0.396726726726727,0.6,0.234463276836158
"66efa54508a57ab4d42cab20","2_1",0,0,"1_5","0",4,"2.1_wrong_slow",0.396726726726727,0.6,0.234463276836158
"66efa54508a57ab4d42cab20","2_3",0,0,"1_1","1",4,"2.3_wrong_slow",0.577430167597765,0.8,0.446327683615819
"66efa54508a57ab4d42cab20","2_3",0,0,"1_2","0",4,"2.3_wrong_slow",0.577430167597765,0.8,0.446327683615819
"66efa54508a57ab4d42cab20","2_3",0,0,"1_3","0",4,"2.3_wrong_slow",0.577430167597765,0.8,0.446327683615819
"66efa54508a57ab4d42cab20","2_3",0,0,"1_4","0",4,"2.3_wrong_slow",0.577430167597765,0.8,0.446327683615819
"66efa54508a57ab4d42cab20","2_3",0,0,"1_5","0",4,"2.3_wrong_slow",0.577430167597765,0.8,0.446327683615819
"66efa54508a57ab4d42cab20","2_4",0,0,"1_1","0",4,"2.4_wrong_slow",0.518938053097345,0.88,0.675141242937853
"66efa54508a57ab4d42cab20","2_4",0,0,"1_2","1",4,"2.4_wrong_slow",0.518938053097345,0.88,0.675141242937853
"66efa54508a57ab4d42cab20","2_4",0,0,"1_3","0",4,"2.4_wrong_slow",0.518938053097345,0.88,0.675141242937853
"66efa54508a57ab4d42cab20","2_4",0,0,"1_4","0",4,"2.4_wrong_slow",0.518938053097345,0.88,0.675141242937853
"66efa54508a57ab4d42cab20","2_4",0,0,"1_5","0",4,"2.4_wrong_slow",0.518938053097345,0.88,0.675141242937853
"66efa54508a57ab4d42cab20","2_3",0,1,"1_1","1",4,"2.3_wrong_fast",0.577430167597765,0.88,0.446327683615819
"66efa54508a57ab4d42cab20","2_3",0,1,"1_2","0",4,"2.3_wrong_fast",0.577430167597765,0.88,0.446327683615819
"66efa54508a57ab4d42cab20","2_3",0,1,"1_3","0",4,"2.3_wrong_fast",0.577430167597765,0.88,0.446327683615819
"66efa54508a57ab4d42cab20","2_3",0,1,"1_4","0",4,"2.3_wrong_fast",0.577430167597765,0.88,0.446327683615819
"66efa54508a57ab4d42cab20","2_3",0,1,"1_5","0",4,"2.3_wrong_fast",0.577430167597765,0.88,0.446327683615819
"66efa54508a57ab4d42cab20","2_5",0,1,"1_1","1",4,"2.5_wrong_fast",0.760870712401055,0.93,0.915254237288136
"66efa54508a57ab4d42cab20","2_5",0,1,"1_2","0",4,"2.5_wrong_fast",0.760870712401055,0.93,0.915254237288136
"66efa54508a57ab4d42cab20","2_5",0,1,"1_3","0",4,"2.5_wrong_fast",0.760870712401055,0.93,0.915254237288136
"66efa54508a57ab4d42cab20","2_5",0,1,"1_4","1",4,"2.5_wrong_fast",0.760870712401055,0.93,0.915254237288136
"66efa54508a57ab4d42cab20","2_5",0,1,"1_5","0",4,"2.5_wrong_fast",0.760870712401055,0.93,0.915254237288136
"66fc681e947d5e7b1267b9bd","2_5",1,0,"1_1","1",7,"2.5_right_slow",0.760870712401055,0.96,0.915254237288136
"66fc681e947d5e7b1267b9bd","2_5",1,0,"1_2","1",7,"2.5_right_slow",0.760870712401055,0.96,0.915254237288136
"66fc681e947d5e7b1267b9bd","2_5",1,0,"1_3","1",7,"2.5_right_slow",0.760870712401055,0.96,0.915254237288136
"66fc681e947d5e7b1267b9bd","2_5",1,0,"1_4","1",7,"2.5_right_slow",0.760870712401055,0.96,0.915254237288136
"66fc681e947d5e7b1267b9bd","2_5",1,0,"1_5","1",7,"2.5_right_slow",0.760870712401055,0.96,0.915254237288136
"66fc681e947d5e7b1267b9bd","2_1",0,0,"1_1","0",7,"2.1_wrong_slow",0.396726726726727,0.4,0.234463276836158
"66fc681e947d5e7b1267b9bd","2_1",0,0,"1_2","0",7,"2.1_wrong_slow",0.396726726726727,0.4,0.234463276836158
"66fc681e947d5e7b1267b9bd","2_1",0,0,"1_3","0",7,"2.1_wrong_slow",0.396726726726727,0.4,0.234463276836158
"66fc681e947d5e7b1267b9bd","2_1",0,0,"1_4","1",7,"2.1_wrong_slow",0.396726726726727,0.4,0.234463276836158
"66fc681e947d5e7b1267b9bd","2_1",0,0,"1_5","0",7,"2.1_wrong_slow",0.396726726726727,0.4,0.234463276836158
"66fc681e947d5e7b1267b9bd","2_2",1,1,"1_1","1",7,"2.2_right_fast",0.566398891966759,0.72,0.536723163841808
"66fc681e947d5e7b1267b9bd","2_2",1,1,"1_2","1",7,"2.2_right_fast",0.566398891966759,0.72,0.536723163841808
"66fc681e947d5e7b1267b9bd","2_2",1,1,"1_3","1",7,"2.2_right_fast",0.566398891966759,0.72,0.536723163841808
"66fc681e947d5e7b1267b9bd","2_2",1,1,"1_4","1",7,"2.2_right_fast",0.566398891966759,0.72,0.536723163841808
"66fc681e947d5e7b1267b9bd","2_2",1,1,"1_5","0",7,"2.2_right_fast",0.566398891966759,0.72,0.536723163841808
"66fc681e947d5e7b1267b9bd","2_3",1,1,"1_1","1",7,"2.3_right_fast",0.577430167597765,0.86,0.446327683615819
"66fc681e947d5e7b1267b9bd","2_3",1,1,"1_2","1",7,"2.3_right_fast",0.577430167597765,0.86,0.446327683615819
"66fc681e947d5e7b1267b9bd","2_3",1,1,"1_3","1",7,"2.3_right_fast",0.577430167597765,0.86,0.446327683615819
"66fc681e947d5e7b1267b9bd","2_3",1,1,"1_4","1",7,"2.3_right_fast",0.577430167597765,0.86,0.446327683615819
"66fc681e947d5e7b1267b9bd","2_3",1,1,"1_5","1",7,"2.3_right_fast",0.577430167597765,0.86,0.446327683615819
"66fc681e947d5e7b1267b9bd","2_4",0,1,"1_1","1",7,"2.4_wrong_fast",0.518938053097345,0.6,0.675141242937853
"66fc681e947d5e7b1267b9bd","2_4",0,1,"1_2","0",7,"2.4_wrong_fast",0.518938053097345,0.6,0.675141242937853
"66fc681e947d5e7b1267b9bd","2_4",0,1,"1_3","0",7,"2.4_wrong_fast",0.518938053097345,0.6,0.675141242937853
"66fc681e947d5e7b1267b9bd","2_4",0,1,"1_4","1",7,"2.4_wrong_fast",0.518938053097345,0.6,0.675141242937853
"66fc681e947d5e7b1267b9bd","2_4",0,1,"1_5","0",7,"2.4_wrong_fast",0.518938053097345,0.6,0.675141242937853
"66fdadbaa3ff5e732278ad0e","2_3",1,0,"1_1","1",10,"2.3_right_slow",0.577430167597765,0.4,0.446327683615819
"66fdadbaa3ff5e732278ad0e","2_3",1,0,"1_2","1",10,"2.3_right_slow",0.577430167597765,0.4,0.446327683615819
"66fdadbaa3ff5e732278ad0e","2_3",1,0,"1_3","1",10,"2.3_right_slow",0.577430167597765,0.4,0.446327683615819
"66fdadbaa3ff5e732278ad0e","2_3",1,0,"1_4","1",10,"2.3_right_slow",0.577430167597765,0.4,0.446327683615819
"66fdadbaa3ff5e732278ad0e","2_3",1,0,"1_5","0",10,"2.3_right_slow",0.577430167597765,0.4,0.446327683615819
"66fdadbaa3ff5e732278ad0e","2_3",0,0,"1_1","1",10,"2.3_wrong_slow",0.577430167597765,0.81,0.446327683615819
"66fdadbaa3ff5e732278ad0e","2_3",0,0,"1_2","1",10,"2.3_wrong_slow",0.577430167597765,0.81,0.446327683615819
"66fdadbaa3ff5e732278ad0e","2_3",0,0,"1_3","1",10,"2.3_wrong_slow",0.577430167597765,0.81,0.446327683615819
"66fdadbaa3ff5e732278ad0e","2_3",0,0,"1_4","1",10,"2.3_wrong_slow",0.577430167597765,0.81,0.446327683615819
"66fdadbaa3ff5e732278ad0e","2_3",0,0,"1_5","0",10,"2.3_wrong_slow",0.577430167597765,0.81,0.446327683615819
"66fdadbaa3ff5e732278ad0e","2_4",0,0,"1_1","1",10,"2.4_wrong_slow",0.518938053097345,0.5,0.675141242937853
"66fdadbaa3ff5e732278ad0e","2_4",0,0,"1_2","1",10,"2.4_wrong_slow",0.518938053097345,0.5,0.675141242937853
"66fdadbaa3ff5e732278ad0e","2_4",0,0,"1_3","0",10,"2.4_wrong_slow",0.518938053097345,0.5,0.675141242937853
"66fdadbaa3ff5e732278ad0e","2_4",0,0,"1_4","0",10,"2.4_wrong_slow",0.518938053097345,0.5,0.675141242937853
"66fdadbaa3ff5e732278ad0e","2_4",0,0,"1_5","0",10,"2.4_wrong_slow",0.518938053097345,0.5,0.675141242937853
"66fdadbaa3ff5e732278ad0e","2_4",1,1,"1_1","1",10,"2.4_right_fast",0.518938053097345,0.75,0.675141242937853
"66fdadbaa3ff5e732278ad0e","2_4",1,1,"1_2","1",10,"2.4_right_fast",0.518938053097345,0.75,0.675141242937853
"66fdadbaa3ff5e732278ad0e","2_4",1,1,"1_3","1",10,"2.4_right_fast",0.518938053097345,0.75,0.675141242937853
"66fdadbaa3ff5e732278ad0e","2_4",1,1,"1_4","1",10,"2.4_right_fast",0.518938053097345,0.75,0.675141242937853
"66fdadbaa3ff5e732278ad0e","2_4",1,1,"1_5","0",10,"2.4_right_fast",0.518938053097345,0.75,0.675141242937853
"66fdadbaa3ff5e732278ad0e","2_5",0,1,"1_1","1",10,"2.5_wrong_fast",0.760870712401055,0.95,0.915254237288136
"66fdadbaa3ff5e732278ad0e","2_5",0,1,"1_2","1",10,"2.5_wrong_fast",0.760870712401055,0.95,0.915254237288136
"66fdadbaa3ff5e732278ad0e","2_5",0,1,"1_3","1",10,"2.5_wrong_fast",0.760870712401055,0.95,0.915254237288136
"66fdadbaa3ff5e732278ad0e","2_5",0,1,"1_4","1",10,"2.5_wrong_fast",0.760870712401055,0.95,0.915254237288136
"66fdadbaa3ff5e732278ad0e","2_5",0,1,"1_5","0",10,"2.5_wrong_fast",0.760870712401055,0.95,0.915254237288136
"66fe2b2e6b5cc7c51cb9760e","2_3",1,0,"1_1","1",7,"2.3_right_slow",0.577430167597765,0.5,0.446327683615819
"66fe2b2e6b5cc7c51cb9760e","2_3",1,0,"1_2","1",7,"2.3_right_slow",0.577430167597765,0.5,0.446327683615819
"66fe2b2e6b5cc7c51cb9760e","2_3",1,0,"1_3","1",7,"2.3_right_slow",0.577430167597765,0.5,0.446327683615819
"66fe2b2e6b5cc7c51cb9760e","2_3",1,0,"1_4","1",7,"2.3_right_slow",0.577430167597765,0.5,0.446327683615819
"66fe2b2e6b5cc7c51cb9760e","2_3",1,0,"1_5","0",7,"2.3_right_slow",0.577430167597765,0.5,0.446327683615819
"66fe2b2e6b5cc7c51cb9760e","2_1",1,1,"1_1","1",7,"2.1_right_fast",0.396726726726727,0.05,0.234463276836158
"66fe2b2e6b5cc7c51cb9760e","2_1",1,1,"1_2","1",7,"2.1_right_fast",0.396726726726727,0.05,0.234463276836158
"66fe2b2e6b5cc7c51cb9760e","2_1",1,1,"1_3","1",7,"2.1_right_fast",0.396726726726727,0.05,0.234463276836158
"66fe2b2e6b5cc7c51cb9760e","2_1",1,1,"1_4","1",7,"2.1_right_fast",0.396726726726727,0.05,0.234463276836158
"66fe2b2e6b5cc7c51cb9760e","2_1",1,1,"1_5","0",7,"2.1_right_fast",0.396726726726727,0.05,0.234463276836158
"66fe2b2e6b5cc7c51cb9760e","2_5",1,1,"1_1","1",7,"2.5_right_fast",0.760870712401055,0.85,0.915254237288136
"66fe2b2e6b5cc7c51cb9760e","2_5",1,1,"1_2","1",7,"2.5_right_fast",0.760870712401055,0.85,0.915254237288136
"66fe2b2e6b5cc7c51cb9760e","2_5",1,1,"1_3","1",7,"2.5_right_fast",0.760870712401055,0.85,0.915254237288136
"66fe2b2e6b5cc7c51cb9760e","2_5",1,1,"1_4","1",7,"2.5_right_fast",0.760870712401055,0.85,0.915254237288136
"66fe2b2e6b5cc7c51cb9760e","2_5",1,1,"1_5","1",7,"2.5_right_fast",0.760870712401055,0.85,0.915254237288136
"66fe2b2e6b5cc7c51cb9760e","2_2",0,1,"1_1","1",7,"2.2_wrong_fast",0.566398891966759,0.6,0.536723163841808
"66fe2b2e6b5cc7c51cb9760e","2_2",0,1,"1_2","1",7,"2.2_wrong_fast",0.566398891966759,0.6,0.536723163841808
"66fe2b2e6b5cc7c51cb9760e","2_2",0,1,"1_3","0",7,"2.2_wrong_fast",0.566398891966759,0.6,0.536723163841808
"66fe2b2e6b5cc7c51cb9760e","2_2",0,1,"1_4","1",7,"2.2_wrong_fast",0.566398891966759,0.6,0.536723163841808
"66fe2b2e6b5cc7c51cb9760e","2_2",0,1,"1_5","0",7,"2.2_wrong_fast",0.566398891966759,0.6,0.536723163841808
"66fe2b2e6b5cc7c51cb9760e","2_5",0,1,"1_1","1",7,"2.5_wrong_fast",0.760870712401055,0.9,0.915254237288136
"66fe2b2e6b5cc7c51cb9760e","2_5",0,1,"1_2","1",7,"2.5_wrong_fast",0.760870712401055,0.9,0.915254237288136
"66fe2b2e6b5cc7c51cb9760e","2_5",0,1,"1_3","1",7,"2.5_wrong_fast",0.760870712401055,0.9,0.915254237288136
"66fe2b2e6b5cc7c51cb9760e","2_5",0,1,"1_4","1",7,"2.5_wrong_fast",0.760870712401055,0.9,0.915254237288136
"66fe2b2e6b5cc7c51cb9760e","2_5",0,1,"1_5","0",7,"2.5_wrong_fast",0.760870712401055,0.9,0.915254237288136
"66ff9b016d7e1f8c4632828f","2_1",1,0,"1_1","1",7,"2.1_right_slow",0.396726726726727,0.4,0.234463276836158
"66ff9b016d7e1f8c4632828f","2_1",1,0,"1_2","1",7,"2.1_right_slow",0.396726726726727,0.4,0.234463276836158
"66ff9b016d7e1f8c4632828f","2_1",1,0,"1_3","0",7,"2.1_right_slow",0.396726726726727,0.4,0.234463276836158
"66ff9b016d7e1f8c4632828f","2_1",1,0,"1_4","1",7,"2.1_right_slow",0.396726726726727,0.4,0.234463276836158
"66ff9b016d7e1f8c4632828f","2_1",1,0,"1_5","0",7,"2.1_right_slow",0.396726726726727,0.4,0.234463276836158
"66ff9b016d7e1f8c4632828f","2_4",0,0,"1_1","1",7,"2.4_wrong_slow",0.518938053097345,0.74,0.675141242937853
"66ff9b016d7e1f8c4632828f","2_4",0,0,"1_2","0",7,"2.4_wrong_slow",0.518938053097345,0.74,0.675141242937853
"66ff9b016d7e1f8c4632828f","2_4",0,0,"1_3","0",7,"2.4_wrong_slow",0.518938053097345,0.74,0.675141242937853
"66ff9b016d7e1f8c4632828f","2_4",0,0,"1_4","0",7,"2.4_wrong_slow",0.518938053097345,0.74,0.675141242937853
"66ff9b016d7e1f8c4632828f","2_4",0,0,"1_5","0",7,"2.4_wrong_slow",0.518938053097345,0.74,0.675141242937853
"66ff9b016d7e1f8c4632828f","2_2",0,1,"1_1","1",7,"2.2_wrong_fast",0.566398891966759,0.8,0.536723163841808
"66ff9b016d7e1f8c4632828f","2_2",0,1,"1_2","0",7,"2.2_wrong_fast",0.566398891966759,0.8,0.536723163841808
"66ff9b016d7e1f8c4632828f","2_2",0,1,"1_3","0",7,"2.2_wrong_fast",0.566398891966759,0.8,0.536723163841808
"66ff9b016d7e1f8c4632828f","2_2",0,1,"1_4","1",7,"2.2_wrong_fast",0.566398891966759,0.8,0.536723163841808
"66ff9b016d7e1f8c4632828f","2_2",0,1,"1_5","0",7,"2.2_wrong_fast",0.566398891966759,0.8,0.536723163841808
"66ff9b016d7e1f8c4632828f","2_3",0,1,"1_1","1",7,"2.3_wrong_fast",0.577430167597765,0.85,0.446327683615819
"66ff9b016d7e1f8c4632828f","2_3",0,1,"1_2","1",7,"2.3_wrong_fast",0.577430167597765,0.85,0.446327683615819
"66ff9b016d7e1f8c4632828f","2_3",0,1,"1_3","0",7,"2.3_wrong_fast",0.577430167597765,0.85,0.446327683615819
"66ff9b016d7e1f8c4632828f","2_3",0,1,"1_4","0",7,"2.3_wrong_fast",0.577430167597765,0.85,0.446327683615819
"66ff9b016d7e1f8c4632828f","2_3",0,1,"1_5","0",7,"2.3_wrong_fast",0.577430167597765,0.85,0.446327683615819
"66ff9b016d7e1f8c4632828f","2_4",0,1,"1_1","1",7,"2.4_wrong_fast",0.518938053097345,0.8,0.675141242937853
"66ff9b016d7e1f8c4632828f","2_4",0,1,"1_2","0",7,"2.4_wrong_fast",0.518938053097345,0.8,0.675141242937853
"66ff9b016d7e1f8c4632828f","2_4",0,1,"1_3","0",7,"2.4_wrong_fast",0.518938053097345,0.8,0.675141242937853
"66ff9b016d7e1f8c4632828f","2_4",0,1,"1_4","0",7,"2.4_wrong_fast",0.518938053097345,0.8,0.675141242937853
"66ff9b016d7e1f8c4632828f","2_4",0,1,"1_5","0",7,"2.4_wrong_fast",0.518938053097345,0.8,0.675141242937853
"670181df01d5807d3bca5093","2_4",1,0,"1_1","1",7,"2.4_right_slow",0.518938053097345,0.6,0.675141242937853
"670181df01d5807d3bca5093","2_4",1,0,"1_2","1",7,"2.4_right_slow",0.518938053097345,0.6,0.675141242937853
"670181df01d5807d3bca5093","2_4",1,0,"1_3","1",7,"2.4_right_slow",0.518938053097345,0.6,0.675141242937853
"670181df01d5807d3bca5093","2_4",1,0,"1_4","1",7,"2.4_right_slow",0.518938053097345,0.6,0.675141242937853
"670181df01d5807d3bca5093","2_4",1,0,"1_5","0",7,"2.4_right_slow",0.518938053097345,0.6,0.675141242937853
"670181df01d5807d3bca5093","2_3",0,0,"1_1","1",7,"2.3_wrong_slow",0.577430167597765,0.76,0.446327683615819
"670181df01d5807d3bca5093","2_3",0,0,"1_2","1",7,"2.3_wrong_slow",0.577430167597765,0.76,0.446327683615819
"670181df01d5807d3bca5093","2_3",0,0,"1_3","0",7,"2.3_wrong_slow",0.577430167597765,0.76,0.446327683615819
"670181df01d5807d3bca5093","2_3",0,0,"1_4","1",7,"2.3_wrong_slow",0.577430167597765,0.76,0.446327683615819
"670181df01d5807d3bca5093","2_3",0,0,"1_5","0",7,"2.3_wrong_slow",0.577430167597765,0.76,0.446327683615819
"670181df01d5807d3bca5093","2_5",0,0,"1_1","1",7,"2.5_wrong_slow",0.760870712401055,0.8,0.915254237288136
"670181df01d5807d3bca5093","2_5",0,0,"1_2","1",7,"2.5_wrong_slow",0.760870712401055,0.8,0.915254237288136
"670181df01d5807d3bca5093","2_5",0,0,"1_3","0",7,"2.5_wrong_slow",0.760870712401055,0.8,0.915254237288136
"670181df01d5807d3bca5093","2_5",0,0,"1_4","1",7,"2.5_wrong_slow",0.760870712401055,0.8,0.915254237288136
"670181df01d5807d3bca5093","2_5",0,0,"1_5","0",7,"2.5_wrong_slow",0.760870712401055,0.8,0.915254237288136
"670181df01d5807d3bca5093","2_3",1,1,"1_1","1",7,"2.3_right_fast",0.577430167597765,0.7,0.446327683615819
"670181df01d5807d3bca5093","2_3",1,1,"1_2","1",7,"2.3_right_fast",0.577430167597765,0.7,0.446327683615819
"670181df01d5807d3bca5093","2_3",1,1,"1_3","1",7,"2.3_right_fast",0.577430167597765,0.7,0.446327683615819
"670181df01d5807d3bca5093","2_3",1,1,"1_4","1",7,"2.3_right_fast",0.577430167597765,0.7,0.446327683615819
"670181df01d5807d3bca5093","2_3",1,1,"1_5","0",7,"2.3_right_fast",0.577430167597765,0.7,0.446327683615819
"670181df01d5807d3bca5093","2_4",1,1,"1_1","1",7,"2.4_right_fast",0.518938053097345,0.4,0.675141242937853
"670181df01d5807d3bca5093","2_4",1,1,"1_2","1",7,"2.4_right_fast",0.518938053097345,0.4,0.675141242937853
"670181df01d5807d3bca5093","2_4",1,1,"1_3","1",7,"2.4_right_fast",0.518938053097345,0.4,0.675141242937853
"670181df01d5807d3bca5093","2_4",1,1,"1_4","1",7,"2.4_right_fast",0.518938053097345,0.4,0.675141242937853
"670181df01d5807d3bca5093","2_4",1,1,"1_5","0",7,"2.4_right_fast",0.518938053097345,0.4,0.675141242937853
"67018d436b1fa744dfee9df0","2_1",1,0,"1_1","1",14,"2.1_right_slow",0.396726726726727,0.1,0.234463276836158
"67018d436b1fa744dfee9df0","2_1",1,0,"1_2","1",14,"2.1_right_slow",0.396726726726727,0.1,0.234463276836158
"67018d436b1fa744dfee9df0","2_1",1,0,"1_3","1",14,"2.1_right_slow",0.396726726726727,0.1,0.234463276836158
"67018d436b1fa744dfee9df0","2_1",1,0,"1_4","1",14,"2.1_right_slow",0.396726726726727,0.1,0.234463276836158
"67018d436b1fa744dfee9df0","2_1",1,0,"1_5","0",14,"2.1_right_slow",0.396726726726727,0.1,0.234463276836158
"67018d436b1fa744dfee9df0","2_1",0,0,"1_1","1",14,"2.1_wrong_slow",0.396726726726727,0.1,0.234463276836158
"67018d436b1fa744dfee9df0","2_1",0,0,"1_2","0",14,"2.1_wrong_slow",0.396726726726727,0.1,0.234463276836158
"67018d436b1fa744dfee9df0","2_1",0,0,"1_3","1",14,"2.1_wrong_slow",0.396726726726727,0.1,0.234463276836158
"67018d436b1fa744dfee9df0","2_1",0,0,"1_4","0",14,"2.1_wrong_slow",0.396726726726727,0.1,0.234463276836158
"67018d436b1fa744dfee9df0","2_1",0,0,"1_5","0",14,"2.1_wrong_slow",0.396726726726727,0.1,0.234463276836158
"67018d436b1fa744dfee9df0","2_2",0,0,"1_1","1",14,"2.2_wrong_slow",0.566398891966759,0.15,0.536723163841808
"67018d436b1fa744dfee9df0","2_2",0,0,"1_2","0",14,"2.2_wrong_slow",0.566398891966759,0.15,0.536723163841808
"67018d436b1fa744dfee9df0","2_2",0,0,"1_3","1",14,"2.2_wrong_slow",0.566398891966759,0.15,0.536723163841808
"67018d436b1fa744dfee9df0","2_2",0,0,"1_4","1",14,"2.2_wrong_slow",0.566398891966759,0.15,0.536723163841808
"67018d436b1fa744dfee9df0","2_2",0,0,"1_5","0",14,"2.2_wrong_slow",0.566398891966759,0.15,0.536723163841808
"67018d436b1fa744dfee9df0","2_1",1,1,"1_1","1",14,"2.1_right_fast",0.396726726726727,0.1,0.234463276836158
"67018d436b1fa744dfee9df0","2_1",1,1,"1_2","1",14,"2.1_right_fast",0.396726726726727,0.1,0.234463276836158
"67018d436b1fa744dfee9df0","2_1",1,1,"1_3","1",14,"2.1_right_fast",0.396726726726727,0.1,0.234463276836158
"67018d436b1fa744dfee9df0","2_1",1,1,"1_4","1",14,"2.1_right_fast",0.396726726726727,0.1,0.234463276836158
"67018d436b1fa744dfee9df0","2_1",1,1,"1_5","0",14,"2.1_right_fast",0.396726726726727,0.1,0.234463276836158
"67018d436b1fa744dfee9df0","2_5",1,1,"1_1","1",14,"2.5_right_fast",0.760870712401055,0.9,0.915254237288136
"67018d436b1fa744dfee9df0","2_5",1,1,"1_2","1",14,"2.5_right_fast",0.760870712401055,0.9,0.915254237288136
"67018d436b1fa744dfee9df0","2_5",1,1,"1_3","1",14,"2.5_right_fast",0.760870712401055,0.9,0.915254237288136
"67018d436b1fa744dfee9df0","2_5",1,1,"1_4","1",14,"2.5_right_fast",0.760870712401055,0.9,0.915254237288136
"67018d436b1fa744dfee9df0","2_5",1,1,"1_5","1",14,"2.5_right_fast",0.760870712401055,0.9,0.915254237288136
"67018ddda66fca6195d1070f","2_1",1,0,"1_1","1",3,"2.1_right_slow",0.396726726726727,0.38,0.234463276836158
"67018ddda66fca6195d1070f","2_1",1,0,"1_2","1",3,"2.1_right_slow",0.396726726726727,0.38,0.234463276836158
"67018ddda66fca6195d1070f","2_1",1,0,"1_3","0",3,"2.1_right_slow",0.396726726726727,0.38,0.234463276836158
"67018ddda66fca6195d1070f","2_1",1,0,"1_4","0",3,"2.1_right_slow",0.396726726726727,0.38,0.234463276836158
"67018ddda66fca6195d1070f","2_1",1,0,"1_5","0",3,"2.1_right_slow",0.396726726726727,0.38,0.234463276836158
"67018ddda66fca6195d1070f","2_2",1,0,"1_1","1",3,"2.2_right_slow",0.566398891966759,0.71,0.536723163841808
"67018ddda66fca6195d1070f","2_2",1,0,"1_2","1",3,"2.2_right_slow",0.566398891966759,0.71,0.536723163841808
"67018ddda66fca6195d1070f","2_2",1,0,"1_3","1",3,"2.2_right_slow",0.566398891966759,0.71,0.536723163841808
"67018ddda66fca6195d1070f","2_2",1,0,"1_4","0",3,"2.2_right_slow",0.566398891966759,0.71,0.536723163841808
"67018ddda66fca6195d1070f","2_2",1,0,"1_5","0",3,"2.2_right_slow",0.566398891966759,0.71,0.536723163841808
"67018ddda66fca6195d1070f","2_4",0,0,"1_1","1",3,"2.4_wrong_slow",0.518938053097345,0.48,0.675141242937853
"67018ddda66fca6195d1070f","2_4",0,0,"1_2","1",3,"2.4_wrong_slow",0.518938053097345,0.48,0.675141242937853
"67018ddda66fca6195d1070f","2_4",0,0,"1_3","1",3,"2.4_wrong_slow",0.518938053097345,0.48,0.675141242937853
"67018ddda66fca6195d1070f","2_4",0,0,"1_4","1",3,"2.4_wrong_slow",0.518938053097345,0.48,0.675141242937853
"67018ddda66fca6195d1070f","2_4",0,0,"1_5","0",3,"2.4_wrong_slow",0.518938053097345,0.48,0.675141242937853
"67018ddda66fca6195d1070f","2_2",0,1,"1_1","1",3,"2.2_wrong_fast",0.566398891966759,0.78,0.536723163841808
"67018ddda66fca6195d1070f","2_2",0,1,"1_2","1",3,"2.2_wrong_fast",0.566398891966759,0.78,0.536723163841808
"67018ddda66fca6195d1070f","2_2",0,1,"1_3","0",3,"2.2_wrong_fast",0.566398891966759,0.78,0.536723163841808
"67018ddda66fca6195d1070f","2_2",0,1,"1_4","0",3,"2.2_wrong_fast",0.566398891966759,0.78,0.536723163841808
"67018ddda66fca6195d1070f","2_2",0,1,"1_5","0",3,"2.2_wrong_fast",0.566398891966759,0.78,0.536723163841808
"67018ddda66fca6195d1070f","2_5",0,1,"1_1","1",3,"2.5_wrong_fast",0.760870712401055,0.6,0.915254237288136
"67018ddda66fca6195d1070f","2_5",0,1,"1_2","1",3,"2.5_wrong_fast",0.760870712401055,0.6,0.915254237288136
"67018ddda66fca6195d1070f","2_5",0,1,"1_3","1",3,"2.5_wrong_fast",0.760870712401055,0.6,0.915254237288136
"67018ddda66fca6195d1070f","2_5",0,1,"1_4","1",3,"2.5_wrong_fast",0.760870712401055,0.6,0.915254237288136
"67018ddda66fca6195d1070f","2_5",0,1,"1_5","0",3,"2.5_wrong_fast",0.760870712401055,0.6,0.915254237288136
"6706d002bb8720b5daad439f","2_1",1,0,"1_1","1",5,"2.1_right_slow",0.396726726726727,0.22,0.234463276836158
"6706d002bb8720b5daad439f","2_1",1,0,"1_2","1",5,"2.1_right_slow",0.396726726726727,0.22,0.234463276836158
"6706d002bb8720b5daad439f","2_1",1,0,"1_3","1",5,"2.1_right_slow",0.396726726726727,0.22,0.234463276836158
"6706d002bb8720b5daad439f","2_1",1,0,"1_4","1",5,"2.1_right_slow",0.396726726726727,0.22,0.234463276836158
"6706d002bb8720b5daad439f","2_1",1,0,"1_5","0",5,"2.1_right_slow",0.396726726726727,0.22,0.234463276836158
"6706d002bb8720b5daad439f","2_5",1,0,"1_1","1",5,"2.5_right_slow",0.760870712401055,0.73,0.915254237288136
"6706d002bb8720b5daad439f","2_5",1,0,"1_2","1",5,"2.5_right_slow",0.760870712401055,0.73,0.915254237288136
"6706d002bb8720b5daad439f","2_5",1,0,"1_3","1",5,"2.5_right_slow",0.760870712401055,0.73,0.915254237288136
"6706d002bb8720b5daad439f","2_5",1,0,"1_4","1",5,"2.5_right_slow",0.760870712401055,0.73,0.915254237288136
"6706d002bb8720b5daad439f","2_5",1,0,"1_5","1",5,"2.5_right_slow",0.760870712401055,0.73,0.915254237288136
"6706d002bb8720b5daad439f","2_1",0,0,"1_1","1",5,"2.1_wrong_slow",0.396726726726727,0.06,0.234463276836158
"6706d002bb8720b5daad439f","2_1",0,0,"1_2","0",5,"2.1_wrong_slow",0.396726726726727,0.06,0.234463276836158
"6706d002bb8720b5daad439f","2_1",0,0,"1_3","0",5,"2.1_wrong_slow",0.396726726726727,0.06,0.234463276836158
"6706d002bb8720b5daad439f","2_1",0,0,"1_4","0",5,"2.1_wrong_slow",0.396726726726727,0.06,0.234463276836158
"6706d002bb8720b5daad439f","2_1",0,0,"1_5","0",5,"2.1_wrong_slow",0.396726726726727,0.06,0.234463276836158
"6706d002bb8720b5daad439f","2_5",0,0,"1_1","1",5,"2.5_wrong_slow",0.760870712401055,0.92,0.915254237288136
"6706d002bb8720b5daad439f","2_5",0,0,"1_2","1",5,"2.5_wrong_slow",0.760870712401055,0.92,0.915254237288136
"6706d002bb8720b5daad439f","2_5",0,0,"1_3","1",5,"2.5_wrong_slow",0.760870712401055,0.92,0.915254237288136
"6706d002bb8720b5daad439f","2_5",0,0,"1_4","0",5,"2.5_wrong_slow",0.760870712401055,0.92,0.915254237288136
"6706d002bb8720b5daad439f","2_5",0,0,"1_5","0",5,"2.5_wrong_slow",0.760870712401055,0.92,0.915254237288136
"6706d002bb8720b5daad439f","2_3",0,1,"1_1","1",5,"2.3_wrong_fast",0.577430167597765,0.65,0.446327683615819
"6706d002bb8720b5daad439f","2_3",0,1,"1_2","1",5,"2.3_wrong_fast",0.577430167597765,0.65,0.446327683615819
"6706d002bb8720b5daad439f","2_3",0,1,"1_3","0",5,"2.3_wrong_fast",0.577430167597765,0.65,0.446327683615819
"6706d002bb8720b5daad439f","2_3",0,1,"1_4","0",5,"2.3_wrong_fast",0.577430167597765,0.65,0.446327683615819
"6706d002bb8720b5daad439f","2_3",0,1,"1_5","0",5,"2.3_wrong_fast",0.577430167597765,0.65,0.446327683615819
"670d2af9c00f086b201e9f70","2_2",0,0,"1_1","1",3,"2.2_wrong_slow",0.566398891966759,0.36,0.536723163841808
"670d2af9c00f086b201e9f70","2_2",0,0,"1_2","1",3,"2.2_wrong_slow",0.566398891966759,0.36,0.536723163841808
"670d2af9c00f086b201e9f70","2_2",0,0,"1_3","1",3,"2.2_wrong_slow",0.566398891966759,0.36,0.536723163841808
"670d2af9c00f086b201e9f70","2_2",0,0,"1_4","0",3,"2.2_wrong_slow",0.566398891966759,0.36,0.536723163841808
"670d2af9c00f086b201e9f70","2_2",0,0,"1_5","0",3,"2.2_wrong_slow",0.566398891966759,0.36,0.536723163841808
"670d2af9c00f086b201e9f70","2_3",0,0,"1_1","1",3,"2.3_wrong_slow",0.577430167597765,0.75,0.446327683615819
"670d2af9c00f086b201e9f70","2_3",0,0,"1_2","1",3,"2.3_wrong_slow",0.577430167597765,0.75,0.446327683615819
"670d2af9c00f086b201e9f70","2_3",0,0,"1_3","0",3,"2.3_wrong_slow",0.577430167597765,0.75,0.446327683615819
"670d2af9c00f086b201e9f70","2_3",0,0,"1_4","0",3,"2.3_wrong_slow",0.577430167597765,0.75,0.446327683615819
"670d2af9c00f086b201e9f70","2_3",0,0,"1_5","0",3,"2.3_wrong_slow",0.577430167597765,0.75,0.446327683615819
"670d2af9c00f086b201e9f70","2_1",1,1,"1_1","1",3,"2.1_right_fast",0.396726726726727,0.37,0.234463276836158
"670d2af9c00f086b201e9f70","2_1",1,1,"1_2","1",3,"2.1_right_fast",0.396726726726727,0.37,0.234463276836158
"670d2af9c00f086b201e9f70","2_1",1,1,"1_3","1",3,"2.1_right_fast",0.396726726726727,0.37,0.234463276836158
"670d2af9c00f086b201e9f70","2_1",1,1,"1_4","1",3,"2.1_right_fast",0.396726726726727,0.37,0.234463276836158
"670d2af9c00f086b201e9f70","2_1",1,1,"1_5","1",3,"2.1_right_fast",0.396726726726727,0.37,0.234463276836158
"670d2af9c00f086b201e9f70","2_4",0,1,"1_1","1",3,"2.4_wrong_fast",0.518938053097345,0.84,0.675141242937853
"670d2af9c00f086b201e9f70","2_4",0,1,"1_2","0",3,"2.4_wrong_fast",0.518938053097345,0.84,0.675141242937853
"670d2af9c00f086b201e9f70","2_4",0,1,"1_3","1",3,"2.4_wrong_fast",0.518938053097345,0.84,0.675141242937853
"670d2af9c00f086b201e9f70","2_4",0,1,"1_4","0",3,"2.4_wrong_fast",0.518938053097345,0.84,0.675141242937853
"670d2af9c00f086b201e9f70","2_4",0,1,"1_5","0",3,"2.4_wrong_fast",0.518938053097345,0.84,0.675141242937853
"670d2af9c00f086b201e9f70","2_5",0,1,"1_1","1",3,"2.5_wrong_fast",0.760870712401055,0.88,0.915254237288136
"670d2af9c00f086b201e9f70","2_5",0,1,"1_2","1",3,"2.5_wrong_fast",0.760870712401055,0.88,0.915254237288136
"670d2af9c00f086b201e9f70","2_5",0,1,"1_3","1",3,"2.5_wrong_fast",0.760870712401055,0.88,0.915254237288136
"670d2af9c00f086b201e9f70","2_5",0,1,"1_4","1",3,"2.5_wrong_fast",0.760870712401055,0.88,0.915254237288136
"670d2af9c00f086b201e9f70","2_5",0,1,"1_5","0",3,"2.5_wrong_fast",0.760870712401055,0.88,0.915254237288136
"671104a3b307bee2953cb286","2_3",1,0,"1_1","1",4,"2.3_right_slow",0.577430167597765,0.6,0.446327683615819
"671104a3b307bee2953cb286","2_3",1,0,"1_2","1",4,"2.3_right_slow",0.577430167597765,0.6,0.446327683615819
"671104a3b307bee2953cb286","2_3",1,0,"1_3","1",4,"2.3_right_slow",0.577430167597765,0.6,0.446327683615819
"671104a3b307bee2953cb286","2_3",1,0,"1_4","0",4,"2.3_right_slow",0.577430167597765,0.6,0.446327683615819
"671104a3b307bee2953cb286","2_3",1,0,"1_5","0",4,"2.3_right_slow",0.577430167597765,0.6,0.446327683615819
"671104a3b307bee2953cb286","2_2",0,0,"1_1","1",4,"2.2_wrong_slow",0.566398891966759,0.8,0.536723163841808
"671104a3b307bee2953cb286","2_2",0,0,"1_2","0",4,"2.2_wrong_slow",0.566398891966759,0.8,0.536723163841808
"671104a3b307bee2953cb286","2_2",0,0,"1_3","1",4,"2.2_wrong_slow",0.566398891966759,0.8,0.536723163841808
"671104a3b307bee2953cb286","2_2",0,0,"1_4","0",4,"2.2_wrong_slow",0.566398891966759,0.8,0.536723163841808
"671104a3b307bee2953cb286","2_2",0,0,"1_5","0",4,"2.2_wrong_slow",0.566398891966759,0.8,0.536723163841808
"671104a3b307bee2953cb286","2_5",0,0,"1_1","1",4,"2.5_wrong_slow",0.760870712401055,0.95,0.915254237288136
"671104a3b307bee2953cb286","2_5",0,0,"1_2","0",4,"2.5_wrong_slow",0.760870712401055,0.95,0.915254237288136
"671104a3b307bee2953cb286","2_5",0,0,"1_3","0",4,"2.5_wrong_slow",0.760870712401055,0.95,0.915254237288136
"671104a3b307bee2953cb286","2_5",0,0,"1_4","0",4,"2.5_wrong_slow",0.760870712401055,0.95,0.915254237288136
"671104a3b307bee2953cb286","2_5",0,0,"1_5","0",4,"2.5_wrong_slow",0.760870712401055,0.95,0.915254237288136
"671104a3b307bee2953cb286","2_5",1,1,"1_1","1",4,"2.5_right_fast",0.760870712401055,0.98,0.915254237288136
"671104a3b307bee2953cb286","2_5",1,1,"1_2","1",4,"2.5_right_fast",0.760870712401055,0.98,0.915254237288136
"671104a3b307bee2953cb286","2_5",1,1,"1_3","1",4,"2.5_right_fast",0.760870712401055,0.98,0.915254237288136
"671104a3b307bee2953cb286","2_5",1,1,"1_4","1",4,"2.5_right_fast",0.760870712401055,0.98,0.915254237288136
"671104a3b307bee2953cb286","2_5",1,1,"1_5","1",4,"2.5_right_fast",0.760870712401055,0.98,0.915254237288136
"671104a3b307bee2953cb286","2_5",0,1,"1_1","1",4,"2.5_wrong_fast",0.760870712401055,0.9,0.915254237288136
"671104a3b307bee2953cb286","2_5",0,1,"1_2","0",4,"2.5_wrong_fast",0.760870712401055,0.9,0.915254237288136
"671104a3b307bee2953cb286","2_5",0,1,"1_3","1",4,"2.5_wrong_fast",0.760870712401055,0.9,0.915254237288136
"671104a3b307bee2953cb286","2_5",0,1,"1_4","0",4,"2.5_wrong_fast",0.760870712401055,0.9,0.915254237288136
"671104a3b307bee2953cb286","2_5",0,1,"1_5","0",4,"2.5_wrong_fast",0.760870712401055,0.9,0.915254237288136
"6716966a7bd8ab08201a752b","2_3",1,0,"1_1","1",8,"2.3_right_slow",0.577430167597765,0.5,0.446327683615819
"6716966a7bd8ab08201a752b","2_3",1,0,"1_2","1",8,"2.3_right_slow",0.577430167597765,0.5,0.446327683615819
"6716966a7bd8ab08201a752b","2_3",1,0,"1_3","1",8,"2.3_right_slow",0.577430167597765,0.5,0.446327683615819
"6716966a7bd8ab08201a752b","2_3",1,0,"1_4","1",8,"2.3_right_slow",0.577430167597765,0.5,0.446327683615819
"6716966a7bd8ab08201a752b","2_3",1,0,"1_5","0",8,"2.3_right_slow",0.577430167597765,0.5,0.446327683615819
"6716966a7bd8ab08201a752b","2_3",0,0,"1_1","1",8,"2.3_wrong_slow",0.577430167597765,0.4,0.446327683615819
"6716966a7bd8ab08201a752b","2_3",0,0,"1_2","0",8,"2.3_wrong_slow",0.577430167597765,0.4,0.446327683615819
"6716966a7bd8ab08201a752b","2_3",0,0,"1_3","1",8,"2.3_wrong_slow",0.577430167597765,0.4,0.446327683615819
"6716966a7bd8ab08201a752b","2_3",0,0,"1_4","1",8,"2.3_wrong_slow",0.577430167597765,0.4,0.446327683615819
"6716966a7bd8ab08201a752b","2_3",0,0,"1_5","0",8,"2.3_wrong_slow",0.577430167597765,0.4,0.446327683615819
"6716966a7bd8ab08201a752b","2_3",1,1,"1_1","1",8,"2.3_right_fast",0.577430167597765,0.4,0.446327683615819
"6716966a7bd8ab08201a752b","2_3",1,1,"1_2","1",8,"2.3_right_fast",0.577430167597765,0.4,0.446327683615819
"6716966a7bd8ab08201a752b","2_3",1,1,"1_3","1",8,"2.3_right_fast",0.577430167597765,0.4,0.446327683615819
"6716966a7bd8ab08201a752b","2_3",1,1,"1_4","0",8,"2.3_right_fast",0.577430167597765,0.4,0.446327683615819
"6716966a7bd8ab08201a752b","2_3",1,1,"1_5","0",8,"2.3_right_fast",0.577430167597765,0.4,0.446327683615819
"6716966a7bd8ab08201a752b","2_4",1,1,"1_1","1",8,"2.4_right_fast",0.518938053097345,0.2,0.675141242937853
"6716966a7bd8ab08201a752b","2_4",1,1,"1_2","1",8,"2.4_right_fast",0.518938053097345,0.2,0.675141242937853
"6716966a7bd8ab08201a752b","2_4",1,1,"1_3","1",8,"2.4_right_fast",0.518938053097345,0.2,0.675141242937853
"6716966a7bd8ab08201a752b","2_4",1,1,"1_4","1",8,"2.4_right_fast",0.518938053097345,0.2,0.675141242937853
"6716966a7bd8ab08201a752b","2_4",1,1,"1_5","0",8,"2.4_right_fast",0.518938053097345,0.2,0.675141242937853
"6716966a7bd8ab08201a752b","2_5",1,1,"1_1","1",8,"2.5_right_fast",0.760870712401055,0.6,0.915254237288136
"6716966a7bd8ab08201a752b","2_5",1,1,"1_2","1",8,"2.5_right_fast",0.760870712401055,0.6,0.915254237288136
"6716966a7bd8ab08201a752b","2_5",1,1,"1_3","1",8,"2.5_right_fast",0.760870712401055,0.6,0.915254237288136
"6716966a7bd8ab08201a752b","2_5",1,1,"1_4","1",8,"2.5_right_fast",0.760870712401055,0.6,0.915254237288136
"6716966a7bd8ab08201a752b","2_5",1,1,"1_5","1",8,"2.5_right_fast",0.760870712401055,0.6,0.915254237288136
"671725ffff36a50355a52513","2_3",1,0,"1_1","1",8,"2.3_right_slow",0.577430167597765,0.45,0.446327683615819
"671725ffff36a50355a52513","2_3",1,0,"1_2","1",8,"2.3_right_slow",0.577430167597765,0.45,0.446327683615819
"671725ffff36a50355a52513","2_3",1,0,"1_3","1",8,"2.3_right_slow",0.577430167597765,0.45,0.446327683615819
"671725ffff36a50355a52513","2_3",1,0,"1_4","1",8,"2.3_right_slow",0.577430167597765,0.45,0.446327683615819
"671725ffff36a50355a52513","2_3",1,0,"1_5","0",8,"2.3_right_slow",0.577430167597765,0.45,0.446327683615819
"671725ffff36a50355a52513","2_5",1,0,"1_1","1",8,"2.5_right_slow",0.760870712401055,0.69,0.915254237288136
"671725ffff36a50355a52513","2_5",1,0,"1_2","1",8,"2.5_right_slow",0.760870712401055,0.69,0.915254237288136
"671725ffff36a50355a52513","2_5",1,0,"1_3","1",8,"2.5_right_slow",0.760870712401055,0.69,0.915254237288136
"671725ffff36a50355a52513","2_5",1,0,"1_4","1",8,"2.5_right_slow",0.760870712401055,0.69,0.915254237288136
"671725ffff36a50355a52513","2_5",1,0,"1_5","1",8,"2.5_right_slow",0.760870712401055,0.69,0.915254237288136
"671725ffff36a50355a52513","2_5",0,0,"1_1","1",8,"2.5_wrong_slow",0.760870712401055,0.75,0.915254237288136
"671725ffff36a50355a52513","2_5",0,0,"1_2","1",8,"2.5_wrong_slow",0.760870712401055,0.75,0.915254237288136
"671725ffff36a50355a52513","2_5",0,0,"1_3","1",8,"2.5_wrong_slow",0.760870712401055,0.75,0.915254237288136
"671725ffff36a50355a52513","2_5",0,0,"1_4","1",8,"2.5_wrong_slow",0.760870712401055,0.75,0.915254237288136
"671725ffff36a50355a52513","2_5",0,0,"1_5","0",8,"2.5_wrong_slow",0.760870712401055,0.75,0.915254237288136
"671725ffff36a50355a52513","2_1",0,1,"1_1","1",8,"2.1_wrong_fast",0.396726726726727,0.35,0.234463276836158
"671725ffff36a50355a52513","2_1",0,1,"1_2","1",8,"2.1_wrong_fast",0.396726726726727,0.35,0.234463276836158
"671725ffff36a50355a52513","2_1",0,1,"1_3","1",8,"2.1_wrong_fast",0.396726726726727,0.35,0.234463276836158
"671725ffff36a50355a52513","2_1",0,1,"1_4","1",8,"2.1_wrong_fast",0.396726726726727,0.35,0.234463276836158
"671725ffff36a50355a52513","2_1",0,1,"1_5","0",8,"2.1_wrong_fast",0.396726726726727,0.35,0.234463276836158
"671725ffff36a50355a52513","2_5",0,1,"1_1","1",8,"2.5_wrong_fast",0.760870712401055,0.76,0.915254237288136
"671725ffff36a50355a52513","2_5",0,1,"1_2","1",8,"2.5_wrong_fast",0.760870712401055,0.76,0.915254237288136
"671725ffff36a50355a52513","2_5",0,1,"1_3","1",8,"2.5_wrong_fast",0.760870712401055,0.76,0.915254237288136
"671725ffff36a50355a52513","2_5",0,1,"1_4","1",8,"2.5_wrong_fast",0.760870712401055,0.76,0.915254237288136
"671725ffff36a50355a52513","2_5",0,1,"1_5","0",8,"2.5_wrong_fast",0.760870712401055,0.76,0.915254237288136
"6717f0ac88d9f27d9b79af31","2_1",1,0,"1_1","1",8,"2.1_right_slow",0.396726726726727,0.06,0.234463276836158
"6717f0ac88d9f27d9b79af31","2_1",1,0,"1_2","0",8,"2.1_right_slow",0.396726726726727,0.06,0.234463276836158
"6717f0ac88d9f27d9b79af31","2_1",1,0,"1_3","0",8,"2.1_right_slow",0.396726726726727,0.06,0.234463276836158
"6717f0ac88d9f27d9b79af31","2_1",1,0,"1_4","1",8,"2.1_right_slow",0.396726726726727,0.06,0.234463276836158
"6717f0ac88d9f27d9b79af31","2_1",1,0,"1_5","0",8,"2.1_right_slow",0.396726726726727,0.06,0.234463276836158
"6717f0ac88d9f27d9b79af31","2_2",1,0,"1_1","1",8,"2.2_right_slow",0.566398891966759,0.41,0.536723163841808
"6717f0ac88d9f27d9b79af31","2_2",1,0,"1_2","0",8,"2.2_right_slow",0.566398891966759,0.41,0.536723163841808
"6717f0ac88d9f27d9b79af31","2_2",1,0,"1_3","0",8,"2.2_right_slow",0.566398891966759,0.41,0.536723163841808
"6717f0ac88d9f27d9b79af31","2_2",1,0,"1_4","1",8,"2.2_right_slow",0.566398891966759,0.41,0.536723163841808
"6717f0ac88d9f27d9b79af31","2_2",1,0,"1_5","0",8,"2.2_right_slow",0.566398891966759,0.41,0.536723163841808
"6717f0ac88d9f27d9b79af31","2_4",1,0,"1_1","1",8,"2.4_right_slow",0.518938053097345,0.25,0.675141242937853
"6717f0ac88d9f27d9b79af31","2_4",1,0,"1_2","0",8,"2.4_right_slow",0.518938053097345,0.25,0.675141242937853
"6717f0ac88d9f27d9b79af31","2_4",1,0,"1_3","0",8,"2.4_right_slow",0.518938053097345,0.25,0.675141242937853
"6717f0ac88d9f27d9b79af31","2_4",1,0,"1_4","1",8,"2.4_right_slow",0.518938053097345,0.25,0.675141242937853
"6717f0ac88d9f27d9b79af31","2_4",1,0,"1_5","0",8,"2.4_right_slow",0.518938053097345,0.25,0.675141242937853
"6717f0ac88d9f27d9b79af31","2_1",1,1,"1_1","1",8,"2.1_right_fast",0.396726726726727,0.08,0.234463276836158
"6717f0ac88d9f27d9b79af31","2_1",1,1,"1_2","0",8,"2.1_right_fast",0.396726726726727,0.08,0.234463276836158
"6717f0ac88d9f27d9b79af31","2_1",1,1,"1_3","0",8,"2.1_right_fast",0.396726726726727,0.08,0.234463276836158
"6717f0ac88d9f27d9b79af31","2_1",1,1,"1_4","1",8,"2.1_right_fast",0.396726726726727,0.08,0.234463276836158
"6717f0ac88d9f27d9b79af31","2_1",1,1,"1_5","0",8,"2.1_right_fast",0.396726726726727,0.08,0.234463276836158
"6717f0ac88d9f27d9b79af31","2_2",1,1,"1_1","1",8,"2.2_right_fast",0.566398891966759,0.37,0.536723163841808
"6717f0ac88d9f27d9b79af31","2_2",1,1,"1_2","0",8,"2.2_right_fast",0.566398891966759,0.37,0.536723163841808
"6717f0ac88d9f27d9b79af31","2_2",1,1,"1_3","0",8,"2.2_right_fast",0.566398891966759,0.37,0.536723163841808
"6717f0ac88d9f27d9b79af31","2_2",1,1,"1_4","1",8,"2.2_right_fast",0.566398891966759,0.37,0.536723163841808
"6717f0ac88d9f27d9b79af31","2_2",1,1,"1_5","0",8,"2.2_right_fast",0.566398891966759,0.37,0.536723163841808
"671877457b87685e1d42f63c","2_5",1,0,"1_1","1",3,"2.5_right_slow",0.760870712401055,0.55,0.915254237288136
"671877457b87685e1d42f63c","2_5",1,0,"1_2","1",3,"2.5_right_slow",0.760870712401055,0.55,0.915254237288136
"671877457b87685e1d42f63c","2_5",1,0,"1_3","1",3,"2.5_right_slow",0.760870712401055,0.55,0.915254237288136
"671877457b87685e1d42f63c","2_5",1,0,"1_4","1",3,"2.5_right_slow",0.760870712401055,0.55,0.915254237288136
"671877457b87685e1d42f63c","2_5",1,0,"1_5","1",3,"2.5_right_slow",0.760870712401055,0.55,0.915254237288136
"671877457b87685e1d42f63c","2_1",0,0,"1_1","0",3,"2.1_wrong_slow",0.396726726726727,0.4,0.234463276836158
"671877457b87685e1d42f63c","2_1",0,0,"1_2","0",3,"2.1_wrong_slow",0.396726726726727,0.4,0.234463276836158
"671877457b87685e1d42f63c","2_1",0,0,"1_3","0",3,"2.1_wrong_slow",0.396726726726727,0.4,0.234463276836158
"671877457b87685e1d42f63c","2_1",0,0,"1_4","0",3,"2.1_wrong_slow",0.396726726726727,0.4,0.234463276836158
"671877457b87685e1d42f63c","2_1",0,0,"1_5","0",3,"2.1_wrong_slow",0.396726726726727,0.4,0.234463276836158
"671877457b87685e1d42f63c","2_2",0,0,"1_1","1",3,"2.2_wrong_slow",0.566398891966759,0.23,0.536723163841808
"671877457b87685e1d42f63c","2_2",0,0,"1_2","1",3,"2.2_wrong_slow",0.566398891966759,0.23,0.536723163841808
"671877457b87685e1d42f63c","2_2",0,0,"1_3","0",3,"2.2_wrong_slow",0.566398891966759,0.23,0.536723163841808
"671877457b87685e1d42f63c","2_2",0,0,"1_4","0",3,"2.2_wrong_slow",0.566398891966759,0.23,0.536723163841808
"671877457b87685e1d42f63c","2_2",0,0,"1_5","0",3,"2.2_wrong_slow",0.566398891966759,0.23,0.536723163841808
"671877457b87685e1d42f63c","2_1",1,1,"1_1","1",3,"2.1_right_fast",0.396726726726727,0.75,0.234463276836158
"671877457b87685e1d42f63c","2_1",1,1,"1_2","1",3,"2.1_right_fast",0.396726726726727,0.75,0.234463276836158
"671877457b87685e1d42f63c","2_1",1,1,"1_3","1",3,"2.1_right_fast",0.396726726726727,0.75,0.234463276836158
"671877457b87685e1d42f63c","2_1",1,1,"1_4","1",3,"2.1_right_fast",0.396726726726727,0.75,0.234463276836158
"671877457b87685e1d42f63c","2_1",1,1,"1_5","0",3,"2.1_right_fast",0.396726726726727,0.75,0.234463276836158
"671877457b87685e1d42f63c","2_5",0,1,"1_1","1",3,"2.5_wrong_fast",0.760870712401055,0.85,0.915254237288136
"671877457b87685e1d42f63c","2_5",0,1,"1_2","1",3,"2.5_wrong_fast",0.760870712401055,0.85,0.915254237288136
"671877457b87685e1d42f63c","2_5",0,1,"1_3","0",3,"2.5_wrong_fast",0.760870712401055,0.85,0.915254237288136
"671877457b87685e1d42f63c","2_5",0,1,"1_4","0",3,"2.5_wrong_fast",0.760870712401055,0.85,0.915254237288136
"671877457b87685e1d42f63c","2_5",0,1,"1_5","0",3,"2.5_wrong_fast",0.760870712401055,0.85,0.915254237288136
"671b025545c22875c994d0bb","2_4",1,0,"1_1","1",4,"2.4_right_slow",0.518938053097345,0.91,0.675141242937853
"671b025545c22875c994d0bb","2_4",1,0,"1_2","0",4,"2.4_right_slow",0.518938053097345,0.91,0.675141242937853
"671b025545c22875c994d0bb","2_4",1,0,"1_3","1",4,"2.4_right_slow",0.518938053097345,0.91,0.675141242937853
"671b025545c22875c994d0bb","2_4",1,0,"1_4","1",4,"2.4_right_slow",0.518938053097345,0.91,0.675141242937853
"671b025545c22875c994d0bb","2_4",1,0,"1_5","0",4,"2.4_right_slow",0.518938053097345,0.91,0.675141242937853
"671b025545c22875c994d0bb","2_1",0,0,"1_1","1",4,"2.1_wrong_slow",0.396726726726727,0.96,0.234463276836158
"671b025545c22875c994d0bb","2_1",0,0,"1_2","1",4,"2.1_wrong_slow",0.396726726726727,0.96,0.234463276836158
"671b025545c22875c994d0bb","2_1",0,0,"1_3","0",4,"2.1_wrong_slow",0.396726726726727,0.96,0.234463276836158
"671b025545c22875c994d0bb","2_1",0,0,"1_4","0",4,"2.1_wrong_slow",0.396726726726727,0.96,0.234463276836158
"671b025545c22875c994d0bb","2_1",0,0,"1_5","0",4,"2.1_wrong_slow",0.396726726726727,0.96,0.234463276836158
"671b025545c22875c994d0bb","2_5",1,1,"1_1","1",4,"2.5_right_fast",0.760870712401055,0.99,0.915254237288136
"671b025545c22875c994d0bb","2_5",1,1,"1_2","1",4,"2.5_right_fast",0.760870712401055,0.99,0.915254237288136
"671b025545c22875c994d0bb","2_5",1,1,"1_3","1",4,"2.5_right_fast",0.760870712401055,0.99,0.915254237288136
"671b025545c22875c994d0bb","2_5",1,1,"1_4","1",4,"2.5_right_fast",0.760870712401055,0.99,0.915254237288136
"671b025545c22875c994d0bb","2_5",1,1,"1_5","0",4,"2.5_right_fast",0.760870712401055,0.99,0.915254237288136
"671b025545c22875c994d0bb","2_1",0,1,"1_1","1",4,"2.1_wrong_fast",0.396726726726727,0.7,0.234463276836158
"671b025545c22875c994d0bb","2_1",0,1,"1_2","0",4,"2.1_wrong_fast",0.396726726726727,0.7,0.234463276836158
"671b025545c22875c994d0bb","2_1",0,1,"1_3","0",4,"2.1_wrong_fast",0.396726726726727,0.7,0.234463276836158
"671b025545c22875c994d0bb","2_1",0,1,"1_4","0",4,"2.1_wrong_fast",0.396726726726727,0.7,0.234463276836158
"671b025545c22875c994d0bb","2_1",0,1,"1_5","0",4,"2.1_wrong_fast",0.396726726726727,0.7,0.234463276836158
"671b025545c22875c994d0bb","2_3",0,1,"1_1","1",4,"2.3_wrong_fast",0.577430167597765,0.82,0.446327683615819
"671b025545c22875c994d0bb","2_3",0,1,"1_2","0",4,"2.3_wrong_fast",0.577430167597765,0.82,0.446327683615819
"671b025545c22875c994d0bb","2_3",0,1,"1_3","1",4,"2.3_wrong_fast",0.577430167597765,0.82,0.446327683615819
"671b025545c22875c994d0bb","2_3",0,1,"1_4","0",4,"2.3_wrong_fast",0.577430167597765,0.82,0.446327683615819
"671b025545c22875c994d0bb","2_3",0,1,"1_5","0",4,"2.3_wrong_fast",0.577430167597765,0.82,0.446327683615819
"671bbd54132abb33bed4a541","2_2",1,0,"1_1","1",11,"2.2_right_slow",0.566398891966759,0.15,0.536723163841808
"671bbd54132abb33bed4a541","2_2",1,0,"1_2","1",11,"2.2_right_slow",0.566398891966759,0.15,0.536723163841808
"671bbd54132abb33bed4a541","2_2",1,0,"1_3","1",11,"2.2_right_slow",0.566398891966759,0.15,0.536723163841808
"671bbd54132abb33bed4a541","2_2",1,0,"1_4","1",11,"2.2_right_slow",0.566398891966759,0.15,0.536723163841808
"671bbd54132abb33bed4a541","2_2",1,0,"1_5","0",11,"2.2_right_slow",0.566398891966759,0.15,0.536723163841808
"671bbd54132abb33bed4a541","2_5",0,0,"1_1","1",11,"2.5_wrong_slow",0.760870712401055,0.8,0.915254237288136
"671bbd54132abb33bed4a541","2_5",0,0,"1_2","1",11,"2.5_wrong_slow",0.760870712401055,0.8,0.915254237288136
"671bbd54132abb33bed4a541","2_5",0,0,"1_3","1",11,"2.5_wrong_slow",0.760870712401055,0.8,0.915254237288136
"671bbd54132abb33bed4a541","2_5",0,0,"1_4","1",11,"2.5_wrong_slow",0.760870712401055,0.8,0.915254237288136
"671bbd54132abb33bed4a541","2_5",0,0,"1_5","0",11,"2.5_wrong_slow",0.760870712401055,0.8,0.915254237288136
"671bbd54132abb33bed4a541","2_2",1,1,"1_1","1",11,"2.2_right_fast",0.566398891966759,0.3,0.536723163841808
"671bbd54132abb33bed4a541","2_2",1,1,"1_2","1",11,"2.2_right_fast",0.566398891966759,0.3,0.536723163841808
"671bbd54132abb33bed4a541","2_2",1,1,"1_3","1",11,"2.2_right_fast",0.566398891966759,0.3,0.536723163841808
"671bbd54132abb33bed4a541","2_2",1,1,"1_4","1",11,"2.2_right_fast",0.566398891966759,0.3,0.536723163841808
"671bbd54132abb33bed4a541","2_2",1,1,"1_5","0",11,"2.2_right_fast",0.566398891966759,0.3,0.536723163841808
"671bbd54132abb33bed4a541","2_3",0,1,"1_1","1",11,"2.3_wrong_fast",0.577430167597765,0.59,0.446327683615819
"671bbd54132abb33bed4a541","2_3",0,1,"1_2","1",11,"2.3_wrong_fast",0.577430167597765,0.59,0.446327683615819
"671bbd54132abb33bed4a541","2_3",0,1,"1_3","0",11,"2.3_wrong_fast",0.577430167597765,0.59,0.446327683615819
"671bbd54132abb33bed4a541","2_3",0,1,"1_4","1",11,"2.3_wrong_fast",0.577430167597765,0.59,0.446327683615819
"671bbd54132abb33bed4a541","2_3",0,1,"1_5","0",11,"2.3_wrong_fast",0.577430167597765,0.59,0.446327683615819
"671bbd54132abb33bed4a541","2_5",0,1,"1_1","1",11,"2.5_wrong_fast",0.760870712401055,0.9,0.915254237288136
"671bbd54132abb33bed4a541","2_5",0,1,"1_2","1",11,"2.5_wrong_fast",0.760870712401055,0.9,0.915254237288136
"671bbd54132abb33bed4a541","2_5",0,1,"1_3","1",11,"2.5_wrong_fast",0.760870712401055,0.9,0.915254237288136
"671bbd54132abb33bed4a541","2_5",0,1,"1_4","1",11,"2.5_wrong_fast",0.760870712401055,0.9,0.915254237288136
"671bbd54132abb33bed4a541","2_5",0,1,"1_5","0",11,"2.5_wrong_fast",0.760870712401055,0.9,0.915254237288136
"671bfaa7d312fef1ab1d7fa0","2_1",0,0,"1_1","0",7,"2.1_wrong_slow",0.396726726726727,0.3,0.234463276836158
"671bfaa7d312fef1ab1d7fa0","2_1",0,0,"1_2","0",7,"2.1_wrong_slow",0.396726726726727,0.3,0.234463276836158
"671bfaa7d312fef1ab1d7fa0","2_1",0,0,"1_3","0",7,"2.1_wrong_slow",0.396726726726727,0.3,0.234463276836158
"671bfaa7d312fef1ab1d7fa0","2_1",0,0,"1_4","0",7,"2.1_wrong_slow",0.396726726726727,0.3,0.234463276836158
"671bfaa7d312fef1ab1d7fa0","2_1",0,0,"1_5","0",7,"2.1_wrong_slow",0.396726726726727,0.3,0.234463276836158
"671bfaa7d312fef1ab1d7fa0","2_5",1,1,"1_1","1",7,"2.5_right_fast",0.760870712401055,0.9,0.915254237288136
"671bfaa7d312fef1ab1d7fa0","2_5",1,1,"1_2","1",7,"2.5_right_fast",0.760870712401055,0.9,0.915254237288136
"671bfaa7d312fef1ab1d7fa0","2_5",1,1,"1_3","1",7,"2.5_right_fast",0.760870712401055,0.9,0.915254237288136
"671bfaa7d312fef1ab1d7fa0","2_5",1,1,"1_4","1",7,"2.5_right_fast",0.760870712401055,0.9,0.915254237288136
"671bfaa7d312fef1ab1d7fa0","2_5",1,1,"1_5","0",7,"2.5_right_fast",0.760870712401055,0.9,0.915254237288136
"671bfaa7d312fef1ab1d7fa0","2_2",0,1,"1_1","1",7,"2.2_wrong_fast",0.566398891966759,0.7,0.536723163841808
"671bfaa7d312fef1ab1d7fa0","2_2",0,1,"1_2","0",7,"2.2_wrong_fast",0.566398891966759,0.7,0.536723163841808
"671bfaa7d312fef1ab1d7fa0","2_2",0,1,"1_3","0",7,"2.2_wrong_fast",0.566398891966759,0.7,0.536723163841808
"671bfaa7d312fef1ab1d7fa0","2_2",0,1,"1_4","0",7,"2.2_wrong_fast",0.566398891966759,0.7,0.536723163841808
"671bfaa7d312fef1ab1d7fa0","2_2",0,1,"1_5","0",7,"2.2_wrong_fast",0.566398891966759,0.7,0.536723163841808
"671bfaa7d312fef1ab1d7fa0","2_3",0,1,"1_1","1",7,"2.3_wrong_fast",0.577430167597765,0.65,0.446327683615819
"671bfaa7d312fef1ab1d7fa0","2_3",0,1,"1_2","0",7,"2.3_wrong_fast",0.577430167597765,0.65,0.446327683615819
"671bfaa7d312fef1ab1d7fa0","2_3",0,1,"1_3","0",7,"2.3_wrong_fast",0.577430167597765,0.65,0.446327683615819
"671bfaa7d312fef1ab1d7fa0","2_3",0,1,"1_4","0",7,"2.3_wrong_fast",0.577430167597765,0.65,0.446327683615819
"671bfaa7d312fef1ab1d7fa0","2_3",0,1,"1_5","0",7,"2.3_wrong_fast",0.577430167597765,0.65,0.446327683615819
"671bfaa7d312fef1ab1d7fa0","2_5",0,1,"1_1","1",7,"2.5_wrong_fast",0.760870712401055,0.9,0.915254237288136
"671bfaa7d312fef1ab1d7fa0","2_5",0,1,"1_2","1",7,"2.5_wrong_fast",0.760870712401055,0.9,0.915254237288136
"671bfaa7d312fef1ab1d7fa0","2_5",0,1,"1_3","1",7,"2.5_wrong_fast",0.760870712401055,0.9,0.915254237288136
"671bfaa7d312fef1ab1d7fa0","2_5",0,1,"1_4","1",7,"2.5_wrong_fast",0.760870712401055,0.9,0.915254237288136
"671bfaa7d312fef1ab1d7fa0","2_5",0,1,"1_5","0",7,"2.5_wrong_fast",0.760870712401055,0.9,0.915254237288136
"671c4c21de66637aafff57a0","2_3",1,0,"1_1","1",2,"2.3_right_slow",0.577430167597765,0.29,0.446327683615819
"671c4c21de66637aafff57a0","2_3",1,0,"1_2","1",2,"2.3_right_slow",0.577430167597765,0.29,0.446327683615819
"671c4c21de66637aafff57a0","2_3",1,0,"1_3","1",2,"2.3_right_slow",0.577430167597765,0.29,0.446327683615819
"671c4c21de66637aafff57a0","2_3",1,0,"1_4","0",2,"2.3_right_slow",0.577430167597765,0.29,0.446327683615819
"671c4c21de66637aafff57a0","2_3",1,0,"1_5","0",2,"2.3_right_slow",0.577430167597765,0.29,0.446327683615819
"671c4c21de66637aafff57a0","2_5",1,0,"1_1","1",2,"2.5_right_slow",0.760870712401055,0.75,0.915254237288136
"671c4c21de66637aafff57a0","2_5",1,0,"1_2","1",2,"2.5_right_slow",0.760870712401055,0.75,0.915254237288136
"671c4c21de66637aafff57a0","2_5",1,0,"1_3","1",2,"2.5_right_slow",0.760870712401055,0.75,0.915254237288136
"671c4c21de66637aafff57a0","2_5",1,0,"1_4","1",2,"2.5_right_slow",0.760870712401055,0.75,0.915254237288136
"671c4c21de66637aafff57a0","2_5",1,0,"1_5","1",2,"2.5_right_slow",0.760870712401055,0.75,0.915254237288136
"671c4c21de66637aafff57a0","2_3",0,0,"1_1","1",2,"2.3_wrong_slow",0.577430167597765,0.5,0.446327683615819
"671c4c21de66637aafff57a0","2_3",0,0,"1_2","1",2,"2.3_wrong_slow",0.577430167597765,0.5,0.446327683615819
"671c4c21de66637aafff57a0","2_3",0,0,"1_3","0",2,"2.3_wrong_slow",0.577430167597765,0.5,0.446327683615819
"671c4c21de66637aafff57a0","2_3",0,0,"1_4","0",2,"2.3_wrong_slow",0.577430167597765,0.5,0.446327683615819
"671c4c21de66637aafff57a0","2_3",0,0,"1_5","0",2,"2.3_wrong_slow",0.577430167597765,0.5,0.446327683615819
"671c4c21de66637aafff57a0","2_2",1,1,"1_1","1",2,"2.2_right_fast",0.566398891966759,0.7,0.536723163841808
"671c4c21de66637aafff57a0","2_2",1,1,"1_2","1",2,"2.2_right_fast",0.566398891966759,0.7,0.536723163841808
"671c4c21de66637aafff57a0","2_2",1,1,"1_3","1",2,"2.2_right_fast",0.566398891966759,0.7,0.536723163841808
"671c4c21de66637aafff57a0","2_2",1,1,"1_4","1",2,"2.2_right_fast",0.566398891966759,0.7,0.536723163841808
"671c4c21de66637aafff57a0","2_2",1,1,"1_5","0",2,"2.2_right_fast",0.566398891966759,0.7,0.536723163841808
"671c4c21de66637aafff57a0","2_2",0,1,"1_1","1",2,"2.2_wrong_fast",0.566398891966759,0.69,0.536723163841808
"671c4c21de66637aafff57a0","2_2",0,1,"1_2","0",2,"2.2_wrong_fast",0.566398891966759,0.69,0.536723163841808
"671c4c21de66637aafff57a0","2_2",0,1,"1_3","1",2,"2.2_wrong_fast",0.566398891966759,0.69,0.536723163841808
"671c4c21de66637aafff57a0","2_2",0,1,"1_4","0",2,"2.2_wrong_fast",0.566398891966759,0.69,0.536723163841808
"671c4c21de66637aafff57a0","2_2",0,1,"1_5","0",2,"2.2_wrong_fast",0.566398891966759,0.69,0.536723163841808
"671dda0e45e76f35ce05de62","2_1",1,0,"1_1","1",1,"2.1_right_slow",0.396726726726727,0.16,0.234463276836158
"671dda0e45e76f35ce05de62","2_1",1,0,"1_2","1",1,"2.1_right_slow",0.396726726726727,0.16,0.234463276836158
"671dda0e45e76f35ce05de62","2_1",1,0,"1_3","1",1,"2.1_right_slow",0.396726726726727,0.16,0.234463276836158
"671dda0e45e76f35ce05de62","2_1",1,0,"1_4","1",1,"2.1_right_slow",0.396726726726727,0.16,0.234463276836158
"671dda0e45e76f35ce05de62","2_1",1,0,"1_5","0",1,"2.1_right_slow",0.396726726726727,0.16,0.234463276836158
"671dda0e45e76f35ce05de62","2_1",0,0,"1_1","1",1,"2.1_wrong_slow",0.396726726726727,0.78,0.234463276836158
"671dda0e45e76f35ce05de62","2_1",0,0,"1_2","0",1,"2.1_wrong_slow",0.396726726726727,0.78,0.234463276836158
"671dda0e45e76f35ce05de62","2_1",0,0,"1_3","0",1,"2.1_wrong_slow",0.396726726726727,0.78,0.234463276836158
"671dda0e45e76f35ce05de62","2_1",0,0,"1_4","0",1,"2.1_wrong_slow",0.396726726726727,0.78,0.234463276836158
"671dda0e45e76f35ce05de62","2_1",0,0,"1_5","0",1,"2.1_wrong_slow",0.396726726726727,0.78,0.234463276836158
"671dda0e45e76f35ce05de62","2_3",1,1,"1_1","1",1,"2.3_right_fast",0.577430167597765,0.29,0.446327683615819
"671dda0e45e76f35ce05de62","2_3",1,1,"1_2","1",1,"2.3_right_fast",0.577430167597765,0.29,0.446327683615819
"671dda0e45e76f35ce05de62","2_3",1,1,"1_3","1",1,"2.3_right_fast",0.577430167597765,0.29,0.446327683615819
"671dda0e45e76f35ce05de62","2_3",1,1,"1_4","1",1,"2.3_right_fast",0.577430167597765,0.29,0.446327683615819
"671dda0e45e76f35ce05de62","2_3",1,1,"1_5","0",1,"2.3_right_fast",0.577430167597765,0.29,0.446327683615819
"671dda0e45e76f35ce05de62","2_3",0,1,"1_1","1",1,"2.3_wrong_fast",0.577430167597765,0.7,0.446327683615819
"671dda0e45e76f35ce05de62","2_3",0,1,"1_2","1",1,"2.3_wrong_fast",0.577430167597765,0.7,0.446327683615819
"671dda0e45e76f35ce05de62","2_3",0,1,"1_3","0",1,"2.3_wrong_fast",0.577430167597765,0.7,0.446327683615819
"671dda0e45e76f35ce05de62","2_3",0,1,"1_4","1",1,"2.3_wrong_fast",0.577430167597765,0.7,0.446327683615819
"671dda0e45e76f35ce05de62","2_3",0,1,"1_5","0",1,"2.3_wrong_fast",0.577430167597765,0.7,0.446327683615819
"671dda0e45e76f35ce05de62","2_5",0,1,"1_1","1",1,"2.5_wrong_fast",0.760870712401055,0.48,0.915254237288136
"671dda0e45e76f35ce05de62","2_5",0,1,"1_2","1",1,"2.5_wrong_fast",0.760870712401055,0.48,0.915254237288136
"671dda0e45e76f35ce05de62","2_5",0,1,"1_3","0",1,"2.5_wrong_fast",0.760870712401055,0.48,0.915254237288136
"671dda0e45e76f35ce05de62","2_5",0,1,"1_4","0",1,"2.5_wrong_fast",0.760870712401055,0.48,0.915254237288136
"671dda0e45e76f35ce05de62","2_5",0,1,"1_5","0",1,"2.5_wrong_fast",0.760870712401055,0.48,0.915254237288136
"671ebf7776922e1fe2259938","2_1",0,0,"1_1","0",11,"2.1_wrong_slow",0.396726726726727,0.19,0.234463276836158
"671ebf7776922e1fe2259938","2_1",0,0,"1_2","0",11,"2.1_wrong_slow",0.396726726726727,0.19,0.234463276836158
"671ebf7776922e1fe2259938","2_1",0,0,"1_3","0",11,"2.1_wrong_slow",0.396726726726727,0.19,0.234463276836158
"671ebf7776922e1fe2259938","2_1",0,0,"1_4","1",11,"2.1_wrong_slow",0.396726726726727,0.19,0.234463276836158
"671ebf7776922e1fe2259938","2_1",0,0,"1_5","0",11,"2.1_wrong_slow",0.396726726726727,0.19,0.234463276836158
"671ebf7776922e1fe2259938","2_1",1,1,"1_1","1",11,"2.1_right_fast",0.396726726726727,0.73,0.234463276836158
"671ebf7776922e1fe2259938","2_1",1,1,"1_2","1",11,"2.1_right_fast",0.396726726726727,0.73,0.234463276836158
"671ebf7776922e1fe2259938","2_1",1,1,"1_3","1",11,"2.1_right_fast",0.396726726726727,0.73,0.234463276836158
"671ebf7776922e1fe2259938","2_1",1,1,"1_4","1",11,"2.1_right_fast",0.396726726726727,0.73,0.234463276836158
"671ebf7776922e1fe2259938","2_1",1,1,"1_5","0",11,"2.1_right_fast",0.396726726726727,0.73,0.234463276836158
"671ebf7776922e1fe2259938","2_2",1,1,"1_1","1",11,"2.2_right_fast",0.566398891966759,0.31,0.536723163841808
"671ebf7776922e1fe2259938","2_2",1,1,"1_2","1",11,"2.2_right_fast",0.566398891966759,0.31,0.536723163841808
"671ebf7776922e1fe2259938","2_2",1,1,"1_3","1",11,"2.2_right_fast",0.566398891966759,0.31,0.536723163841808
"671ebf7776922e1fe2259938","2_2",1,1,"1_4","1",11,"2.2_right_fast",0.566398891966759,0.31,0.536723163841808
"671ebf7776922e1fe2259938","2_2",1,1,"1_5","0",11,"2.2_right_fast",0.566398891966759,0.31,0.536723163841808
"671ebf7776922e1fe2259938","2_3",1,1,"1_1","1",11,"2.3_right_fast",0.577430167597765,0.77,0.446327683615819
"671ebf7776922e1fe2259938","2_3",1,1,"1_2","1",11,"2.3_right_fast",0.577430167597765,0.77,0.446327683615819
"671ebf7776922e1fe2259938","2_3",1,1,"1_3","1",11,"2.3_right_fast",0.577430167597765,0.77,0.446327683615819
"671ebf7776922e1fe2259938","2_3",1,1,"1_4","1",11,"2.3_right_fast",0.577430167597765,0.77,0.446327683615819
"671ebf7776922e1fe2259938","2_3",1,1,"1_5","0",11,"2.3_right_fast",0.577430167597765,0.77,0.446327683615819
"671ebf7776922e1fe2259938","2_2",0,1,"1_1","1",11,"2.2_wrong_fast",0.566398891966759,0.85,0.536723163841808
"671ebf7776922e1fe2259938","2_2",0,1,"1_2","0",11,"2.2_wrong_fast",0.566398891966759,0.85,0.536723163841808
"671ebf7776922e1fe2259938","2_2",0,1,"1_3","1",11,"2.2_wrong_fast",0.566398891966759,0.85,0.536723163841808
"671ebf7776922e1fe2259938","2_2",0,1,"1_4","1",11,"2.2_wrong_fast",0.566398891966759,0.85,0.536723163841808
"671ebf7776922e1fe2259938","2_2",0,1,"1_5","0",11,"2.2_wrong_fast",0.566398891966759,0.85,0.536723163841808
"6721335ba6e4ffe7fc6d1ca1","2_5",1,0,"1_1","1",9,"2.5_right_slow",0.760870712401055,0.69,0.915254237288136
"6721335ba6e4ffe7fc6d1ca1","2_5",1,0,"1_2","1",9,"2.5_right_slow",0.760870712401055,0.69,0.915254237288136
"6721335ba6e4ffe7fc6d1ca1","2_5",1,0,"1_3","1",9,"2.5_right_slow",0.760870712401055,0.69,0.915254237288136
"6721335ba6e4ffe7fc6d1ca1","2_5",1,0,"1_4","1",9,"2.5_right_slow",0.760870712401055,0.69,0.915254237288136
"6721335ba6e4ffe7fc6d1ca1","2_5",1,0,"1_5","0",9,"2.5_right_slow",0.760870712401055,0.69,0.915254237288136
"6721335ba6e4ffe7fc6d1ca1","2_2",1,1,"1_1","1",9,"2.2_right_fast",0.566398891966759,0.64,0.536723163841808
"6721335ba6e4ffe7fc6d1ca1","2_2",1,1,"1_2","1",9,"2.2_right_fast",0.566398891966759,0.64,0.536723163841808
"6721335ba6e4ffe7fc6d1ca1","2_2",1,1,"1_3","1",9,"2.2_right_fast",0.566398891966759,0.64,0.536723163841808
"6721335ba6e4ffe7fc6d1ca1","2_2",1,1,"1_4","1",9,"2.2_right_fast",0.566398891966759,0.64,0.536723163841808
"6721335ba6e4ffe7fc6d1ca1","2_2",1,1,"1_5","0",9,"2.2_right_fast",0.566398891966759,0.64,0.536723163841808
"6721335ba6e4ffe7fc6d1ca1","2_5",1,1,"1_1","1",9,"2.5_right_fast",0.760870712401055,0.89,0.915254237288136
"6721335ba6e4ffe7fc6d1ca1","2_5",1,1,"1_2","1",9,"2.5_right_fast",0.760870712401055,0.89,0.915254237288136
"6721335ba6e4ffe7fc6d1ca1","2_5",1,1,"1_3","1",9,"2.5_right_fast",0.760870712401055,0.89,0.915254237288136
"6721335ba6e4ffe7fc6d1ca1","2_5",1,1,"1_4","1",9,"2.5_right_fast",0.760870712401055,0.89,0.915254237288136
"6721335ba6e4ffe7fc6d1ca1","2_5",1,1,"1_5","1",9,"2.5_right_fast",0.760870712401055,0.89,0.915254237288136
"6721335ba6e4ffe7fc6d1ca1","2_3",0,1,"1_1","1",9,"2.3_wrong_fast",0.577430167597765,0.74,0.446327683615819
"6721335ba6e4ffe7fc6d1ca1","2_3",0,1,"1_2","0",9,"2.3_wrong_fast",0.577430167597765,0.74,0.446327683615819
"6721335ba6e4ffe7fc6d1ca1","2_3",0,1,"1_3","1",9,"2.3_wrong_fast",0.577430167597765,0.74,0.446327683615819
"6721335ba6e4ffe7fc6d1ca1","2_3",0,1,"1_4","0",9,"2.3_wrong_fast",0.577430167597765,0.74,0.446327683615819
"6721335ba6e4ffe7fc6d1ca1","2_3",0,1,"1_5","0",9,"2.3_wrong_fast",0.577430167597765,0.74,0.446327683615819
"6721335ba6e4ffe7fc6d1ca1","2_5",0,1,"1_1","1",9,"2.5_wrong_fast",0.760870712401055,0.91,0.915254237288136
"6721335ba6e4ffe7fc6d1ca1","2_5",0,1,"1_2","0",9,"2.5_wrong_fast",0.760870712401055,0.91,0.915254237288136
"6721335ba6e4ffe7fc6d1ca1","2_5",0,1,"1_3","1",9,"2.5_wrong_fast",0.760870712401055,0.91,0.915254237288136
"6721335ba6e4ffe7fc6d1ca1","2_5",0,1,"1_4","0",9,"2.5_wrong_fast",0.760870712401055,0.91,0.915254237288136
"6721335ba6e4ffe7fc6d1ca1","2_5",0,1,"1_5","0",9,"2.5_wrong_fast",0.760870712401055,0.91,0.915254237288136
"6726f38cd14d8ba8644f2bcf","2_3",1,0,"1_1","1",4,"2.3_right_slow",0.577430167597765,0.33,0.446327683615819
"6726f38cd14d8ba8644f2bcf","2_3",1,0,"1_2","1",4,"2.3_right_slow",0.577430167597765,0.33,0.446327683615819
"6726f38cd14d8ba8644f2bcf","2_3",1,0,"1_3","1",4,"2.3_right_slow",0.577430167597765,0.33,0.446327683615819
"6726f38cd14d8ba8644f2bcf","2_3",1,0,"1_4","1",4,"2.3_right_slow",0.577430167597765,0.33,0.446327683615819
"6726f38cd14d8ba8644f2bcf","2_3",1,0,"1_5","0",4,"2.3_right_slow",0.577430167597765,0.33,0.446327683615819
"6726f38cd14d8ba8644f2bcf","2_3",0,0,"1_1","1",4,"2.3_wrong_slow",0.577430167597765,0.4,0.446327683615819
"6726f38cd14d8ba8644f2bcf","2_3",0,0,"1_2","1",4,"2.3_wrong_slow",0.577430167597765,0.4,0.446327683615819
"6726f38cd14d8ba8644f2bcf","2_3",0,0,"1_3","0",4,"2.3_wrong_slow",0.577430167597765,0.4,0.446327683615819
"6726f38cd14d8ba8644f2bcf","2_3",0,0,"1_4","1",4,"2.3_wrong_slow",0.577430167597765,0.4,0.446327683615819
"6726f38cd14d8ba8644f2bcf","2_3",0,0,"1_5","0",4,"2.3_wrong_slow",0.577430167597765,0.4,0.446327683615819
"6726f38cd14d8ba8644f2bcf","2_3",1,1,"1_1","1",4,"2.3_right_fast",0.577430167597765,0.81,0.446327683615819
"6726f38cd14d8ba8644f2bcf","2_3",1,1,"1_2","1",4,"2.3_right_fast",0.577430167597765,0.81,0.446327683615819
"6726f38cd14d8ba8644f2bcf","2_3",1,1,"1_3","1",4,"2.3_right_fast",0.577430167597765,0.81,0.446327683615819
"6726f38cd14d8ba8644f2bcf","2_3",1,1,"1_4","1",4,"2.3_right_fast",0.577430167597765,0.81,0.446327683615819
"6726f38cd14d8ba8644f2bcf","2_3",1,1,"1_5","0",4,"2.3_right_fast",0.577430167597765,0.81,0.446327683615819
"6726f38cd14d8ba8644f2bcf","2_4",1,1,"1_1","1",4,"2.4_right_fast",0.518938053097345,0.71,0.675141242937853
"6726f38cd14d8ba8644f2bcf","2_4",1,1,"1_2","1",4,"2.4_right_fast",0.518938053097345,0.71,0.675141242937853
"6726f38cd14d8ba8644f2bcf","2_4",1,1,"1_3","1",4,"2.4_right_fast",0.518938053097345,0.71,0.675141242937853
"6726f38cd14d8ba8644f2bcf","2_4",1,1,"1_4","1",4,"2.4_right_fast",0.518938053097345,0.71,0.675141242937853
"6726f38cd14d8ba8644f2bcf","2_4",1,1,"1_5","1",4,"2.4_right_fast",0.518938053097345,0.71,0.675141242937853
"6726f38cd14d8ba8644f2bcf","2_2",0,1,"1_1","1",4,"2.2_wrong_fast",0.566398891966759,0.59,0.536723163841808
"6726f38cd14d8ba8644f2bcf","2_2",0,1,"1_2","0",4,"2.2_wrong_fast",0.566398891966759,0.59,0.536723163841808
"6726f38cd14d8ba8644f2bcf","2_2",0,1,"1_3","0",4,"2.2_wrong_fast",0.566398891966759,0.59,0.536723163841808
"6726f38cd14d8ba8644f2bcf","2_2",0,1,"1_4","0",4,"2.2_wrong_fast",0.566398891966759,0.59,0.536723163841808
"6726f38cd14d8ba8644f2bcf","2_2",0,1,"1_5","0",4,"2.2_wrong_fast",0.566398891966759,0.59,0.536723163841808
"6727af89081bd9f0e0d0973d","2_5",1,0,"1_1","1",7,"2.5_right_slow",0.760870712401055,0.82,0.915254237288136
"6727af89081bd9f0e0d0973d","2_5",1,0,"1_2","1",7,"2.5_right_slow",0.760870712401055,0.82,0.915254237288136
"6727af89081bd9f0e0d0973d","2_5",1,0,"1_3","1",7,"2.5_right_slow",0.760870712401055,0.82,0.915254237288136
"6727af89081bd9f0e0d0973d","2_5",1,0,"1_4","1",7,"2.5_right_slow",0.760870712401055,0.82,0.915254237288136
"6727af89081bd9f0e0d0973d","2_5",1,0,"1_5","1",7,"2.5_right_slow",0.760870712401055,0.82,0.915254237288136
"6727af89081bd9f0e0d0973d","2_3",0,0,"1_1","1",7,"2.3_wrong_slow",0.577430167597765,0.4,0.446327683615819
"6727af89081bd9f0e0d0973d","2_3",0,0,"1_2","1",7,"2.3_wrong_slow",0.577430167597765,0.4,0.446327683615819
"6727af89081bd9f0e0d0973d","2_3",0,0,"1_3","0",7,"2.3_wrong_slow",0.577430167597765,0.4,0.446327683615819
"6727af89081bd9f0e0d0973d","2_3",0,0,"1_4","1",7,"2.3_wrong_slow",0.577430167597765,0.4,0.446327683615819
"6727af89081bd9f0e0d0973d","2_3",0,0,"1_5","0",7,"2.3_wrong_slow",0.577430167597765,0.4,0.446327683615819
"6727af89081bd9f0e0d0973d","2_1",1,1,"1_1","1",7,"2.1_right_fast",0.396726726726727,0.29,0.234463276836158
"6727af89081bd9f0e0d0973d","2_1",1,1,"1_2","1",7,"2.1_right_fast",0.396726726726727,0.29,0.234463276836158
"6727af89081bd9f0e0d0973d","2_1",1,1,"1_3","1",7,"2.1_right_fast",0.396726726726727,0.29,0.234463276836158
"6727af89081bd9f0e0d0973d","2_1",1,1,"1_4","1",7,"2.1_right_fast",0.396726726726727,0.29,0.234463276836158
"6727af89081bd9f0e0d0973d","2_1",1,1,"1_5","0",7,"2.1_right_fast",0.396726726726727,0.29,0.234463276836158
"6727af89081bd9f0e0d0973d","2_4",1,1,"1_1","1",7,"2.4_right_fast",0.518938053097345,0.59,0.675141242937853
"6727af89081bd9f0e0d0973d","2_4",1,1,"1_2","1",7,"2.4_right_fast",0.518938053097345,0.59,0.675141242937853
"6727af89081bd9f0e0d0973d","2_4",1,1,"1_3","1",7,"2.4_right_fast",0.518938053097345,0.59,0.675141242937853
"6727af89081bd9f0e0d0973d","2_4",1,1,"1_4","1",7,"2.4_right_fast",0.518938053097345,0.59,0.675141242937853
"6727af89081bd9f0e0d0973d","2_4",1,1,"1_5","0",7,"2.4_right_fast",0.518938053097345,0.59,0.675141242937853
"6727af89081bd9f0e0d0973d","2_3",0,1,"1_1","1",7,"2.3_wrong_fast",0.577430167597765,0.63,0.446327683615819
"6727af89081bd9f0e0d0973d","2_3",0,1,"1_2","1",7,"2.3_wrong_fast",0.577430167597765,0.63,0.446327683615819
"6727af89081bd9f0e0d0973d","2_3",0,1,"1_3","1",7,"2.3_wrong_fast",0.577430167597765,0.63,0.446327683615819
"6727af89081bd9f0e0d0973d","2_3",0,1,"1_4","1",7,"2.3_wrong_fast",0.577430167597765,0.63,0.446327683615819
"6727af89081bd9f0e0d0973d","2_3",0,1,"1_5","0",7,"2.3_wrong_fast",0.577430167597765,0.63,0.446327683615819
"67283913f11cbfde51b17706","2_4",1,0,"1_1","1",10,"2.4_right_slow",0.518938053097345,0.68,0.675141242937853
"67283913f11cbfde51b17706","2_4",1,0,"1_2","1",10,"2.4_right_slow",0.518938053097345,0.68,0.675141242937853
"67283913f11cbfde51b17706","2_4",1,0,"1_3","1",10,"2.4_right_slow",0.518938053097345,0.68,0.675141242937853
"67283913f11cbfde51b17706","2_4",1,0,"1_4","1",10,"2.4_right_slow",0.518938053097345,0.68,0.675141242937853
"67283913f11cbfde51b17706","2_4",1,0,"1_5","0",10,"2.4_right_slow",0.518938053097345,0.68,0.675141242937853
"67283913f11cbfde51b17706","2_5",1,0,"1_1","1",10,"2.5_right_slow",0.760870712401055,0.73,0.915254237288136
"67283913f11cbfde51b17706","2_5",1,0,"1_2","1",10,"2.5_right_slow",0.760870712401055,0.73,0.915254237288136
"67283913f11cbfde51b17706","2_5",1,0,"1_3","1",10,"2.5_right_slow",0.760870712401055,0.73,0.915254237288136
"67283913f11cbfde51b17706","2_5",1,0,"1_4","1",10,"2.5_right_slow",0.760870712401055,0.73,0.915254237288136
"67283913f11cbfde51b17706","2_5",1,0,"1_5","1",10,"2.5_right_slow",0.760870712401055,0.73,0.915254237288136
"67283913f11cbfde51b17706","2_1",0,0,"1_1","1",10,"2.1_wrong_slow",0.396726726726727,0.22,0.234463276836158
"67283913f11cbfde51b17706","2_1",0,0,"1_2","1",10,"2.1_wrong_slow",0.396726726726727,0.22,0.234463276836158
"67283913f11cbfde51b17706","2_1",0,0,"1_3","0",10,"2.1_wrong_slow",0.396726726726727,0.22,0.234463276836158
"67283913f11cbfde51b17706","2_1",0,0,"1_4","1",10,"2.1_wrong_slow",0.396726726726727,0.22,0.234463276836158
"67283913f11cbfde51b17706","2_1",0,0,"1_5","0",10,"2.1_wrong_slow",0.396726726726727,0.22,0.234463276836158
"67283913f11cbfde51b17706","2_2",1,1,"1_1","1",10,"2.2_right_fast",0.566398891966759,0.47,0.536723163841808
"67283913f11cbfde51b17706","2_2",1,1,"1_2","1",10,"2.2_right_fast",0.566398891966759,0.47,0.536723163841808
"67283913f11cbfde51b17706","2_2",1,1,"1_3","1",10,"2.2_right_fast",0.566398891966759,0.47,0.536723163841808
"67283913f11cbfde51b17706","2_2",1,1,"1_4","1",10,"2.2_right_fast",0.566398891966759,0.47,0.536723163841808
"67283913f11cbfde51b17706","2_2",1,1,"1_5","0",10,"2.2_right_fast",0.566398891966759,0.47,0.536723163841808
"67283913f11cbfde51b17706","2_2",0,1,"1_1","1",10,"2.2_wrong_fast",0.566398891966759,0.32,0.536723163841808
"67283913f11cbfde51b17706","2_2",0,1,"1_2","0",10,"2.2_wrong_fast",0.566398891966759,0.32,0.536723163841808
"67283913f11cbfde51b17706","2_2",0,1,"1_3","1",10,"2.2_wrong_fast",0.566398891966759,0.32,0.536723163841808
"67283913f11cbfde51b17706","2_2",0,1,"1_4","1",10,"2.2_wrong_fast",0.566398891966759,0.32,0.536723163841808
"67283913f11cbfde51b17706","2_2",0,1,"1_5","0",10,"2.2_wrong_fast",0.566398891966759,0.32,0.536723163841808
"6728c6de354d8cf555f41110","2_1",1,0,"1_1","1",7,"2.1_right_slow",0.396726726726727,0.71,0.234463276836158
"6728c6de354d8cf555f41110","2_1",1,0,"1_2","1",7,"2.1_right_slow",0.396726726726727,0.71,0.234463276836158
"6728c6de354d8cf555f41110","2_1",1,0,"1_3","0",7,"2.1_right_slow",0.396726726726727,0.71,0.234463276836158
"6728c6de354d8cf555f41110","2_1",1,0,"1_4","0",7,"2.1_right_slow",0.396726726726727,0.71,0.234463276836158
"6728c6de354d8cf555f41110","2_1",1,0,"1_5","0",7,"2.1_right_slow",0.396726726726727,0.71,0.234463276836158
"6728c6de354d8cf555f41110","2_1",1,1,"1_1","1",7,"2.1_right_fast",0.396726726726727,0.79,0.234463276836158
"6728c6de354d8cf555f41110","2_1",1,1,"1_2","1",7,"2.1_right_fast",0.396726726726727,0.79,0.234463276836158
"6728c6de354d8cf555f41110","2_1",1,1,"1_3","0",7,"2.1_right_fast",0.396726726726727,0.79,0.234463276836158
"6728c6de354d8cf555f41110","2_1",1,1,"1_4","0",7,"2.1_right_fast",0.396726726726727,0.79,0.234463276836158
"6728c6de354d8cf555f41110","2_1",1,1,"1_5","0",7,"2.1_right_fast",0.396726726726727,0.79,0.234463276836158
"6728c6de354d8cf555f41110","2_1",0,1,"1_1","1",7,"2.1_wrong_fast",0.396726726726727,0.5,0.234463276836158
"6728c6de354d8cf555f41110","2_1",0,1,"1_2","0",7,"2.1_wrong_fast",0.396726726726727,0.5,0.234463276836158
"6728c6de354d8cf555f41110","2_1",0,1,"1_3","0",7,"2.1_wrong_fast",0.396726726726727,0.5,0.234463276836158
"6728c6de354d8cf555f41110","2_1",0,1,"1_4","0",7,"2.1_wrong_fast",0.396726726726727,0.5,0.234463276836158
"6728c6de354d8cf555f41110","2_1",0,1,"1_5","0",7,"2.1_wrong_fast",0.396726726726727,0.5,0.234463276836158
"6728c6de354d8cf555f41110","2_4",0,1,"1_1","1",7,"2.4_wrong_fast",0.518938053097345,0.91,0.675141242937853
"6728c6de354d8cf555f41110","2_4",0,1,"1_2","1",7,"2.4_wrong_fast",0.518938053097345,0.91,0.675141242937853
"6728c6de354d8cf555f41110","2_4",0,1,"1_3","0",7,"2.4_wrong_fast",0.518938053097345,0.91,0.675141242937853
"6728c6de354d8cf555f41110","2_4",0,1,"1_4","0",7,"2.4_wrong_fast",0.518938053097345,0.91,0.675141242937853
"6728c6de354d8cf555f41110","2_4",0,1,"1_5","0",7,"2.4_wrong_fast",0.518938053097345,0.91,0.675141242937853
"6728c6de354d8cf555f41110","2_5",0,1,"1_1","1",7,"2.5_wrong_fast",0.760870712401055,1,0.915254237288136
"6728c6de354d8cf555f41110","2_5",0,1,"1_2","0",7,"2.5_wrong_fast",0.760870712401055,1,0.915254237288136
"6728c6de354d8cf555f41110","2_5",0,1,"1_3","0",7,"2.5_wrong_fast",0.760870712401055,1,0.915254237288136
"6728c6de354d8cf555f41110","2_5",0,1,"1_4","0",7,"2.5_wrong_fast",0.760870712401055,1,0.915254237288136
"6728c6de354d8cf555f41110","2_5",0,1,"1_5","0",7,"2.5_wrong_fast",0.760870712401055,1,0.915254237288136
"672931da14bedacc4b738eb7","2_1",1,0,"1_1","1",2,"2.1_right_slow",0.396726726726727,0.14,0.234463276836158
"672931da14bedacc4b738eb7","2_1",1,0,"1_2","1",2,"2.1_right_slow",0.396726726726727,0.14,0.234463276836158
"672931da14bedacc4b738eb7","2_1",1,0,"1_3","1",2,"2.1_right_slow",0.396726726726727,0.14,0.234463276836158
"672931da14bedacc4b738eb7","2_1",1,0,"1_4","1",2,"2.1_right_slow",0.396726726726727,0.14,0.234463276836158
"672931da14bedacc4b738eb7","2_1",1,0,"1_5","0",2,"2.1_right_slow",0.396726726726727,0.14,0.234463276836158
"672931da14bedacc4b738eb7","2_3",1,0,"1_1","1",2,"2.3_right_slow",0.577430167597765,0.46,0.446327683615819
"672931da14bedacc4b738eb7","2_3",1,0,"1_2","1",2,"2.3_right_slow",0.577430167597765,0.46,0.446327683615819
"672931da14bedacc4b738eb7","2_3",1,0,"1_3","1",2,"2.3_right_slow",0.577430167597765,0.46,0.446327683615819
"672931da14bedacc4b738eb7","2_3",1,0,"1_4","1",2,"2.3_right_slow",0.577430167597765,0.46,0.446327683615819
"672931da14bedacc4b738eb7","2_3",1,0,"1_5","0",2,"2.3_right_slow",0.577430167597765,0.46,0.446327683615819
"672931da14bedacc4b738eb7","2_5",0,0,"1_1","1",2,"2.5_wrong_slow",0.760870712401055,0.5,0.915254237288136
"672931da14bedacc4b738eb7","2_5",0,0,"1_2","1",2,"2.5_wrong_slow",0.760870712401055,0.5,0.915254237288136
"672931da14bedacc4b738eb7","2_5",0,0,"1_3","1",2,"2.5_wrong_slow",0.760870712401055,0.5,0.915254237288136
"672931da14bedacc4b738eb7","2_5",0,0,"1_4","1",2,"2.5_wrong_slow",0.760870712401055,0.5,0.915254237288136
"672931da14bedacc4b738eb7","2_5",0,0,"1_5","0",2,"2.5_wrong_slow",0.760870712401055,0.5,0.915254237288136
"672931da14bedacc4b738eb7","2_1",0,1,"1_1","1",2,"2.1_wrong_fast",0.396726726726727,0.2,0.234463276836158
"672931da14bedacc4b738eb7","2_1",0,1,"1_2","0",2,"2.1_wrong_fast",0.396726726726727,0.2,0.234463276836158
"672931da14bedacc4b738eb7","2_1",0,1,"1_3","0",2,"2.1_wrong_fast",0.396726726726727,0.2,0.234463276836158
"672931da14bedacc4b738eb7","2_1",0,1,"1_4","1",2,"2.1_wrong_fast",0.396726726726727,0.2,0.234463276836158
"672931da14bedacc4b738eb7","2_1",0,1,"1_5","0",2,"2.1_wrong_fast",0.396726726726727,0.2,0.234463276836158
"672931da14bedacc4b738eb7","2_3",0,1,"1_1","1",2,"2.3_wrong_fast",0.577430167597765,0.5,0.446327683615819
"672931da14bedacc4b738eb7","2_3",0,1,"1_2","0",2,"2.3_wrong_fast",0.577430167597765,0.5,0.446327683615819
"672931da14bedacc4b738eb7","2_3",0,1,"1_3","0",2,"2.3_wrong_fast",0.577430167597765,0.5,0.446327683615819
"672931da14bedacc4b738eb7","2_3",0,1,"1_4","1",2,"2.3_wrong_fast",0.577430167597765,0.5,0.446327683615819
"672931da14bedacc4b738eb7","2_3",0,1,"1_5","0",2,"2.3_wrong_fast",0.577430167597765,0.5,0.446327683615819
"672952039185e26840dba650","2_4",1,0,"1_1","1",6,"2.4_right_slow",0.518938053097345,0.25,0.675141242937853
"672952039185e26840dba650","2_4",1,0,"1_2","1",6,"2.4_right_slow",0.518938053097345,0.25,0.675141242937853
"672952039185e26840dba650","2_4",1,0,"1_3","0",6,"2.4_right_slow",0.518938053097345,0.25,0.675141242937853
"672952039185e26840dba650","2_4",1,0,"1_4","1",6,"2.4_right_slow",0.518938053097345,0.25,0.675141242937853
"672952039185e26840dba650","2_4",1,0,"1_5","0",6,"2.4_right_slow",0.518938053097345,0.25,0.675141242937853
"672952039185e26840dba650","2_2",0,0,"1_1","1",6,"2.2_wrong_slow",0.566398891966759,0.4,0.536723163841808
"672952039185e26840dba650","2_2",0,0,"1_2","0",6,"2.2_wrong_slow",0.566398891966759,0.4,0.536723163841808
"672952039185e26840dba650","2_2",0,0,"1_3","0",6,"2.2_wrong_slow",0.566398891966759,0.4,0.536723163841808
"672952039185e26840dba650","2_2",0,0,"1_4","0",6,"2.2_wrong_slow",0.566398891966759,0.4,0.536723163841808
"672952039185e26840dba650","2_2",0,0,"1_5","0",6,"2.2_wrong_slow",0.566398891966759,0.4,0.536723163841808
"672952039185e26840dba650","2_3",0,0,"1_1","1",6,"2.3_wrong_slow",0.577430167597765,0.7,0.446327683615819
"672952039185e26840dba650","2_3",0,0,"1_2","1",6,"2.3_wrong_slow",0.577430167597765,0.7,0.446327683615819
"672952039185e26840dba650","2_3",0,0,"1_3","0",6,"2.3_wrong_slow",0.577430167597765,0.7,0.446327683615819
"672952039185e26840dba650","2_3",0,0,"1_4","0",6,"2.3_wrong_slow",0.577430167597765,0.7,0.446327683615819
"672952039185e26840dba650","2_3",0,0,"1_5","0",6,"2.3_wrong_slow",0.577430167597765,0.7,0.446327683615819
"672952039185e26840dba650","2_3",0,1,"1_1","1",6,"2.3_wrong_fast",0.577430167597765,0.9,0.446327683615819
"672952039185e26840dba650","2_3",0,1,"1_2","1",6,"2.3_wrong_fast",0.577430167597765,0.9,0.446327683615819
"672952039185e26840dba650","2_3",0,1,"1_3","0",6,"2.3_wrong_fast",0.577430167597765,0.9,0.446327683615819
"672952039185e26840dba650","2_3",0,1,"1_4","0",6,"2.3_wrong_fast",0.577430167597765,0.9,0.446327683615819
"672952039185e26840dba650","2_3",0,1,"1_5","0",6,"2.3_wrong_fast",0.577430167597765,0.9,0.446327683615819
"672952039185e26840dba650","2_5",0,1,"1_1","1",6,"2.5_wrong_fast",0.760870712401055,0.98,0.915254237288136
"672952039185e26840dba650","2_5",0,1,"1_2","0",6,"2.5_wrong_fast",0.760870712401055,0.98,0.915254237288136
"672952039185e26840dba650","2_5",0,1,"1_3","0",6,"2.5_wrong_fast",0.760870712401055,0.98,0.915254237288136
"672952039185e26840dba650","2_5",0,1,"1_4","1",6,"2.5_wrong_fast",0.760870712401055,0.98,0.915254237288136
"672952039185e26840dba650","2_5",0,1,"1_5","0",6,"2.5_wrong_fast",0.760870712401055,0.98,0.915254237288136
"672a4909b6dfbe6ba024ddeb","2_2",1,0,"1_1","1",9,"2.2_right_slow",0.566398891966759,0.28,0.536723163841808
"672a4909b6dfbe6ba024ddeb","2_2",1,0,"1_2","1",9,"2.2_right_slow",0.566398891966759,0.28,0.536723163841808
"672a4909b6dfbe6ba024ddeb","2_2",1,0,"1_3","1",9,"2.2_right_slow",0.566398891966759,0.28,0.536723163841808
"672a4909b6dfbe6ba024ddeb","2_2",1,0,"1_4","1",9,"2.2_right_slow",0.566398891966759,0.28,0.536723163841808
"672a4909b6dfbe6ba024ddeb","2_2",1,0,"1_5","0",9,"2.2_right_slow",0.566398891966759,0.28,0.536723163841808
"672a4909b6dfbe6ba024ddeb","2_3",1,0,"1_1","1",9,"2.3_right_slow",0.577430167597765,0.27,0.446327683615819
"672a4909b6dfbe6ba024ddeb","2_3",1,0,"1_2","1",9,"2.3_right_slow",0.577430167597765,0.27,0.446327683615819
"672a4909b6dfbe6ba024ddeb","2_3",1,0,"1_3","1",9,"2.3_right_slow",0.577430167597765,0.27,0.446327683615819
"672a4909b6dfbe6ba024ddeb","2_3",1,0,"1_4","1",9,"2.3_right_slow",0.577430167597765,0.27,0.446327683615819
"672a4909b6dfbe6ba024ddeb","2_3",1,0,"1_5","0",9,"2.3_right_slow",0.577430167597765,0.27,0.446327683615819
"672a4909b6dfbe6ba024ddeb","2_4",1,0,"1_1","1",9,"2.4_right_slow",0.518938053097345,0.44,0.675141242937853
"672a4909b6dfbe6ba024ddeb","2_4",1,0,"1_2","1",9,"2.4_right_slow",0.518938053097345,0.44,0.675141242937853
"672a4909b6dfbe6ba024ddeb","2_4",1,0,"1_3","1",9,"2.4_right_slow",0.518938053097345,0.44,0.675141242937853
"672a4909b6dfbe6ba024ddeb","2_4",1,0,"1_4","1",9,"2.4_right_slow",0.518938053097345,0.44,0.675141242937853
"672a4909b6dfbe6ba024ddeb","2_4",1,0,"1_5","1",9,"2.4_right_slow",0.518938053097345,0.44,0.675141242937853
"672a4909b6dfbe6ba024ddeb","2_2",0,0,"1_1","1",9,"2.2_wrong_slow",0.566398891966759,0.29,0.536723163841808
"672a4909b6dfbe6ba024ddeb","2_2",0,0,"1_2","0",9,"2.2_wrong_slow",0.566398891966759,0.29,0.536723163841808
"672a4909b6dfbe6ba024ddeb","2_2",0,0,"1_3","1",9,"2.2_wrong_slow",0.566398891966759,0.29,0.536723163841808
"672a4909b6dfbe6ba024ddeb","2_2",0,0,"1_4","0",9,"2.2_wrong_slow",0.566398891966759,0.29,0.536723163841808
"672a4909b6dfbe6ba024ddeb","2_2",0,0,"1_5","0",9,"2.2_wrong_slow",0.566398891966759,0.29,0.536723163841808
"672a4909b6dfbe6ba024ddeb","2_4",1,1,"1_1","1",9,"2.4_right_fast",0.518938053097345,0.6,0.675141242937853
"672a4909b6dfbe6ba024ddeb","2_4",1,1,"1_2","1",9,"2.4_right_fast",0.518938053097345,0.6,0.675141242937853
"672a4909b6dfbe6ba024ddeb","2_4",1,1,"1_3","1",9,"2.4_right_fast",0.518938053097345,0.6,0.675141242937853
"672a4909b6dfbe6ba024ddeb","2_4",1,1,"1_4","1",9,"2.4_right_fast",0.518938053097345,0.6,0.675141242937853
"672a4909b6dfbe6ba024ddeb","2_4",1,1,"1_5","0",9,"2.4_right_fast",0.518938053097345,0.6,0.675141242937853
"672a6f5fc7bda7ce7ce814a7","2_2",1,0,"1_1","1",8,"2.2_right_slow",0.566398891966759,0.4,0.536723163841808
"672a6f5fc7bda7ce7ce814a7","2_2",1,0,"1_2","1",8,"2.2_right_slow",0.566398891966759,0.4,0.536723163841808
"672a6f5fc7bda7ce7ce814a7","2_2",1,0,"1_3","1",8,"2.2_right_slow",0.566398891966759,0.4,0.536723163841808
"672a6f5fc7bda7ce7ce814a7","2_2",1,0,"1_4","1",8,"2.2_right_slow",0.566398891966759,0.4,0.536723163841808
"672a6f5fc7bda7ce7ce814a7","2_2",1,0,"1_5","0",8,"2.2_right_slow",0.566398891966759,0.4,0.536723163841808
"672a6f5fc7bda7ce7ce814a7","2_4",0,0,"1_1","0",8,"2.4_wrong_slow",0.518938053097345,0.2,0.675141242937853
"672a6f5fc7bda7ce7ce814a7","2_4",0,0,"1_2","0",8,"2.4_wrong_slow",0.518938053097345,0.2,0.675141242937853
"672a6f5fc7bda7ce7ce814a7","2_4",0,0,"1_3","0",8,"2.4_wrong_slow",0.518938053097345,0.2,0.675141242937853
"672a6f5fc7bda7ce7ce814a7","2_4",0,0,"1_4","0",8,"2.4_wrong_slow",0.518938053097345,0.2,0.675141242937853
"672a6f5fc7bda7ce7ce814a7","2_4",0,0,"1_5","0",8,"2.4_wrong_slow",0.518938053097345,0.2,0.675141242937853
"672a6f5fc7bda7ce7ce814a7","2_1",1,1,"1_1","1",8,"2.1_right_fast",0.396726726726727,0.3,0.234463276836158
"672a6f5fc7bda7ce7ce814a7","2_1",1,1,"1_2","1",8,"2.1_right_fast",0.396726726726727,0.3,0.234463276836158
"672a6f5fc7bda7ce7ce814a7","2_1",1,1,"1_3","1",8,"2.1_right_fast",0.396726726726727,0.3,0.234463276836158
"672a6f5fc7bda7ce7ce814a7","2_1",1,1,"1_4","1",8,"2.1_right_fast",0.396726726726727,0.3,0.234463276836158
"672a6f5fc7bda7ce7ce814a7","2_1",1,1,"1_5","0",8,"2.1_right_fast",0.396726726726727,0.3,0.234463276836158
"672a6f5fc7bda7ce7ce814a7","2_4",1,1,"1_1","1",8,"2.4_right_fast",0.518938053097345,0.3,0.675141242937853
"672a6f5fc7bda7ce7ce814a7","2_4",1,1,"1_2","1",8,"2.4_right_fast",0.518938053097345,0.3,0.675141242937853
"672a6f5fc7bda7ce7ce814a7","2_4",1,1,"1_3","1",8,"2.4_right_fast",0.518938053097345,0.3,0.675141242937853
"672a6f5fc7bda7ce7ce814a7","2_4",1,1,"1_4","1",8,"2.4_right_fast",0.518938053097345,0.3,0.675141242937853
"672a6f5fc7bda7ce7ce814a7","2_4",1,1,"1_5","0",8,"2.4_right_fast",0.518938053097345,0.3,0.675141242937853
"672a6f5fc7bda7ce7ce814a7","2_5",1,1,"1_1","1",8,"2.5_right_fast",0.760870712401055,0.8,0.915254237288136
"672a6f5fc7bda7ce7ce814a7","2_5",1,1,"1_2","1",8,"2.5_right_fast",0.760870712401055,0.8,0.915254237288136
"672a6f5fc7bda7ce7ce814a7","2_5",1,1,"1_3","1",8,"2.5_right_fast",0.760870712401055,0.8,0.915254237288136
"672a6f5fc7bda7ce7ce814a7","2_5",1,1,"1_4","1",8,"2.5_right_fast",0.760870712401055,0.8,0.915254237288136
"672a6f5fc7bda7ce7ce814a7","2_5",1,1,"1_5","1",8,"2.5_right_fast",0.760870712401055,0.8,0.915254237288136
"672bd7268edc30919dbb118c","2_4",1,0,"1_1","1",8,"2.4_right_slow",0.518938053097345,0.46,0.675141242937853
"672bd7268edc30919dbb118c","2_4",1,0,"1_2","1",8,"2.4_right_slow",0.518938053097345,0.46,0.675141242937853
"672bd7268edc30919dbb118c","2_4",1,0,"1_3","1",8,"2.4_right_slow",0.518938053097345,0.46,0.675141242937853
"672bd7268edc30919dbb118c","2_4",1,0,"1_4","1",8,"2.4_right_slow",0.518938053097345,0.46,0.675141242937853
"672bd7268edc30919dbb118c","2_4",1,0,"1_5","1",8,"2.4_right_slow",0.518938053097345,0.46,0.675141242937853
"672bd7268edc30919dbb118c","2_5",1,0,"1_1","1",8,"2.5_right_slow",0.760870712401055,0.75,0.915254237288136
"672bd7268edc30919dbb118c","2_5",1,0,"1_2","1",8,"2.5_right_slow",0.760870712401055,0.75,0.915254237288136
"672bd7268edc30919dbb118c","2_5",1,0,"1_3","1",8,"2.5_right_slow",0.760870712401055,0.75,0.915254237288136
"672bd7268edc30919dbb118c","2_5",1,0,"1_4","0",8,"2.5_right_slow",0.760870712401055,0.75,0.915254237288136
"672bd7268edc30919dbb118c","2_5",1,0,"1_5","1",8,"2.5_right_slow",0.760870712401055,0.75,0.915254237288136
"672bd7268edc30919dbb118c","2_3",0,0,"1_1","1",8,"2.3_wrong_slow",0.577430167597765,0.35,0.446327683615819
"672bd7268edc30919dbb118c","2_3",0,0,"1_2","0",8,"2.3_wrong_slow",0.577430167597765,0.35,0.446327683615819
"672bd7268edc30919dbb118c","2_3",0,0,"1_3","1",8,"2.3_wrong_slow",0.577430167597765,0.35,0.446327683615819
"672bd7268edc30919dbb118c","2_3",0,0,"1_4","0",8,"2.3_wrong_slow",0.577430167597765,0.35,0.446327683615819
"672bd7268edc30919dbb118c","2_3",0,0,"1_5","0",8,"2.3_wrong_slow",0.577430167597765,0.35,0.446327683615819
"672bd7268edc30919dbb118c","2_2",1,1,"1_1","1",8,"2.2_right_fast",0.566398891966759,0.7,0.536723163841808
"672bd7268edc30919dbb118c","2_2",1,1,"1_2","1",8,"2.2_right_fast",0.566398891966759,0.7,0.536723163841808
"672bd7268edc30919dbb118c","2_2",1,1,"1_3","1",8,"2.2_right_fast",0.566398891966759,0.7,0.536723163841808
"672bd7268edc30919dbb118c","2_2",1,1,"1_4","0",8,"2.2_right_fast",0.566398891966759,0.7,0.536723163841808
"672bd7268edc30919dbb118c","2_2",1,1,"1_5","0",8,"2.2_right_fast",0.566398891966759,0.7,0.536723163841808
"672bd7268edc30919dbb118c","2_3",1,1,"1_1","1",8,"2.3_right_fast",0.577430167597765,0.4,0.446327683615819
"672bd7268edc30919dbb118c","2_3",1,1,"1_2","1",8,"2.3_right_fast",0.577430167597765,0.4,0.446327683615819
"672bd7268edc30919dbb118c","2_3",1,1,"1_3","1",8,"2.3_right_fast",0.577430167597765,0.4,0.446327683615819
"672bd7268edc30919dbb118c","2_3",1,1,"1_4","0",8,"2.3_right_fast",0.577430167597765,0.4,0.446327683615819
"672bd7268edc30919dbb118c","2_3",1,1,"1_5","0",8,"2.3_right_fast",0.577430167597765,0.4,0.446327683615819
"672ceecd4b982fd2123fa32f","2_1",1,0,"1_1","1",7,"2.1_right_slow",0.396726726726727,0.36,0.234463276836158
"672ceecd4b982fd2123fa32f","2_1",1,0,"1_2","1",7,"2.1_right_slow",0.396726726726727,0.36,0.234463276836158
"672ceecd4b982fd2123fa32f","2_1",1,0,"1_3","1",7,"2.1_right_slow",0.396726726726727,0.36,0.234463276836158
"672ceecd4b982fd2123fa32f","2_1",1,0,"1_4","1",7,"2.1_right_slow",0.396726726726727,0.36,0.234463276836158
"672ceecd4b982fd2123fa32f","2_1",1,0,"1_5","0",7,"2.1_right_slow",0.396726726726727,0.36,0.234463276836158
"672ceecd4b982fd2123fa32f","2_3",1,0,"1_1","1",7,"2.3_right_slow",0.577430167597765,0.83,0.446327683615819
"672ceecd4b982fd2123fa32f","2_3",1,0,"1_2","1",7,"2.3_right_slow",0.577430167597765,0.83,0.446327683615819
"672ceecd4b982fd2123fa32f","2_3",1,0,"1_3","1",7,"2.3_right_slow",0.577430167597765,0.83,0.446327683615819
"672ceecd4b982fd2123fa32f","2_3",1,0,"1_4","1",7,"2.3_right_slow",0.577430167597765,0.83,0.446327683615819
"672ceecd4b982fd2123fa32f","2_3",1,0,"1_5","0",7,"2.3_right_slow",0.577430167597765,0.83,0.446327683615819
"672ceecd4b982fd2123fa32f","2_4",1,0,"1_1","1",7,"2.4_right_slow",0.518938053097345,0.46,0.675141242937853
"672ceecd4b982fd2123fa32f","2_4",1,0,"1_2","1",7,"2.4_right_slow",0.518938053097345,0.46,0.675141242937853
"672ceecd4b982fd2123fa32f","2_4",1,0,"1_3","1",7,"2.4_right_slow",0.518938053097345,0.46,0.675141242937853
"672ceecd4b982fd2123fa32f","2_4",1,0,"1_4","1",7,"2.4_right_slow",0.518938053097345,0.46,0.675141242937853
"672ceecd4b982fd2123fa32f","2_4",1,0,"1_5","0",7,"2.4_right_slow",0.518938053097345,0.46,0.675141242937853
"672ceecd4b982fd2123fa32f","2_2",0,0,"1_1","1",7,"2.2_wrong_slow",0.566398891966759,0.71,0.536723163841808
"672ceecd4b982fd2123fa32f","2_2",0,0,"1_2","0",7,"2.2_wrong_slow",0.566398891966759,0.71,0.536723163841808
"672ceecd4b982fd2123fa32f","2_2",0,0,"1_3","0",7,"2.2_wrong_slow",0.566398891966759,0.71,0.536723163841808
"672ceecd4b982fd2123fa32f","2_2",0,0,"1_4","0",7,"2.2_wrong_slow",0.566398891966759,0.71,0.536723163841808
"672ceecd4b982fd2123fa32f","2_2",0,0,"1_5","0",7,"2.2_wrong_slow",0.566398891966759,0.71,0.536723163841808
"672ceecd4b982fd2123fa32f","2_4",1,1,"1_1","1",7,"2.4_right_fast",0.518938053097345,0.6,0.675141242937853
"672ceecd4b982fd2123fa32f","2_4",1,1,"1_2","1",7,"2.4_right_fast",0.518938053097345,0.6,0.675141242937853
"672ceecd4b982fd2123fa32f","2_4",1,1,"1_3","1",7,"2.4_right_fast",0.518938053097345,0.6,0.675141242937853
"672ceecd4b982fd2123fa32f","2_4",1,1,"1_4","1",7,"2.4_right_fast",0.518938053097345,0.6,0.675141242937853
"672ceecd4b982fd2123fa32f","2_4",1,1,"1_5","0",7,"2.4_right_fast",0.518938053097345,0.6,0.675141242937853
"672ed285dbe86b0a33526edd","2_1",1,0,"1_1","1",11,"2.1_right_slow",0.396726726726727,0.75,0.234463276836158
"672ed285dbe86b0a33526edd","2_1",1,0,"1_2","1",11,"2.1_right_slow",0.396726726726727,0.75,0.234463276836158
"672ed285dbe86b0a33526edd","2_1",1,0,"1_3","1",11,"2.1_right_slow",0.396726726726727,0.75,0.234463276836158
"672ed285dbe86b0a33526edd","2_1",1,0,"1_4","1",11,"2.1_right_slow",0.396726726726727,0.75,0.234463276836158
"672ed285dbe86b0a33526edd","2_1",1,0,"1_5","0",11,"2.1_right_slow",0.396726726726727,0.75,0.234463276836158
"672ed285dbe86b0a33526edd","2_1",0,0,"1_1","1",11,"2.1_wrong_slow",0.396726726726727,0.75,0.234463276836158
"672ed285dbe86b0a33526edd","2_1",0,0,"1_2","0",11,"2.1_wrong_slow",0.396726726726727,0.75,0.234463276836158
"672ed285dbe86b0a33526edd","2_1",0,0,"1_3","1",11,"2.1_wrong_slow",0.396726726726727,0.75,0.234463276836158
"672ed285dbe86b0a33526edd","2_1",0,0,"1_4","1",11,"2.1_wrong_slow",0.396726726726727,0.75,0.234463276836158
"672ed285dbe86b0a33526edd","2_1",0,0,"1_5","0",11,"2.1_wrong_slow",0.396726726726727,0.75,0.234463276836158
"672ed285dbe86b0a33526edd","2_3",0,0,"1_1","1",11,"2.3_wrong_slow",0.577430167597765,0.75,0.446327683615819
"672ed285dbe86b0a33526edd","2_3",0,0,"1_2","1",11,"2.3_wrong_slow",0.577430167597765,0.75,0.446327683615819
"672ed285dbe86b0a33526edd","2_3",0,0,"1_3","0",11,"2.3_wrong_slow",0.577430167597765,0.75,0.446327683615819
"672ed285dbe86b0a33526edd","2_3",0,0,"1_4","1",11,"2.3_wrong_slow",0.577430167597765,0.75,0.446327683615819
"672ed285dbe86b0a33526edd","2_3",0,0,"1_5","0",11,"2.3_wrong_slow",0.577430167597765,0.75,0.446327683615819
"672ed285dbe86b0a33526edd","2_5",0,0,"1_1","1",11,"2.5_wrong_slow",0.760870712401055,0.9,0.915254237288136
"672ed285dbe86b0a33526edd","2_5",0,0,"1_2","1",11,"2.5_wrong_slow",0.760870712401055,0.9,0.915254237288136
"672ed285dbe86b0a33526edd","2_5",0,0,"1_3","1",11,"2.5_wrong_slow",0.760870712401055,0.9,0.915254237288136
"672ed285dbe86b0a33526edd","2_5",0,0,"1_4","1",11,"2.5_wrong_slow",0.760870712401055,0.9,0.915254237288136
"672ed285dbe86b0a33526edd","2_5",0,0,"1_5","0",11,"2.5_wrong_slow",0.760870712401055,0.9,0.915254237288136
"672ed285dbe86b0a33526edd","2_2",0,1,"1_1","1",11,"2.2_wrong_fast",0.566398891966759,0.8,0.536723163841808
"672ed285dbe86b0a33526edd","2_2",0,1,"1_2","0",11,"2.2_wrong_fast",0.566398891966759,0.8,0.536723163841808
"672ed285dbe86b0a33526edd","2_2",0,1,"1_3","1",11,"2.2_wrong_fast",0.566398891966759,0.8,0.536723163841808
"672ed285dbe86b0a33526edd","2_2",0,1,"1_4","1",11,"2.2_wrong_fast",0.566398891966759,0.8,0.536723163841808
"672ed285dbe86b0a33526edd","2_2",0,1,"1_5","0",11,"2.2_wrong_fast",0.566398891966759,0.8,0.536723163841808
"672ede539bd39a8deecc501d","2_2",0,0,"1_1","1",5,"2.2_wrong_slow",0.566398891966759,0.8,0.536723163841808
"672ede539bd39a8deecc501d","2_2",0,0,"1_2","0",5,"2.2_wrong_slow",0.566398891966759,0.8,0.536723163841808
"672ede539bd39a8deecc501d","2_2",0,0,"1_3","0",5,"2.2_wrong_slow",0.566398891966759,0.8,0.536723163841808
"672ede539bd39a8deecc501d","2_2",0,0,"1_4","1",5,"2.2_wrong_slow",0.566398891966759,0.8,0.536723163841808
"672ede539bd39a8deecc501d","2_2",0,0,"1_5","0",5,"2.2_wrong_slow",0.566398891966759,0.8,0.536723163841808
"672ede539bd39a8deecc501d","2_4",0,0,"1_1","0",5,"2.4_wrong_slow",0.518938053097345,0.3,0.675141242937853
"672ede539bd39a8deecc501d","2_4",0,0,"1_2","0",5,"2.4_wrong_slow",0.518938053097345,0.3,0.675141242937853
"672ede539bd39a8deecc501d","2_4",0,0,"1_3","0",5,"2.4_wrong_slow",0.518938053097345,0.3,0.675141242937853
"672ede539bd39a8deecc501d","2_4",0,0,"1_4","0",5,"2.4_wrong_slow",0.518938053097345,0.3,0.675141242937853
"672ede539bd39a8deecc501d","2_4",0,0,"1_5","0",5,"2.4_wrong_slow",0.518938053097345,0.3,0.675141242937853
"672ede539bd39a8deecc501d","2_2",1,1,"1_1","1",5,"2.2_right_fast",0.566398891966759,0.7,0.536723163841808
"672ede539bd39a8deecc501d","2_2",1,1,"1_2","1",5,"2.2_right_fast",0.566398891966759,0.7,0.536723163841808
"672ede539bd39a8deecc501d","2_2",1,1,"1_3","0",5,"2.2_right_fast",0.566398891966759,0.7,0.536723163841808
"672ede539bd39a8deecc501d","2_2",1,1,"1_4","1",5,"2.2_right_fast",0.566398891966759,0.7,0.536723163841808
"672ede539bd39a8deecc501d","2_2",1,1,"1_5","0",5,"2.2_right_fast",0.566398891966759,0.7,0.536723163841808
"672ede539bd39a8deecc501d","2_3",1,1,"1_1","1",5,"2.3_right_fast",0.577430167597765,0.75,0.446327683615819
"672ede539bd39a8deecc501d","2_3",1,1,"1_2","0",5,"2.3_right_fast",0.577430167597765,0.75,0.446327683615819
"672ede539bd39a8deecc501d","2_3",1,1,"1_3","0",5,"2.3_right_fast",0.577430167597765,0.75,0.446327683615819
"672ede539bd39a8deecc501d","2_3",1,1,"1_4","1",5,"2.3_right_fast",0.577430167597765,0.75,0.446327683615819
"672ede539bd39a8deecc501d","2_3",1,1,"1_5","0",5,"2.3_right_fast",0.577430167597765,0.75,0.446327683615819
"672ede539bd39a8deecc501d","2_2",0,1,"1_1","1",5,"2.2_wrong_fast",0.566398891966759,0.75,0.536723163841808
"672ede539bd39a8deecc501d","2_2",0,1,"1_2","0",5,"2.2_wrong_fast",0.566398891966759,0.75,0.536723163841808
"672ede539bd39a8deecc501d","2_2",0,1,"1_3","0",5,"2.2_wrong_fast",0.566398891966759,0.75,0.536723163841808
"672ede539bd39a8deecc501d","2_2",0,1,"1_4","1",5,"2.2_wrong_fast",0.566398891966759,0.75,0.536723163841808
"672ede539bd39a8deecc501d","2_2",0,1,"1_5","0",5,"2.2_wrong_fast",0.566398891966759,0.75,0.536723163841808
"672eeebde600098b4b65d4a8","2_2",1,0,"1_1","1",6,"2.2_right_slow",0.566398891966759,0.4,0.536723163841808
"672eeebde600098b4b65d4a8","2_2",1,0,"1_2","1",6,"2.2_right_slow",0.566398891966759,0.4,0.536723163841808
"672eeebde600098b4b65d4a8","2_2",1,0,"1_3","1",6,"2.2_right_slow",0.566398891966759,0.4,0.536723163841808
"672eeebde600098b4b65d4a8","2_2",1,0,"1_4","1",6,"2.2_right_slow",0.566398891966759,0.4,0.536723163841808
"672eeebde600098b4b65d4a8","2_2",1,0,"1_5","0",6,"2.2_right_slow",0.566398891966759,0.4,0.536723163841808
"672eeebde600098b4b65d4a8","2_3",1,0,"1_1","1",6,"2.3_right_slow",0.577430167597765,0.71,0.446327683615819
"672eeebde600098b4b65d4a8","2_3",1,0,"1_2","1",6,"2.3_right_slow",0.577430167597765,0.71,0.446327683615819
"672eeebde600098b4b65d4a8","2_3",1,0,"1_3","1",6,"2.3_right_slow",0.577430167597765,0.71,0.446327683615819
"672eeebde600098b4b65d4a8","2_3",1,0,"1_4","1",6,"2.3_right_slow",0.577430167597765,0.71,0.446327683615819
"672eeebde600098b4b65d4a8","2_3",1,0,"1_5","0",6,"2.3_right_slow",0.577430167597765,0.71,0.446327683615819
"672eeebde600098b4b65d4a8","2_1",0,0,"1_1","1",6,"2.1_wrong_slow",0.396726726726727,0.3,0.234463276836158
"672eeebde600098b4b65d4a8","2_1",0,0,"1_2","0",6,"2.1_wrong_slow",0.396726726726727,0.3,0.234463276836158
"672eeebde600098b4b65d4a8","2_1",0,0,"1_3","1",6,"2.1_wrong_slow",0.396726726726727,0.3,0.234463276836158
"672eeebde600098b4b65d4a8","2_1",0,0,"1_4","0",6,"2.1_wrong_slow",0.396726726726727,0.3,0.234463276836158
"672eeebde600098b4b65d4a8","2_1",0,0,"1_5","0",6,"2.1_wrong_slow",0.396726726726727,0.3,0.234463276836158
"672eeebde600098b4b65d4a8","2_1",0,1,"1_1","1",6,"2.1_wrong_fast",0.396726726726727,0.5,0.234463276836158
"672eeebde600098b4b65d4a8","2_1",0,1,"1_2","0",6,"2.1_wrong_fast",0.396726726726727,0.5,0.234463276836158
"672eeebde600098b4b65d4a8","2_1",0,1,"1_3","1",6,"2.1_wrong_fast",0.396726726726727,0.5,0.234463276836158
"672eeebde600098b4b65d4a8","2_1",0,1,"1_4","0",6,"2.1_wrong_fast",0.396726726726727,0.5,0.234463276836158
"672eeebde600098b4b65d4a8","2_1",0,1,"1_5","0",6,"2.1_wrong_fast",0.396726726726727,0.5,0.234463276836158
"672eeebde600098b4b65d4a8","2_5",0,1,"1_1","1",6,"2.5_wrong_fast",0.760870712401055,0.89,0.915254237288136
"672eeebde600098b4b65d4a8","2_5",0,1,"1_2","0",6,"2.5_wrong_fast",0.760870712401055,0.89,0.915254237288136
"672eeebde600098b4b65d4a8","2_5",0,1,"1_3","1",6,"2.5_wrong_fast",0.760870712401055,0.89,0.915254237288136
"672eeebde600098b4b65d4a8","2_5",0,1,"1_4","1",6,"2.5_wrong_fast",0.760870712401055,0.89,0.915254237288136
"672eeebde600098b4b65d4a8","2_5",0,1,"1_5","0",6,"2.5_wrong_fast",0.760870712401055,0.89,0.915254237288136
"6732a429118814387a90a02f","2_3",1,0,"1_1","1",8,"2.3_right_slow",0.577430167597765,0.25,0.446327683615819
"6732a429118814387a90a02f","2_3",1,0,"1_2","1",8,"2.3_right_slow",0.577430167597765,0.25,0.446327683615819
"6732a429118814387a90a02f","2_3",1,0,"1_3","1",8,"2.3_right_slow",0.577430167597765,0.25,0.446327683615819
"6732a429118814387a90a02f","2_3",1,0,"1_4","1",8,"2.3_right_slow",0.577430167597765,0.25,0.446327683615819
"6732a429118814387a90a02f","2_3",1,0,"1_5","1",8,"2.3_right_slow",0.577430167597765,0.25,0.446327683615819
"6732a429118814387a90a02f","2_5",0,0,"1_1","1",8,"2.5_wrong_slow",0.760870712401055,0.5,0.915254237288136
"6732a429118814387a90a02f","2_5",0,0,"1_2","1",8,"2.5_wrong_slow",0.760870712401055,0.5,0.915254237288136
"6732a429118814387a90a02f","2_5",0,0,"1_3","1",8,"2.5_wrong_slow",0.760870712401055,0.5,0.915254237288136
"6732a429118814387a90a02f","2_5",0,0,"1_4","1",8,"2.5_wrong_slow",0.760870712401055,0.5,0.915254237288136
"6732a429118814387a90a02f","2_5",0,0,"1_5","0",8,"2.5_wrong_slow",0.760870712401055,0.5,0.915254237288136
"6732a429118814387a90a02f","2_1",0,1,"1_1","1",8,"2.1_wrong_fast",0.396726726726727,0.19,0.234463276836158
"6732a429118814387a90a02f","2_1",0,1,"1_2","0",8,"2.1_wrong_fast",0.396726726726727,0.19,0.234463276836158
"6732a429118814387a90a02f","2_1",0,1,"1_3","1",8,"2.1_wrong_fast",0.396726726726727,0.19,0.234463276836158
"6732a429118814387a90a02f","2_1",0,1,"1_4","1",8,"2.1_wrong_fast",0.396726726726727,0.19,0.234463276836158
"6732a429118814387a90a02f","2_1",0,1,"1_5","0",8,"2.1_wrong_fast",0.396726726726727,0.19,0.234463276836158
"6732a429118814387a90a02f","2_2",0,1,"1_1","1",8,"2.2_wrong_fast",0.566398891966759,0.4,0.536723163841808
"6732a429118814387a90a02f","2_2",0,1,"1_2","1",8,"2.2_wrong_fast",0.566398891966759,0.4,0.536723163841808
"6732a429118814387a90a02f","2_2",0,1,"1_3","0",8,"2.2_wrong_fast",0.566398891966759,0.4,0.536723163841808
"6732a429118814387a90a02f","2_2",0,1,"1_4","1",8,"2.2_wrong_fast",0.566398891966759,0.4,0.536723163841808
"6732a429118814387a90a02f","2_2",0,1,"1_5","0",8,"2.2_wrong_fast",0.566398891966759,0.4,0.536723163841808
"6732a429118814387a90a02f","2_5",0,1,"1_1","1",8,"2.5_wrong_fast",0.760870712401055,0.5,0.915254237288136
"6732a429118814387a90a02f","2_5",0,1,"1_2","0",8,"2.5_wrong_fast",0.760870712401055,0.5,0.915254237288136
"6732a429118814387a90a02f","2_5",0,1,"1_3","1",8,"2.5_wrong_fast",0.760870712401055,0.5,0.915254237288136
"6732a429118814387a90a02f","2_5",0,1,"1_4","1",8,"2.5_wrong_fast",0.760870712401055,0.5,0.915254237288136
"6732a429118814387a90a02f","2_5",0,1,"1_5","0",8,"2.5_wrong_fast",0.760870712401055,0.5,0.915254237288136
"67342c07d23b6cf0da5a030c","2_5",1,0,"1_1","1",10,"2.5_right_slow",0.760870712401055,0.39,0.915254237288136
"67342c07d23b6cf0da5a030c","2_5",1,0,"1_2","1",10,"2.5_right_slow",0.760870712401055,0.39,0.915254237288136
"67342c07d23b6cf0da5a030c","2_5",1,0,"1_3","1",10,"2.5_right_slow",0.760870712401055,0.39,0.915254237288136
"67342c07d23b6cf0da5a030c","2_5",1,0,"1_4","1",10,"2.5_right_slow",0.760870712401055,0.39,0.915254237288136
"67342c07d23b6cf0da5a030c","2_5",1,0,"1_5","0",10,"2.5_right_slow",0.760870712401055,0.39,0.915254237288136
"67342c07d23b6cf0da5a030c","2_4",0,0,"1_1","1",10,"2.4_wrong_slow",0.518938053097345,0.26,0.675141242937853
"67342c07d23b6cf0da5a030c","2_4",0,0,"1_2","1",10,"2.4_wrong_slow",0.518938053097345,0.26,0.675141242937853
"67342c07d23b6cf0da5a030c","2_4",0,0,"1_3","1",10,"2.4_wrong_slow",0.518938053097345,0.26,0.675141242937853
"67342c07d23b6cf0da5a030c","2_4",0,0,"1_4","1",10,"2.4_wrong_slow",0.518938053097345,0.26,0.675141242937853
"67342c07d23b6cf0da5a030c","2_4",0,0,"1_5","1",10,"2.4_wrong_slow",0.518938053097345,0.26,0.675141242937853
"67342c07d23b6cf0da5a030c","2_1",1,1,"1_1","1",10,"2.1_right_fast",0.396726726726727,0.29,0.234463276836158
"67342c07d23b6cf0da5a030c","2_1",1,1,"1_2","1",10,"2.1_right_fast",0.396726726726727,0.29,0.234463276836158
"67342c07d23b6cf0da5a030c","2_1",1,1,"1_3","0",10,"2.1_right_fast",0.396726726726727,0.29,0.234463276836158
"67342c07d23b6cf0da5a030c","2_1",1,1,"1_4","1",10,"2.1_right_fast",0.396726726726727,0.29,0.234463276836158
"67342c07d23b6cf0da5a030c","2_1",1,1,"1_5","0",10,"2.1_right_fast",0.396726726726727,0.29,0.234463276836158
"67342c07d23b6cf0da5a030c","2_4",1,1,"1_1","1",10,"2.4_right_fast",0.518938053097345,0.28,0.675141242937853
"67342c07d23b6cf0da5a030c","2_4",1,1,"1_2","1",10,"2.4_right_fast",0.518938053097345,0.28,0.675141242937853
"67342c07d23b6cf0da5a030c","2_4",1,1,"1_3","1",10,"2.4_right_fast",0.518938053097345,0.28,0.675141242937853
"67342c07d23b6cf0da5a030c","2_4",1,1,"1_4","1",10,"2.4_right_fast",0.518938053097345,0.28,0.675141242937853
"67342c07d23b6cf0da5a030c","2_4",1,1,"1_5","0",10,"2.4_right_fast",0.518938053097345,0.28,0.675141242937853
"67342c07d23b6cf0da5a030c","2_4",0,1,"1_1","1",10,"2.4_wrong_fast",0.518938053097345,0.38,0.675141242937853
"67342c07d23b6cf0da5a030c","2_4",0,1,"1_2","1",10,"2.4_wrong_fast",0.518938053097345,0.38,0.675141242937853
"67342c07d23b6cf0da5a030c","2_4",0,1,"1_3","1",10,"2.4_wrong_fast",0.518938053097345,0.38,0.675141242937853
"67342c07d23b6cf0da5a030c","2_4",0,1,"1_4","1",10,"2.4_wrong_fast",0.518938053097345,0.38,0.675141242937853
"67342c07d23b6cf0da5a030c","2_4",0,1,"1_5","0",10,"2.4_wrong_fast",0.518938053097345,0.38,0.675141242937853
"673524b724aa3fd784892e49","2_3",1,0,"1_1","1",9,"2.3_right_slow",0.577430167597765,0.5,0.446327683615819
"673524b724aa3fd784892e49","2_3",1,0,"1_2","1",9,"2.3_right_slow",0.577430167597765,0.5,0.446327683615819
"673524b724aa3fd784892e49","2_3",1,0,"1_3","1",9,"2.3_right_slow",0.577430167597765,0.5,0.446327683615819
"673524b724aa3fd784892e49","2_3",1,0,"1_4","1",9,"2.3_right_slow",0.577430167597765,0.5,0.446327683615819
"673524b724aa3fd784892e49","2_3",1,0,"1_5","0",9,"2.3_right_slow",0.577430167597765,0.5,0.446327683615819
"673524b724aa3fd784892e49","2_1",0,0,"1_1","0",9,"2.1_wrong_slow",0.396726726726727,0.13,0.234463276836158
"673524b724aa3fd784892e49","2_1",0,0,"1_2","0",9,"2.1_wrong_slow",0.396726726726727,0.13,0.234463276836158
"673524b724aa3fd784892e49","2_1",0,0,"1_3","0",9,"2.1_wrong_slow",0.396726726726727,0.13,0.234463276836158
"673524b724aa3fd784892e49","2_1",0,0,"1_4","1",9,"2.1_wrong_slow",0.396726726726727,0.13,0.234463276836158
"673524b724aa3fd784892e49","2_1",0,0,"1_5","0",9,"2.1_wrong_slow",0.396726726726727,0.13,0.234463276836158
"673524b724aa3fd784892e49","2_3",0,0,"1_1","1",9,"2.3_wrong_slow",0.577430167597765,0.28,0.446327683615819
"673524b724aa3fd784892e49","2_3",0,0,"1_2","1",9,"2.3_wrong_slow",0.577430167597765,0.28,0.446327683615819
"673524b724aa3fd784892e49","2_3",0,0,"1_3","0",9,"2.3_wrong_slow",0.577430167597765,0.28,0.446327683615819
"673524b724aa3fd784892e49","2_3",0,0,"1_4","1",9,"2.3_wrong_slow",0.577430167597765,0.28,0.446327683615819
"673524b724aa3fd784892e49","2_3",0,0,"1_5","0",9,"2.3_wrong_slow",0.577430167597765,0.28,0.446327683615819
"673524b724aa3fd784892e49","2_5",0,0,"1_1","1",9,"2.5_wrong_slow",0.760870712401055,0.93,0.915254237288136
"673524b724aa3fd784892e49","2_5",0,0,"1_2","1",9,"2.5_wrong_slow",0.760870712401055,0.93,0.915254237288136
"673524b724aa3fd784892e49","2_5",0,0,"1_3","1",9,"2.5_wrong_slow",0.760870712401055,0.93,0.915254237288136
"673524b724aa3fd784892e49","2_5",0,0,"1_4","1",9,"2.5_wrong_slow",0.760870712401055,0.93,0.915254237288136
"673524b724aa3fd784892e49","2_5",0,0,"1_5","0",9,"2.5_wrong_slow",0.760870712401055,0.93,0.915254237288136
"673524b724aa3fd784892e49","2_4",1,1,"1_1","1",9,"2.4_right_fast",0.518938053097345,0.07,0.675141242937853
"673524b724aa3fd784892e49","2_4",1,1,"1_2","1",9,"2.4_right_fast",0.518938053097345,0.07,0.675141242937853
"673524b724aa3fd784892e49","2_4",1,1,"1_3","1",9,"2.4_right_fast",0.518938053097345,0.07,0.675141242937853
"673524b724aa3fd784892e49","2_4",1,1,"1_4","1",9,"2.4_right_fast",0.518938053097345,0.07,0.675141242937853
"673524b724aa3fd784892e49","2_4",1,1,"1_5","0",9,"2.4_right_fast",0.518938053097345,0.07,0.675141242937853
"6736485fd762ccba28f44a81","2_3",1,0,"1_1","1",4,"2.3_right_slow",0.577430167597765,0.5,0.446327683615819
"6736485fd762ccba28f44a81","2_3",1,0,"1_2","1",4,"2.3_right_slow",0.577430167597765,0.5,0.446327683615819
"6736485fd762ccba28f44a81","2_3",1,0,"1_3","1",4,"2.3_right_slow",0.577430167597765,0.5,0.446327683615819
"6736485fd762ccba28f44a81","2_3",1,0,"1_4","1",4,"2.3_right_slow",0.577430167597765,0.5,0.446327683615819
"6736485fd762ccba28f44a81","2_3",1,0,"1_5","0",4,"2.3_right_slow",0.577430167597765,0.5,0.446327683615819
"6736485fd762ccba28f44a81","2_2",1,1,"1_1","1",4,"2.2_right_fast",0.566398891966759,0.5,0.536723163841808
"6736485fd762ccba28f44a81","2_2",1,1,"1_2","1",4,"2.2_right_fast",0.566398891966759,0.5,0.536723163841808
"6736485fd762ccba28f44a81","2_2",1,1,"1_3","1",4,"2.2_right_fast",0.566398891966759,0.5,0.536723163841808
"6736485fd762ccba28f44a81","2_2",1,1,"1_4","1",4,"2.2_right_fast",0.566398891966759,0.5,0.536723163841808
"6736485fd762ccba28f44a81","2_2",1,1,"1_5","1",4,"2.2_right_fast",0.566398891966759,0.5,0.536723163841808
"6736485fd762ccba28f44a81","2_5",1,1,"1_1","1",4,"2.5_right_fast",0.760870712401055,0.5,0.915254237288136
"6736485fd762ccba28f44a81","2_5",1,1,"1_2","1",4,"2.5_right_fast",0.760870712401055,0.5,0.915254237288136
"6736485fd762ccba28f44a81","2_5",1,1,"1_3","1",4,"2.5_right_fast",0.760870712401055,0.5,0.915254237288136
"6736485fd762ccba28f44a81","2_5",1,1,"1_4","1",4,"2.5_right_fast",0.760870712401055,0.5,0.915254237288136
"6736485fd762ccba28f44a81","2_5",1,1,"1_5","1",4,"2.5_right_fast",0.760870712401055,0.5,0.915254237288136
"6736485fd762ccba28f44a81","2_3",0,1,"1_1","0",4,"2.3_wrong_fast",0.577430167597765,0.5,0.446327683615819
"6736485fd762ccba28f44a81","2_3",0,1,"1_2","0",4,"2.3_wrong_fast",0.577430167597765,0.5,0.446327683615819
"6736485fd762ccba28f44a81","2_3",0,1,"1_3","0",4,"2.3_wrong_fast",0.577430167597765,0.5,0.446327683615819
"6736485fd762ccba28f44a81","2_3",0,1,"1_4","1",4,"2.3_wrong_fast",0.577430167597765,0.5,0.446327683615819
"6736485fd762ccba28f44a81","2_3",0,1,"1_5","0",4,"2.3_wrong_fast",0.577430167597765,0.5,0.446327683615819
"6736485fd762ccba28f44a81","2_4",0,1,"1_1","0",4,"2.4_wrong_fast",0.518938053097345,0.5,0.675141242937853
"6736485fd762ccba28f44a81","2_4",0,1,"1_2","0",4,"2.4_wrong_fast",0.518938053097345,0.5,0.675141242937853
"6736485fd762ccba28f44a81","2_4",0,1,"1_3","0",4,"2.4_wrong_fast",0.518938053097345,0.5,0.675141242937853
"6736485fd762ccba28f44a81","2_4",0,1,"1_4","0",4,"2.4_wrong_fast",0.518938053097345,0.5,0.675141242937853
"6736485fd762ccba28f44a81","2_4",0,1,"1_5","0",4,"2.4_wrong_fast",0.518938053097345,0.5,0.675141242937853
"673658d3f472f26f74885fe7","2_1",1,0,"1_1","1",3,"2.1_right_slow",0.396726726726727,0.24,0.234463276836158
"673658d3f472f26f74885fe7","2_1",1,0,"1_2","1",3,"2.1_right_slow",0.396726726726727,0.24,0.234463276836158
"673658d3f472f26f74885fe7","2_1",1,0,"1_3","0",3,"2.1_right_slow",0.396726726726727,0.24,0.234463276836158
"673658d3f472f26f74885fe7","2_1",1,0,"1_4","1",3,"2.1_right_slow",0.396726726726727,0.24,0.234463276836158
"673658d3f472f26f74885fe7","2_1",1,0,"1_5","0",3,"2.1_right_slow",0.396726726726727,0.24,0.234463276836158
"673658d3f472f26f74885fe7","2_5",1,0,"1_1","1",3,"2.5_right_slow",0.760870712401055,0.59,0.915254237288136
"673658d3f472f26f74885fe7","2_5",1,0,"1_2","1",3,"2.5_right_slow",0.760870712401055,0.59,0.915254237288136
"673658d3f472f26f74885fe7","2_5",1,0,"1_3","1",3,"2.5_right_slow",0.760870712401055,0.59,0.915254237288136
"673658d3f472f26f74885fe7","2_5",1,0,"1_4","1",3,"2.5_right_slow",0.760870712401055,0.59,0.915254237288136
"673658d3f472f26f74885fe7","2_5",1,0,"1_5","1",3,"2.5_right_slow",0.760870712401055,0.59,0.915254237288136
"673658d3f472f26f74885fe7","2_5",0,0,"1_1","1",3,"2.5_wrong_slow",0.760870712401055,0.57,0.915254237288136
"673658d3f472f26f74885fe7","2_5",0,0,"1_2","1",3,"2.5_wrong_slow",0.760870712401055,0.57,0.915254237288136
"673658d3f472f26f74885fe7","2_5",0,0,"1_3","0",3,"2.5_wrong_slow",0.760870712401055,0.57,0.915254237288136
"673658d3f472f26f74885fe7","2_5",0,0,"1_4","0",3,"2.5_wrong_slow",0.760870712401055,0.57,0.915254237288136
"673658d3f472f26f74885fe7","2_5",0,0,"1_5","0",3,"2.5_wrong_slow",0.760870712401055,0.57,0.915254237288136
"673658d3f472f26f74885fe7","2_4",1,1,"1_1","1",3,"2.4_right_fast",0.518938053097345,0.51,0.675141242937853
"673658d3f472f26f74885fe7","2_4",1,1,"1_2","0",3,"2.4_right_fast",0.518938053097345,0.51,0.675141242937853
"673658d3f472f26f74885fe7","2_4",1,1,"1_3","1",3,"2.4_right_fast",0.518938053097345,0.51,0.675141242937853
"673658d3f472f26f74885fe7","2_4",1,1,"1_4","1",3,"2.4_right_fast",0.518938053097345,0.51,0.675141242937853
"673658d3f472f26f74885fe7","2_4",1,1,"1_5","0",3,"2.4_right_fast",0.518938053097345,0.51,0.675141242937853
"673658d3f472f26f74885fe7","2_4",0,1,"1_1","1",3,"2.4_wrong_fast",0.518938053097345,0.66,0.675141242937853
"673658d3f472f26f74885fe7","2_4",0,1,"1_2","1",3,"2.4_wrong_fast",0.518938053097345,0.66,0.675141242937853
"673658d3f472f26f74885fe7","2_4",0,1,"1_3","0",3,"2.4_wrong_fast",0.518938053097345,0.66,0.675141242937853
"673658d3f472f26f74885fe7","2_4",0,1,"1_4","0",3,"2.4_wrong_fast",0.518938053097345,0.66,0.675141242937853
"673658d3f472f26f74885fe7","2_4",0,1,"1_5","0",3,"2.4_wrong_fast",0.518938053097345,0.66,0.675141242937853
"673692b20c987b50040128fc","2_1",1,0,"1_1","1",1,"2.1_right_slow",0.396726726726727,0.2,0.234463276836158
"673692b20c987b50040128fc","2_1",1,0,"1_2","1",1,"2.1_right_slow",0.396726726726727,0.2,0.234463276836158
"673692b20c987b50040128fc","2_1",1,0,"1_3","1",1,"2.1_right_slow",0.396726726726727,0.2,0.234463276836158
"673692b20c987b50040128fc","2_1",1,0,"1_4","0",1,"2.1_right_slow",0.396726726726727,0.2,0.234463276836158
"673692b20c987b50040128fc","2_1",1,0,"1_5","0",1,"2.1_right_slow",0.396726726726727,0.2,0.234463276836158
"673692b20c987b50040128fc","2_5",0,0,"1_1","1",1,"2.5_wrong_slow",0.760870712401055,0.38,0.915254237288136
"673692b20c987b50040128fc","2_5",0,0,"1_2","1",1,"2.5_wrong_slow",0.760870712401055,0.38,0.915254237288136
"673692b20c987b50040128fc","2_5",0,0,"1_3","1",1,"2.5_wrong_slow",0.760870712401055,0.38,0.915254237288136
"673692b20c987b50040128fc","2_5",0,0,"1_4","1",1,"2.5_wrong_slow",0.760870712401055,0.38,0.915254237288136
"673692b20c987b50040128fc","2_5",0,0,"1_5","0",1,"2.5_wrong_slow",0.760870712401055,0.38,0.915254237288136
"673692b20c987b50040128fc","2_2",1,1,"1_1","1",1,"2.2_right_fast",0.566398891966759,0.3,0.536723163841808
"673692b20c987b50040128fc","2_2",1,1,"1_2","1",1,"2.2_right_fast",0.566398891966759,0.3,0.536723163841808
"673692b20c987b50040128fc","2_2",1,1,"1_3","1",1,"2.2_right_fast",0.566398891966759,0.3,0.536723163841808
"673692b20c987b50040128fc","2_2",1,1,"1_4","0",1,"2.2_right_fast",0.566398891966759,0.3,0.536723163841808
"673692b20c987b50040128fc","2_2",1,1,"1_5","0",1,"2.2_right_fast",0.566398891966759,0.3,0.536723163841808
"673692b20c987b50040128fc","2_3",1,1,"1_1","1",1,"2.3_right_fast",0.577430167597765,0.5,0.446327683615819
"673692b20c987b50040128fc","2_3",1,1,"1_2","1",1,"2.3_right_fast",0.577430167597765,0.5,0.446327683615819
"673692b20c987b50040128fc","2_3",1,1,"1_3","1",1,"2.3_right_fast",0.577430167597765,0.5,0.446327683615819
"673692b20c987b50040128fc","2_3",1,1,"1_4","0",1,"2.3_right_fast",0.577430167597765,0.5,0.446327683615819
"673692b20c987b50040128fc","2_3",1,1,"1_5","0",1,"2.3_right_fast",0.577430167597765,0.5,0.446327683615819
"673692b20c987b50040128fc","2_2",0,1,"1_1","1",1,"2.2_wrong_fast",0.566398891966759,0.36,0.536723163841808
"673692b20c987b50040128fc","2_2",0,1,"1_2","1",1,"2.2_wrong_fast",0.566398891966759,0.36,0.536723163841808
"673692b20c987b50040128fc","2_2",0,1,"1_3","1",1,"2.2_wrong_fast",0.566398891966759,0.36,0.536723163841808
"673692b20c987b50040128fc","2_2",0,1,"1_4","0",1,"2.2_wrong_fast",0.566398891966759,0.36,0.536723163841808
"673692b20c987b50040128fc","2_2",0,1,"1_5","0",1,"2.2_wrong_fast",0.566398891966759,0.36,0.536723163841808
"673ce1632b059d0015e64962","2_2",1,0,"1_1","1",5,"2.2_right_slow",0.566398891966759,0.6,0.536723163841808
"673ce1632b059d0015e64962","2_2",1,0,"1_2","1",5,"2.2_right_slow",0.566398891966759,0.6,0.536723163841808
"673ce1632b059d0015e64962","2_2",1,0,"1_3","0",5,"2.2_right_slow",0.566398891966759,0.6,0.536723163841808
"673ce1632b059d0015e64962","2_2",1,0,"1_4","0",5,"2.2_right_slow",0.566398891966759,0.6,0.536723163841808
"673ce1632b059d0015e64962","2_2",1,0,"1_5","0",5,"2.2_right_slow",0.566398891966759,0.6,0.536723163841808
"673ce1632b059d0015e64962","2_1",0,0,"1_1","0",5,"2.1_wrong_slow",0.396726726726727,0.25,0.234463276836158
"673ce1632b059d0015e64962","2_1",0,0,"1_2","0",5,"2.1_wrong_slow",0.396726726726727,0.25,0.234463276836158
"673ce1632b059d0015e64962","2_1",0,0,"1_3","0",5,"2.1_wrong_slow",0.396726726726727,0.25,0.234463276836158
"673ce1632b059d0015e64962","2_1",0,0,"1_4","0",5,"2.1_wrong_slow",0.396726726726727,0.25,0.234463276836158
"673ce1632b059d0015e64962","2_1",0,0,"1_5","0",5,"2.1_wrong_slow",0.396726726726727,0.25,0.234463276836158
"673ce1632b059d0015e64962","2_5",0,0,"1_1","1",5,"2.5_wrong_slow",0.760870712401055,0.95,0.915254237288136
"673ce1632b059d0015e64962","2_5",0,0,"1_2","0",5,"2.5_wrong_slow",0.760870712401055,0.95,0.915254237288136
"673ce1632b059d0015e64962","2_5",0,0,"1_3","0",5,"2.5_wrong_slow",0.760870712401055,0.95,0.915254237288136
"673ce1632b059d0015e64962","2_5",0,0,"1_4","0",5,"2.5_wrong_slow",0.760870712401055,0.95,0.915254237288136
"673ce1632b059d0015e64962","2_5",0,0,"1_5","0",5,"2.5_wrong_slow",0.760870712401055,0.95,0.915254237288136
"673ce1632b059d0015e64962","2_1",1,1,"1_1","1",5,"2.1_right_fast",0.396726726726727,0.39,0.234463276836158
"673ce1632b059d0015e64962","2_1",1,1,"1_2","0",5,"2.1_right_fast",0.396726726726727,0.39,0.234463276836158
"673ce1632b059d0015e64962","2_1",1,1,"1_3","0",5,"2.1_right_fast",0.396726726726727,0.39,0.234463276836158
"673ce1632b059d0015e64962","2_1",1,1,"1_4","0",5,"2.1_right_fast",0.396726726726727,0.39,0.234463276836158
"673ce1632b059d0015e64962","2_1",1,1,"1_5","0",5,"2.1_right_fast",0.396726726726727,0.39,0.234463276836158
"673ce1632b059d0015e64962","2_3",0,1,"1_1","1",5,"2.3_wrong_fast",0.577430167597765,0.85,0.446327683615819
"673ce1632b059d0015e64962","2_3",0,1,"1_2","0",5,"2.3_wrong_fast",0.577430167597765,0.85,0.446327683615819
"673ce1632b059d0015e64962","2_3",0,1,"1_3","0",5,"2.3_wrong_fast",0.577430167597765,0.85,0.446327683615819
"673ce1632b059d0015e64962","2_3",0,1,"1_4","0",5,"2.3_wrong_fast",0.577430167597765,0.85,0.446327683615819
"673ce1632b059d0015e64962","2_3",0,1,"1_5","0",5,"2.3_wrong_fast",0.577430167597765,0.85,0.446327683615819
"673db17d5d5612c8cfd7e7b9","2_5",1,0,"1_1","1",5,"2.5_right_slow",0.760870712401055,0.57,0.915254237288136
"673db17d5d5612c8cfd7e7b9","2_5",1,0,"1_2","1",5,"2.5_right_slow",0.760870712401055,0.57,0.915254237288136
"673db17d5d5612c8cfd7e7b9","2_5",1,0,"1_3","1",5,"2.5_right_slow",0.760870712401055,0.57,0.915254237288136
"673db17d5d5612c8cfd7e7b9","2_5",1,0,"1_4","1",5,"2.5_right_slow",0.760870712401055,0.57,0.915254237288136
"673db17d5d5612c8cfd7e7b9","2_5",1,0,"1_5","1",5,"2.5_right_slow",0.760870712401055,0.57,0.915254237288136
"673db17d5d5612c8cfd7e7b9","2_4",0,0,"1_1","1",5,"2.4_wrong_slow",0.518938053097345,0.65,0.675141242937853
"673db17d5d5612c8cfd7e7b9","2_4",0,0,"1_2","1",5,"2.4_wrong_slow",0.518938053097345,0.65,0.675141242937853
"673db17d5d5612c8cfd7e7b9","2_4",0,0,"1_3","1",5,"2.4_wrong_slow",0.518938053097345,0.65,0.675141242937853
"673db17d5d5612c8cfd7e7b9","2_4",0,0,"1_4","0",5,"2.4_wrong_slow",0.518938053097345,0.65,0.675141242937853
"673db17d5d5612c8cfd7e7b9","2_4",0,0,"1_5","0",5,"2.4_wrong_slow",0.518938053097345,0.65,0.675141242937853
"673db17d5d5612c8cfd7e7b9","2_3",1,1,"1_1","1",5,"2.3_right_fast",0.577430167597765,0.37,0.446327683615819
"673db17d5d5612c8cfd7e7b9","2_3",1,1,"1_2","1",5,"2.3_right_fast",0.577430167597765,0.37,0.446327683615819
"673db17d5d5612c8cfd7e7b9","2_3",1,1,"1_3","1",5,"2.3_right_fast",0.577430167597765,0.37,0.446327683615819
"673db17d5d5612c8cfd7e7b9","2_3",1,1,"1_4","1",5,"2.3_right_fast",0.577430167597765,0.37,0.446327683615819
"673db17d5d5612c8cfd7e7b9","2_3",1,1,"1_5","0",5,"2.3_right_fast",0.577430167597765,0.37,0.446327683615819
"673db17d5d5612c8cfd7e7b9","2_5",1,1,"1_1","1",5,"2.5_right_fast",0.760870712401055,0.82,0.915254237288136
"673db17d5d5612c8cfd7e7b9","2_5",1,1,"1_2","1",5,"2.5_right_fast",0.760870712401055,0.82,0.915254237288136
"673db17d5d5612c8cfd7e7b9","2_5",1,1,"1_3","1",5,"2.5_right_fast",0.760870712401055,0.82,0.915254237288136
"673db17d5d5612c8cfd7e7b9","2_5",1,1,"1_4","1",5,"2.5_right_fast",0.760870712401055,0.82,0.915254237288136
"673db17d5d5612c8cfd7e7b9","2_5",1,1,"1_5","0",5,"2.5_right_fast",0.760870712401055,0.82,0.915254237288136
"673db17d5d5612c8cfd7e7b9","2_2",0,1,"1_1","1",5,"2.2_wrong_fast",0.566398891966759,0.21,0.536723163841808
"673db17d5d5612c8cfd7e7b9","2_2",0,1,"1_2","0",5,"2.2_wrong_fast",0.566398891966759,0.21,0.536723163841808
"673db17d5d5612c8cfd7e7b9","2_2",0,1,"1_3","1",5,"2.2_wrong_fast",0.566398891966759,0.21,0.536723163841808
"673db17d5d5612c8cfd7e7b9","2_2",0,1,"1_4","0",5,"2.2_wrong_fast",0.566398891966759,0.21,0.536723163841808
"673db17d5d5612c8cfd7e7b9","2_2",0,1,"1_5","0",5,"2.2_wrong_fast",0.566398891966759,0.21,0.536723163841808
"6740b01583cadef1afebeb9d","2_1",1,0,"1_1","1",10,"2.1_right_slow",0.396726726726727,0.62,0.234463276836158
"6740b01583cadef1afebeb9d","2_1",1,0,"1_2","1",10,"2.1_right_slow",0.396726726726727,0.62,0.234463276836158
"6740b01583cadef1afebeb9d","2_1",1,0,"1_3","1",10,"2.1_right_slow",0.396726726726727,0.62,0.234463276836158
"6740b01583cadef1afebeb9d","2_1",1,0,"1_4","0",10,"2.1_right_slow",0.396726726726727,0.62,0.234463276836158
"6740b01583cadef1afebeb9d","2_1",1,0,"1_5","0",10,"2.1_right_slow",0.396726726726727,0.62,0.234463276836158
"6740b01583cadef1afebeb9d","2_4",1,0,"1_1","1",10,"2.4_right_slow",0.518938053097345,0.6,0.675141242937853
"6740b01583cadef1afebeb9d","2_4",1,0,"1_2","1",10,"2.4_right_slow",0.518938053097345,0.6,0.675141242937853
"6740b01583cadef1afebeb9d","2_4",1,0,"1_3","1",10,"2.4_right_slow",0.518938053097345,0.6,0.675141242937853
"6740b01583cadef1afebeb9d","2_4",1,0,"1_4","0",10,"2.4_right_slow",0.518938053097345,0.6,0.675141242937853
"6740b01583cadef1afebeb9d","2_4",1,0,"1_5","0",10,"2.4_right_slow",0.518938053097345,0.6,0.675141242937853
"6740b01583cadef1afebeb9d","2_2",1,1,"1_1","1",10,"2.2_right_fast",0.566398891966759,0.61,0.536723163841808
"6740b01583cadef1afebeb9d","2_2",1,1,"1_2","1",10,"2.2_right_fast",0.566398891966759,0.61,0.536723163841808
"6740b01583cadef1afebeb9d","2_2",1,1,"1_3","1",10,"2.2_right_fast",0.566398891966759,0.61,0.536723163841808
"6740b01583cadef1afebeb9d","2_2",1,1,"1_4","0",10,"2.2_right_fast",0.566398891966759,0.61,0.536723163841808
"6740b01583cadef1afebeb9d","2_2",1,1,"1_5","0",10,"2.2_right_fast",0.566398891966759,0.61,0.536723163841808
"6740b01583cadef1afebeb9d","2_4",0,1,"1_1","1",10,"2.4_wrong_fast",0.518938053097345,0.8,0.675141242937853
"6740b01583cadef1afebeb9d","2_4",0,1,"1_2","1",10,"2.4_wrong_fast",0.518938053097345,0.8,0.675141242937853
"6740b01583cadef1afebeb9d","2_4",0,1,"1_3","1",10,"2.4_wrong_fast",0.518938053097345,0.8,0.675141242937853
"6740b01583cadef1afebeb9d","2_4",0,1,"1_4","0",10,"2.4_wrong_fast",0.518938053097345,0.8,0.675141242937853
"6740b01583cadef1afebeb9d","2_4",0,1,"1_5","0",10,"2.4_wrong_fast",0.518938053097345,0.8,0.675141242937853
"6740b01583cadef1afebeb9d","2_5",0,1,"1_1","1",10,"2.5_wrong_fast",0.760870712401055,0.6,0.915254237288136
"6740b01583cadef1afebeb9d","2_5",0,1,"1_2","1",10,"2.5_wrong_fast",0.760870712401055,0.6,0.915254237288136
"6740b01583cadef1afebeb9d","2_5",0,1,"1_3","1",10,"2.5_wrong_fast",0.760870712401055,0.6,0.915254237288136
"6740b01583cadef1afebeb9d","2_5",0,1,"1_4","0",10,"2.5_wrong_fast",0.760870712401055,0.6,0.915254237288136
"6740b01583cadef1afebeb9d","2_5",0,1,"1_5","0",10,"2.5_wrong_fast",0.760870712401055,0.6,0.915254237288136
"67411ab7d8d8a967ca1d86ab","2_1",1,0,"1_1","1",6,"2.1_right_slow",0.396726726726727,0.37,0.234463276836158
"67411ab7d8d8a967ca1d86ab","2_1",1,0,"1_2","1",6,"2.1_right_slow",0.396726726726727,0.37,0.234463276836158
"67411ab7d8d8a967ca1d86ab","2_1",1,0,"1_3","1",6,"2.1_right_slow",0.396726726726727,0.37,0.234463276836158
"67411ab7d8d8a967ca1d86ab","2_1",1,0,"1_4","1",6,"2.1_right_slow",0.396726726726727,0.37,0.234463276836158
"67411ab7d8d8a967ca1d86ab","2_1",1,0,"1_5","0",6,"2.1_right_slow",0.396726726726727,0.37,0.234463276836158
"67411ab7d8d8a967ca1d86ab","2_1",0,0,"1_1","0",6,"2.1_wrong_slow",0.396726726726727,0.48,0.234463276836158
"67411ab7d8d8a967ca1d86ab","2_1",0,0,"1_2","0",6,"2.1_wrong_slow",0.396726726726727,0.48,0.234463276836158
"67411ab7d8d8a967ca1d86ab","2_1",0,0,"1_3","0",6,"2.1_wrong_slow",0.396726726726727,0.48,0.234463276836158
"67411ab7d8d8a967ca1d86ab","2_1",0,0,"1_4","0",6,"2.1_wrong_slow",0.396726726726727,0.48,0.234463276836158
"67411ab7d8d8a967ca1d86ab","2_1",0,0,"1_5","0",6,"2.1_wrong_slow",0.396726726726727,0.48,0.234463276836158
"67411ab7d8d8a967ca1d86ab","2_4",0,0,"1_1","0",6,"2.4_wrong_slow",0.518938053097345,0.55,0.675141242937853
"67411ab7d8d8a967ca1d86ab","2_4",0,0,"1_2","0",6,"2.4_wrong_slow",0.518938053097345,0.55,0.675141242937853
"67411ab7d8d8a967ca1d86ab","2_4",0,0,"1_3","0",6,"2.4_wrong_slow",0.518938053097345,0.55,0.675141242937853
"67411ab7d8d8a967ca1d86ab","2_4",0,0,"1_4","1",6,"2.4_wrong_slow",0.518938053097345,0.55,0.675141242937853
"67411ab7d8d8a967ca1d86ab","2_4",0,0,"1_5","0",6,"2.4_wrong_slow",0.518938053097345,0.55,0.675141242937853
"67411ab7d8d8a967ca1d86ab","2_1",1,1,"1_1","1",6,"2.1_right_fast",0.396726726726727,0.62,0.234463276836158
"67411ab7d8d8a967ca1d86ab","2_1",1,1,"1_2","1",6,"2.1_right_fast",0.396726726726727,0.62,0.234463276836158
"67411ab7d8d8a967ca1d86ab","2_1",1,1,"1_3","1",6,"2.1_right_fast",0.396726726726727,0.62,0.234463276836158
"67411ab7d8d8a967ca1d86ab","2_1",1,1,"1_4","1",6,"2.1_right_fast",0.396726726726727,0.62,0.234463276836158
"67411ab7d8d8a967ca1d86ab","2_1",1,1,"1_5","0",6,"2.1_right_fast",0.396726726726727,0.62,0.234463276836158
"67411ab7d8d8a967ca1d86ab","2_2",1,1,"1_1","1",6,"2.2_right_fast",0.566398891966759,0.69,0.536723163841808
"67411ab7d8d8a967ca1d86ab","2_2",1,1,"1_2","1",6,"2.2_right_fast",0.566398891966759,0.69,0.536723163841808
"67411ab7d8d8a967ca1d86ab","2_2",1,1,"1_3","1",6,"2.2_right_fast",0.566398891966759,0.69,0.536723163841808
"67411ab7d8d8a967ca1d86ab","2_2",1,1,"1_4","1",6,"2.2_right_fast",0.566398891966759,0.69,0.536723163841808
"67411ab7d8d8a967ca1d86ab","2_2",1,1,"1_5","1",6,"2.2_right_fast",0.566398891966759,0.69,0.536723163841808
"6744d43e7b1bcfda7d89f402","2_2",1,0,"1_1","1",5,"2.2_right_slow",0.566398891966759,0.79,0.536723163841808
"6744d43e7b1bcfda7d89f402","2_2",1,0,"1_2","1",5,"2.2_right_slow",0.566398891966759,0.79,0.536723163841808
"6744d43e7b1bcfda7d89f402","2_2",1,0,"1_3","1",5,"2.2_right_slow",0.566398891966759,0.79,0.536723163841808
"6744d43e7b1bcfda7d89f402","2_2",1,0,"1_4","0",5,"2.2_right_slow",0.566398891966759,0.79,0.536723163841808
"6744d43e7b1bcfda7d89f402","2_2",1,0,"1_5","0",5,"2.2_right_slow",0.566398891966759,0.79,0.536723163841808
"6744d43e7b1bcfda7d89f402","2_3",0,0,"1_1","1",5,"2.3_wrong_slow",0.577430167597765,0.87,0.446327683615819
"6744d43e7b1bcfda7d89f402","2_3",0,0,"1_2","1",5,"2.3_wrong_slow",0.577430167597765,0.87,0.446327683615819
"6744d43e7b1bcfda7d89f402","2_3",0,0,"1_3","0",5,"2.3_wrong_slow",0.577430167597765,0.87,0.446327683615819
"6744d43e7b1bcfda7d89f402","2_3",0,0,"1_4","0",5,"2.3_wrong_slow",0.577430167597765,0.87,0.446327683615819
"6744d43e7b1bcfda7d89f402","2_3",0,0,"1_5","0",5,"2.3_wrong_slow",0.577430167597765,0.87,0.446327683615819
"6744d43e7b1bcfda7d89f402","2_4",0,0,"1_1","1",5,"2.4_wrong_slow",0.518938053097345,0.85,0.675141242937853
"6744d43e7b1bcfda7d89f402","2_4",0,0,"1_2","1",5,"2.4_wrong_slow",0.518938053097345,0.85,0.675141242937853
"6744d43e7b1bcfda7d89f402","2_4",0,0,"1_3","1",5,"2.4_wrong_slow",0.518938053097345,0.85,0.675141242937853
"6744d43e7b1bcfda7d89f402","2_4",0,0,"1_4","0",5,"2.4_wrong_slow",0.518938053097345,0.85,0.675141242937853
"6744d43e7b1bcfda7d89f402","2_4",0,0,"1_5","0",5,"2.4_wrong_slow",0.518938053097345,0.85,0.675141242937853
"6744d43e7b1bcfda7d89f402","2_2",1,1,"1_1","1",5,"2.2_right_fast",0.566398891966759,0.77,0.536723163841808
"6744d43e7b1bcfda7d89f402","2_2",1,1,"1_2","1",5,"2.2_right_fast",0.566398891966759,0.77,0.536723163841808
"6744d43e7b1bcfda7d89f402","2_2",1,1,"1_3","1",5,"2.2_right_fast",0.566398891966759,0.77,0.536723163841808
"6744d43e7b1bcfda7d89f402","2_2",1,1,"1_4","0",5,"2.2_right_fast",0.566398891966759,0.77,0.536723163841808
"6744d43e7b1bcfda7d89f402","2_2",1,1,"1_5","0",5,"2.2_right_fast",0.566398891966759,0.77,0.536723163841808
"6744d43e7b1bcfda7d89f402","2_5",0,1,"1_1","1",5,"2.5_wrong_fast",0.760870712401055,0.85,0.915254237288136
"6744d43e7b1bcfda7d89f402","2_5",0,1,"1_2","1",5,"2.5_wrong_fast",0.760870712401055,0.85,0.915254237288136
"6744d43e7b1bcfda7d89f402","2_5",0,1,"1_3","1",5,"2.5_wrong_fast",0.760870712401055,0.85,0.915254237288136
"6744d43e7b1bcfda7d89f402","2_5",0,1,"1_4","0",5,"2.5_wrong_fast",0.760870712401055,0.85,0.915254237288136
"6744d43e7b1bcfda7d89f402","2_5",0,1,"1_5","0",5,"2.5_wrong_fast",0.760870712401055,0.85,0.915254237288136
"6746659a4a38c50b80da4c63","2_3",1,0,"1_1","1",8,"2.3_right_slow",0.577430167597765,0.7,0.446327683615819
"6746659a4a38c50b80da4c63","2_3",1,0,"1_2","1",8,"2.3_right_slow",0.577430167597765,0.7,0.446327683615819
"6746659a4a38c50b80da4c63","2_3",1,0,"1_3","1",8,"2.3_right_slow",0.577430167597765,0.7,0.446327683615819
"6746659a4a38c50b80da4c63","2_3",1,0,"1_4","1",8,"2.3_right_slow",0.577430167597765,0.7,0.446327683615819
"6746659a4a38c50b80da4c63","2_3",1,0,"1_5","1",8,"2.3_right_slow",0.577430167597765,0.7,0.446327683615819
"6746659a4a38c50b80da4c63","2_2",0,0,"1_1","1",8,"2.2_wrong_slow",0.566398891966759,0.7,0.536723163841808
"6746659a4a38c50b80da4c63","2_2",0,0,"1_2","0",8,"2.2_wrong_slow",0.566398891966759,0.7,0.536723163841808
"6746659a4a38c50b80da4c63","2_2",0,0,"1_3","1",8,"2.2_wrong_slow",0.566398891966759,0.7,0.536723163841808
"6746659a4a38c50b80da4c63","2_2",0,0,"1_4","1",8,"2.2_wrong_slow",0.566398891966759,0.7,0.536723163841808
"6746659a4a38c50b80da4c63","2_2",0,0,"1_5","0",8,"2.2_wrong_slow",0.566398891966759,0.7,0.536723163841808
"6746659a4a38c50b80da4c63","2_4",0,0,"1_1","1",8,"2.4_wrong_slow",0.518938053097345,0.38,0.675141242937853
"6746659a4a38c50b80da4c63","2_4",0,0,"1_2","1",8,"2.4_wrong_slow",0.518938053097345,0.38,0.675141242937853
"6746659a4a38c50b80da4c63","2_4",0,0,"1_3","0",8,"2.4_wrong_slow",0.518938053097345,0.38,0.675141242937853
"6746659a4a38c50b80da4c63","2_4",0,0,"1_4","0",8,"2.4_wrong_slow",0.518938053097345,0.38,0.675141242937853
"6746659a4a38c50b80da4c63","2_4",0,0,"1_5","0",8,"2.4_wrong_slow",0.518938053097345,0.38,0.675141242937853
"6746659a4a38c50b80da4c63","2_3",1,1,"1_1","0",8,"2.3_right_fast",0.577430167597765,0.8,0.446327683615819
"6746659a4a38c50b80da4c63","2_3",1,1,"1_2","0",8,"2.3_right_fast",0.577430167597765,0.8,0.446327683615819
"6746659a4a38c50b80da4c63","2_3",1,1,"1_3","0",8,"2.3_right_fast",0.577430167597765,0.8,0.446327683615819
"6746659a4a38c50b80da4c63","2_3",1,1,"1_4","0",8,"2.3_right_fast",0.577430167597765,0.8,0.446327683615819
"6746659a4a38c50b80da4c63","2_3",1,1,"1_5","0",8,"2.3_right_fast",0.577430167597765,0.8,0.446327683615819
"6746659a4a38c50b80da4c63","2_1",0,1,"1_1","0",8,"2.1_wrong_fast",0.396726726726727,0.5,0.234463276836158
"6746659a4a38c50b80da4c63","2_1",0,1,"1_2","0",8,"2.1_wrong_fast",0.396726726726727,0.5,0.234463276836158
"6746659a4a38c50b80da4c63","2_1",0,1,"1_3","0",8,"2.1_wrong_fast",0.396726726726727,0.5,0.234463276836158
"6746659a4a38c50b80da4c63","2_1",0,1,"1_4","1",8,"2.1_wrong_fast",0.396726726726727,0.5,0.234463276836158
"6746659a4a38c50b80da4c63","2_1",0,1,"1_5","0",8,"2.1_wrong_fast",0.396726726726727,0.5,0.234463276836158
"674cca92742faa4642a6e9c7","2_3",1,0,"1_1","1",7,"2.3_right_slow",0.577430167597765,0.35,0.446327683615819
"674cca92742faa4642a6e9c7","2_3",1,0,"1_2","1",7,"2.3_right_slow",0.577430167597765,0.35,0.446327683615819
"674cca92742faa4642a6e9c7","2_3",1,0,"1_3","1",7,"2.3_right_slow",0.577430167597765,0.35,0.446327683615819
"674cca92742faa4642a6e9c7","2_3",1,0,"1_4","1",7,"2.3_right_slow",0.577430167597765,0.35,0.446327683615819
"674cca92742faa4642a6e9c7","2_3",1,0,"1_5","0",7,"2.3_right_slow",0.577430167597765,0.35,0.446327683615819
"674cca92742faa4642a6e9c7","2_2",1,1,"1_1","1",7,"2.2_right_fast",0.566398891966759,0.85,0.536723163841808
"674cca92742faa4642a6e9c7","2_2",1,1,"1_2","1",7,"2.2_right_fast",0.566398891966759,0.85,0.536723163841808
"674cca92742faa4642a6e9c7","2_2",1,1,"1_3","1",7,"2.2_right_fast",0.566398891966759,0.85,0.536723163841808
"674cca92742faa4642a6e9c7","2_2",1,1,"1_4","1",7,"2.2_right_fast",0.566398891966759,0.85,0.536723163841808
"674cca92742faa4642a6e9c7","2_2",1,1,"1_5","0",7,"2.2_right_fast",0.566398891966759,0.85,0.536723163841808
"674cca92742faa4642a6e9c7","2_3",1,1,"1_1","1",7,"2.3_right_fast",0.577430167597765,0.65,0.446327683615819
"674cca92742faa4642a6e9c7","2_3",1,1,"1_2","1",7,"2.3_right_fast",0.577430167597765,0.65,0.446327683615819
"674cca92742faa4642a6e9c7","2_3",1,1,"1_3","1",7,"2.3_right_fast",0.577430167597765,0.65,0.446327683615819
"674cca92742faa4642a6e9c7","2_3",1,1,"1_4","1",7,"2.3_right_fast",0.577430167597765,0.65,0.446327683615819
"674cca92742faa4642a6e9c7","2_3",1,1,"1_5","0",7,"2.3_right_fast",0.577430167597765,0.65,0.446327683615819
"674cca92742faa4642a6e9c7","2_1",0,1,"1_1","1",7,"2.1_wrong_fast",0.396726726726727,0.35,0.234463276836158
"674cca92742faa4642a6e9c7","2_1",0,1,"1_2","0",7,"2.1_wrong_fast",0.396726726726727,0.35,0.234463276836158
"674cca92742faa4642a6e9c7","2_1",0,1,"1_3","1",7,"2.1_wrong_fast",0.396726726726727,0.35,0.234463276836158
"674cca92742faa4642a6e9c7","2_1",0,1,"1_4","0",7,"2.1_wrong_fast",0.396726726726727,0.35,0.234463276836158
"674cca92742faa4642a6e9c7","2_1",0,1,"1_5","0",7,"2.1_wrong_fast",0.396726726726727,0.35,0.234463276836158
"674cca92742faa4642a6e9c7","2_2",0,1,"1_1","1",7,"2.2_wrong_fast",0.566398891966759,0.85,0.536723163841808
"674cca92742faa4642a6e9c7","2_2",0,1,"1_2","1",7,"2.2_wrong_fast",0.566398891966759,0.85,0.536723163841808
"674cca92742faa4642a6e9c7","2_2",0,1,"1_3","0",7,"2.2_wrong_fast",0.566398891966759,0.85,0.536723163841808
"674cca92742faa4642a6e9c7","2_2",0,1,"1_4","1",7,"2.2_wrong_fast",0.566398891966759,0.85,0.536723163841808
"674cca92742faa4642a6e9c7","2_2",0,1,"1_5","0",7,"2.2_wrong_fast",0.566398891966759,0.85,0.536723163841808
"674cf37224bda3c152954bc3","2_3",1,0,"1_1","1",10,"2.3_right_slow",0.577430167597765,0.4,0.446327683615819
"674cf37224bda3c152954bc3","2_3",1,0,"1_2","1",10,"2.3_right_slow",0.577430167597765,0.4,0.446327683615819
"674cf37224bda3c152954bc3","2_3",1,0,"1_3","1",10,"2.3_right_slow",0.577430167597765,0.4,0.446327683615819
"674cf37224bda3c152954bc3","2_3",1,0,"1_4","1",10,"2.3_right_slow",0.577430167597765,0.4,0.446327683615819
"674cf37224bda3c152954bc3","2_3",1,0,"1_5","0",10,"2.3_right_slow",0.577430167597765,0.4,0.446327683615819
"674cf37224bda3c152954bc3","2_2",0,0,"1_1","1",10,"2.2_wrong_slow",0.566398891966759,0.37,0.536723163841808
"674cf37224bda3c152954bc3","2_2",0,0,"1_2","0",10,"2.2_wrong_slow",0.566398891966759,0.37,0.536723163841808
"674cf37224bda3c152954bc3","2_2",0,0,"1_3","0",10,"2.2_wrong_slow",0.566398891966759,0.37,0.536723163841808
"674cf37224bda3c152954bc3","2_2",0,0,"1_4","1",10,"2.2_wrong_slow",0.566398891966759,0.37,0.536723163841808
"674cf37224bda3c152954bc3","2_2",0,0,"1_5","0",10,"2.2_wrong_slow",0.566398891966759,0.37,0.536723163841808
"674cf37224bda3c152954bc3","2_5",0,0,"1_1","1",10,"2.5_wrong_slow",0.760870712401055,0.61,0.915254237288136
"674cf37224bda3c152954bc3","2_5",0,0,"1_2","1",10,"2.5_wrong_slow",0.760870712401055,0.61,0.915254237288136
"674cf37224bda3c152954bc3","2_5",0,0,"1_3","0",10,"2.5_wrong_slow",0.760870712401055,0.61,0.915254237288136
"674cf37224bda3c152954bc3","2_5",0,0,"1_4","1",10,"2.5_wrong_slow",0.760870712401055,0.61,0.915254237288136
"674cf37224bda3c152954bc3","2_5",0,0,"1_5","0",10,"2.5_wrong_slow",0.760870712401055,0.61,0.915254237288136
"674cf37224bda3c152954bc3","2_1",0,1,"1_1","1",10,"2.1_wrong_fast",0.396726726726727,0.27,0.234463276836158
"674cf37224bda3c152954bc3","2_1",0,1,"1_2","1",10,"2.1_wrong_fast",0.396726726726727,0.27,0.234463276836158
"674cf37224bda3c152954bc3","2_1",0,1,"1_3","1",10,"2.1_wrong_fast",0.396726726726727,0.27,0.234463276836158
"674cf37224bda3c152954bc3","2_1",0,1,"1_4","1",10,"2.1_wrong_fast",0.396726726726727,0.27,0.234463276836158
"674cf37224bda3c152954bc3","2_1",0,1,"1_5","0",10,"2.1_wrong_fast",0.396726726726727,0.27,0.234463276836158
"674cf37224bda3c152954bc3","2_3",0,1,"1_1","1",10,"2.3_wrong_fast",0.577430167597765,0.51,0.446327683615819
"674cf37224bda3c152954bc3","2_3",0,1,"1_2","1",10,"2.3_wrong_fast",0.577430167597765,0.51,0.446327683615819
"674cf37224bda3c152954bc3","2_3",0,1,"1_3","0",10,"2.3_wrong_fast",0.577430167597765,0.51,0.446327683615819
"674cf37224bda3c152954bc3","2_3",0,1,"1_4","0",10,"2.3_wrong_fast",0.577430167597765,0.51,0.446327683615819
"674cf37224bda3c152954bc3","2_3",0,1,"1_5","0",10,"2.3_wrong_fast",0.577430167597765,0.51,0.446327683615819
"6750e0068ca44f6ecff8b70d","2_1",0,0,"1_1","0",4,"2.1_wrong_slow",0.396726726726727,0.26,0.234463276836158
"6750e0068ca44f6ecff8b70d","2_1",0,0,"1_2","0",4,"2.1_wrong_slow",0.396726726726727,0.26,0.234463276836158
"6750e0068ca44f6ecff8b70d","2_1",0,0,"1_3","0",4,"2.1_wrong_slow",0.396726726726727,0.26,0.234463276836158
"6750e0068ca44f6ecff8b70d","2_1",0,0,"1_4","1",4,"2.1_wrong_slow",0.396726726726727,0.26,0.234463276836158
"6750e0068ca44f6ecff8b70d","2_1",0,0,"1_5","0",4,"2.1_wrong_slow",0.396726726726727,0.26,0.234463276836158
"6750e0068ca44f6ecff8b70d","2_1",1,1,"1_1","1",4,"2.1_right_fast",0.396726726726727,0.3,0.234463276836158
"6750e0068ca44f6ecff8b70d","2_1",1,1,"1_2","1",4,"2.1_right_fast",0.396726726726727,0.3,0.234463276836158
"6750e0068ca44f6ecff8b70d","2_1",1,1,"1_3","1",4,"2.1_right_fast",0.396726726726727,0.3,0.234463276836158
"6750e0068ca44f6ecff8b70d","2_1",1,1,"1_4","1",4,"2.1_right_fast",0.396726726726727,0.3,0.234463276836158
"6750e0068ca44f6ecff8b70d","2_1",1,1,"1_5","0",4,"2.1_right_fast",0.396726726726727,0.3,0.234463276836158
"6750e0068ca44f6ecff8b70d","2_2",1,1,"1_1","1",4,"2.2_right_fast",0.566398891966759,0.3,0.536723163841808
"6750e0068ca44f6ecff8b70d","2_2",1,1,"1_2","1",4,"2.2_right_fast",0.566398891966759,0.3,0.536723163841808
"6750e0068ca44f6ecff8b70d","2_2",1,1,"1_3","1",4,"2.2_right_fast",0.566398891966759,0.3,0.536723163841808
"6750e0068ca44f6ecff8b70d","2_2",1,1,"1_4","1",4,"2.2_right_fast",0.566398891966759,0.3,0.536723163841808
"6750e0068ca44f6ecff8b70d","2_2",1,1,"1_5","0",4,"2.2_right_fast",0.566398891966759,0.3,0.536723163841808
"6750e0068ca44f6ecff8b70d","2_4",1,1,"1_1","1",4,"2.4_right_fast",0.518938053097345,0.3,0.675141242937853
"6750e0068ca44f6ecff8b70d","2_4",1,1,"1_2","1",4,"2.4_right_fast",0.518938053097345,0.3,0.675141242937853
"6750e0068ca44f6ecff8b70d","2_4",1,1,"1_3","1",4,"2.4_right_fast",0.518938053097345,0.3,0.675141242937853
"6750e0068ca44f6ecff8b70d","2_4",1,1,"1_4","1",4,"2.4_right_fast",0.518938053097345,0.3,0.675141242937853
"6750e0068ca44f6ecff8b70d","2_4",1,1,"1_5","0",4,"2.4_right_fast",0.518938053097345,0.3,0.675141242937853
"6750e0068ca44f6ecff8b70d","2_4",0,1,"1_1","1",4,"2.4_wrong_fast",0.518938053097345,0.3,0.675141242937853
"6750e0068ca44f6ecff8b70d","2_4",0,1,"1_2","1",4,"2.4_wrong_fast",0.518938053097345,0.3,0.675141242937853
"6750e0068ca44f6ecff8b70d","2_4",0,1,"1_3","1",4,"2.4_wrong_fast",0.518938053097345,0.3,0.675141242937853
"6750e0068ca44f6ecff8b70d","2_4",0,1,"1_4","0",4,"2.4_wrong_fast",0.518938053097345,0.3,0.675141242937853
"6750e0068ca44f6ecff8b70d","2_4",0,1,"1_5","0",4,"2.4_wrong_fast",0.518938053097345,0.3,0.675141242937853
"6754246c81ce61cb6ffe887f","2_2",1,0,"1_1","1",10,"2.2_right_slow",0.566398891966759,0.5,0.536723163841808
"6754246c81ce61cb6ffe887f","2_2",1,0,"1_2","1",10,"2.2_right_slow",0.566398891966759,0.5,0.536723163841808
"6754246c81ce61cb6ffe887f","2_2",1,0,"1_3","0",10,"2.2_right_slow",0.566398891966759,0.5,0.536723163841808
"6754246c81ce61cb6ffe887f","2_2",1,0,"1_4","0",10,"2.2_right_slow",0.566398891966759,0.5,0.536723163841808
"6754246c81ce61cb6ffe887f","2_2",1,0,"1_5","0",10,"2.2_right_slow",0.566398891966759,0.5,0.536723163841808
"6754246c81ce61cb6ffe887f","2_5",1,0,"1_1","1",10,"2.5_right_slow",0.760870712401055,0.8,0.915254237288136
"6754246c81ce61cb6ffe887f","2_5",1,0,"1_2","1",10,"2.5_right_slow",0.760870712401055,0.8,0.915254237288136
"6754246c81ce61cb6ffe887f","2_5",1,0,"1_3","1",10,"2.5_right_slow",0.760870712401055,0.8,0.915254237288136
"6754246c81ce61cb6ffe887f","2_5",1,0,"1_4","0",10,"2.5_right_slow",0.760870712401055,0.8,0.915254237288136
"6754246c81ce61cb6ffe887f","2_5",1,0,"1_5","0",10,"2.5_right_slow",0.760870712401055,0.8,0.915254237288136
"6754246c81ce61cb6ffe887f","2_2",0,0,"1_1","1",10,"2.2_wrong_slow",0.566398891966759,0.6,0.536723163841808
"6754246c81ce61cb6ffe887f","2_2",0,0,"1_2","1",10,"2.2_wrong_slow",0.566398891966759,0.6,0.536723163841808
"6754246c81ce61cb6ffe887f","2_2",0,0,"1_3","1",10,"2.2_wrong_slow",0.566398891966759,0.6,0.536723163841808
"6754246c81ce61cb6ffe887f","2_2",0,0,"1_4","0",10,"2.2_wrong_slow",0.566398891966759,0.6,0.536723163841808
"6754246c81ce61cb6ffe887f","2_2",0,0,"1_5","0",10,"2.2_wrong_slow",0.566398891966759,0.6,0.536723163841808
"6754246c81ce61cb6ffe887f","2_4",0,1,"1_1","1",10,"2.4_wrong_fast",0.518938053097345,0.85,0.675141242937853
"6754246c81ce61cb6ffe887f","2_4",0,1,"1_2","0",10,"2.4_wrong_fast",0.518938053097345,0.85,0.675141242937853
"6754246c81ce61cb6ffe887f","2_4",0,1,"1_3","1",10,"2.4_wrong_fast",0.518938053097345,0.85,0.675141242937853
"6754246c81ce61cb6ffe887f","2_4",0,1,"1_4","0",10,"2.4_wrong_fast",0.518938053097345,0.85,0.675141242937853
"6754246c81ce61cb6ffe887f","2_4",0,1,"1_5","0",10,"2.4_wrong_fast",0.518938053097345,0.85,0.675141242937853
"6754246c81ce61cb6ffe887f","2_5",0,1,"1_1","1",10,"2.5_wrong_fast",0.760870712401055,0.7,0.915254237288136
"6754246c81ce61cb6ffe887f","2_5",0,1,"1_2","1",10,"2.5_wrong_fast",0.760870712401055,0.7,0.915254237288136
"6754246c81ce61cb6ffe887f","2_5",0,1,"1_3","1",10,"2.5_wrong_fast",0.760870712401055,0.7,0.915254237288136
"6754246c81ce61cb6ffe887f","2_5",0,1,"1_4","0",10,"2.5_wrong_fast",0.760870712401055,0.7,0.915254237288136
"6754246c81ce61cb6ffe887f","2_5",0,1,"1_5","0",10,"2.5_wrong_fast",0.760870712401055,0.7,0.915254237288136
"67577f7256966a1682182626","2_5",1,0,"1_1","1",NA,"2.5_right_slow",0.760870712401055,0.98,0.915254237288136
"67577f7256966a1682182626","2_5",1,0,"1_2","1",NA,"2.5_right_slow",0.760870712401055,0.98,0.915254237288136
"67577f7256966a1682182626","2_5",1,0,"1_3","1",NA,"2.5_right_slow",0.760870712401055,0.98,0.915254237288136
"67577f7256966a1682182626","2_5",1,0,"1_4","1",NA,"2.5_right_slow",0.760870712401055,0.98,0.915254237288136
"67577f7256966a1682182626","2_5",1,0,"1_5","0",NA,"2.5_right_slow",0.760870712401055,0.98,0.915254237288136
"67577f7256966a1682182626","2_3",0,0,"1_1","1",NA,"2.3_wrong_slow",0.577430167597765,0.93,0.446327683615819
"67577f7256966a1682182626","2_3",0,0,"1_2","0",NA,"2.3_wrong_slow",0.577430167597765,0.93,0.446327683615819
"67577f7256966a1682182626","2_3",0,0,"1_3","0",NA,"2.3_wrong_slow",0.577430167597765,0.93,0.446327683615819
"67577f7256966a1682182626","2_3",0,0,"1_4","1",NA,"2.3_wrong_slow",0.577430167597765,0.93,0.446327683615819
"67577f7256966a1682182626","2_3",0,0,"1_5","0",NA,"2.3_wrong_slow",0.577430167597765,0.93,0.446327683615819
"67577f7256966a1682182626","2_3",1,1,"1_1","1",NA,"2.3_right_fast",0.577430167597765,0.97,0.446327683615819
"67577f7256966a1682182626","2_3",1,1,"1_2","0",NA,"2.3_right_fast",0.577430167597765,0.97,0.446327683615819
"67577f7256966a1682182626","2_3",1,1,"1_3","1",NA,"2.3_right_fast",0.577430167597765,0.97,0.446327683615819
"67577f7256966a1682182626","2_3",1,1,"1_4","0",NA,"2.3_right_fast",0.577430167597765,0.97,0.446327683615819
"67577f7256966a1682182626","2_3",1,1,"1_5","0",NA,"2.3_right_fast",0.577430167597765,0.97,0.446327683615819
"67577f7256966a1682182626","2_4",0,1,"1_1","1",NA,"2.4_wrong_fast",0.518938053097345,0.98,0.675141242937853
"67577f7256966a1682182626","2_4",0,1,"1_2","0",NA,"2.4_wrong_fast",0.518938053097345,0.98,0.675141242937853
"67577f7256966a1682182626","2_4",0,1,"1_3","0",NA,"2.4_wrong_fast",0.518938053097345,0.98,0.675141242937853
"67577f7256966a1682182626","2_4",0,1,"1_4","0",NA,"2.4_wrong_fast",0.518938053097345,0.98,0.675141242937853
"67577f7256966a1682182626","2_4",0,1,"1_5","0",NA,"2.4_wrong_fast",0.518938053097345,0.98,0.675141242937853
"67577f7256966a1682182626","2_5",0,1,"1_1","0",NA,"2.5_wrong_fast",0.760870712401055,0.98,0.915254237288136
"67577f7256966a1682182626","2_5",0,1,"1_2","1",NA,"2.5_wrong_fast",0.760870712401055,0.98,0.915254237288136
"67577f7256966a1682182626","2_5",0,1,"1_3","0",NA,"2.5_wrong_fast",0.760870712401055,0.98,0.915254237288136
"67577f7256966a1682182626","2_5",0,1,"1_4","0",NA,"2.5_wrong_fast",0.760870712401055,0.98,0.915254237288136
"67577f7256966a1682182626","2_5",0,1,"1_5","1",NA,"2.5_wrong_fast",0.760870712401055,0.98,0.915254237288136
"675ce427f72ea526d6083376","2_3",1,0,"1_1","1",9,"2.3_right_slow",0.577430167597765,0.3,0.446327683615819
"675ce427f72ea526d6083376","2_3",1,0,"1_2","1",9,"2.3_right_slow",0.577430167597765,0.3,0.446327683615819
"675ce427f72ea526d6083376","2_3",1,0,"1_3","1",9,"2.3_right_slow",0.577430167597765,0.3,0.446327683615819
"675ce427f72ea526d6083376","2_3",1,0,"1_4","1",9,"2.3_right_slow",0.577430167597765,0.3,0.446327683615819
"675ce427f72ea526d6083376","2_3",1,0,"1_5","0",9,"2.3_right_slow",0.577430167597765,0.3,0.446327683615819
"675ce427f72ea526d6083376","2_1",0,0,"1_1","0",9,"2.1_wrong_slow",0.396726726726727,0.2,0.234463276836158
"675ce427f72ea526d6083376","2_1",0,0,"1_2","0",9,"2.1_wrong_slow",0.396726726726727,0.2,0.234463276836158
"675ce427f72ea526d6083376","2_1",0,0,"1_3","0",9,"2.1_wrong_slow",0.396726726726727,0.2,0.234463276836158
"675ce427f72ea526d6083376","2_1",0,0,"1_4","0",9,"2.1_wrong_slow",0.396726726726727,0.2,0.234463276836158
"675ce427f72ea526d6083376","2_1",0,0,"1_5","0",9,"2.1_wrong_slow",0.396726726726727,0.2,0.234463276836158
"675ce427f72ea526d6083376","2_2",0,0,"1_1","1",9,"2.2_wrong_slow",0.566398891966759,0.45,0.536723163841808
"675ce427f72ea526d6083376","2_2",0,0,"1_2","0",9,"2.2_wrong_slow",0.566398891966759,0.45,0.536723163841808
"675ce427f72ea526d6083376","2_2",0,0,"1_3","1",9,"2.2_wrong_slow",0.566398891966759,0.45,0.536723163841808
"675ce427f72ea526d6083376","2_2",0,0,"1_4","0",9,"2.2_wrong_slow",0.566398891966759,0.45,0.536723163841808
"675ce427f72ea526d6083376","2_2",0,0,"1_5","0",9,"2.2_wrong_slow",0.566398891966759,0.45,0.536723163841808
"675ce427f72ea526d6083376","2_3",1,1,"1_1","1",9,"2.3_right_fast",0.577430167597765,0.5,0.446327683615819
"675ce427f72ea526d6083376","2_3",1,1,"1_2","1",9,"2.3_right_fast",0.577430167597765,0.5,0.446327683615819
"675ce427f72ea526d6083376","2_3",1,1,"1_3","1",9,"2.3_right_fast",0.577430167597765,0.5,0.446327683615819
"675ce427f72ea526d6083376","2_3",1,1,"1_4","1",9,"2.3_right_fast",0.577430167597765,0.5,0.446327683615819
"675ce427f72ea526d6083376","2_3",1,1,"1_5","0",9,"2.3_right_fast",0.577430167597765,0.5,0.446327683615819
"675ce427f72ea526d6083376","2_5",1,1,"1_1","1",9,"2.5_right_fast",0.760870712401055,0.55,0.915254237288136
"675ce427f72ea526d6083376","2_5",1,1,"1_2","1",9,"2.5_right_fast",0.760870712401055,0.55,0.915254237288136
"675ce427f72ea526d6083376","2_5",1,1,"1_3","1",9,"2.5_right_fast",0.760870712401055,0.55,0.915254237288136
"675ce427f72ea526d6083376","2_5",1,1,"1_4","1",9,"2.5_right_fast",0.760870712401055,0.55,0.915254237288136
"675ce427f72ea526d6083376","2_5",1,1,"1_5","1",9,"2.5_right_fast",0.760870712401055,0.55,0.915254237288136
"676039cccf8fb8b221348fad","2_1",0,0,"1_1","1",11,"2.1_wrong_slow",0.396726726726727,0.68,0.234463276836158
"676039cccf8fb8b221348fad","2_1",0,0,"1_2","0",11,"2.1_wrong_slow",0.396726726726727,0.68,0.234463276836158
"676039cccf8fb8b221348fad","2_1",0,0,"1_3","0",11,"2.1_wrong_slow",0.396726726726727,0.68,0.234463276836158
"676039cccf8fb8b221348fad","2_1",0,0,"1_4","0",11,"2.1_wrong_slow",0.396726726726727,0.68,0.234463276836158
"676039cccf8fb8b221348fad","2_1",0,0,"1_5","0",11,"2.1_wrong_slow",0.396726726726727,0.68,0.234463276836158
"676039cccf8fb8b221348fad","2_3",0,0,"1_1","1",11,"2.3_wrong_slow",0.577430167597765,0.94,0.446327683615819
"676039cccf8fb8b221348fad","2_3",0,0,"1_2","1",11,"2.3_wrong_slow",0.577430167597765,0.94,0.446327683615819
"676039cccf8fb8b221348fad","2_3",0,0,"1_3","0",11,"2.3_wrong_slow",0.577430167597765,0.94,0.446327683615819
"676039cccf8fb8b221348fad","2_3",0,0,"1_4","1",11,"2.3_wrong_slow",0.577430167597765,0.94,0.446327683615819
"676039cccf8fb8b221348fad","2_3",0,0,"1_5","0",11,"2.3_wrong_slow",0.577430167597765,0.94,0.446327683615819
"676039cccf8fb8b221348fad","2_1",0,1,"1_1","1",11,"2.1_wrong_fast",0.396726726726727,0.84,0.234463276836158
"676039cccf8fb8b221348fad","2_1",0,1,"1_2","1",11,"2.1_wrong_fast",0.396726726726727,0.84,0.234463276836158
"676039cccf8fb8b221348fad","2_1",0,1,"1_3","0",11,"2.1_wrong_fast",0.396726726726727,0.84,0.234463276836158
"676039cccf8fb8b221348fad","2_1",0,1,"1_4","1",11,"2.1_wrong_fast",0.396726726726727,0.84,0.234463276836158
"676039cccf8fb8b221348fad","2_1",0,1,"1_5","0",11,"2.1_wrong_fast",0.396726726726727,0.84,0.234463276836158
"676039cccf8fb8b221348fad","2_2",0,1,"1_1","1",11,"2.2_wrong_fast",0.566398891966759,0.8,0.536723163841808
"676039cccf8fb8b221348fad","2_2",0,1,"1_2","1",11,"2.2_wrong_fast",0.566398891966759,0.8,0.536723163841808
"676039cccf8fb8b221348fad","2_2",0,1,"1_3","0",11,"2.2_wrong_fast",0.566398891966759,0.8,0.536723163841808
"676039cccf8fb8b221348fad","2_2",0,1,"1_4","1",11,"2.2_wrong_fast",0.566398891966759,0.8,0.536723163841808
"676039cccf8fb8b221348fad","2_2",0,1,"1_5","0",11,"2.2_wrong_fast",0.566398891966759,0.8,0.536723163841808
"676039cccf8fb8b221348fad","2_4",0,1,"1_1","1",11,"2.4_wrong_fast",0.518938053097345,0.93,0.675141242937853
"676039cccf8fb8b221348fad","2_4",0,1,"1_2","1",11,"2.4_wrong_fast",0.518938053097345,0.93,0.675141242937853
"676039cccf8fb8b221348fad","2_4",0,1,"1_3","0",11,"2.4_wrong_fast",0.518938053097345,0.93,0.675141242937853
"676039cccf8fb8b221348fad","2_4",0,1,"1_4","1",11,"2.4_wrong_fast",0.518938053097345,0.93,0.675141242937853
"676039cccf8fb8b221348fad","2_4",0,1,"1_5","0",11,"2.4_wrong_fast",0.518938053097345,0.93,0.675141242937853
"67644050f9258796cab737f2","2_2",1,0,"1_1","1",4,"2.2_right_slow",0.566398891966759,0.57,0.536723163841808
"67644050f9258796cab737f2","2_2",1,0,"1_2","1",4,"2.2_right_slow",0.566398891966759,0.57,0.536723163841808
"67644050f9258796cab737f2","2_2",1,0,"1_3","1",4,"2.2_right_slow",0.566398891966759,0.57,0.536723163841808
"67644050f9258796cab737f2","2_2",1,0,"1_4","1",4,"2.2_right_slow",0.566398891966759,0.57,0.536723163841808
"67644050f9258796cab737f2","2_2",1,0,"1_5","0",4,"2.2_right_slow",0.566398891966759,0.57,0.536723163841808
"67644050f9258796cab737f2","2_4",1,0,"1_1","1",4,"2.4_right_slow",0.518938053097345,0.55,0.675141242937853
"67644050f9258796cab737f2","2_4",1,0,"1_2","0",4,"2.4_right_slow",0.518938053097345,0.55,0.675141242937853
"67644050f9258796cab737f2","2_4",1,0,"1_3","1",4,"2.4_right_slow",0.518938053097345,0.55,0.675141242937853
"67644050f9258796cab737f2","2_4",1,0,"1_4","1",4,"2.4_right_slow",0.518938053097345,0.55,0.675141242937853
"67644050f9258796cab737f2","2_4",1,0,"1_5","0",4,"2.4_right_slow",0.518938053097345,0.55,0.675141242937853
"67644050f9258796cab737f2","2_1",1,1,"1_1","1",4,"2.1_right_fast",0.396726726726727,0.74,0.234463276836158
"67644050f9258796cab737f2","2_1",1,1,"1_2","0",4,"2.1_right_fast",0.396726726726727,0.74,0.234463276836158
"67644050f9258796cab737f2","2_1",1,1,"1_3","1",4,"2.1_right_fast",0.396726726726727,0.74,0.234463276836158
"67644050f9258796cab737f2","2_1",1,1,"1_4","1",4,"2.1_right_fast",0.396726726726727,0.74,0.234463276836158
"67644050f9258796cab737f2","2_1",1,1,"1_5","0",4,"2.1_right_fast",0.396726726726727,0.74,0.234463276836158
"67644050f9258796cab737f2","2_4",1,1,"1_1","0",4,"2.4_right_fast",0.518938053097345,0.77,0.675141242937853
"67644050f9258796cab737f2","2_4",1,1,"1_2","0",4,"2.4_right_fast",0.518938053097345,0.77,0.675141242937853
"67644050f9258796cab737f2","2_4",1,1,"1_3","1",4,"2.4_right_fast",0.518938053097345,0.77,0.675141242937853
"67644050f9258796cab737f2","2_4",1,1,"1_4","1",4,"2.4_right_fast",0.518938053097345,0.77,0.675141242937853
"67644050f9258796cab737f2","2_4",1,1,"1_5","0",4,"2.4_right_fast",0.518938053097345,0.77,0.675141242937853
"67644050f9258796cab737f2","2_5",1,1,"1_1","1",4,"2.5_right_fast",0.760870712401055,0.77,0.915254237288136
"67644050f9258796cab737f2","2_5",1,1,"1_2","1",4,"2.5_right_fast",0.760870712401055,0.77,0.915254237288136
"67644050f9258796cab737f2","2_5",1,1,"1_3","1",4,"2.5_right_fast",0.760870712401055,0.77,0.915254237288136
"67644050f9258796cab737f2","2_5",1,1,"1_4","1",4,"2.5_right_fast",0.760870712401055,0.77,0.915254237288136
"67644050f9258796cab737f2","2_5",1,1,"1_5","0",4,"2.5_right_fast",0.760870712401055,0.77,0.915254237288136
"676c45d92368330a2c254895","2_2",1,0,"1_1","1",11,"2.2_right_slow",0.566398891966759,0.32,0.536723163841808
"676c45d92368330a2c254895","2_2",1,0,"1_2","1",11,"2.2_right_slow",0.566398891966759,0.32,0.536723163841808
"676c45d92368330a2c254895","2_2",1,0,"1_3","1",11,"2.2_right_slow",0.566398891966759,0.32,0.536723163841808
"676c45d92368330a2c254895","2_2",1,0,"1_4","1",11,"2.2_right_slow",0.566398891966759,0.32,0.536723163841808
"676c45d92368330a2c254895","2_2",1,0,"1_5","0",11,"2.2_right_slow",0.566398891966759,0.32,0.536723163841808
"676c45d92368330a2c254895","2_5",1,0,"1_1","1",11,"2.5_right_slow",0.760870712401055,0.51,0.915254237288136
"676c45d92368330a2c254895","2_5",1,0,"1_2","1",11,"2.5_right_slow",0.760870712401055,0.51,0.915254237288136
"676c45d92368330a2c254895","2_5",1,0,"1_3","1",11,"2.5_right_slow",0.760870712401055,0.51,0.915254237288136
"676c45d92368330a2c254895","2_5",1,0,"1_4","1",11,"2.5_right_slow",0.760870712401055,0.51,0.915254237288136
"676c45d92368330a2c254895","2_5",1,0,"1_5","1",11,"2.5_right_slow",0.760870712401055,0.51,0.915254237288136
"676c45d92368330a2c254895","2_5",0,0,"1_1","1",11,"2.5_wrong_slow",0.760870712401055,0.53,0.915254237288136
"676c45d92368330a2c254895","2_5",0,0,"1_2","1",11,"2.5_wrong_slow",0.760870712401055,0.53,0.915254237288136
"676c45d92368330a2c254895","2_5",0,0,"1_3","1",11,"2.5_wrong_slow",0.760870712401055,0.53,0.915254237288136
"676c45d92368330a2c254895","2_5",0,0,"1_4","1",11,"2.5_wrong_slow",0.760870712401055,0.53,0.915254237288136
"676c45d92368330a2c254895","2_5",0,0,"1_5","0",11,"2.5_wrong_slow",0.760870712401055,0.53,0.915254237288136
"676c45d92368330a2c254895","2_5",1,1,"1_1","1",11,"2.5_right_fast",0.760870712401055,0.5,0.915254237288136
"676c45d92368330a2c254895","2_5",1,1,"1_2","1",11,"2.5_right_fast",0.760870712401055,0.5,0.915254237288136
"676c45d92368330a2c254895","2_5",1,1,"1_3","1",11,"2.5_right_fast",0.760870712401055,0.5,0.915254237288136
"676c45d92368330a2c254895","2_5",1,1,"1_4","1",11,"2.5_right_fast",0.760870712401055,0.5,0.915254237288136
"676c45d92368330a2c254895","2_5",1,1,"1_5","1",11,"2.5_right_fast",0.760870712401055,0.5,0.915254237288136
"676c45d92368330a2c254895","2_2",0,1,"1_1","1",11,"2.2_wrong_fast",0.566398891966759,0.29,0.536723163841808
"676c45d92368330a2c254895","2_2",0,1,"1_2","0",11,"2.2_wrong_fast",0.566398891966759,0.29,0.536723163841808
"676c45d92368330a2c254895","2_2",0,1,"1_3","0",11,"2.2_wrong_fast",0.566398891966759,0.29,0.536723163841808
"676c45d92368330a2c254895","2_2",0,1,"1_4","1",11,"2.2_wrong_fast",0.566398891966759,0.29,0.536723163841808
"676c45d92368330a2c254895","2_2",0,1,"1_5","0",11,"2.2_wrong_fast",0.566398891966759,0.29,0.536723163841808
"676c6d4ab88f95b3e9342f6f","2_2",1,0,"1_1","1",NA,"2.2_right_slow",0.566398891966759,0.28,0.536723163841808
"676c6d4ab88f95b3e9342f6f","2_2",1,0,"1_2","1",NA,"2.2_right_slow",0.566398891966759,0.28,0.536723163841808
"676c6d4ab88f95b3e9342f6f","2_2",1,0,"1_3","0",NA,"2.2_right_slow",0.566398891966759,0.28,0.536723163841808
"676c6d4ab88f95b3e9342f6f","2_2",1,0,"1_4","0",NA,"2.2_right_slow",0.566398891966759,0.28,0.536723163841808
"676c6d4ab88f95b3e9342f6f","2_2",1,0,"1_5","0",NA,"2.2_right_slow",0.566398891966759,0.28,0.536723163841808
"676c6d4ab88f95b3e9342f6f","2_4",1,0,"1_1","1",NA,"2.4_right_slow",0.518938053097345,0.37,0.675141242937853
"676c6d4ab88f95b3e9342f6f","2_4",1,0,"1_2","0",NA,"2.4_right_slow",0.518938053097345,0.37,0.675141242937853
"676c6d4ab88f95b3e9342f6f","2_4",1,0,"1_3","0",NA,"2.4_right_slow",0.518938053097345,0.37,0.675141242937853
"676c6d4ab88f95b3e9342f6f","2_4",1,0,"1_4","1",NA,"2.4_right_slow",0.518938053097345,0.37,0.675141242937853
"676c6d4ab88f95b3e9342f6f","2_4",1,0,"1_5","0",NA,"2.4_right_slow",0.518938053097345,0.37,0.675141242937853
"676c6d4ab88f95b3e9342f6f","2_5",1,0,"1_1","1",NA,"2.5_right_slow",0.760870712401055,0.08,0.915254237288136
"676c6d4ab88f95b3e9342f6f","2_5",1,0,"1_2","1",NA,"2.5_right_slow",0.760870712401055,0.08,0.915254237288136
"676c6d4ab88f95b3e9342f6f","2_5",1,0,"1_3","1",NA,"2.5_right_slow",0.760870712401055,0.08,0.915254237288136
"676c6d4ab88f95b3e9342f6f","2_5",1,0,"1_4","1",NA,"2.5_right_slow",0.760870712401055,0.08,0.915254237288136
"676c6d4ab88f95b3e9342f6f","2_5",1,0,"1_5","1",NA,"2.5_right_slow",0.760870712401055,0.08,0.915254237288136
"676c6d4ab88f95b3e9342f6f","2_1",0,1,"1_1","1",NA,"2.1_wrong_fast",0.396726726726727,0.4,0.234463276836158
"676c6d4ab88f95b3e9342f6f","2_1",0,1,"1_2","0",NA,"2.1_wrong_fast",0.396726726726727,0.4,0.234463276836158
"676c6d4ab88f95b3e9342f6f","2_1",0,1,"1_3","0",NA,"2.1_wrong_fast",0.396726726726727,0.4,0.234463276836158
"676c6d4ab88f95b3e9342f6f","2_1",0,1,"1_4","0",NA,"2.1_wrong_fast",0.396726726726727,0.4,0.234463276836158
"676c6d4ab88f95b3e9342f6f","2_1",0,1,"1_5","0",NA,"2.1_wrong_fast",0.396726726726727,0.4,0.234463276836158
"676c6d4ab88f95b3e9342f6f","2_2",0,1,"1_1","1",NA,"2.2_wrong_fast",0.566398891966759,0.6,0.536723163841808
"676c6d4ab88f95b3e9342f6f","2_2",0,1,"1_2","1",NA,"2.2_wrong_fast",0.566398891966759,0.6,0.536723163841808
"676c6d4ab88f95b3e9342f6f","2_2",0,1,"1_3","0",NA,"2.2_wrong_fast",0.566398891966759,0.6,0.536723163841808
"676c6d4ab88f95b3e9342f6f","2_2",0,1,"1_4","0",NA,"2.2_wrong_fast",0.566398891966759,0.6,0.536723163841808
"676c6d4ab88f95b3e9342f6f","2_2",0,1,"1_5","0",NA,"2.2_wrong_fast",0.566398891966759,0.6,0.536723163841808
"676c9d1a76e650632accd4f7","2_1",0,0,"1_1","1",6,"2.1_wrong_slow",0.396726726726727,0.1,0.234463276836158
"676c9d1a76e650632accd4f7","2_1",0,0,"1_2","0",6,"2.1_wrong_slow",0.396726726726727,0.1,0.234463276836158
"676c9d1a76e650632accd4f7","2_1",0,0,"1_3","0",6,"2.1_wrong_slow",0.396726726726727,0.1,0.234463276836158
"676c9d1a76e650632accd4f7","2_1",0,0,"1_4","0",6,"2.1_wrong_slow",0.396726726726727,0.1,0.234463276836158
"676c9d1a76e650632accd4f7","2_1",0,0,"1_5","0",6,"2.1_wrong_slow",0.396726726726727,0.1,0.234463276836158
"676c9d1a76e650632accd4f7","2_5",1,1,"1_1","1",6,"2.5_right_fast",0.760870712401055,0.98,0.915254237288136
"676c9d1a76e650632accd4f7","2_5",1,1,"1_2","1",6,"2.5_right_fast",0.760870712401055,0.98,0.915254237288136
"676c9d1a76e650632accd4f7","2_5",1,1,"1_3","1",6,"2.5_right_fast",0.760870712401055,0.98,0.915254237288136
"676c9d1a76e650632accd4f7","2_5",1,1,"1_4","1",6,"2.5_right_fast",0.760870712401055,0.98,0.915254237288136
"676c9d1a76e650632accd4f7","2_5",1,1,"1_5","1",6,"2.5_right_fast",0.760870712401055,0.98,0.915254237288136
"676c9d1a76e650632accd4f7","2_2",0,1,"1_1","1",6,"2.2_wrong_fast",0.566398891966759,0.4,0.536723163841808
"676c9d1a76e650632accd4f7","2_2",0,1,"1_2","0",6,"2.2_wrong_fast",0.566398891966759,0.4,0.536723163841808
"676c9d1a76e650632accd4f7","2_2",0,1,"1_3","0",6,"2.2_wrong_fast",0.566398891966759,0.4,0.536723163841808
"676c9d1a76e650632accd4f7","2_2",0,1,"1_4","0",6,"2.2_wrong_fast",0.566398891966759,0.4,0.536723163841808
"676c9d1a76e650632accd4f7","2_2",0,1,"1_5","0",6,"2.2_wrong_fast",0.566398891966759,0.4,0.536723163841808
"676c9d1a76e650632accd4f7","2_4",0,1,"1_1","1",6,"2.4_wrong_fast",0.518938053097345,0.6,0.675141242937853
"676c9d1a76e650632accd4f7","2_4",0,1,"1_2","0",6,"2.4_wrong_fast",0.518938053097345,0.6,0.675141242937853
"676c9d1a76e650632accd4f7","2_4",0,1,"1_3","0",6,"2.4_wrong_fast",0.518938053097345,0.6,0.675141242937853
"676c9d1a76e650632accd4f7","2_4",0,1,"1_4","0",6,"2.4_wrong_fast",0.518938053097345,0.6,0.675141242937853
"676c9d1a76e650632accd4f7","2_4",0,1,"1_5","0",6,"2.4_wrong_fast",0.518938053097345,0.6,0.675141242937853
"676c9d1a76e650632accd4f7","2_5",0,1,"1_1","1",6,"2.5_wrong_fast",0.760870712401055,0.95,0.915254237288136
"676c9d1a76e650632accd4f7","2_5",0,1,"1_2","1",6,"2.5_wrong_fast",0.760870712401055,0.95,0.915254237288136
"676c9d1a76e650632accd4f7","2_5",0,1,"1_3","0",6,"2.5_wrong_fast",0.760870712401055,0.95,0.915254237288136
"676c9d1a76e650632accd4f7","2_5",0,1,"1_4","1",6,"2.5_wrong_fast",0.760870712401055,0.95,0.915254237288136
"676c9d1a76e650632accd4f7","2_5",0,1,"1_5","0",6,"2.5_wrong_fast",0.760870712401055,0.95,0.915254237288136
"676c9fdb29eb6558c47a3a25","2_2",1,0,"1_1","1",12,"2.2_right_slow",0.566398891966759,0.4,0.536723163841808
"676c9fdb29eb6558c47a3a25","2_2",1,0,"1_2","1",12,"2.2_right_slow",0.566398891966759,0.4,0.536723163841808
"676c9fdb29eb6558c47a3a25","2_2",1,0,"1_3","1",12,"2.2_right_slow",0.566398891966759,0.4,0.536723163841808
"676c9fdb29eb6558c47a3a25","2_2",1,0,"1_4","1",12,"2.2_right_slow",0.566398891966759,0.4,0.536723163841808
"676c9fdb29eb6558c47a3a25","2_2",1,0,"1_5","0",12,"2.2_right_slow",0.566398891966759,0.4,0.536723163841808
"676c9fdb29eb6558c47a3a25","2_3",1,0,"1_1","1",12,"2.3_right_slow",0.577430167597765,0.25,0.446327683615819
"676c9fdb29eb6558c47a3a25","2_3",1,0,"1_2","0",12,"2.3_right_slow",0.577430167597765,0.25,0.446327683615819
"676c9fdb29eb6558c47a3a25","2_3",1,0,"1_3","1",12,"2.3_right_slow",0.577430167597765,0.25,0.446327683615819
"676c9fdb29eb6558c47a3a25","2_3",1,0,"1_4","1",12,"2.3_right_slow",0.577430167597765,0.25,0.446327683615819
"676c9fdb29eb6558c47a3a25","2_3",1,0,"1_5","0",12,"2.3_right_slow",0.577430167597765,0.25,0.446327683615819
"676c9fdb29eb6558c47a3a25","2_5",1,0,"1_1","1",12,"2.5_right_slow",0.760870712401055,0.85,0.915254237288136
"676c9fdb29eb6558c47a3a25","2_5",1,0,"1_2","1",12,"2.5_right_slow",0.760870712401055,0.85,0.915254237288136
"676c9fdb29eb6558c47a3a25","2_5",1,0,"1_3","1",12,"2.5_right_slow",0.760870712401055,0.85,0.915254237288136
"676c9fdb29eb6558c47a3a25","2_5",1,0,"1_4","1",12,"2.5_right_slow",0.760870712401055,0.85,0.915254237288136
"676c9fdb29eb6558c47a3a25","2_5",1,0,"1_5","1",12,"2.5_right_slow",0.760870712401055,0.85,0.915254237288136
"676c9fdb29eb6558c47a3a25","2_4",1,1,"1_1","1",12,"2.4_right_fast",0.518938053097345,0.35,0.675141242937853
"676c9fdb29eb6558c47a3a25","2_4",1,1,"1_2","0",12,"2.4_right_fast",0.518938053097345,0.35,0.675141242937853
"676c9fdb29eb6558c47a3a25","2_4",1,1,"1_3","1",12,"2.4_right_fast",0.518938053097345,0.35,0.675141242937853
"676c9fdb29eb6558c47a3a25","2_4",1,1,"1_4","1",12,"2.4_right_fast",0.518938053097345,0.35,0.675141242937853
"676c9fdb29eb6558c47a3a25","2_4",1,1,"1_5","0",12,"2.4_right_fast",0.518938053097345,0.35,0.675141242937853
"676c9fdb29eb6558c47a3a25","2_1",0,1,"1_1","1",12,"2.1_wrong_fast",0.396726726726727,0.35,0.234463276836158
"676c9fdb29eb6558c47a3a25","2_1",0,1,"1_2","0",12,"2.1_wrong_fast",0.396726726726727,0.35,0.234463276836158
"676c9fdb29eb6558c47a3a25","2_1",0,1,"1_3","0",12,"2.1_wrong_fast",0.396726726726727,0.35,0.234463276836158
"676c9fdb29eb6558c47a3a25","2_1",0,1,"1_4","0",12,"2.1_wrong_fast",0.396726726726727,0.35,0.234463276836158
"676c9fdb29eb6558c47a3a25","2_1",0,1,"1_5","0",12,"2.1_wrong_fast",0.396726726726727,0.35,0.234463276836158
"676edb8ebfddac82b8e23c49","2_1",1,0,"1_1","1",10,"2.1_right_slow",0.396726726726727,0.35,0.234463276836158
"676edb8ebfddac82b8e23c49","2_1",1,0,"1_2","0",10,"2.1_right_slow",0.396726726726727,0.35,0.234463276836158
"676edb8ebfddac82b8e23c49","2_1",1,0,"1_3","1",10,"2.1_right_slow",0.396726726726727,0.35,0.234463276836158
"676edb8ebfddac82b8e23c49","2_1",1,0,"1_4","1",10,"2.1_right_slow",0.396726726726727,0.35,0.234463276836158
"676edb8ebfddac82b8e23c49","2_1",1,0,"1_5","0",10,"2.1_right_slow",0.396726726726727,0.35,0.234463276836158
"676edb8ebfddac82b8e23c49","2_2",0,0,"1_1","1",10,"2.2_wrong_slow",0.566398891966759,0.45,0.536723163841808
"676edb8ebfddac82b8e23c49","2_2",0,0,"1_2","0",10,"2.2_wrong_slow",0.566398891966759,0.45,0.536723163841808
"676edb8ebfddac82b8e23c49","2_2",0,0,"1_3","0",10,"2.2_wrong_slow",0.566398891966759,0.45,0.536723163841808
"676edb8ebfddac82b8e23c49","2_2",0,0,"1_4","0",10,"2.2_wrong_slow",0.566398891966759,0.45,0.536723163841808
"676edb8ebfddac82b8e23c49","2_2",0,0,"1_5","0",10,"2.2_wrong_slow",0.566398891966759,0.45,0.536723163841808
"676edb8ebfddac82b8e23c49","2_4",0,0,"1_1","1",10,"2.4_wrong_slow",0.518938053097345,0.5,0.675141242937853
"676edb8ebfddac82b8e23c49","2_4",0,0,"1_2","1",10,"2.4_wrong_slow",0.518938053097345,0.5,0.675141242937853
"676edb8ebfddac82b8e23c49","2_4",0,0,"1_3","1",10,"2.4_wrong_slow",0.518938053097345,0.5,0.675141242937853
"676edb8ebfddac82b8e23c49","2_4",0,0,"1_4","0",10,"2.4_wrong_slow",0.518938053097345,0.5,0.675141242937853
"676edb8ebfddac82b8e23c49","2_4",0,0,"1_5","0",10,"2.4_wrong_slow",0.518938053097345,0.5,0.675141242937853
"676edb8ebfddac82b8e23c49","2_1",1,1,"1_1","1",10,"2.1_right_fast",0.396726726726727,0.5,0.234463276836158
"676edb8ebfddac82b8e23c49","2_1",1,1,"1_2","1",10,"2.1_right_fast",0.396726726726727,0.5,0.234463276836158
"676edb8ebfddac82b8e23c49","2_1",1,1,"1_3","1",10,"2.1_right_fast",0.396726726726727,0.5,0.234463276836158
"676edb8ebfddac82b8e23c49","2_1",1,1,"1_4","1",10,"2.1_right_fast",0.396726726726727,0.5,0.234463276836158
"676edb8ebfddac82b8e23c49","2_1",1,1,"1_5","0",10,"2.1_right_fast",0.396726726726727,0.5,0.234463276836158
"676edb8ebfddac82b8e23c49","2_4",1,1,"1_1","1",10,"2.4_right_fast",0.518938053097345,0.5,0.675141242937853
"676edb8ebfddac82b8e23c49","2_4",1,1,"1_2","1",10,"2.4_right_fast",0.518938053097345,0.5,0.675141242937853
"676edb8ebfddac82b8e23c49","2_4",1,1,"1_3","0",10,"2.4_right_fast",0.518938053097345,0.5,0.675141242937853
"676edb8ebfddac82b8e23c49","2_4",1,1,"1_4","1",10,"2.4_right_fast",0.518938053097345,0.5,0.675141242937853
"676edb8ebfddac82b8e23c49","2_4",1,1,"1_5","0",10,"2.4_right_fast",0.518938053097345,0.5,0.675141242937853
"67731108dbba1f283636d0e6","2_4",1,0,"1_1","1",7,"2.4_right_slow",0.518938053097345,0.32,0.675141242937853
"67731108dbba1f283636d0e6","2_4",1,0,"1_2","1",7,"2.4_right_slow",0.518938053097345,0.32,0.675141242937853
"67731108dbba1f283636d0e6","2_4",1,0,"1_3","0",7,"2.4_right_slow",0.518938053097345,0.32,0.675141242937853
"67731108dbba1f283636d0e6","2_4",1,0,"1_4","1",7,"2.4_right_slow",0.518938053097345,0.32,0.675141242937853
"67731108dbba1f283636d0e6","2_4",1,0,"1_5","0",7,"2.4_right_slow",0.518938053097345,0.32,0.675141242937853
"67731108dbba1f283636d0e6","2_1",0,0,"1_1","0",7,"2.1_wrong_slow",0.396726726726727,0.86,0.234463276836158
"67731108dbba1f283636d0e6","2_1",0,0,"1_2","0",7,"2.1_wrong_slow",0.396726726726727,0.86,0.234463276836158
"67731108dbba1f283636d0e6","2_1",0,0,"1_3","0",7,"2.1_wrong_slow",0.396726726726727,0.86,0.234463276836158
"67731108dbba1f283636d0e6","2_1",0,0,"1_4","1",7,"2.1_wrong_slow",0.396726726726727,0.86,0.234463276836158
"67731108dbba1f283636d0e6","2_1",0,0,"1_5","0",7,"2.1_wrong_slow",0.396726726726727,0.86,0.234463276836158
"67731108dbba1f283636d0e6","2_1",1,1,"1_1","1",7,"2.1_right_fast",0.396726726726727,0.86,0.234463276836158
"67731108dbba1f283636d0e6","2_1",1,1,"1_2","0",7,"2.1_right_fast",0.396726726726727,0.86,0.234463276836158
"67731108dbba1f283636d0e6","2_1",1,1,"1_3","0",7,"2.1_right_fast",0.396726726726727,0.86,0.234463276836158
"67731108dbba1f283636d0e6","2_1",1,1,"1_4","1",7,"2.1_right_fast",0.396726726726727,0.86,0.234463276836158
"67731108dbba1f283636d0e6","2_1",1,1,"1_5","0",7,"2.1_right_fast",0.396726726726727,0.86,0.234463276836158
"67731108dbba1f283636d0e6","2_4",1,1,"1_1","1",7,"2.4_right_fast",0.518938053097345,0.65,0.675141242937853
"67731108dbba1f283636d0e6","2_4",1,1,"1_2","1",7,"2.4_right_fast",0.518938053097345,0.65,0.675141242937853
"67731108dbba1f283636d0e6","2_4",1,1,"1_3","0",7,"2.4_right_fast",0.518938053097345,0.65,0.675141242937853
"67731108dbba1f283636d0e6","2_4",1,1,"1_4","1",7,"2.4_right_fast",0.518938053097345,0.65,0.675141242937853
"67731108dbba1f283636d0e6","2_4",1,1,"1_5","0",7,"2.4_right_fast",0.518938053097345,0.65,0.675141242937853
"67731108dbba1f283636d0e6","2_5",0,1,"1_1","0",7,"2.5_wrong_fast",0.760870712401055,0.96,0.915254237288136
"67731108dbba1f283636d0e6","2_5",0,1,"1_2","0",7,"2.5_wrong_fast",0.760870712401055,0.96,0.915254237288136
"67731108dbba1f283636d0e6","2_5",0,1,"1_3","0",7,"2.5_wrong_fast",0.760870712401055,0.96,0.915254237288136
"67731108dbba1f283636d0e6","2_5",0,1,"1_4","1",7,"2.5_wrong_fast",0.760870712401055,0.96,0.915254237288136
"67731108dbba1f283636d0e6","2_5",0,1,"1_5","0",7,"2.5_wrong_fast",0.760870712401055,0.96,0.915254237288136
"677454d2ffb9721d9469456a","2_5",1,0,"1_1","1",12,"2.5_right_slow",0.760870712401055,0.5,0.915254237288136
"677454d2ffb9721d9469456a","2_5",1,0,"1_2","1",12,"2.5_right_slow",0.760870712401055,0.5,0.915254237288136
"677454d2ffb9721d9469456a","2_5",1,0,"1_3","1",12,"2.5_right_slow",0.760870712401055,0.5,0.915254237288136
"677454d2ffb9721d9469456a","2_5",1,0,"1_4","1",12,"2.5_right_slow",0.760870712401055,0.5,0.915254237288136
"677454d2ffb9721d9469456a","2_5",1,0,"1_5","1",12,"2.5_right_slow",0.760870712401055,0.5,0.915254237288136
"677454d2ffb9721d9469456a","2_4",0,0,"1_1","1",12,"2.4_wrong_slow",0.518938053097345,0.6,0.675141242937853
"677454d2ffb9721d9469456a","2_4",0,0,"1_2","1",12,"2.4_wrong_slow",0.518938053097345,0.6,0.675141242937853
"677454d2ffb9721d9469456a","2_4",0,0,"1_3","1",12,"2.4_wrong_slow",0.518938053097345,0.6,0.675141242937853
"677454d2ffb9721d9469456a","2_4",0,0,"1_4","0",12,"2.4_wrong_slow",0.518938053097345,0.6,0.675141242937853
"677454d2ffb9721d9469456a","2_4",0,0,"1_5","0",12,"2.4_wrong_slow",0.518938053097345,0.6,0.675141242937853
"677454d2ffb9721d9469456a","2_3",1,1,"1_1","1",12,"2.3_right_fast",0.577430167597765,0.38,0.446327683615819
"677454d2ffb9721d9469456a","2_3",1,1,"1_2","1",12,"2.3_right_fast",0.577430167597765,0.38,0.446327683615819
"677454d2ffb9721d9469456a","2_3",1,1,"1_3","1",12,"2.3_right_fast",0.577430167597765,0.38,0.446327683615819
"677454d2ffb9721d9469456a","2_3",1,1,"1_4","1",12,"2.3_right_fast",0.577430167597765,0.38,0.446327683615819
"677454d2ffb9721d9469456a","2_3",1,1,"1_5","0",12,"2.3_right_fast",0.577430167597765,0.38,0.446327683615819
"677454d2ffb9721d9469456a","2_5",1,1,"1_1","1",12,"2.5_right_fast",0.760870712401055,0.8,0.915254237288136
"677454d2ffb9721d9469456a","2_5",1,1,"1_2","1",12,"2.5_right_fast",0.760870712401055,0.8,0.915254237288136
"677454d2ffb9721d9469456a","2_5",1,1,"1_3","1",12,"2.5_right_fast",0.760870712401055,0.8,0.915254237288136
"677454d2ffb9721d9469456a","2_5",1,1,"1_4","1",12,"2.5_right_fast",0.760870712401055,0.8,0.915254237288136
"677454d2ffb9721d9469456a","2_5",1,1,"1_5","1",12,"2.5_right_fast",0.760870712401055,0.8,0.915254237288136
"677454d2ffb9721d9469456a","2_1",0,1,"1_1","0",12,"2.1_wrong_fast",0.396726726726727,0.55,0.234463276836158
"677454d2ffb9721d9469456a","2_1",0,1,"1_2","0",12,"2.1_wrong_fast",0.396726726726727,0.55,0.234463276836158
"677454d2ffb9721d9469456a","2_1",0,1,"1_3","0",12,"2.1_wrong_fast",0.396726726726727,0.55,0.234463276836158
"677454d2ffb9721d9469456a","2_1",0,1,"1_4","0",12,"2.1_wrong_fast",0.396726726726727,0.55,0.234463276836158
"677454d2ffb9721d9469456a","2_1",0,1,"1_5","0",12,"2.1_wrong_fast",0.396726726726727,0.55,0.234463276836158
"6774ba2b35bfe170ef2d7c87","2_2",1,0,"1_1","1",10,"2.2_right_slow",0.566398891966759,0.6,0.536723163841808
"6774ba2b35bfe170ef2d7c87","2_2",1,0,"1_2","1",10,"2.2_right_slow",0.566398891966759,0.6,0.536723163841808
"6774ba2b35bfe170ef2d7c87","2_2",1,0,"1_3","0",10,"2.2_right_slow",0.566398891966759,0.6,0.536723163841808
"6774ba2b35bfe170ef2d7c87","2_2",1,0,"1_4","1",10,"2.2_right_slow",0.566398891966759,0.6,0.536723163841808
"6774ba2b35bfe170ef2d7c87","2_2",1,0,"1_5","0",10,"2.2_right_slow",0.566398891966759,0.6,0.536723163841808
"6774ba2b35bfe170ef2d7c87","2_5",1,0,"1_1","1",10,"2.5_right_slow",0.760870712401055,0.77,0.915254237288136
"6774ba2b35bfe170ef2d7c87","2_5",1,0,"1_2","1",10,"2.5_right_slow",0.760870712401055,0.77,0.915254237288136
"6774ba2b35bfe170ef2d7c87","2_5",1,0,"1_3","1",10,"2.5_right_slow",0.760870712401055,0.77,0.915254237288136
"6774ba2b35bfe170ef2d7c87","2_5",1,0,"1_4","1",10,"2.5_right_slow",0.760870712401055,0.77,0.915254237288136
"6774ba2b35bfe170ef2d7c87","2_5",1,0,"1_5","0",10,"2.5_right_slow",0.760870712401055,0.77,0.915254237288136
"6774ba2b35bfe170ef2d7c87","2_1",0,1,"1_1","1",10,"2.1_wrong_fast",0.396726726726727,0.58,0.234463276836158
"6774ba2b35bfe170ef2d7c87","2_1",0,1,"1_2","0",10,"2.1_wrong_fast",0.396726726726727,0.58,0.234463276836158
"6774ba2b35bfe170ef2d7c87","2_1",0,1,"1_3","0",10,"2.1_wrong_fast",0.396726726726727,0.58,0.234463276836158
"6774ba2b35bfe170ef2d7c87","2_1",0,1,"1_4","0",10,"2.1_wrong_fast",0.396726726726727,0.58,0.234463276836158
"6774ba2b35bfe170ef2d7c87","2_1",0,1,"1_5","0",10,"2.1_wrong_fast",0.396726726726727,0.58,0.234463276836158
"6774ba2b35bfe170ef2d7c87","2_4",0,1,"1_1","1",10,"2.4_wrong_fast",0.518938053097345,0.6,0.675141242937853
"6774ba2b35bfe170ef2d7c87","2_4",0,1,"1_2","0",10,"2.4_wrong_fast",0.518938053097345,0.6,0.675141242937853
"6774ba2b35bfe170ef2d7c87","2_4",0,1,"1_3","0",10,"2.4_wrong_fast",0.518938053097345,0.6,0.675141242937853
"6774ba2b35bfe170ef2d7c87","2_4",0,1,"1_4","1",10,"2.4_wrong_fast",0.518938053097345,0.6,0.675141242937853
"6774ba2b35bfe170ef2d7c87","2_4",0,1,"1_5","0",10,"2.4_wrong_fast",0.518938053097345,0.6,0.675141242937853
"6774ba2b35bfe170ef2d7c87","2_5",0,1,"1_1","1",10,"2.5_wrong_fast",0.760870712401055,0.83,0.915254237288136
"6774ba2b35bfe170ef2d7c87","2_5",0,1,"1_2","1",10,"2.5_wrong_fast",0.760870712401055,0.83,0.915254237288136
"6774ba2b35bfe170ef2d7c87","2_5",0,1,"1_3","0",10,"2.5_wrong_fast",0.760870712401055,0.83,0.915254237288136
"6774ba2b35bfe170ef2d7c87","2_5",0,1,"1_4","1",10,"2.5_wrong_fast",0.760870712401055,0.83,0.915254237288136
"6774ba2b35bfe170ef2d7c87","2_5",0,1,"1_5","0",10,"2.5_wrong_fast",0.760870712401055,0.83,0.915254237288136
"6776071db9b6ba9c5d3c522f","2_3",1,0,"1_1","1",1,"2.3_right_slow",0.577430167597765,0.7,0.446327683615819
"6776071db9b6ba9c5d3c522f","2_3",1,0,"1_2","1",1,"2.3_right_slow",0.577430167597765,0.7,0.446327683615819
"6776071db9b6ba9c5d3c522f","2_3",1,0,"1_3","1",1,"2.3_right_slow",0.577430167597765,0.7,0.446327683615819
"6776071db9b6ba9c5d3c522f","2_3",1,0,"1_4","1",1,"2.3_right_slow",0.577430167597765,0.7,0.446327683615819
"6776071db9b6ba9c5d3c522f","2_3",1,0,"1_5","1",1,"2.3_right_slow",0.577430167597765,0.7,0.446327683615819
"6776071db9b6ba9c5d3c522f","2_3",0,0,"1_1","1",1,"2.3_wrong_slow",0.577430167597765,0.5,0.446327683615819
"6776071db9b6ba9c5d3c522f","2_3",0,0,"1_2","1",1,"2.3_wrong_slow",0.577430167597765,0.5,0.446327683615819
"6776071db9b6ba9c5d3c522f","2_3",0,0,"1_3","0",1,"2.3_wrong_slow",0.577430167597765,0.5,0.446327683615819
"6776071db9b6ba9c5d3c522f","2_3",0,0,"1_4","0",1,"2.3_wrong_slow",0.577430167597765,0.5,0.446327683615819
"6776071db9b6ba9c5d3c522f","2_3",0,0,"1_5","0",1,"2.3_wrong_slow",0.577430167597765,0.5,0.446327683615819
"6776071db9b6ba9c5d3c522f","2_5",0,0,"1_1","1",1,"2.5_wrong_slow",0.760870712401055,0.7,0.915254237288136
"6776071db9b6ba9c5d3c522f","2_5",0,0,"1_2","1",1,"2.5_wrong_slow",0.760870712401055,0.7,0.915254237288136
"6776071db9b6ba9c5d3c522f","2_5",0,0,"1_3","1",1,"2.5_wrong_slow",0.760870712401055,0.7,0.915254237288136
"6776071db9b6ba9c5d3c522f","2_5",0,0,"1_4","0",1,"2.5_wrong_slow",0.760870712401055,0.7,0.915254237288136
"6776071db9b6ba9c5d3c522f","2_5",0,0,"1_5","0",1,"2.5_wrong_slow",0.760870712401055,0.7,0.915254237288136
"6776071db9b6ba9c5d3c522f","2_1",0,1,"1_1","0",1,"2.1_wrong_fast",0.396726726726727,0.5,0.234463276836158
"6776071db9b6ba9c5d3c522f","2_1",0,1,"1_2","0",1,"2.1_wrong_fast",0.396726726726727,0.5,0.234463276836158
"6776071db9b6ba9c5d3c522f","2_1",0,1,"1_3","0",1,"2.1_wrong_fast",0.396726726726727,0.5,0.234463276836158
"6776071db9b6ba9c5d3c522f","2_1",0,1,"1_4","0",1,"2.1_wrong_fast",0.396726726726727,0.5,0.234463276836158
"6776071db9b6ba9c5d3c522f","2_1",0,1,"1_5","0",1,"2.1_wrong_fast",0.396726726726727,0.5,0.234463276836158
"6776071db9b6ba9c5d3c522f","2_4",0,1,"1_1","1",1,"2.4_wrong_fast",0.518938053097345,0.9,0.675141242937853
"6776071db9b6ba9c5d3c522f","2_4",0,1,"1_2","1",1,"2.4_wrong_fast",0.518938053097345,0.9,0.675141242937853
"6776071db9b6ba9c5d3c522f","2_4",0,1,"1_3","0",1,"2.4_wrong_fast",0.518938053097345,0.9,0.675141242937853
"6776071db9b6ba9c5d3c522f","2_4",0,1,"1_4","0",1,"2.4_wrong_fast",0.518938053097345,0.9,0.675141242937853
"6776071db9b6ba9c5d3c522f","2_4",0,1,"1_5","0",1,"2.4_wrong_fast",0.518938053097345,0.9,0.675141242937853
"677ad06ebf62b45f68bc3ed4","2_2",1,0,"1_1","1",10,"2.2_right_slow",0.566398891966759,0.51,0.536723163841808
"677ad06ebf62b45f68bc3ed4","2_2",1,0,"1_2","1",10,"2.2_right_slow",0.566398891966759,0.51,0.536723163841808
"677ad06ebf62b45f68bc3ed4","2_2",1,0,"1_3","1",10,"2.2_right_slow",0.566398891966759,0.51,0.536723163841808
"677ad06ebf62b45f68bc3ed4","2_2",1,0,"1_4","1",10,"2.2_right_slow",0.566398891966759,0.51,0.536723163841808
"677ad06ebf62b45f68bc3ed4","2_2",1,0,"1_5","0",10,"2.2_right_slow",0.566398891966759,0.51,0.536723163841808
"677ad06ebf62b45f68bc3ed4","2_1",0,0,"1_1","0",10,"2.1_wrong_slow",0.396726726726727,0.21,0.234463276836158
"677ad06ebf62b45f68bc3ed4","2_1",0,0,"1_2","0",10,"2.1_wrong_slow",0.396726726726727,0.21,0.234463276836158
"677ad06ebf62b45f68bc3ed4","2_1",0,0,"1_3","0",10,"2.1_wrong_slow",0.396726726726727,0.21,0.234463276836158
"677ad06ebf62b45f68bc3ed4","2_1",0,0,"1_4","0",10,"2.1_wrong_slow",0.396726726726727,0.21,0.234463276836158
"677ad06ebf62b45f68bc3ed4","2_1",0,0,"1_5","0",10,"2.1_wrong_slow",0.396726726726727,0.21,0.234463276836158
"677ad06ebf62b45f68bc3ed4","2_4",1,1,"1_1","1",10,"2.4_right_fast",0.518938053097345,0.65,0.675141242937853
"677ad06ebf62b45f68bc3ed4","2_4",1,1,"1_2","1",10,"2.4_right_fast",0.518938053097345,0.65,0.675141242937853
"677ad06ebf62b45f68bc3ed4","2_4",1,1,"1_3","0",10,"2.4_right_fast",0.518938053097345,0.65,0.675141242937853
"677ad06ebf62b45f68bc3ed4","2_4",1,1,"1_4","1",10,"2.4_right_fast",0.518938053097345,0.65,0.675141242937853
"677ad06ebf62b45f68bc3ed4","2_4",1,1,"1_5","0",10,"2.4_right_fast",0.518938053097345,0.65,0.675141242937853
"677ad06ebf62b45f68bc3ed4","2_5",1,1,"1_1","1",10,"2.5_right_fast",0.760870712401055,0.98,0.915254237288136
"677ad06ebf62b45f68bc3ed4","2_5",1,1,"1_2","1",10,"2.5_right_fast",0.760870712401055,0.98,0.915254237288136
"677ad06ebf62b45f68bc3ed4","2_5",1,1,"1_3","1",10,"2.5_right_fast",0.760870712401055,0.98,0.915254237288136
"677ad06ebf62b45f68bc3ed4","2_5",1,1,"1_4","1",10,"2.5_right_fast",0.760870712401055,0.98,0.915254237288136
"677ad06ebf62b45f68bc3ed4","2_5",1,1,"1_5","1",10,"2.5_right_fast",0.760870712401055,0.98,0.915254237288136
"677ad06ebf62b45f68bc3ed4","2_1",0,1,"1_1","0",10,"2.1_wrong_fast",0.396726726726727,0.45,0.234463276836158
"677ad06ebf62b45f68bc3ed4","2_1",0,1,"1_2","0",10,"2.1_wrong_fast",0.396726726726727,0.45,0.234463276836158
"677ad06ebf62b45f68bc3ed4","2_1",0,1,"1_3","0",10,"2.1_wrong_fast",0.396726726726727,0.45,0.234463276836158
"677ad06ebf62b45f68bc3ed4","2_1",0,1,"1_4","0",10,"2.1_wrong_fast",0.396726726726727,0.45,0.234463276836158
"677ad06ebf62b45f68bc3ed4","2_1",0,1,"1_5","0",10,"2.1_wrong_fast",0.396726726726727,0.45,0.234463276836158
"677b03282a32bc17e223ca06","2_5",1,0,"1_1","1",3,"2.5_right_slow",0.760870712401055,0.29,0.915254237288136
"677b03282a32bc17e223ca06","2_5",1,0,"1_2","1",3,"2.5_right_slow",0.760870712401055,0.29,0.915254237288136
"677b03282a32bc17e223ca06","2_5",1,0,"1_3","1",3,"2.5_right_slow",0.760870712401055,0.29,0.915254237288136
"677b03282a32bc17e223ca06","2_5",1,0,"1_4","1",3,"2.5_right_slow",0.760870712401055,0.29,0.915254237288136
"677b03282a32bc17e223ca06","2_5",1,0,"1_5","0",3,"2.5_right_slow",0.760870712401055,0.29,0.915254237288136
"677b03282a32bc17e223ca06","2_5",0,0,"1_1","1",3,"2.5_wrong_slow",0.760870712401055,0.39,0.915254237288136
"677b03282a32bc17e223ca06","2_5",0,0,"1_2","1",3,"2.5_wrong_slow",0.760870712401055,0.39,0.915254237288136
"677b03282a32bc17e223ca06","2_5",0,0,"1_3","1",3,"2.5_wrong_slow",0.760870712401055,0.39,0.915254237288136
"677b03282a32bc17e223ca06","2_5",0,0,"1_4","1",3,"2.5_wrong_slow",0.760870712401055,0.39,0.915254237288136
"677b03282a32bc17e223ca06","2_5",0,0,"1_5","0",3,"2.5_wrong_slow",0.760870712401055,0.39,0.915254237288136
"677b03282a32bc17e223ca06","2_1",1,1,"1_1","1",3,"2.1_right_fast",0.396726726726727,0,0.234463276836158
"677b03282a32bc17e223ca06","2_1",1,1,"1_2","1",3,"2.1_right_fast",0.396726726726727,0,0.234463276836158
"677b03282a32bc17e223ca06","2_1",1,1,"1_3","1",3,"2.1_right_fast",0.396726726726727,0,0.234463276836158
"677b03282a32bc17e223ca06","2_1",1,1,"1_4","1",3,"2.1_right_fast",0.396726726726727,0,0.234463276836158
"677b03282a32bc17e223ca06","2_1",1,1,"1_5","1",3,"2.1_right_fast",0.396726726726727,0,0.234463276836158
"677b03282a32bc17e223ca06","2_3",1,1,"1_1","1",3,"2.3_right_fast",0.577430167597765,0.61,0.446327683615819
"677b03282a32bc17e223ca06","2_3",1,1,"1_2","1",3,"2.3_right_fast",0.577430167597765,0.61,0.446327683615819
"677b03282a32bc17e223ca06","2_3",1,1,"1_3","1",3,"2.3_right_fast",0.577430167597765,0.61,0.446327683615819
"677b03282a32bc17e223ca06","2_3",1,1,"1_4","1",3,"2.3_right_fast",0.577430167597765,0.61,0.446327683615819
"677b03282a32bc17e223ca06","2_3",1,1,"1_5","0",3,"2.3_right_fast",0.577430167597765,0.61,0.446327683615819
"677b03282a32bc17e223ca06","2_2",0,1,"1_1","1",3,"2.2_wrong_fast",0.566398891966759,0.58,0.536723163841808
"677b03282a32bc17e223ca06","2_2",0,1,"1_2","0",3,"2.2_wrong_fast",0.566398891966759,0.58,0.536723163841808
"677b03282a32bc17e223ca06","2_2",0,1,"1_3","0",3,"2.2_wrong_fast",0.566398891966759,0.58,0.536723163841808
"677b03282a32bc17e223ca06","2_2",0,1,"1_4","0",3,"2.2_wrong_fast",0.566398891966759,0.58,0.536723163841808
"677b03282a32bc17e223ca06","2_2",0,1,"1_5","0",3,"2.2_wrong_fast",0.566398891966759,0.58,0.536723163841808
"677c01af998cc4cb005028ad","2_1",1,0,"1_1","1",8,"2.1_right_slow",0.396726726726727,0.28,0.234463276836158
"677c01af998cc4cb005028ad","2_1",1,0,"1_2","1",8,"2.1_right_slow",0.396726726726727,0.28,0.234463276836158
"677c01af998cc4cb005028ad","2_1",1,0,"1_3","1",8,"2.1_right_slow",0.396726726726727,0.28,0.234463276836158
"677c01af998cc4cb005028ad","2_1",1,0,"1_4","1",8,"2.1_right_slow",0.396726726726727,0.28,0.234463276836158
"677c01af998cc4cb005028ad","2_1",1,0,"1_5","0",8,"2.1_right_slow",0.396726726726727,0.28,0.234463276836158
"677c01af998cc4cb005028ad","2_5",1,0,"1_1","1",8,"2.5_right_slow",0.760870712401055,0.24,0.915254237288136
"677c01af998cc4cb005028ad","2_5",1,0,"1_2","1",8,"2.5_right_slow",0.760870712401055,0.24,0.915254237288136
"677c01af998cc4cb005028ad","2_5",1,0,"1_3","1",8,"2.5_right_slow",0.760870712401055,0.24,0.915254237288136
"677c01af998cc4cb005028ad","2_5",1,0,"1_4","1",8,"2.5_right_slow",0.760870712401055,0.24,0.915254237288136
"677c01af998cc4cb005028ad","2_5",1,0,"1_5","1",8,"2.5_right_slow",0.760870712401055,0.24,0.915254237288136
"677c01af998cc4cb005028ad","2_1",0,0,"1_1","1",8,"2.1_wrong_slow",0.396726726726727,0.16,0.234463276836158
"677c01af998cc4cb005028ad","2_1",0,0,"1_2","1",8,"2.1_wrong_slow",0.396726726726727,0.16,0.234463276836158
"677c01af998cc4cb005028ad","2_1",0,0,"1_3","1",8,"2.1_wrong_slow",0.396726726726727,0.16,0.234463276836158
"677c01af998cc4cb005028ad","2_1",0,0,"1_4","1",8,"2.1_wrong_slow",0.396726726726727,0.16,0.234463276836158
"677c01af998cc4cb005028ad","2_1",0,0,"1_5","0",8,"2.1_wrong_slow",0.396726726726727,0.16,0.234463276836158
"677c01af998cc4cb005028ad","2_3",1,1,"1_1","1",8,"2.3_right_fast",0.577430167597765,0.7,0.446327683615819
"677c01af998cc4cb005028ad","2_3",1,1,"1_2","1",8,"2.3_right_fast",0.577430167597765,0.7,0.446327683615819
"677c01af998cc4cb005028ad","2_3",1,1,"1_3","1",8,"2.3_right_fast",0.577430167597765,0.7,0.446327683615819
"677c01af998cc4cb005028ad","2_3",1,1,"1_4","1",8,"2.3_right_fast",0.577430167597765,0.7,0.446327683615819
"677c01af998cc4cb005028ad","2_3",1,1,"1_5","1",8,"2.3_right_fast",0.577430167597765,0.7,0.446327683615819
"677c01af998cc4cb005028ad","2_5",1,1,"1_1","1",8,"2.5_right_fast",0.760870712401055,0.64,0.915254237288136
"677c01af998cc4cb005028ad","2_5",1,1,"1_2","1",8,"2.5_right_fast",0.760870712401055,0.64,0.915254237288136
"677c01af998cc4cb005028ad","2_5",1,1,"1_3","1",8,"2.5_right_fast",0.760870712401055,0.64,0.915254237288136
"677c01af998cc4cb005028ad","2_5",1,1,"1_4","1",8,"2.5_right_fast",0.760870712401055,0.64,0.915254237288136
"677c01af998cc4cb005028ad","2_5",1,1,"1_5","1",8,"2.5_right_fast",0.760870712401055,0.64,0.915254237288136
"677d27908064d9a59051cb91","2_4",0,0,"1_1","1",8,"2.4_wrong_slow",0.518938053097345,0.88,0.675141242937853
"677d27908064d9a59051cb91","2_4",0,0,"1_2","1",8,"2.4_wrong_slow",0.518938053097345,0.88,0.675141242937853
"677d27908064d9a59051cb91","2_4",0,0,"1_3","0",8,"2.4_wrong_slow",0.518938053097345,0.88,0.675141242937853
"677d27908064d9a59051cb91","2_4",0,0,"1_4","0",8,"2.4_wrong_slow",0.518938053097345,0.88,0.675141242937853
"677d27908064d9a59051cb91","2_4",0,0,"1_5","0",8,"2.4_wrong_slow",0.518938053097345,0.88,0.675141242937853
"677d27908064d9a59051cb91","2_1",1,1,"1_1","1",8,"2.1_right_fast",0.396726726726727,0.5,0.234463276836158
"677d27908064d9a59051cb91","2_1",1,1,"1_2","0",8,"2.1_right_fast",0.396726726726727,0.5,0.234463276836158
"677d27908064d9a59051cb91","2_1",1,1,"1_3","1",8,"2.1_right_fast",0.396726726726727,0.5,0.234463276836158
"677d27908064d9a59051cb91","2_1",1,1,"1_4","1",8,"2.1_right_fast",0.396726726726727,0.5,0.234463276836158
"677d27908064d9a59051cb91","2_1",1,1,"1_5","0",8,"2.1_right_fast",0.396726726726727,0.5,0.234463276836158
"677d27908064d9a59051cb91","2_2",1,1,"1_1","1",8,"2.2_right_fast",0.566398891966759,0.9,0.536723163841808
"677d27908064d9a59051cb91","2_2",1,1,"1_2","1",8,"2.2_right_fast",0.566398891966759,0.9,0.536723163841808
"677d27908064d9a59051cb91","2_2",1,1,"1_3","1",8,"2.2_right_fast",0.566398891966759,0.9,0.536723163841808
"677d27908064d9a59051cb91","2_2",1,1,"1_4","1",8,"2.2_right_fast",0.566398891966759,0.9,0.536723163841808
"677d27908064d9a59051cb91","2_2",1,1,"1_5","0",8,"2.2_right_fast",0.566398891966759,0.9,0.536723163841808
"677d27908064d9a59051cb91","2_3",0,1,"1_1","1",8,"2.3_wrong_fast",0.577430167597765,0.85,0.446327683615819
"677d27908064d9a59051cb91","2_3",0,1,"1_2","0",8,"2.3_wrong_fast",0.577430167597765,0.85,0.446327683615819
"677d27908064d9a59051cb91","2_3",0,1,"1_3","1",8,"2.3_wrong_fast",0.577430167597765,0.85,0.446327683615819
"677d27908064d9a59051cb91","2_3",0,1,"1_4","0",8,"2.3_wrong_fast",0.577430167597765,0.85,0.446327683615819
"677d27908064d9a59051cb91","2_3",0,1,"1_5","0",8,"2.3_wrong_fast",0.577430167597765,0.85,0.446327683615819
"677d27908064d9a59051cb91","2_4",0,1,"1_1","1",8,"2.4_wrong_fast",0.518938053097345,0.79,0.675141242937853
"677d27908064d9a59051cb91","2_4",0,1,"1_2","0",8,"2.4_wrong_fast",0.518938053097345,0.79,0.675141242937853
"677d27908064d9a59051cb91","2_4",0,1,"1_3","0",8,"2.4_wrong_fast",0.518938053097345,0.79,0.675141242937853
"677d27908064d9a59051cb91","2_4",0,1,"1_4","1",8,"2.4_wrong_fast",0.518938053097345,0.79,0.675141242937853
"677d27908064d9a59051cb91","2_4",0,1,"1_5","0",8,"2.4_wrong_fast",0.518938053097345,0.79,0.675141242937853
"67816ff917d513a66eaadd01","2_1",1,0,"1_1","1",5,"2.1_right_slow",0.396726726726727,0.12,0.234463276836158
"67816ff917d513a66eaadd01","2_1",1,0,"1_2","1",5,"2.1_right_slow",0.396726726726727,0.12,0.234463276836158
"67816ff917d513a66eaadd01","2_1",1,0,"1_3","1",5,"2.1_right_slow",0.396726726726727,0.12,0.234463276836158
"67816ff917d513a66eaadd01","2_1",1,0,"1_4","1",5,"2.1_right_slow",0.396726726726727,0.12,0.234463276836158
"67816ff917d513a66eaadd01","2_1",1,0,"1_5","0",5,"2.1_right_slow",0.396726726726727,0.12,0.234463276836158
"67816ff917d513a66eaadd01","2_4",1,0,"1_1","1",5,"2.4_right_slow",0.518938053097345,0.81,0.675141242937853
"67816ff917d513a66eaadd01","2_4",1,0,"1_2","1",5,"2.4_right_slow",0.518938053097345,0.81,0.675141242937853
"67816ff917d513a66eaadd01","2_4",1,0,"1_3","1",5,"2.4_right_slow",0.518938053097345,0.81,0.675141242937853
"67816ff917d513a66eaadd01","2_4",1,0,"1_4","1",5,"2.4_right_slow",0.518938053097345,0.81,0.675141242937853
"67816ff917d513a66eaadd01","2_4",1,0,"1_5","0",5,"2.4_right_slow",0.518938053097345,0.81,0.675141242937853
"67816ff917d513a66eaadd01","2_3",1,1,"1_1","1",5,"2.3_right_fast",0.577430167597765,0.41,0.446327683615819
"67816ff917d513a66eaadd01","2_3",1,1,"1_2","1",5,"2.3_right_fast",0.577430167597765,0.41,0.446327683615819
"67816ff917d513a66eaadd01","2_3",1,1,"1_3","1",5,"2.3_right_fast",0.577430167597765,0.41,0.446327683615819
"67816ff917d513a66eaadd01","2_3",1,1,"1_4","1",5,"2.3_right_fast",0.577430167597765,0.41,0.446327683615819
"67816ff917d513a66eaadd01","2_3",1,1,"1_5","0",5,"2.3_right_fast",0.577430167597765,0.41,0.446327683615819
"67816ff917d513a66eaadd01","2_2",0,1,"1_1","1",5,"2.2_wrong_fast",0.566398891966759,0.75,0.536723163841808
"67816ff917d513a66eaadd01","2_2",0,1,"1_2","0",5,"2.2_wrong_fast",0.566398891966759,0.75,0.536723163841808
"67816ff917d513a66eaadd01","2_2",0,1,"1_3","0",5,"2.2_wrong_fast",0.566398891966759,0.75,0.536723163841808
"67816ff917d513a66eaadd01","2_2",0,1,"1_4","0",5,"2.2_wrong_fast",0.566398891966759,0.75,0.536723163841808
"67816ff917d513a66eaadd01","2_2",0,1,"1_5","0",5,"2.2_wrong_fast",0.566398891966759,0.75,0.536723163841808
"67816ff917d513a66eaadd01","2_5",0,1,"1_1","1",5,"2.5_wrong_fast",0.760870712401055,0.94,0.915254237288136
"67816ff917d513a66eaadd01","2_5",0,1,"1_2","1",5,"2.5_wrong_fast",0.760870712401055,0.94,0.915254237288136
"67816ff917d513a66eaadd01","2_5",0,1,"1_3","0",5,"2.5_wrong_fast",0.760870712401055,0.94,0.915254237288136
"67816ff917d513a66eaadd01","2_5",0,1,"1_4","1",5,"2.5_wrong_fast",0.760870712401055,0.94,0.915254237288136
"67816ff917d513a66eaadd01","2_5",0,1,"1_5","0",5,"2.5_wrong_fast",0.760870712401055,0.94,0.915254237288136
"6782b152b9f7ae9d753eebea","2_2",0,0,"1_1","1",8,"2.2_wrong_slow",0.566398891966759,0.6,0.536723163841808
"6782b152b9f7ae9d753eebea","2_2",0,0,"1_2","0",8,"2.2_wrong_slow",0.566398891966759,0.6,0.536723163841808
"6782b152b9f7ae9d753eebea","2_2",0,0,"1_3","1",8,"2.2_wrong_slow",0.566398891966759,0.6,0.536723163841808
"6782b152b9f7ae9d753eebea","2_2",0,0,"1_4","0",8,"2.2_wrong_slow",0.566398891966759,0.6,0.536723163841808
"6782b152b9f7ae9d753eebea","2_2",0,0,"1_5","0",8,"2.2_wrong_slow",0.566398891966759,0.6,0.536723163841808
"6782b152b9f7ae9d753eebea","2_4",0,0,"1_1","1",8,"2.4_wrong_slow",0.518938053097345,0.6,0.675141242937853
"6782b152b9f7ae9d753eebea","2_4",0,0,"1_2","1",8,"2.4_wrong_slow",0.518938053097345,0.6,0.675141242937853
"6782b152b9f7ae9d753eebea","2_4",0,0,"1_3","1",8,"2.4_wrong_slow",0.518938053097345,0.6,0.675141242937853
"6782b152b9f7ae9d753eebea","2_4",0,0,"1_4","0",8,"2.4_wrong_slow",0.518938053097345,0.6,0.675141242937853
"6782b152b9f7ae9d753eebea","2_4",0,0,"1_5","0",8,"2.4_wrong_slow",0.518938053097345,0.6,0.675141242937853
"6782b152b9f7ae9d753eebea","2_5",1,1,"1_1","1",8,"2.5_right_fast",0.760870712401055,0.8,0.915254237288136
"6782b152b9f7ae9d753eebea","2_5",1,1,"1_2","1",8,"2.5_right_fast",0.760870712401055,0.8,0.915254237288136
"6782b152b9f7ae9d753eebea","2_5",1,1,"1_3","1",8,"2.5_right_fast",0.760870712401055,0.8,0.915254237288136
"6782b152b9f7ae9d753eebea","2_5",1,1,"1_4","1",8,"2.5_right_fast",0.760870712401055,0.8,0.915254237288136
"6782b152b9f7ae9d753eebea","2_5",1,1,"1_5","1",8,"2.5_right_fast",0.760870712401055,0.8,0.915254237288136
"6782b152b9f7ae9d753eebea","2_3",0,1,"1_1","1",8,"2.3_wrong_fast",0.577430167597765,0.6,0.446327683615819
"6782b152b9f7ae9d753eebea","2_3",0,1,"1_2","0",8,"2.3_wrong_fast",0.577430167597765,0.6,0.446327683615819
"6782b152b9f7ae9d753eebea","2_3",0,1,"1_3","0",8,"2.3_wrong_fast",0.577430167597765,0.6,0.446327683615819
"6782b152b9f7ae9d753eebea","2_3",0,1,"1_4","0",8,"2.3_wrong_fast",0.577430167597765,0.6,0.446327683615819
"6782b152b9f7ae9d753eebea","2_3",0,1,"1_5","0",8,"2.3_wrong_fast",0.577430167597765,0.6,0.446327683615819
"6782b152b9f7ae9d753eebea","2_5",0,1,"1_1","1",8,"2.5_wrong_fast",0.760870712401055,0.6,0.915254237288136
"6782b152b9f7ae9d753eebea","2_5",0,1,"1_2","1",8,"2.5_wrong_fast",0.760870712401055,0.6,0.915254237288136
"6782b152b9f7ae9d753eebea","2_5",0,1,"1_3","1",8,"2.5_wrong_fast",0.760870712401055,0.6,0.915254237288136
"6782b152b9f7ae9d753eebea","2_5",0,1,"1_4","0",8,"2.5_wrong_fast",0.760870712401055,0.6,0.915254237288136
"6782b152b9f7ae9d753eebea","2_5",0,1,"1_5","0",8,"2.5_wrong_fast",0.760870712401055,0.6,0.915254237288136
"67839a9f3657ad5351a92bb6","2_2",1,0,"1_1","1",9,"2.2_right_slow",0.566398891966759,0.93,0.536723163841808
"67839a9f3657ad5351a92bb6","2_2",1,0,"1_2","1",9,"2.2_right_slow",0.566398891966759,0.93,0.536723163841808
"67839a9f3657ad5351a92bb6","2_2",1,0,"1_3","1",9,"2.2_right_slow",0.566398891966759,0.93,0.536723163841808
"67839a9f3657ad5351a92bb6","2_2",1,0,"1_4","1",9,"2.2_right_slow",0.566398891966759,0.93,0.536723163841808
"67839a9f3657ad5351a92bb6","2_2",1,0,"1_5","0",9,"2.2_right_slow",0.566398891966759,0.93,0.536723163841808
"67839a9f3657ad5351a92bb6","2_3",0,0,"1_1","0",9,"2.3_wrong_slow",0.577430167597765,0.95,0.446327683615819
"67839a9f3657ad5351a92bb6","2_3",0,0,"1_2","0",9,"2.3_wrong_slow",0.577430167597765,0.95,0.446327683615819
"67839a9f3657ad5351a92bb6","2_3",0,0,"1_3","0",9,"2.3_wrong_slow",0.577430167597765,0.95,0.446327683615819
"67839a9f3657ad5351a92bb6","2_3",0,0,"1_4","0",9,"2.3_wrong_slow",0.577430167597765,0.95,0.446327683615819
"67839a9f3657ad5351a92bb6","2_3",0,0,"1_5","0",9,"2.3_wrong_slow",0.577430167597765,0.95,0.446327683615819
"67839a9f3657ad5351a92bb6","2_5",0,0,"1_1","1",9,"2.5_wrong_slow",0.760870712401055,0.82,0.915254237288136
"67839a9f3657ad5351a92bb6","2_5",0,0,"1_2","1",9,"2.5_wrong_slow",0.760870712401055,0.82,0.915254237288136
"67839a9f3657ad5351a92bb6","2_5",0,0,"1_3","1",9,"2.5_wrong_slow",0.760870712401055,0.82,0.915254237288136
"67839a9f3657ad5351a92bb6","2_5",0,0,"1_4","1",9,"2.5_wrong_slow",0.760870712401055,0.82,0.915254237288136
"67839a9f3657ad5351a92bb6","2_5",0,0,"1_5","1",9,"2.5_wrong_slow",0.760870712401055,0.82,0.915254237288136
"67839a9f3657ad5351a92bb6","2_1",1,1,"1_1","1",9,"2.1_right_fast",0.396726726726727,0.79,0.234463276836158
"67839a9f3657ad5351a92bb6","2_1",1,1,"1_2","0",9,"2.1_right_fast",0.396726726726727,0.79,0.234463276836158
"67839a9f3657ad5351a92bb6","2_1",1,1,"1_3","1",9,"2.1_right_fast",0.396726726726727,0.79,0.234463276836158
"67839a9f3657ad5351a92bb6","2_1",1,1,"1_4","1",9,"2.1_right_fast",0.396726726726727,0.79,0.234463276836158
"67839a9f3657ad5351a92bb6","2_1",1,1,"1_5","0",9,"2.1_right_fast",0.396726726726727,0.79,0.234463276836158
"67839a9f3657ad5351a92bb6","2_2",0,1,"1_1","1",9,"2.2_wrong_fast",0.566398891966759,0.91,0.536723163841808
"67839a9f3657ad5351a92bb6","2_2",0,1,"1_2","0",9,"2.2_wrong_fast",0.566398891966759,0.91,0.536723163841808
"67839a9f3657ad5351a92bb6","2_2",0,1,"1_3","1",9,"2.2_wrong_fast",0.566398891966759,0.91,0.536723163841808
"67839a9f3657ad5351a92bb6","2_2",0,1,"1_4","1",9,"2.2_wrong_fast",0.566398891966759,0.91,0.536723163841808
"67839a9f3657ad5351a92bb6","2_2",0,1,"1_5","0",9,"2.2_wrong_fast",0.566398891966759,0.91,0.536723163841808
"67858bcf2e9aa77b0e98dbb7","2_1",1,0,"1_1","1",6,"2.1_right_slow",0.396726726726727,0.05,0.234463276836158
"67858bcf2e9aa77b0e98dbb7","2_1",1,0,"1_2","1",6,"2.1_right_slow",0.396726726726727,0.05,0.234463276836158
"67858bcf2e9aa77b0e98dbb7","2_1",1,0,"1_3","1",6,"2.1_right_slow",0.396726726726727,0.05,0.234463276836158
"67858bcf2e9aa77b0e98dbb7","2_1",1,0,"1_4","1",6,"2.1_right_slow",0.396726726726727,0.05,0.234463276836158
"67858bcf2e9aa77b0e98dbb7","2_1",1,0,"1_5","0",6,"2.1_right_slow",0.396726726726727,0.05,0.234463276836158
"67858bcf2e9aa77b0e98dbb7","2_2",1,0,"1_1","1",6,"2.2_right_slow",0.566398891966759,0.15,0.536723163841808
"67858bcf2e9aa77b0e98dbb7","2_2",1,0,"1_2","1",6,"2.2_right_slow",0.566398891966759,0.15,0.536723163841808
"67858bcf2e9aa77b0e98dbb7","2_2",1,0,"1_3","1",6,"2.2_right_slow",0.566398891966759,0.15,0.536723163841808
"67858bcf2e9aa77b0e98dbb7","2_2",1,0,"1_4","1",6,"2.2_right_slow",0.566398891966759,0.15,0.536723163841808
"67858bcf2e9aa77b0e98dbb7","2_2",1,0,"1_5","0",6,"2.2_right_slow",0.566398891966759,0.15,0.536723163841808
"67858bcf2e9aa77b0e98dbb7","2_1",0,0,"1_1","0",6,"2.1_wrong_slow",0.396726726726727,0.15,0.234463276836158
"67858bcf2e9aa77b0e98dbb7","2_1",0,0,"1_2","0",6,"2.1_wrong_slow",0.396726726726727,0.15,0.234463276836158
"67858bcf2e9aa77b0e98dbb7","2_1",0,0,"1_3","1",6,"2.1_wrong_slow",0.396726726726727,0.15,0.234463276836158
"67858bcf2e9aa77b0e98dbb7","2_1",0,0,"1_4","1",6,"2.1_wrong_slow",0.396726726726727,0.15,0.234463276836158
"67858bcf2e9aa77b0e98dbb7","2_1",0,0,"1_5","0",6,"2.1_wrong_slow",0.396726726726727,0.15,0.234463276836158
"67858bcf2e9aa77b0e98dbb7","2_5",0,0,"1_1","1",6,"2.5_wrong_slow",0.760870712401055,0.25,0.915254237288136
"67858bcf2e9aa77b0e98dbb7","2_5",0,0,"1_2","1",6,"2.5_wrong_slow",0.760870712401055,0.25,0.915254237288136
"67858bcf2e9aa77b0e98dbb7","2_5",0,0,"1_3","1",6,"2.5_wrong_slow",0.760870712401055,0.25,0.915254237288136
"67858bcf2e9aa77b0e98dbb7","2_5",0,0,"1_4","1",6,"2.5_wrong_slow",0.760870712401055,0.25,0.915254237288136
"67858bcf2e9aa77b0e98dbb7","2_5",0,0,"1_5","0",6,"2.5_wrong_slow",0.760870712401055,0.25,0.915254237288136
"67858bcf2e9aa77b0e98dbb7","2_4",0,1,"1_1","1",6,"2.4_wrong_fast",0.518938053097345,0.15,0.675141242937853
"67858bcf2e9aa77b0e98dbb7","2_4",0,1,"1_2","1",6,"2.4_wrong_fast",0.518938053097345,0.15,0.675141242937853
"67858bcf2e9aa77b0e98dbb7","2_4",0,1,"1_3","1",6,"2.4_wrong_fast",0.518938053097345,0.15,0.675141242937853
"67858bcf2e9aa77b0e98dbb7","2_4",0,1,"1_4","1",6,"2.4_wrong_fast",0.518938053097345,0.15,0.675141242937853
"67858bcf2e9aa77b0e98dbb7","2_4",0,1,"1_5","0",6,"2.4_wrong_fast",0.518938053097345,0.15,0.675141242937853
"678ab12125df34825c7aed6f","2_1",1,0,"1_1","1",NA,"2.1_right_slow",0.396726726726727,0.23,0.234463276836158
"678ab12125df34825c7aed6f","2_1",1,0,"1_2","0",NA,"2.1_right_slow",0.396726726726727,0.23,0.234463276836158
"678ab12125df34825c7aed6f","2_1",1,0,"1_3","1",NA,"2.1_right_slow",0.396726726726727,0.23,0.234463276836158
"678ab12125df34825c7aed6f","2_1",1,0,"1_4","1",NA,"2.1_right_slow",0.396726726726727,0.23,0.234463276836158
"678ab12125df34825c7aed6f","2_1",1,0,"1_5","0",NA,"2.1_right_slow",0.396726726726727,0.23,0.234463276836158
"678ab12125df34825c7aed6f","2_5",1,0,"1_1","1",NA,"2.5_right_slow",0.760870712401055,0.97,0.915254237288136
"678ab12125df34825c7aed6f","2_5",1,0,"1_2","1",NA,"2.5_right_slow",0.760870712401055,0.97,0.915254237288136
"678ab12125df34825c7aed6f","2_5",1,0,"1_3","1",NA,"2.5_right_slow",0.760870712401055,0.97,0.915254237288136
"678ab12125df34825c7aed6f","2_5",1,0,"1_4","1",NA,"2.5_right_slow",0.760870712401055,0.97,0.915254237288136
"678ab12125df34825c7aed6f","2_5",1,0,"1_5","1",NA,"2.5_right_slow",0.760870712401055,0.97,0.915254237288136
"678ab12125df34825c7aed6f","2_3",0,0,"1_1","1",NA,"2.3_wrong_slow",0.577430167597765,0.73,0.446327683615819
"678ab12125df34825c7aed6f","2_3",0,0,"1_2","1",NA,"2.3_wrong_slow",0.577430167597765,0.73,0.446327683615819
"678ab12125df34825c7aed6f","2_3",0,0,"1_3","0",NA,"2.3_wrong_slow",0.577430167597765,0.73,0.446327683615819
"678ab12125df34825c7aed6f","2_3",0,0,"1_4","1",NA,"2.3_wrong_slow",0.577430167597765,0.73,0.446327683615819
"678ab12125df34825c7aed6f","2_3",0,0,"1_5","0",NA,"2.3_wrong_slow",0.577430167597765,0.73,0.446327683615819
"678ab12125df34825c7aed6f","2_4",0,0,"1_1","1",NA,"2.4_wrong_slow",0.518938053097345,0.22,0.675141242937853
"678ab12125df34825c7aed6f","2_4",0,0,"1_2","1",NA,"2.4_wrong_slow",0.518938053097345,0.22,0.675141242937853
"678ab12125df34825c7aed6f","2_4",0,0,"1_3","0",NA,"2.4_wrong_slow",0.518938053097345,0.22,0.675141242937853
"678ab12125df34825c7aed6f","2_4",0,0,"1_4","0",NA,"2.4_wrong_slow",0.518938053097345,0.22,0.675141242937853
"678ab12125df34825c7aed6f","2_4",0,0,"1_5","0",NA,"2.4_wrong_slow",0.518938053097345,0.22,0.675141242937853
"678ab12125df34825c7aed6f","2_4",0,1,"1_1","1",NA,"2.4_wrong_fast",0.518938053097345,0.11,0.675141242937853
"678ab12125df34825c7aed6f","2_4",0,1,"1_2","0",NA,"2.4_wrong_fast",0.518938053097345,0.11,0.675141242937853
"678ab12125df34825c7aed6f","2_4",0,1,"1_3","0",NA,"2.4_wrong_fast",0.518938053097345,0.11,0.675141242937853
"678ab12125df34825c7aed6f","2_4",0,1,"1_4","0",NA,"2.4_wrong_fast",0.518938053097345,0.11,0.675141242937853
"678ab12125df34825c7aed6f","2_4",0,1,"1_5","0",NA,"2.4_wrong_fast",0.518938053097345,0.11,0.675141242937853
"678c51c4f4998df7a4eeaa3d","2_2",1,0,"1_1","1",10,"2.2_right_slow",0.566398891966759,0.45,0.536723163841808
"678c51c4f4998df7a4eeaa3d","2_2",1,0,"1_2","1",10,"2.2_right_slow",0.566398891966759,0.45,0.536723163841808
"678c51c4f4998df7a4eeaa3d","2_2",1,0,"1_3","1",10,"2.2_right_slow",0.566398891966759,0.45,0.536723163841808
"678c51c4f4998df7a4eeaa3d","2_2",1,0,"1_4","1",10,"2.2_right_slow",0.566398891966759,0.45,0.536723163841808
"678c51c4f4998df7a4eeaa3d","2_2",1,0,"1_5","0",10,"2.2_right_slow",0.566398891966759,0.45,0.536723163841808
"678c51c4f4998df7a4eeaa3d","2_4",1,0,"1_1","1",10,"2.4_right_slow",0.518938053097345,0.34,0.675141242937853
"678c51c4f4998df7a4eeaa3d","2_4",1,0,"1_2","1",10,"2.4_right_slow",0.518938053097345,0.34,0.675141242937853
"678c51c4f4998df7a4eeaa3d","2_4",1,0,"1_3","1",10,"2.4_right_slow",0.518938053097345,0.34,0.675141242937853
"678c51c4f4998df7a4eeaa3d","2_4",1,0,"1_4","1",10,"2.4_right_slow",0.518938053097345,0.34,0.675141242937853
"678c51c4f4998df7a4eeaa3d","2_4",1,0,"1_5","0",10,"2.4_right_slow",0.518938053097345,0.34,0.675141242937853
"678c51c4f4998df7a4eeaa3d","2_4",0,0,"1_1","1",10,"2.4_wrong_slow",0.518938053097345,0.32,0.675141242937853
"678c51c4f4998df7a4eeaa3d","2_4",0,0,"1_2","0",10,"2.4_wrong_slow",0.518938053097345,0.32,0.675141242937853
"678c51c4f4998df7a4eeaa3d","2_4",0,0,"1_3","0",10,"2.4_wrong_slow",0.518938053097345,0.32,0.675141242937853
"678c51c4f4998df7a4eeaa3d","2_4",0,0,"1_4","0",10,"2.4_wrong_slow",0.518938053097345,0.32,0.675141242937853
"678c51c4f4998df7a4eeaa3d","2_4",0,0,"1_5","0",10,"2.4_wrong_slow",0.518938053097345,0.32,0.675141242937853
"678c51c4f4998df7a4eeaa3d","2_3",1,1,"1_1","1",10,"2.3_right_fast",0.577430167597765,0.58,0.446327683615819
"678c51c4f4998df7a4eeaa3d","2_3",1,1,"1_2","1",10,"2.3_right_fast",0.577430167597765,0.58,0.446327683615819
"678c51c4f4998df7a4eeaa3d","2_3",1,1,"1_3","1",10,"2.3_right_fast",0.577430167597765,0.58,0.446327683615819
"678c51c4f4998df7a4eeaa3d","2_3",1,1,"1_4","1",10,"2.3_right_fast",0.577430167597765,0.58,0.446327683615819
"678c51c4f4998df7a4eeaa3d","2_3",1,1,"1_5","0",10,"2.3_right_fast",0.577430167597765,0.58,0.446327683615819
"678c51c4f4998df7a4eeaa3d","2_5",0,1,"1_1","1",10,"2.5_wrong_fast",0.760870712401055,0.99,0.915254237288136
"678c51c4f4998df7a4eeaa3d","2_5",0,1,"1_2","1",10,"2.5_wrong_fast",0.760870712401055,0.99,0.915254237288136
"678c51c4f4998df7a4eeaa3d","2_5",0,1,"1_3","1",10,"2.5_wrong_fast",0.760870712401055,0.99,0.915254237288136
"678c51c4f4998df7a4eeaa3d","2_5",0,1,"1_4","0",10,"2.5_wrong_fast",0.760870712401055,0.99,0.915254237288136
"678c51c4f4998df7a4eeaa3d","2_5",0,1,"1_5","0",10,"2.5_wrong_fast",0.760870712401055,0.99,0.915254237288136
"678e1a303a8e378f3e02cdf3","2_2",1,0,"1_1","1",5,"2.2_right_slow",0.566398891966759,0.41,0.536723163841808
"678e1a303a8e378f3e02cdf3","2_2",1,0,"1_2","1",5,"2.2_right_slow",0.566398891966759,0.41,0.536723163841808
"678e1a303a8e378f3e02cdf3","2_2",1,0,"1_3","0",5,"2.2_right_slow",0.566398891966759,0.41,0.536723163841808
"678e1a303a8e378f3e02cdf3","2_2",1,0,"1_4","1",5,"2.2_right_slow",0.566398891966759,0.41,0.536723163841808
"678e1a303a8e378f3e02cdf3","2_2",1,0,"1_5","0",5,"2.2_right_slow",0.566398891966759,0.41,0.536723163841808
"678e1a303a8e378f3e02cdf3","2_4",1,0,"1_1","0",5,"2.4_right_slow",0.518938053097345,0.44,0.675141242937853
"678e1a303a8e378f3e02cdf3","2_4",1,0,"1_2","1",5,"2.4_right_slow",0.518938053097345,0.44,0.675141242937853
"678e1a303a8e378f3e02cdf3","2_4",1,0,"1_3","1",5,"2.4_right_slow",0.518938053097345,0.44,0.675141242937853
"678e1a303a8e378f3e02cdf3","2_4",1,0,"1_4","1",5,"2.4_right_slow",0.518938053097345,0.44,0.675141242937853
"678e1a303a8e378f3e02cdf3","2_4",1,0,"1_5","0",5,"2.4_right_slow",0.518938053097345,0.44,0.675141242937853
"678e1a303a8e378f3e02cdf3","2_1",0,0,"1_1","1",5,"2.1_wrong_slow",0.396726726726727,0.3,0.234463276836158
"678e1a303a8e378f3e02cdf3","2_1",0,0,"1_2","0",5,"2.1_wrong_slow",0.396726726726727,0.3,0.234463276836158
"678e1a303a8e378f3e02cdf3","2_1",0,0,"1_3","1",5,"2.1_wrong_slow",0.396726726726727,0.3,0.234463276836158
"678e1a303a8e378f3e02cdf3","2_1",0,0,"1_4","1",5,"2.1_wrong_slow",0.396726726726727,0.3,0.234463276836158
"678e1a303a8e378f3e02cdf3","2_1",0,0,"1_5","0",5,"2.1_wrong_slow",0.396726726726727,0.3,0.234463276836158
"678e1a303a8e378f3e02cdf3","2_4",1,1,"1_1","1",5,"2.4_right_fast",0.518938053097345,0.58,0.675141242937853
"678e1a303a8e378f3e02cdf3","2_4",1,1,"1_2","1",5,"2.4_right_fast",0.518938053097345,0.58,0.675141242937853
"678e1a303a8e378f3e02cdf3","2_4",1,1,"1_3","0",5,"2.4_right_fast",0.518938053097345,0.58,0.675141242937853
"678e1a303a8e378f3e02cdf3","2_4",1,1,"1_4","1",5,"2.4_right_fast",0.518938053097345,0.58,0.675141242937853
"678e1a303a8e378f3e02cdf3","2_4",1,1,"1_5","0",5,"2.4_right_fast",0.518938053097345,0.58,0.675141242937853
"678e1a303a8e378f3e02cdf3","2_5",1,1,"1_1","1",5,"2.5_right_fast",0.760870712401055,0.67,0.915254237288136
"678e1a303a8e378f3e02cdf3","2_5",1,1,"1_2","1",5,"2.5_right_fast",0.760870712401055,0.67,0.915254237288136
"678e1a303a8e378f3e02cdf3","2_5",1,1,"1_3","0",5,"2.5_right_fast",0.760870712401055,0.67,0.915254237288136
"678e1a303a8e378f3e02cdf3","2_5",1,1,"1_4","1",5,"2.5_right_fast",0.760870712401055,0.67,0.915254237288136
"678e1a303a8e378f3e02cdf3","2_5",1,1,"1_5","0",5,"2.5_right_fast",0.760870712401055,0.67,0.915254237288136
"678f46cd0f21903076471f34","2_2",1,0,"1_1","0",7,"2.2_right_slow",0.566398891966759,0.74,0.536723163841808
"678f46cd0f21903076471f34","2_2",1,0,"1_2","1",7,"2.2_right_slow",0.566398891966759,0.74,0.536723163841808
"678f46cd0f21903076471f34","2_2",1,0,"1_3","0",7,"2.2_right_slow",0.566398891966759,0.74,0.536723163841808
"678f46cd0f21903076471f34","2_2",1,0,"1_4","1",7,"2.2_right_slow",0.566398891966759,0.74,0.536723163841808
"678f46cd0f21903076471f34","2_2",1,0,"1_5","1",7,"2.2_right_slow",0.566398891966759,0.74,0.536723163841808
"678f46cd0f21903076471f34","2_4",0,0,"1_1","1",7,"2.4_wrong_slow",0.518938053097345,0.84,0.675141242937853
"678f46cd0f21903076471f34","2_4",0,0,"1_2","0",7,"2.4_wrong_slow",0.518938053097345,0.84,0.675141242937853
"678f46cd0f21903076471f34","2_4",0,0,"1_3","0",7,"2.4_wrong_slow",0.518938053097345,0.84,0.675141242937853
"678f46cd0f21903076471f34","2_4",0,0,"1_4","1",7,"2.4_wrong_slow",0.518938053097345,0.84,0.675141242937853
"678f46cd0f21903076471f34","2_4",0,0,"1_5","1",7,"2.4_wrong_slow",0.518938053097345,0.84,0.675141242937853
"678f46cd0f21903076471f34","2_5",0,0,"1_1","0",7,"2.5_wrong_slow",0.760870712401055,0.67,0.915254237288136
"678f46cd0f21903076471f34","2_5",0,0,"1_2","0",7,"2.5_wrong_slow",0.760870712401055,0.67,0.915254237288136
"678f46cd0f21903076471f34","2_5",0,0,"1_3","1",7,"2.5_wrong_slow",0.760870712401055,0.67,0.915254237288136
"678f46cd0f21903076471f34","2_5",0,0,"1_4","1",7,"2.5_wrong_slow",0.760870712401055,0.67,0.915254237288136
"678f46cd0f21903076471f34","2_5",0,0,"1_5","1",7,"2.5_wrong_slow",0.760870712401055,0.67,0.915254237288136
"678f46cd0f21903076471f34","2_4",1,1,"1_1","1",7,"2.4_right_fast",0.518938053097345,0.68,0.675141242937853
"678f46cd0f21903076471f34","2_4",1,1,"1_2","0",7,"2.4_right_fast",0.518938053097345,0.68,0.675141242937853
"678f46cd0f21903076471f34","2_4",1,1,"1_3","1",7,"2.4_right_fast",0.518938053097345,0.68,0.675141242937853
"678f46cd0f21903076471f34","2_4",1,1,"1_4","0",7,"2.4_right_fast",0.518938053097345,0.68,0.675141242937853
"678f46cd0f21903076471f34","2_4",1,1,"1_5","0",7,"2.4_right_fast",0.518938053097345,0.68,0.675141242937853
"678f46cd0f21903076471f34","2_3",0,1,"1_1","1",7,"2.3_wrong_fast",0.577430167597765,0.64,0.446327683615819
"678f46cd0f21903076471f34","2_3",0,1,"1_2","0",7,"2.3_wrong_fast",0.577430167597765,0.64,0.446327683615819
"678f46cd0f21903076471f34","2_3",0,1,"1_3","1",7,"2.3_wrong_fast",0.577430167597765,0.64,0.446327683615819
"678f46cd0f21903076471f34","2_3",0,1,"1_4","0",7,"2.3_wrong_fast",0.577430167597765,0.64,0.446327683615819
"678f46cd0f21903076471f34","2_3",0,1,"1_5","0",7,"2.3_wrong_fast",0.577430167597765,0.64,0.446327683615819
"678fae0185832a6eb332af06","2_1",1,0,"1_1","1",1,"2.1_right_slow",0.396726726726727,0.6,0.234463276836158
"678fae0185832a6eb332af06","2_1",1,0,"1_2","0",1,"2.1_right_slow",0.396726726726727,0.6,0.234463276836158
"678fae0185832a6eb332af06","2_1",1,0,"1_3","0",1,"2.1_right_slow",0.396726726726727,0.6,0.234463276836158
"678fae0185832a6eb332af06","2_1",1,0,"1_4","0",1,"2.1_right_slow",0.396726726726727,0.6,0.234463276836158
"678fae0185832a6eb332af06","2_1",1,0,"1_5","0",1,"2.1_right_slow",0.396726726726727,0.6,0.234463276836158
"678fae0185832a6eb332af06","2_3",1,0,"1_1","1",1,"2.3_right_slow",0.577430167597765,0.55,0.446327683615819
"678fae0185832a6eb332af06","2_3",1,0,"1_2","0",1,"2.3_right_slow",0.577430167597765,0.55,0.446327683615819
"678fae0185832a6eb332af06","2_3",1,0,"1_3","0",1,"2.3_right_slow",0.577430167597765,0.55,0.446327683615819
"678fae0185832a6eb332af06","2_3",1,0,"1_4","0",1,"2.3_right_slow",0.577430167597765,0.55,0.446327683615819
"678fae0185832a6eb332af06","2_3",1,0,"1_5","0",1,"2.3_right_slow",0.577430167597765,0.55,0.446327683615819
"678fae0185832a6eb332af06","2_5",1,1,"1_1","1",1,"2.5_right_fast",0.760870712401055,0.99,0.915254237288136
"678fae0185832a6eb332af06","2_5",1,1,"1_2","1",1,"2.5_right_fast",0.760870712401055,0.99,0.915254237288136
"678fae0185832a6eb332af06","2_5",1,1,"1_3","1",1,"2.5_right_fast",0.760870712401055,0.99,0.915254237288136
"678fae0185832a6eb332af06","2_5",1,1,"1_4","1",1,"2.5_right_fast",0.760870712401055,0.99,0.915254237288136
"678fae0185832a6eb332af06","2_5",1,1,"1_5","1",1,"2.5_right_fast",0.760870712401055,0.99,0.915254237288136
"678fae0185832a6eb332af06","2_4",0,1,"1_1","1",1,"2.4_wrong_fast",0.518938053097345,0.91,0.675141242937853
"678fae0185832a6eb332af06","2_4",0,1,"1_2","0",1,"2.4_wrong_fast",0.518938053097345,0.91,0.675141242937853
"678fae0185832a6eb332af06","2_4",0,1,"1_3","1",1,"2.4_wrong_fast",0.518938053097345,0.91,0.675141242937853
"678fae0185832a6eb332af06","2_4",0,1,"1_4","0",1,"2.4_wrong_fast",0.518938053097345,0.91,0.675141242937853
"678fae0185832a6eb332af06","2_4",0,1,"1_5","0",1,"2.4_wrong_fast",0.518938053097345,0.91,0.675141242937853
"678fae0185832a6eb332af06","2_5",0,1,"1_1","1",1,"2.5_wrong_fast",0.760870712401055,0.95,0.915254237288136
"678fae0185832a6eb332af06","2_5",0,1,"1_2","0",1,"2.5_wrong_fast",0.760870712401055,0.95,0.915254237288136
"678fae0185832a6eb332af06","2_5",0,1,"1_3","0",1,"2.5_wrong_fast",0.760870712401055,0.95,0.915254237288136
"678fae0185832a6eb332af06","2_5",0,1,"1_4","1",1,"2.5_wrong_fast",0.760870712401055,0.95,0.915254237288136
"678fae0185832a6eb332af06","2_5",0,1,"1_5","0",1,"2.5_wrong_fast",0.760870712401055,0.95,0.915254237288136
"678fb27da761658c9c8f2bd5","2_4",0,0,"1_1","1",9,"2.4_wrong_slow",0.518938053097345,0.3,0.675141242937853
"678fb27da761658c9c8f2bd5","2_4",0,0,"1_2","1",9,"2.4_wrong_slow",0.518938053097345,0.3,0.675141242937853
"678fb27da761658c9c8f2bd5","2_4",0,0,"1_3","0",9,"2.4_wrong_slow",0.518938053097345,0.3,0.675141242937853
"678fb27da761658c9c8f2bd5","2_4",0,0,"1_4","0",9,"2.4_wrong_slow",0.518938053097345,0.3,0.675141242937853
"678fb27da761658c9c8f2bd5","2_4",0,0,"1_5","0",9,"2.4_wrong_slow",0.518938053097345,0.3,0.675141242937853
"678fb27da761658c9c8f2bd5","2_1",0,1,"1_1","1",9,"2.1_wrong_fast",0.396726726726727,0.4,0.234463276836158
"678fb27da761658c9c8f2bd5","2_1",0,1,"1_2","0",9,"2.1_wrong_fast",0.396726726726727,0.4,0.234463276836158
"678fb27da761658c9c8f2bd5","2_1",0,1,"1_3","0",9,"2.1_wrong_fast",0.396726726726727,0.4,0.234463276836158
"678fb27da761658c9c8f2bd5","2_1",0,1,"1_4","0",9,"2.1_wrong_fast",0.396726726726727,0.4,0.234463276836158
"678fb27da761658c9c8f2bd5","2_1",0,1,"1_5","0",9,"2.1_wrong_fast",0.396726726726727,0.4,0.234463276836158
"678fb27da761658c9c8f2bd5","2_2",0,1,"1_1","1",9,"2.2_wrong_fast",0.566398891966759,0.7,0.536723163841808
"678fb27da761658c9c8f2bd5","2_2",0,1,"1_2","1",9,"2.2_wrong_fast",0.566398891966759,0.7,0.536723163841808
"678fb27da761658c9c8f2bd5","2_2",0,1,"1_3","0",9,"2.2_wrong_fast",0.566398891966759,0.7,0.536723163841808
"678fb27da761658c9c8f2bd5","2_2",0,1,"1_4","0",9,"2.2_wrong_fast",0.566398891966759,0.7,0.536723163841808
"678fb27da761658c9c8f2bd5","2_2",0,1,"1_5","0",9,"2.2_wrong_fast",0.566398891966759,0.7,0.536723163841808
"678fb27da761658c9c8f2bd5","2_3",0,1,"1_1","1",9,"2.3_wrong_fast",0.577430167597765,0.8,0.446327683615819
"678fb27da761658c9c8f2bd5","2_3",0,1,"1_2","0",9,"2.3_wrong_fast",0.577430167597765,0.8,0.446327683615819
"678fb27da761658c9c8f2bd5","2_3",0,1,"1_3","0",9,"2.3_wrong_fast",0.577430167597765,0.8,0.446327683615819
"678fb27da761658c9c8f2bd5","2_3",0,1,"1_4","1",9,"2.3_wrong_fast",0.577430167597765,0.8,0.446327683615819
"678fb27da761658c9c8f2bd5","2_3",0,1,"1_5","0",9,"2.3_wrong_fast",0.577430167597765,0.8,0.446327683615819
"678fb27da761658c9c8f2bd5","2_5",0,1,"1_1","1",9,"2.5_wrong_fast",0.760870712401055,0.8,0.915254237288136
"678fb27da761658c9c8f2bd5","2_5",0,1,"1_2","0",9,"2.5_wrong_fast",0.760870712401055,0.8,0.915254237288136
"678fb27da761658c9c8f2bd5","2_5",0,1,"1_3","0",9,"2.5_wrong_fast",0.760870712401055,0.8,0.915254237288136
"678fb27da761658c9c8f2bd5","2_5",0,1,"1_4","0",9,"2.5_wrong_fast",0.760870712401055,0.8,0.915254237288136
"678fb27da761658c9c8f2bd5","2_5",0,1,"1_5","0",9,"2.5_wrong_fast",0.760870712401055,0.8,0.915254237288136
"679332b7a7378f8f63f9ab84","2_1",0,0,"1_1","0",9,"2.1_wrong_slow",0.396726726726727,0.4,0.234463276836158
"679332b7a7378f8f63f9ab84","2_1",0,0,"1_2","0",9,"2.1_wrong_slow",0.396726726726727,0.4,0.234463276836158
"679332b7a7378f8f63f9ab84","2_1",0,0,"1_3","1",9,"2.1_wrong_slow",0.396726726726727,0.4,0.234463276836158
"679332b7a7378f8f63f9ab84","2_1",0,0,"1_4","0",9,"2.1_wrong_slow",0.396726726726727,0.4,0.234463276836158
"679332b7a7378f8f63f9ab84","2_1",0,0,"1_5","0",9,"2.1_wrong_slow",0.396726726726727,0.4,0.234463276836158
"679332b7a7378f8f63f9ab84","2_3",0,0,"1_1","1",9,"2.3_wrong_slow",0.577430167597765,0.7,0.446327683615819
"679332b7a7378f8f63f9ab84","2_3",0,0,"1_2","0",9,"2.3_wrong_slow",0.577430167597765,0.7,0.446327683615819
"679332b7a7378f8f63f9ab84","2_3",0,0,"1_3","0",9,"2.3_wrong_slow",0.577430167597765,0.7,0.446327683615819
"679332b7a7378f8f63f9ab84","2_3",0,0,"1_4","0",9,"2.3_wrong_slow",0.577430167597765,0.7,0.446327683615819
"679332b7a7378f8f63f9ab84","2_3",0,0,"1_5","0",9,"2.3_wrong_slow",0.577430167597765,0.7,0.446327683615819
"679332b7a7378f8f63f9ab84","2_4",0,0,"1_1","1",9,"2.4_wrong_slow",0.518938053097345,0.95,0.675141242937853
"679332b7a7378f8f63f9ab84","2_4",0,0,"1_2","0",9,"2.4_wrong_slow",0.518938053097345,0.95,0.675141242937853
"679332b7a7378f8f63f9ab84","2_4",0,0,"1_3","1",9,"2.4_wrong_slow",0.518938053097345,0.95,0.675141242937853
"679332b7a7378f8f63f9ab84","2_4",0,0,"1_4","0",9,"2.4_wrong_slow",0.518938053097345,0.95,0.675141242937853
"679332b7a7378f8f63f9ab84","2_4",0,0,"1_5","0",9,"2.4_wrong_slow",0.518938053097345,0.95,0.675141242937853
"679332b7a7378f8f63f9ab84","2_3",1,1,"1_1","1",9,"2.3_right_fast",0.577430167597765,0.8,0.446327683615819
"679332b7a7378f8f63f9ab84","2_3",1,1,"1_2","0",9,"2.3_right_fast",0.577430167597765,0.8,0.446327683615819
"679332b7a7378f8f63f9ab84","2_3",1,1,"1_3","1",9,"2.3_right_fast",0.577430167597765,0.8,0.446327683615819
"679332b7a7378f8f63f9ab84","2_3",1,1,"1_4","0",9,"2.3_right_fast",0.577430167597765,0.8,0.446327683615819
"679332b7a7378f8f63f9ab84","2_3",1,1,"1_5","0",9,"2.3_right_fast",0.577430167597765,0.8,0.446327683615819
"679332b7a7378f8f63f9ab84","2_3",0,1,"1_1","1",9,"2.3_wrong_fast",0.577430167597765,0.75,0.446327683615819
"679332b7a7378f8f63f9ab84","2_3",0,1,"1_2","0",9,"2.3_wrong_fast",0.577430167597765,0.75,0.446327683615819
"679332b7a7378f8f63f9ab84","2_3",0,1,"1_3","1",9,"2.3_wrong_fast",0.577430167597765,0.75,0.446327683615819
"679332b7a7378f8f63f9ab84","2_3",0,1,"1_4","0",9,"2.3_wrong_fast",0.577430167597765,0.75,0.446327683615819
"679332b7a7378f8f63f9ab84","2_3",0,1,"1_5","0",9,"2.3_wrong_fast",0.577430167597765,0.75,0.446327683615819
"67a4fbd7e4ebc02e050b7999","2_1",0,0,"1_1","1",4,"2.1_wrong_slow",0.396726726726727,0.83,0.234463276836158
"67a4fbd7e4ebc02e050b7999","2_1",0,0,"1_2","0",4,"2.1_wrong_slow",0.396726726726727,0.83,0.234463276836158
"67a4fbd7e4ebc02e050b7999","2_1",0,0,"1_3","0",4,"2.1_wrong_slow",0.396726726726727,0.83,0.234463276836158
"67a4fbd7e4ebc02e050b7999","2_1",0,0,"1_4","0",4,"2.1_wrong_slow",0.396726726726727,0.83,0.234463276836158
"67a4fbd7e4ebc02e050b7999","2_1",0,0,"1_5","0",4,"2.1_wrong_slow",0.396726726726727,0.83,0.234463276836158
"67a4fbd7e4ebc02e050b7999","2_2",0,0,"1_1","1",4,"2.2_wrong_slow",0.566398891966759,0.88,0.536723163841808
"67a4fbd7e4ebc02e050b7999","2_2",0,0,"1_2","1",4,"2.2_wrong_slow",0.566398891966759,0.88,0.536723163841808
"67a4fbd7e4ebc02e050b7999","2_2",0,0,"1_3","0",4,"2.2_wrong_slow",0.566398891966759,0.88,0.536723163841808
"67a4fbd7e4ebc02e050b7999","2_2",0,0,"1_4","0",4,"2.2_wrong_slow",0.566398891966759,0.88,0.536723163841808
"67a4fbd7e4ebc02e050b7999","2_2",0,0,"1_5","0",4,"2.2_wrong_slow",0.566398891966759,0.88,0.536723163841808
"67a4fbd7e4ebc02e050b7999","2_4",0,0,"1_1","1",4,"2.4_wrong_slow",0.518938053097345,0.74,0.675141242937853
"67a4fbd7e4ebc02e050b7999","2_4",0,0,"1_2","1",4,"2.4_wrong_slow",0.518938053097345,0.74,0.675141242937853
"67a4fbd7e4ebc02e050b7999","2_4",0,0,"1_3","1",4,"2.4_wrong_slow",0.518938053097345,0.74,0.675141242937853
"67a4fbd7e4ebc02e050b7999","2_4",0,0,"1_4","0",4,"2.4_wrong_slow",0.518938053097345,0.74,0.675141242937853
"67a4fbd7e4ebc02e050b7999","2_4",0,0,"1_5","0",4,"2.4_wrong_slow",0.518938053097345,0.74,0.675141242937853
"67a4fbd7e4ebc02e050b7999","2_1",0,1,"1_1","1",4,"2.1_wrong_fast",0.396726726726727,0.74,0.234463276836158
"67a4fbd7e4ebc02e050b7999","2_1",0,1,"1_2","0",4,"2.1_wrong_fast",0.396726726726727,0.74,0.234463276836158
"67a4fbd7e4ebc02e050b7999","2_1",0,1,"1_3","0",4,"2.1_wrong_fast",0.396726726726727,0.74,0.234463276836158
"67a4fbd7e4ebc02e050b7999","2_1",0,1,"1_4","0",4,"2.1_wrong_fast",0.396726726726727,0.74,0.234463276836158
"67a4fbd7e4ebc02e050b7999","2_1",0,1,"1_5","0",4,"2.1_wrong_fast",0.396726726726727,0.74,0.234463276836158
"67a4fbd7e4ebc02e050b7999","2_5",0,1,"1_1","1",4,"2.5_wrong_fast",0.760870712401055,0.9,0.915254237288136
"67a4fbd7e4ebc02e050b7999","2_5",0,1,"1_2","1",4,"2.5_wrong_fast",0.760870712401055,0.9,0.915254237288136
"67a4fbd7e4ebc02e050b7999","2_5",0,1,"1_3","1",4,"2.5_wrong_fast",0.760870712401055,0.9,0.915254237288136
"67a4fbd7e4ebc02e050b7999","2_5",0,1,"1_4","1",4,"2.5_wrong_fast",0.760870712401055,0.9,0.915254237288136
"67a4fbd7e4ebc02e050b7999","2_5",0,1,"1_5","0",4,"2.5_wrong_fast",0.760870712401055,0.9,0.915254237288136
"67a577bd526d53b904219c1d","2_3",1,0,"1_1","1",6,"2.3_right_slow",0.577430167597765,0.4,0.446327683615819
"67a577bd526d53b904219c1d","2_3",1,0,"1_2","1",6,"2.3_right_slow",0.577430167597765,0.4,0.446327683615819
"67a577bd526d53b904219c1d","2_3",1,0,"1_3","1",6,"2.3_right_slow",0.577430167597765,0.4,0.446327683615819
"67a577bd526d53b904219c1d","2_3",1,0,"1_4","1",6,"2.3_right_slow",0.577430167597765,0.4,0.446327683615819
"67a577bd526d53b904219c1d","2_3",1,0,"1_5","0",6,"2.3_right_slow",0.577430167597765,0.4,0.446327683615819
"67a577bd526d53b904219c1d","2_4",1,0,"1_1","1",6,"2.4_right_slow",0.518938053097345,0.62,0.675141242937853
"67a577bd526d53b904219c1d","2_4",1,0,"1_2","0",6,"2.4_right_slow",0.518938053097345,0.62,0.675141242937853
"67a577bd526d53b904219c1d","2_4",1,0,"1_3","0",6,"2.4_right_slow",0.518938053097345,0.62,0.675141242937853
"67a577bd526d53b904219c1d","2_4",1,0,"1_4","1",6,"2.4_right_slow",0.518938053097345,0.62,0.675141242937853
"67a577bd526d53b904219c1d","2_4",1,0,"1_5","0",6,"2.4_right_slow",0.518938053097345,0.62,0.675141242937853
"67a577bd526d53b904219c1d","2_5",0,0,"1_1","1",6,"2.5_wrong_slow",0.760870712401055,0.83,0.915254237288136
"67a577bd526d53b904219c1d","2_5",0,0,"1_2","0",6,"2.5_wrong_slow",0.760870712401055,0.83,0.915254237288136
"67a577bd526d53b904219c1d","2_5",0,0,"1_3","1",6,"2.5_wrong_slow",0.760870712401055,0.83,0.915254237288136
"67a577bd526d53b904219c1d","2_5",0,0,"1_4","1",6,"2.5_wrong_slow",0.760870712401055,0.83,0.915254237288136
"67a577bd526d53b904219c1d","2_5",0,0,"1_5","0",6,"2.5_wrong_slow",0.760870712401055,0.83,0.915254237288136
"67a577bd526d53b904219c1d","2_3",1,1,"1_1","1",6,"2.3_right_fast",0.577430167597765,0.69,0.446327683615819
"67a577bd526d53b904219c1d","2_3",1,1,"1_2","0",6,"2.3_right_fast",0.577430167597765,0.69,0.446327683615819
"67a577bd526d53b904219c1d","2_3",1,1,"1_3","1",6,"2.3_right_fast",0.577430167597765,0.69,0.446327683615819
"67a577bd526d53b904219c1d","2_3",1,1,"1_4","1",6,"2.3_right_fast",0.577430167597765,0.69,0.446327683615819
"67a577bd526d53b904219c1d","2_3",1,1,"1_5","0",6,"2.3_right_fast",0.577430167597765,0.69,0.446327683615819
"67a577bd526d53b904219c1d","2_5",0,1,"1_1","1",6,"2.5_wrong_fast",0.760870712401055,0.51,0.915254237288136
"67a577bd526d53b904219c1d","2_5",0,1,"1_2","0",6,"2.5_wrong_fast",0.760870712401055,0.51,0.915254237288136
"67a577bd526d53b904219c1d","2_5",0,1,"1_3","1",6,"2.5_wrong_fast",0.760870712401055,0.51,0.915254237288136
"67a577bd526d53b904219c1d","2_5",0,1,"1_4","1",6,"2.5_wrong_fast",0.760870712401055,0.51,0.915254237288136
"67a577bd526d53b904219c1d","2_5",0,1,"1_5","0",6,"2.5_wrong_fast",0.760870712401055,0.51,0.915254237288136
"67a6cbe357e1acaf3c860247","2_2",1,0,"1_1","1",4,"2.2_right_slow",0.566398891966759,0.8,0.536723163841808
"67a6cbe357e1acaf3c860247","2_2",1,0,"1_2","1",4,"2.2_right_slow",0.566398891966759,0.8,0.536723163841808
"67a6cbe357e1acaf3c860247","2_2",1,0,"1_3","0",4,"2.2_right_slow",0.566398891966759,0.8,0.536723163841808
"67a6cbe357e1acaf3c860247","2_2",1,0,"1_4","1",4,"2.2_right_slow",0.566398891966759,0.8,0.536723163841808
"67a6cbe357e1acaf3c860247","2_2",1,0,"1_5","0",4,"2.2_right_slow",0.566398891966759,0.8,0.536723163841808
"67a6cbe357e1acaf3c860247","2_4",0,0,"1_1","0",4,"2.4_wrong_slow",0.518938053097345,0.7,0.675141242937853
"67a6cbe357e1acaf3c860247","2_4",0,0,"1_2","0",4,"2.4_wrong_slow",0.518938053097345,0.7,0.675141242937853
"67a6cbe357e1acaf3c860247","2_4",0,0,"1_3","0",4,"2.4_wrong_slow",0.518938053097345,0.7,0.675141242937853
"67a6cbe357e1acaf3c860247","2_4",0,0,"1_4","0",4,"2.4_wrong_slow",0.518938053097345,0.7,0.675141242937853
"67a6cbe357e1acaf3c860247","2_4",0,0,"1_5","0",4,"2.4_wrong_slow",0.518938053097345,0.7,0.675141242937853
"67a6cbe357e1acaf3c860247","2_2",1,1,"1_1","1",4,"2.2_right_fast",0.566398891966759,0.9,0.536723163841808
"67a6cbe357e1acaf3c860247","2_2",1,1,"1_2","1",4,"2.2_right_fast",0.566398891966759,0.9,0.536723163841808
"67a6cbe357e1acaf3c860247","2_2",1,1,"1_3","1",4,"2.2_right_fast",0.566398891966759,0.9,0.536723163841808
"67a6cbe357e1acaf3c860247","2_2",1,1,"1_4","1",4,"2.2_right_fast",0.566398891966759,0.9,0.536723163841808
"67a6cbe357e1acaf3c860247","2_2",1,1,"1_5","0",4,"2.2_right_fast",0.566398891966759,0.9,0.536723163841808
"67a6cbe357e1acaf3c860247","2_3",1,1,"1_1","1",4,"2.3_right_fast",0.577430167597765,0.95,0.446327683615819
"67a6cbe357e1acaf3c860247","2_3",1,1,"1_2","1",4,"2.3_right_fast",0.577430167597765,0.95,0.446327683615819
"67a6cbe357e1acaf3c860247","2_3",1,1,"1_3","1",4,"2.3_right_fast",0.577430167597765,0.95,0.446327683615819
"67a6cbe357e1acaf3c860247","2_3",1,1,"1_4","1",4,"2.3_right_fast",0.577430167597765,0.95,0.446327683615819
"67a6cbe357e1acaf3c860247","2_3",1,1,"1_5","0",4,"2.3_right_fast",0.577430167597765,0.95,0.446327683615819
"67a6cbe357e1acaf3c860247","2_5",1,1,"1_1","1",4,"2.5_right_fast",0.760870712401055,0.98,0.915254237288136
"67a6cbe357e1acaf3c860247","2_5",1,1,"1_2","1",4,"2.5_right_fast",0.760870712401055,0.98,0.915254237288136
"67a6cbe357e1acaf3c860247","2_5",1,1,"1_3","1",4,"2.5_right_fast",0.760870712401055,0.98,0.915254237288136
"67a6cbe357e1acaf3c860247","2_5",1,1,"1_4","1",4,"2.5_right_fast",0.760870712401055,0.98,0.915254237288136
"67a6cbe357e1acaf3c860247","2_5",1,1,"1_5","1",4,"2.5_right_fast",0.760870712401055,0.98,0.915254237288136
"67a70cc6d537c72bc20ddfaf","2_5",1,0,"1_1","1",10,"2.5_right_slow",0.760870712401055,0.86,0.915254237288136
"67a70cc6d537c72bc20ddfaf","2_5",1,0,"1_2","1",10,"2.5_right_slow",0.760870712401055,0.86,0.915254237288136
"67a70cc6d537c72bc20ddfaf","2_5",1,0,"1_3","1",10,"2.5_right_slow",0.760870712401055,0.86,0.915254237288136
"67a70cc6d537c72bc20ddfaf","2_5",1,0,"1_4","1",10,"2.5_right_slow",0.760870712401055,0.86,0.915254237288136
"67a70cc6d537c72bc20ddfaf","2_5",1,0,"1_5","1",10,"2.5_right_slow",0.760870712401055,0.86,0.915254237288136
"67a70cc6d537c72bc20ddfaf","2_1",0,0,"1_1","0",10,"2.1_wrong_slow",0.396726726726727,0.32,0.234463276836158
"67a70cc6d537c72bc20ddfaf","2_1",0,0,"1_2","0",10,"2.1_wrong_slow",0.396726726726727,0.32,0.234463276836158
"67a70cc6d537c72bc20ddfaf","2_1",0,0,"1_3","0",10,"2.1_wrong_slow",0.396726726726727,0.32,0.234463276836158
"67a70cc6d537c72bc20ddfaf","2_1",0,0,"1_4","0",10,"2.1_wrong_slow",0.396726726726727,0.32,0.234463276836158
"67a70cc6d537c72bc20ddfaf","2_1",0,0,"1_5","0",10,"2.1_wrong_slow",0.396726726726727,0.32,0.234463276836158
"67a70cc6d537c72bc20ddfaf","2_4",0,0,"1_1","1",10,"2.4_wrong_slow",0.518938053097345,0.39,0.675141242937853
"67a70cc6d537c72bc20ddfaf","2_4",0,0,"1_2","0",10,"2.4_wrong_slow",0.518938053097345,0.39,0.675141242937853
"67a70cc6d537c72bc20ddfaf","2_4",0,0,"1_3","0",10,"2.4_wrong_slow",0.518938053097345,0.39,0.675141242937853
"67a70cc6d537c72bc20ddfaf","2_4",0,0,"1_4","0",10,"2.4_wrong_slow",0.518938053097345,0.39,0.675141242937853
"67a70cc6d537c72bc20ddfaf","2_4",0,0,"1_5","0",10,"2.4_wrong_slow",0.518938053097345,0.39,0.675141242937853
"67a70cc6d537c72bc20ddfaf","2_1",1,1,"1_1","1",10,"2.1_right_fast",0.396726726726727,0.37,0.234463276836158
"67a70cc6d537c72bc20ddfaf","2_1",1,1,"1_2","0",10,"2.1_right_fast",0.396726726726727,0.37,0.234463276836158
"67a70cc6d537c72bc20ddfaf","2_1",1,1,"1_3","1",10,"2.1_right_fast",0.396726726726727,0.37,0.234463276836158
"67a70cc6d537c72bc20ddfaf","2_1",1,1,"1_4","1",10,"2.1_right_fast",0.396726726726727,0.37,0.234463276836158
"67a70cc6d537c72bc20ddfaf","2_1",1,1,"1_5","0",10,"2.1_right_fast",0.396726726726727,0.37,0.234463276836158
"67a70cc6d537c72bc20ddfaf","2_5",0,1,"1_1","1",10,"2.5_wrong_fast",0.760870712401055,0.95,0.915254237288136
"67a70cc6d537c72bc20ddfaf","2_5",0,1,"1_2","0",10,"2.5_wrong_fast",0.760870712401055,0.95,0.915254237288136
"67a70cc6d537c72bc20ddfaf","2_5",0,1,"1_3","0",10,"2.5_wrong_fast",0.760870712401055,0.95,0.915254237288136
"67a70cc6d537c72bc20ddfaf","2_5",0,1,"1_4","1",10,"2.5_wrong_fast",0.760870712401055,0.95,0.915254237288136
"67a70cc6d537c72bc20ddfaf","2_5",0,1,"1_5","0",10,"2.5_wrong_fast",0.760870712401055,0.95,0.915254237288136
"67aa52dcb66d138fca70a211","2_3",1,0,"1_1","1",13,"2.3_right_slow",0.577430167597765,0.09,0.446327683615819
"67aa52dcb66d138fca70a211","2_3",1,0,"1_2","1",13,"2.3_right_slow",0.577430167597765,0.09,0.446327683615819
"67aa52dcb66d138fca70a211","2_3",1,0,"1_3","1",13,"2.3_right_slow",0.577430167597765,0.09,0.446327683615819
"67aa52dcb66d138fca70a211","2_3",1,0,"1_4","1",13,"2.3_right_slow",0.577430167597765,0.09,0.446327683615819
"67aa52dcb66d138fca70a211","2_3",1,0,"1_5","1",13,"2.3_right_slow",0.577430167597765,0.09,0.446327683615819
"67aa52dcb66d138fca70a211","2_5",0,0,"1_1","1",13,"2.5_wrong_slow",0.760870712401055,0.08,0.915254237288136
"67aa52dcb66d138fca70a211","2_5",0,0,"1_2","1",13,"2.5_wrong_slow",0.760870712401055,0.08,0.915254237288136
"67aa52dcb66d138fca70a211","2_5",0,0,"1_3","1",13,"2.5_wrong_slow",0.760870712401055,0.08,0.915254237288136
"67aa52dcb66d138fca70a211","2_5",0,0,"1_4","1",13,"2.5_wrong_slow",0.760870712401055,0.08,0.915254237288136
"67aa52dcb66d138fca70a211","2_5",0,0,"1_5","0",13,"2.5_wrong_slow",0.760870712401055,0.08,0.915254237288136
"67aa52dcb66d138fca70a211","2_1",1,1,"1_1","1",13,"2.1_right_fast",0.396726726726727,0,0.234463276836158
"67aa52dcb66d138fca70a211","2_1",1,1,"1_2","1",13,"2.1_right_fast",0.396726726726727,0,0.234463276836158
"67aa52dcb66d138fca70a211","2_1",1,1,"1_3","1",13,"2.1_right_fast",0.396726726726727,0,0.234463276836158
"67aa52dcb66d138fca70a211","2_1",1,1,"1_4","1",13,"2.1_right_fast",0.396726726726727,0,0.234463276836158
"67aa52dcb66d138fca70a211","2_1",1,1,"1_5","1",13,"2.1_right_fast",0.396726726726727,0,0.234463276836158
"67aa52dcb66d138fca70a211","2_2",1,1,"1_1","1",13,"2.2_right_fast",0.566398891966759,0.1,0.536723163841808
"67aa52dcb66d138fca70a211","2_2",1,1,"1_2","1",13,"2.2_right_fast",0.566398891966759,0.1,0.536723163841808
"67aa52dcb66d138fca70a211","2_2",1,1,"1_3","1",13,"2.2_right_fast",0.566398891966759,0.1,0.536723163841808
"67aa52dcb66d138fca70a211","2_2",1,1,"1_4","1",13,"2.2_right_fast",0.566398891966759,0.1,0.536723163841808
"67aa52dcb66d138fca70a211","2_2",1,1,"1_5","1",13,"2.2_right_fast",0.566398891966759,0.1,0.536723163841808
"67aa52dcb66d138fca70a211","2_1",0,1,"1_1","0",13,"2.1_wrong_fast",0.396726726726727,0.01,0.234463276836158
"67aa52dcb66d138fca70a211","2_1",0,1,"1_2","0",13,"2.1_wrong_fast",0.396726726726727,0.01,0.234463276836158
"67aa52dcb66d138fca70a211","2_1",0,1,"1_3","0",13,"2.1_wrong_fast",0.396726726726727,0.01,0.234463276836158
"67aa52dcb66d138fca70a211","2_1",0,1,"1_4","0",13,"2.1_wrong_fast",0.396726726726727,0.01,0.234463276836158
"67aa52dcb66d138fca70a211","2_1",0,1,"1_5","0",13,"2.1_wrong_fast",0.396726726726727,0.01,0.234463276836158
"67ab899c0e7db664870e939e","2_3",1,0,"1_1","1",3,"2.3_right_slow",0.577430167597765,0.27,0.446327683615819
"67ab899c0e7db664870e939e","2_3",1,0,"1_2","0",3,"2.3_right_slow",0.577430167597765,0.27,0.446327683615819
"67ab899c0e7db664870e939e","2_3",1,0,"1_3","1",3,"2.3_right_slow",0.577430167597765,0.27,0.446327683615819
"67ab899c0e7db664870e939e","2_3",1,0,"1_4","0",3,"2.3_right_slow",0.577430167597765,0.27,0.446327683615819
"67ab899c0e7db664870e939e","2_3",1,0,"1_5","0",3,"2.3_right_slow",0.577430167597765,0.27,0.446327683615819
"67ab899c0e7db664870e939e","2_1",0,0,"1_1","0",3,"2.1_wrong_slow",0.396726726726727,0.77,0.234463276836158
"67ab899c0e7db664870e939e","2_1",0,0,"1_2","0",3,"2.1_wrong_slow",0.396726726726727,0.77,0.234463276836158
"67ab899c0e7db664870e939e","2_1",0,0,"1_3","0",3,"2.1_wrong_slow",0.396726726726727,0.77,0.234463276836158
"67ab899c0e7db664870e939e","2_1",0,0,"1_4","0",3,"2.1_wrong_slow",0.396726726726727,0.77,0.234463276836158
"67ab899c0e7db664870e939e","2_1",0,0,"1_5","0",3,"2.1_wrong_slow",0.396726726726727,0.77,0.234463276836158
"67ab899c0e7db664870e939e","2_2",1,1,"1_1","1",3,"2.2_right_fast",0.566398891966759,0.82,0.536723163841808
"67ab899c0e7db664870e939e","2_2",1,1,"1_2","1",3,"2.2_right_fast",0.566398891966759,0.82,0.536723163841808
"67ab899c0e7db664870e939e","2_2",1,1,"1_3","1",3,"2.2_right_fast",0.566398891966759,0.82,0.536723163841808
"67ab899c0e7db664870e939e","2_2",1,1,"1_4","1",3,"2.2_right_fast",0.566398891966759,0.82,0.536723163841808
"67ab899c0e7db664870e939e","2_2",1,1,"1_5","1",3,"2.2_right_fast",0.566398891966759,0.82,0.536723163841808
"67ab899c0e7db664870e939e","2_3",1,1,"1_1","1",3,"2.3_right_fast",0.577430167597765,0.86,0.446327683615819
"67ab899c0e7db664870e939e","2_3",1,1,"1_2","1",3,"2.3_right_fast",0.577430167597765,0.86,0.446327683615819
"67ab899c0e7db664870e939e","2_3",1,1,"1_3","1",3,"2.3_right_fast",0.577430167597765,0.86,0.446327683615819
"67ab899c0e7db664870e939e","2_3",1,1,"1_4","1",3,"2.3_right_fast",0.577430167597765,0.86,0.446327683615819
"67ab899c0e7db664870e939e","2_3",1,1,"1_5","0",3,"2.3_right_fast",0.577430167597765,0.86,0.446327683615819
"67ab899c0e7db664870e939e","2_5",0,1,"1_1","1",3,"2.5_wrong_fast",0.760870712401055,1,0.915254237288136
"67ab899c0e7db664870e939e","2_5",0,1,"1_2","1",3,"2.5_wrong_fast",0.760870712401055,1,0.915254237288136
"67ab899c0e7db664870e939e","2_5",0,1,"1_3","1",3,"2.5_wrong_fast",0.760870712401055,1,0.915254237288136
"67ab899c0e7db664870e939e","2_5",0,1,"1_4","1",3,"2.5_wrong_fast",0.760870712401055,1,0.915254237288136
"67ab899c0e7db664870e939e","2_5",0,1,"1_5","1",3,"2.5_wrong_fast",0.760870712401055,1,0.915254237288136
"67ac5f2b94b08886739a0003","2_2",1,0,"1_1","1",9,"2.2_right_slow",0.566398891966759,0.6,0.536723163841808
"67ac5f2b94b08886739a0003","2_2",1,0,"1_2","0",9,"2.2_right_slow",0.566398891966759,0.6,0.536723163841808
"67ac5f2b94b08886739a0003","2_2",1,0,"1_3","1",9,"2.2_right_slow",0.566398891966759,0.6,0.536723163841808
"67ac5f2b94b08886739a0003","2_2",1,0,"1_4","1",9,"2.2_right_slow",0.566398891966759,0.6,0.536723163841808
"67ac5f2b94b08886739a0003","2_2",1,0,"1_5","0",9,"2.2_right_slow",0.566398891966759,0.6,0.536723163841808
"67ac5f2b94b08886739a0003","2_3",1,0,"1_1","1",9,"2.3_right_slow",0.577430167597765,0.6,0.446327683615819
"67ac5f2b94b08886739a0003","2_3",1,0,"1_2","1",9,"2.3_right_slow",0.577430167597765,0.6,0.446327683615819
"67ac5f2b94b08886739a0003","2_3",1,0,"1_3","1",9,"2.3_right_slow",0.577430167597765,0.6,0.446327683615819
"67ac5f2b94b08886739a0003","2_3",1,0,"1_4","1",9,"2.3_right_slow",0.577430167597765,0.6,0.446327683615819
"67ac5f2b94b08886739a0003","2_3",1,0,"1_5","0",9,"2.3_right_slow",0.577430167597765,0.6,0.446327683615819
"67ac5f2b94b08886739a0003","2_2",1,1,"1_1","1",9,"2.2_right_fast",0.566398891966759,0.8,0.536723163841808
"67ac5f2b94b08886739a0003","2_2",1,1,"1_2","1",9,"2.2_right_fast",0.566398891966759,0.8,0.536723163841808
"67ac5f2b94b08886739a0003","2_2",1,1,"1_3","1",9,"2.2_right_fast",0.566398891966759,0.8,0.536723163841808
"67ac5f2b94b08886739a0003","2_2",1,1,"1_4","0",9,"2.2_right_fast",0.566398891966759,0.8,0.536723163841808
"67ac5f2b94b08886739a0003","2_2",1,1,"1_5","0",9,"2.2_right_fast",0.566398891966759,0.8,0.536723163841808
"67ac5f2b94b08886739a0003","2_3",0,1,"1_1","0",9,"2.3_wrong_fast",0.577430167597765,0.95,0.446327683615819
"67ac5f2b94b08886739a0003","2_3",0,1,"1_2","0",9,"2.3_wrong_fast",0.577430167597765,0.95,0.446327683615819
"67ac5f2b94b08886739a0003","2_3",0,1,"1_3","0",9,"2.3_wrong_fast",0.577430167597765,0.95,0.446327683615819
"67ac5f2b94b08886739a0003","2_3",0,1,"1_4","0",9,"2.3_wrong_fast",0.577430167597765,0.95,0.446327683615819
"67ac5f2b94b08886739a0003","2_3",0,1,"1_5","0",9,"2.3_wrong_fast",0.577430167597765,0.95,0.446327683615819
"67ac5f2b94b08886739a0003","2_5",0,1,"1_1","1",9,"2.5_wrong_fast",0.760870712401055,0.9,0.915254237288136
"67ac5f2b94b08886739a0003","2_5",0,1,"1_2","0",9,"2.5_wrong_fast",0.760870712401055,0.9,0.915254237288136
"67ac5f2b94b08886739a0003","2_5",0,1,"1_3","1",9,"2.5_wrong_fast",0.760870712401055,0.9,0.915254237288136
"67ac5f2b94b08886739a0003","2_5",0,1,"1_4","0",9,"2.5_wrong_fast",0.760870712401055,0.9,0.915254237288136
"67ac5f2b94b08886739a0003","2_5",0,1,"1_5","0",9,"2.5_wrong_fast",0.760870712401055,0.9,0.915254237288136
"67acd1abc7d32f21a3f7e58e","2_3",1,0,"1_1","1",9,"2.3_right_slow",0.577430167597765,0.4,0.446327683615819
"67acd1abc7d32f21a3f7e58e","2_3",1,0,"1_2","1",9,"2.3_right_slow",0.577430167597765,0.4,0.446327683615819
"67acd1abc7d32f21a3f7e58e","2_3",1,0,"1_3","1",9,"2.3_right_slow",0.577430167597765,0.4,0.446327683615819
"67acd1abc7d32f21a3f7e58e","2_3",1,0,"1_4","1",9,"2.3_right_slow",0.577430167597765,0.4,0.446327683615819
"67acd1abc7d32f21a3f7e58e","2_3",1,0,"1_5","0",9,"2.3_right_slow",0.577430167597765,0.4,0.446327683615819
"67acd1abc7d32f21a3f7e58e","2_2",0,0,"1_1","1",9,"2.2_wrong_slow",0.566398891966759,0.45,0.536723163841808
"67acd1abc7d32f21a3f7e58e","2_2",0,0,"1_2","0",9,"2.2_wrong_slow",0.566398891966759,0.45,0.536723163841808
"67acd1abc7d32f21a3f7e58e","2_2",0,0,"1_3","0",9,"2.2_wrong_slow",0.566398891966759,0.45,0.536723163841808
"67acd1abc7d32f21a3f7e58e","2_2",0,0,"1_4","1",9,"2.2_wrong_slow",0.566398891966759,0.45,0.536723163841808
"67acd1abc7d32f21a3f7e58e","2_2",0,0,"1_5","0",9,"2.2_wrong_slow",0.566398891966759,0.45,0.536723163841808
"67acd1abc7d32f21a3f7e58e","2_4",0,0,"1_1","1",9,"2.4_wrong_slow",0.518938053097345,0.25,0.675141242937853
"67acd1abc7d32f21a3f7e58e","2_4",0,0,"1_2","0",9,"2.4_wrong_slow",0.518938053097345,0.25,0.675141242937853
"67acd1abc7d32f21a3f7e58e","2_4",0,0,"1_3","0",9,"2.4_wrong_slow",0.518938053097345,0.25,0.675141242937853
"67acd1abc7d32f21a3f7e58e","2_4",0,0,"1_4","1",9,"2.4_wrong_slow",0.518938053097345,0.25,0.675141242937853
"67acd1abc7d32f21a3f7e58e","2_4",0,0,"1_5","0",9,"2.4_wrong_slow",0.518938053097345,0.25,0.675141242937853
"67acd1abc7d32f21a3f7e58e","2_1",1,1,"1_1","1",9,"2.1_right_fast",0.396726726726727,0.28,0.234463276836158
"67acd1abc7d32f21a3f7e58e","2_1",1,1,"1_2","0",9,"2.1_right_fast",0.396726726726727,0.28,0.234463276836158
"67acd1abc7d32f21a3f7e58e","2_1",1,1,"1_3","0",9,"2.1_right_fast",0.396726726726727,0.28,0.234463276836158
"67acd1abc7d32f21a3f7e58e","2_1",1,1,"1_4","1",9,"2.1_right_fast",0.396726726726727,0.28,0.234463276836158
"67acd1abc7d32f21a3f7e58e","2_1",1,1,"1_5","0",9,"2.1_right_fast",0.396726726726727,0.28,0.234463276836158
"67acd1abc7d32f21a3f7e58e","2_4",1,1,"1_1","1",9,"2.4_right_fast",0.518938053097345,0.33,0.675141242937853
"67acd1abc7d32f21a3f7e58e","2_4",1,1,"1_2","1",9,"2.4_right_fast",0.518938053097345,0.33,0.675141242937853
"67acd1abc7d32f21a3f7e58e","2_4",1,1,"1_3","1",9,"2.4_right_fast",0.518938053097345,0.33,0.675141242937853
"67acd1abc7d32f21a3f7e58e","2_4",1,1,"1_4","1",9,"2.4_right_fast",0.518938053097345,0.33,0.675141242937853
"67acd1abc7d32f21a3f7e58e","2_4",1,1,"1_5","0",9,"2.4_right_fast",0.518938053097345,0.33,0.675141242937853
"67ace9b8a3dada8f64274fd7","2_4",1,0,"1_1","1",6,"2.4_right_slow",0.518938053097345,0.5,0.675141242937853
"67ace9b8a3dada8f64274fd7","2_4",1,0,"1_2","1",6,"2.4_right_slow",0.518938053097345,0.5,0.675141242937853
"67ace9b8a3dada8f64274fd7","2_4",1,0,"1_3","1",6,"2.4_right_slow",0.518938053097345,0.5,0.675141242937853
"67ace9b8a3dada8f64274fd7","2_4",1,0,"1_4","1",6,"2.4_right_slow",0.518938053097345,0.5,0.675141242937853
"67ace9b8a3dada8f64274fd7","2_4",1,0,"1_5","0",6,"2.4_right_slow",0.518938053097345,0.5,0.675141242937853
"67ace9b8a3dada8f64274fd7","2_5",1,0,"1_1","1",6,"2.5_right_slow",0.760870712401055,0.5,0.915254237288136
"67ace9b8a3dada8f64274fd7","2_5",1,0,"1_2","1",6,"2.5_right_slow",0.760870712401055,0.5,0.915254237288136
"67ace9b8a3dada8f64274fd7","2_5",1,0,"1_3","1",6,"2.5_right_slow",0.760870712401055,0.5,0.915254237288136
"67ace9b8a3dada8f64274fd7","2_5",1,0,"1_4","1",6,"2.5_right_slow",0.760870712401055,0.5,0.915254237288136
"67ace9b8a3dada8f64274fd7","2_5",1,0,"1_5","1",6,"2.5_right_slow",0.760870712401055,0.5,0.915254237288136
"67ace9b8a3dada8f64274fd7","2_4",0,0,"1_1","1",6,"2.4_wrong_slow",0.518938053097345,0.5,0.675141242937853
"67ace9b8a3dada8f64274fd7","2_4",0,0,"1_2","1",6,"2.4_wrong_slow",0.518938053097345,0.5,0.675141242937853
"67ace9b8a3dada8f64274fd7","2_4",0,0,"1_3","1",6,"2.4_wrong_slow",0.518938053097345,0.5,0.675141242937853
"67ace9b8a3dada8f64274fd7","2_4",0,0,"1_4","1",6,"2.4_wrong_slow",0.518938053097345,0.5,0.675141242937853
"67ace9b8a3dada8f64274fd7","2_4",0,0,"1_5","0",6,"2.4_wrong_slow",0.518938053097345,0.5,0.675141242937853
"67ace9b8a3dada8f64274fd7","2_2",1,1,"1_1","1",6,"2.2_right_fast",0.566398891966759,0.5,0.536723163841808
"67ace9b8a3dada8f64274fd7","2_2",1,1,"1_2","1",6,"2.2_right_fast",0.566398891966759,0.5,0.536723163841808
"67ace9b8a3dada8f64274fd7","2_2",1,1,"1_3","1",6,"2.2_right_fast",0.566398891966759,0.5,0.536723163841808
"67ace9b8a3dada8f64274fd7","2_2",1,1,"1_4","1",6,"2.2_right_fast",0.566398891966759,0.5,0.536723163841808
"67ace9b8a3dada8f64274fd7","2_2",1,1,"1_5","0",6,"2.2_right_fast",0.566398891966759,0.5,0.536723163841808
"67ace9b8a3dada8f64274fd7","2_5",0,1,"1_1","1",6,"2.5_wrong_fast",0.760870712401055,0.5,0.915254237288136
"67ace9b8a3dada8f64274fd7","2_5",0,1,"1_2","1",6,"2.5_wrong_fast",0.760870712401055,0.5,0.915254237288136
"67ace9b8a3dada8f64274fd7","2_5",0,1,"1_3","1",6,"2.5_wrong_fast",0.760870712401055,0.5,0.915254237288136
"67ace9b8a3dada8f64274fd7","2_5",0,1,"1_4","1",6,"2.5_wrong_fast",0.760870712401055,0.5,0.915254237288136
"67ace9b8a3dada8f64274fd7","2_5",0,1,"1_5","0",6,"2.5_wrong_fast",0.760870712401055,0.5,0.915254237288136
"67ad00ff0c1efab54a3a8c53","2_2",1,0,"1_1","1",3,"2.2_right_slow",0.566398891966759,0.2,0.536723163841808
"67ad00ff0c1efab54a3a8c53","2_2",1,0,"1_2","1",3,"2.2_right_slow",0.566398891966759,0.2,0.536723163841808
"67ad00ff0c1efab54a3a8c53","2_2",1,0,"1_3","1",3,"2.2_right_slow",0.566398891966759,0.2,0.536723163841808
"67ad00ff0c1efab54a3a8c53","2_2",1,0,"1_4","1",3,"2.2_right_slow",0.566398891966759,0.2,0.536723163841808
"67ad00ff0c1efab54a3a8c53","2_2",1,0,"1_5","0",3,"2.2_right_slow",0.566398891966759,0.2,0.536723163841808
"67ad00ff0c1efab54a3a8c53","2_3",1,0,"1_1","1",3,"2.3_right_slow",0.577430167597765,0.3,0.446327683615819
"67ad00ff0c1efab54a3a8c53","2_3",1,0,"1_2","1",3,"2.3_right_slow",0.577430167597765,0.3,0.446327683615819
"67ad00ff0c1efab54a3a8c53","2_3",1,0,"1_3","1",3,"2.3_right_slow",0.577430167597765,0.3,0.446327683615819
"67ad00ff0c1efab54a3a8c53","2_3",1,0,"1_4","1",3,"2.3_right_slow",0.577430167597765,0.3,0.446327683615819
"67ad00ff0c1efab54a3a8c53","2_3",1,0,"1_5","0",3,"2.3_right_slow",0.577430167597765,0.3,0.446327683615819
"67ad00ff0c1efab54a3a8c53","2_5",1,0,"1_1","1",3,"2.5_right_slow",0.760870712401055,0.6,0.915254237288136
"67ad00ff0c1efab54a3a8c53","2_5",1,0,"1_2","1",3,"2.5_right_slow",0.760870712401055,0.6,0.915254237288136
"67ad00ff0c1efab54a3a8c53","2_5",1,0,"1_3","1",3,"2.5_right_slow",0.760870712401055,0.6,0.915254237288136
"67ad00ff0c1efab54a3a8c53","2_5",1,0,"1_4","1",3,"2.5_right_slow",0.760870712401055,0.6,0.915254237288136
"67ad00ff0c1efab54a3a8c53","2_5",1,0,"1_5","0",3,"2.5_right_slow",0.760870712401055,0.6,0.915254237288136
"67ad00ff0c1efab54a3a8c53","2_1",0,0,"1_1","1",3,"2.1_wrong_slow",0.396726726726727,0.2,0.234463276836158
"67ad00ff0c1efab54a3a8c53","2_1",0,0,"1_2","1",3,"2.1_wrong_slow",0.396726726726727,0.2,0.234463276836158
"67ad00ff0c1efab54a3a8c53","2_1",0,0,"1_3","0",3,"2.1_wrong_slow",0.396726726726727,0.2,0.234463276836158
"67ad00ff0c1efab54a3a8c53","2_1",0,0,"1_4","0",3,"2.1_wrong_slow",0.396726726726727,0.2,0.234463276836158
"67ad00ff0c1efab54a3a8c53","2_1",0,0,"1_5","0",3,"2.1_wrong_slow",0.396726726726727,0.2,0.234463276836158
"67ad00ff0c1efab54a3a8c53","2_5",1,1,"1_1","1",3,"2.5_right_fast",0.760870712401055,0.8,0.915254237288136
"67ad00ff0c1efab54a3a8c53","2_5",1,1,"1_2","1",3,"2.5_right_fast",0.760870712401055,0.8,0.915254237288136
"67ad00ff0c1efab54a3a8c53","2_5",1,1,"1_3","1",3,"2.5_right_fast",0.760870712401055,0.8,0.915254237288136
"67ad00ff0c1efab54a3a8c53","2_5",1,1,"1_4","1",3,"2.5_right_fast",0.760870712401055,0.8,0.915254237288136
"67ad00ff0c1efab54a3a8c53","2_5",1,1,"1_5","1",3,"2.5_right_fast",0.760870712401055,0.8,0.915254237288136
"67b795fcea3a1dba350ab9b4","2_4",1,0,"1_1","1",9,"2.4_right_slow",0.518938053097345,0.62,0.675141242937853
"67b795fcea3a1dba350ab9b4","2_4",1,0,"1_2","0",9,"2.4_right_slow",0.518938053097345,0.62,0.675141242937853
"67b795fcea3a1dba350ab9b4","2_4",1,0,"1_3","0",9,"2.4_right_slow",0.518938053097345,0.62,0.675141242937853
"67b795fcea3a1dba350ab9b4","2_4",1,0,"1_4","1",9,"2.4_right_slow",0.518938053097345,0.62,0.675141242937853
"67b795fcea3a1dba350ab9b4","2_4",1,0,"1_5","0",9,"2.4_right_slow",0.518938053097345,0.62,0.675141242937853
"67b795fcea3a1dba350ab9b4","2_5",1,0,"1_1","1",9,"2.5_right_slow",0.760870712401055,0.66,0.915254237288136
"67b795fcea3a1dba350ab9b4","2_5",1,0,"1_2","1",9,"2.5_right_slow",0.760870712401055,0.66,0.915254237288136
"67b795fcea3a1dba350ab9b4","2_5",1,0,"1_3","1",9,"2.5_right_slow",0.760870712401055,0.66,0.915254237288136
"67b795fcea3a1dba350ab9b4","2_5",1,0,"1_4","1",9,"2.5_right_slow",0.760870712401055,0.66,0.915254237288136
"67b795fcea3a1dba350ab9b4","2_5",1,0,"1_5","1",9,"2.5_right_slow",0.760870712401055,0.66,0.915254237288136
"67b795fcea3a1dba350ab9b4","2_2",1,1,"1_1","1",9,"2.2_right_fast",0.566398891966759,0.7,0.536723163841808
"67b795fcea3a1dba350ab9b4","2_2",1,1,"1_2","1",9,"2.2_right_fast",0.566398891966759,0.7,0.536723163841808
"67b795fcea3a1dba350ab9b4","2_2",1,1,"1_3","1",9,"2.2_right_fast",0.566398891966759,0.7,0.536723163841808
"67b795fcea3a1dba350ab9b4","2_2",1,1,"1_4","1",9,"2.2_right_fast",0.566398891966759,0.7,0.536723163841808
"67b795fcea3a1dba350ab9b4","2_2",1,1,"1_5","0",9,"2.2_right_fast",0.566398891966759,0.7,0.536723163841808
"67b795fcea3a1dba350ab9b4","2_5",1,1,"1_1","1",9,"2.5_right_fast",0.760870712401055,0.85,0.915254237288136
"67b795fcea3a1dba350ab9b4","2_5",1,1,"1_2","1",9,"2.5_right_fast",0.760870712401055,0.85,0.915254237288136
"67b795fcea3a1dba350ab9b4","2_5",1,1,"1_3","1",9,"2.5_right_fast",0.760870712401055,0.85,0.915254237288136
"67b795fcea3a1dba350ab9b4","2_5",1,1,"1_4","1",9,"2.5_right_fast",0.760870712401055,0.85,0.915254237288136
"67b795fcea3a1dba350ab9b4","2_5",1,1,"1_5","1",9,"2.5_right_fast",0.760870712401055,0.85,0.915254237288136
"67b795fcea3a1dba350ab9b4","2_1",0,1,"1_1","0",9,"2.1_wrong_fast",0.396726726726727,0.86,0.234463276836158
"67b795fcea3a1dba350ab9b4","2_1",0,1,"1_2","0",9,"2.1_wrong_fast",0.396726726726727,0.86,0.234463276836158
"67b795fcea3a1dba350ab9b4","2_1",0,1,"1_3","0",9,"2.1_wrong_fast",0.396726726726727,0.86,0.234463276836158
"67b795fcea3a1dba350ab9b4","2_1",0,1,"1_4","0",9,"2.1_wrong_fast",0.396726726726727,0.86,0.234463276836158
"67b795fcea3a1dba350ab9b4","2_1",0,1,"1_5","0",9,"2.1_wrong_fast",0.396726726726727,0.86,0.234463276836158
"67ba6209a0c1d8cdbc36fe90","2_3",0,0,"1_1","1",9,"2.3_wrong_slow",0.577430167597765,0.4,0.446327683615819
"67ba6209a0c1d8cdbc36fe90","2_3",0,0,"1_2","1",9,"2.3_wrong_slow",0.577430167597765,0.4,0.446327683615819
"67ba6209a0c1d8cdbc36fe90","2_3",0,0,"1_3","0",9,"2.3_wrong_slow",0.577430167597765,0.4,0.446327683615819
"67ba6209a0c1d8cdbc36fe90","2_3",0,0,"1_4","1",9,"2.3_wrong_slow",0.577430167597765,0.4,0.446327683615819
"67ba6209a0c1d8cdbc36fe90","2_3",0,0,"1_5","0",9,"2.3_wrong_slow",0.577430167597765,0.4,0.446327683615819
"67ba6209a0c1d8cdbc36fe90","2_2",1,1,"1_1","1",9,"2.2_right_fast",0.566398891966759,0.6,0.536723163841808
"67ba6209a0c1d8cdbc36fe90","2_2",1,1,"1_2","1",9,"2.2_right_fast",0.566398891966759,0.6,0.536723163841808
"67ba6209a0c1d8cdbc36fe90","2_2",1,1,"1_3","1",9,"2.2_right_fast",0.566398891966759,0.6,0.536723163841808
"67ba6209a0c1d8cdbc36fe90","2_2",1,1,"1_4","1",9,"2.2_right_fast",0.566398891966759,0.6,0.536723163841808
"67ba6209a0c1d8cdbc36fe90","2_2",1,1,"1_5","0",9,"2.2_right_fast",0.566398891966759,0.6,0.536723163841808
"67ba6209a0c1d8cdbc36fe90","2_5",1,1,"1_1","1",9,"2.5_right_fast",0.760870712401055,0.7,0.915254237288136
"67ba6209a0c1d8cdbc36fe90","2_5",1,1,"1_2","1",9,"2.5_right_fast",0.760870712401055,0.7,0.915254237288136
"67ba6209a0c1d8cdbc36fe90","2_5",1,1,"1_3","1",9,"2.5_right_fast",0.760870712401055,0.7,0.915254237288136
"67ba6209a0c1d8cdbc36fe90","2_5",1,1,"1_4","1",9,"2.5_right_fast",0.760870712401055,0.7,0.915254237288136
"67ba6209a0c1d8cdbc36fe90","2_5",1,1,"1_5","1",9,"2.5_right_fast",0.760870712401055,0.7,0.915254237288136
"67ba6209a0c1d8cdbc36fe90","2_1",0,1,"1_1","1",9,"2.1_wrong_fast",0.396726726726727,0.4,0.234463276836158
"67ba6209a0c1d8cdbc36fe90","2_1",0,1,"1_2","1",9,"2.1_wrong_fast",0.396726726726727,0.4,0.234463276836158
"67ba6209a0c1d8cdbc36fe90","2_1",0,1,"1_3","0",9,"2.1_wrong_fast",0.396726726726727,0.4,0.234463276836158
"67ba6209a0c1d8cdbc36fe90","2_1",0,1,"1_4","1",9,"2.1_wrong_fast",0.396726726726727,0.4,0.234463276836158
"67ba6209a0c1d8cdbc36fe90","2_1",0,1,"1_5","0",9,"2.1_wrong_fast",0.396726726726727,0.4,0.234463276836158
"67ba6209a0c1d8cdbc36fe90","2_4",0,1,"1_1","1",9,"2.4_wrong_fast",0.518938053097345,0.5,0.675141242937853
"67ba6209a0c1d8cdbc36fe90","2_4",0,1,"1_2","1",9,"2.4_wrong_fast",0.518938053097345,0.5,0.675141242937853
"67ba6209a0c1d8cdbc36fe90","2_4",0,1,"1_3","0",9,"2.4_wrong_fast",0.518938053097345,0.5,0.675141242937853
"67ba6209a0c1d8cdbc36fe90","2_4",0,1,"1_4","1",9,"2.4_wrong_fast",0.518938053097345,0.5,0.675141242937853
"67ba6209a0c1d8cdbc36fe90","2_4",0,1,"1_5","0",9,"2.4_wrong_fast",0.518938053097345,0.5,0.675141242937853
"67bac250ddac167f36c7131d","2_1",0,0,"1_1","0",3,"2.1_wrong_slow",0.396726726726727,0.09,0.234463276836158
"67bac250ddac167f36c7131d","2_1",0,0,"1_2","0",3,"2.1_wrong_slow",0.396726726726727,0.09,0.234463276836158
"67bac250ddac167f36c7131d","2_1",0,0,"1_3","0",3,"2.1_wrong_slow",0.396726726726727,0.09,0.234463276836158
"67bac250ddac167f36c7131d","2_1",0,0,"1_4","1",3,"2.1_wrong_slow",0.396726726726727,0.09,0.234463276836158
"67bac250ddac167f36c7131d","2_1",0,0,"1_5","0",3,"2.1_wrong_slow",0.396726726726727,0.09,0.234463276836158
"67bac250ddac167f36c7131d","2_3",0,0,"1_1","1",3,"2.3_wrong_slow",0.577430167597765,0.47,0.446327683615819
"67bac250ddac167f36c7131d","2_3",0,0,"1_2","1",3,"2.3_wrong_slow",0.577430167597765,0.47,0.446327683615819
"67bac250ddac167f36c7131d","2_3",0,0,"1_3","0",3,"2.3_wrong_slow",0.577430167597765,0.47,0.446327683615819
"67bac250ddac167f36c7131d","2_3",0,0,"1_4","1",3,"2.3_wrong_slow",0.577430167597765,0.47,0.446327683615819
"67bac250ddac167f36c7131d","2_3",0,0,"1_5","0",3,"2.3_wrong_slow",0.577430167597765,0.47,0.446327683615819
"67bac250ddac167f36c7131d","2_5",0,0,"1_1","1",3,"2.5_wrong_slow",0.760870712401055,0.95,0.915254237288136
"67bac250ddac167f36c7131d","2_5",0,0,"1_2","1",3,"2.5_wrong_slow",0.760870712401055,0.95,0.915254237288136
"67bac250ddac167f36c7131d","2_5",0,0,"1_3","0",3,"2.5_wrong_slow",0.760870712401055,0.95,0.915254237288136
"67bac250ddac167f36c7131d","2_5",0,0,"1_4","1",3,"2.5_wrong_slow",0.760870712401055,0.95,0.915254237288136
"67bac250ddac167f36c7131d","2_5",0,0,"1_5","0",3,"2.5_wrong_slow",0.760870712401055,0.95,0.915254237288136
"67bac250ddac167f36c7131d","2_4",1,1,"1_1","1",3,"2.4_right_fast",0.518938053097345,0.26,0.675141242937853
"67bac250ddac167f36c7131d","2_4",1,1,"1_2","1",3,"2.4_right_fast",0.518938053097345,0.26,0.675141242937853
"67bac250ddac167f36c7131d","2_4",1,1,"1_3","0",3,"2.4_right_fast",0.518938053097345,0.26,0.675141242937853
"67bac250ddac167f36c7131d","2_4",1,1,"1_4","1",3,"2.4_right_fast",0.518938053097345,0.26,0.675141242937853
"67bac250ddac167f36c7131d","2_4",1,1,"1_5","0",3,"2.4_right_fast",0.518938053097345,0.26,0.675141242937853
"67bac250ddac167f36c7131d","2_5",0,1,"1_1","1",3,"2.5_wrong_fast",0.760870712401055,0.85,0.915254237288136
"67bac250ddac167f36c7131d","2_5",0,1,"1_2","1",3,"2.5_wrong_fast",0.760870712401055,0.85,0.915254237288136
"67bac250ddac167f36c7131d","2_5",0,1,"1_3","0",3,"2.5_wrong_fast",0.760870712401055,0.85,0.915254237288136
"67bac250ddac167f36c7131d","2_5",0,1,"1_4","1",3,"2.5_wrong_fast",0.760870712401055,0.85,0.915254237288136
"67bac250ddac167f36c7131d","2_5",0,1,"1_5","0",3,"2.5_wrong_fast",0.760870712401055,0.85,0.915254237288136
"67bca2520a799ae9507bc053","2_5",1,0,"1_1","1",9,"2.5_right_slow",0.760870712401055,0.97,0.915254237288136
"67bca2520a799ae9507bc053","2_5",1,0,"1_2","1",9,"2.5_right_slow",0.760870712401055,0.97,0.915254237288136
"67bca2520a799ae9507bc053","2_5",1,0,"1_3","1",9,"2.5_right_slow",0.760870712401055,0.97,0.915254237288136
"67bca2520a799ae9507bc053","2_5",1,0,"1_4","1",9,"2.5_right_slow",0.760870712401055,0.97,0.915254237288136
"67bca2520a799ae9507bc053","2_5",1,0,"1_5","1",9,"2.5_right_slow",0.760870712401055,0.97,0.915254237288136
"67bca2520a799ae9507bc053","2_4",0,0,"1_1","1",9,"2.4_wrong_slow",0.518938053097345,0.1,0.675141242937853
"67bca2520a799ae9507bc053","2_4",0,0,"1_2","1",9,"2.4_wrong_slow",0.518938053097345,0.1,0.675141242937853
"67bca2520a799ae9507bc053","2_4",0,0,"1_3","0",9,"2.4_wrong_slow",0.518938053097345,0.1,0.675141242937853
"67bca2520a799ae9507bc053","2_4",0,0,"1_4","0",9,"2.4_wrong_slow",0.518938053097345,0.1,0.675141242937853
"67bca2520a799ae9507bc053","2_4",0,0,"1_5","0",9,"2.4_wrong_slow",0.518938053097345,0.1,0.675141242937853
"67bca2520a799ae9507bc053","2_4",1,1,"1_1","1",9,"2.4_right_fast",0.518938053097345,0.2,0.675141242937853
"67bca2520a799ae9507bc053","2_4",1,1,"1_2","1",9,"2.4_right_fast",0.518938053097345,0.2,0.675141242937853
"67bca2520a799ae9507bc053","2_4",1,1,"1_3","1",9,"2.4_right_fast",0.518938053097345,0.2,0.675141242937853
"67bca2520a799ae9507bc053","2_4",1,1,"1_4","1",9,"2.4_right_fast",0.518938053097345,0.2,0.675141242937853
"67bca2520a799ae9507bc053","2_4",1,1,"1_5","0",9,"2.4_right_fast",0.518938053097345,0.2,0.675141242937853
"67bca2520a799ae9507bc053","2_4",0,1,"1_1","1",9,"2.4_wrong_fast",0.518938053097345,0.2,0.675141242937853
"67bca2520a799ae9507bc053","2_4",0,1,"1_2","1",9,"2.4_wrong_fast",0.518938053097345,0.2,0.675141242937853
"67bca2520a799ae9507bc053","2_4",0,1,"1_3","1",9,"2.4_wrong_fast",0.518938053097345,0.2,0.675141242937853
"67bca2520a799ae9507bc053","2_4",0,1,"1_4","1",9,"2.4_wrong_fast",0.518938053097345,0.2,0.675141242937853
"67bca2520a799ae9507bc053","2_4",0,1,"1_5","0",9,"2.4_wrong_fast",0.518938053097345,0.2,0.675141242937853
"67bca2520a799ae9507bc053","2_5",0,1,"1_1","1",9,"2.5_wrong_fast",0.760870712401055,0.25,0.915254237288136
"67bca2520a799ae9507bc053","2_5",0,1,"1_2","1",9,"2.5_wrong_fast",0.760870712401055,0.25,0.915254237288136
"67bca2520a799ae9507bc053","2_5",0,1,"1_3","1",9,"2.5_wrong_fast",0.760870712401055,0.25,0.915254237288136
"67bca2520a799ae9507bc053","2_5",0,1,"1_4","1",9,"2.5_wrong_fast",0.760870712401055,0.25,0.915254237288136
"67bca2520a799ae9507bc053","2_5",0,1,"1_5","0",9,"2.5_wrong_fast",0.760870712401055,0.25,0.915254237288136
"67ca78ca7413c0e71f97c9ba","2_3",0,0,"1_1","1",3,"2.3_wrong_slow",0.577430167597765,1,0.446327683615819
"67ca78ca7413c0e71f97c9ba","2_3",0,0,"1_2","0",3,"2.3_wrong_slow",0.577430167597765,1,0.446327683615819
"67ca78ca7413c0e71f97c9ba","2_3",0,0,"1_3","0",3,"2.3_wrong_slow",0.577430167597765,1,0.446327683615819
"67ca78ca7413c0e71f97c9ba","2_3",0,0,"1_4","0",3,"2.3_wrong_slow",0.577430167597765,1,0.446327683615819
"67ca78ca7413c0e71f97c9ba","2_3",0,0,"1_5","0",3,"2.3_wrong_slow",0.577430167597765,1,0.446327683615819
"67ca78ca7413c0e71f97c9ba","2_4",0,0,"1_1","1",3,"2.4_wrong_slow",0.518938053097345,0.9,0.675141242937853
"67ca78ca7413c0e71f97c9ba","2_4",0,0,"1_2","0",3,"2.4_wrong_slow",0.518938053097345,0.9,0.675141242937853
"67ca78ca7413c0e71f97c9ba","2_4",0,0,"1_3","0",3,"2.4_wrong_slow",0.518938053097345,0.9,0.675141242937853
"67ca78ca7413c0e71f97c9ba","2_4",0,0,"1_4","0",3,"2.4_wrong_slow",0.518938053097345,0.9,0.675141242937853
"67ca78ca7413c0e71f97c9ba","2_4",0,0,"1_5","0",3,"2.4_wrong_slow",0.518938053097345,0.9,0.675141242937853
"67ca78ca7413c0e71f97c9ba","2_5",0,0,"1_1","1",3,"2.5_wrong_slow",0.760870712401055,1,0.915254237288136
"67ca78ca7413c0e71f97c9ba","2_5",0,0,"1_2","0",3,"2.5_wrong_slow",0.760870712401055,1,0.915254237288136
"67ca78ca7413c0e71f97c9ba","2_5",0,0,"1_3","0",3,"2.5_wrong_slow",0.760870712401055,1,0.915254237288136
"67ca78ca7413c0e71f97c9ba","2_5",0,0,"1_4","0",3,"2.5_wrong_slow",0.760870712401055,1,0.915254237288136
"67ca78ca7413c0e71f97c9ba","2_5",0,0,"1_5","0",3,"2.5_wrong_slow",0.760870712401055,1,0.915254237288136
"67ca78ca7413c0e71f97c9ba","2_1",1,1,"1_1","1",3,"2.1_right_fast",0.396726726726727,0.25,0.234463276836158
"67ca78ca7413c0e71f97c9ba","2_1",1,1,"1_2","0",3,"2.1_right_fast",0.396726726726727,0.25,0.234463276836158
"67ca78ca7413c0e71f97c9ba","2_1",1,1,"1_3","0",3,"2.1_right_fast",0.396726726726727,0.25,0.234463276836158
"67ca78ca7413c0e71f97c9ba","2_1",1,1,"1_4","0",3,"2.1_right_fast",0.396726726726727,0.25,0.234463276836158
"67ca78ca7413c0e71f97c9ba","2_1",1,1,"1_5","0",3,"2.1_right_fast",0.396726726726727,0.25,0.234463276836158
"67ca78ca7413c0e71f97c9ba","2_1",0,1,"1_1","0",3,"2.1_wrong_fast",0.396726726726727,0.25,0.234463276836158
"67ca78ca7413c0e71f97c9ba","2_1",0,1,"1_2","0",3,"2.1_wrong_fast",0.396726726726727,0.25,0.234463276836158
"67ca78ca7413c0e71f97c9ba","2_1",0,1,"1_3","0",3,"2.1_wrong_fast",0.396726726726727,0.25,0.234463276836158
"67ca78ca7413c0e71f97c9ba","2_1",0,1,"1_4","0",3,"2.1_wrong_fast",0.396726726726727,0.25,0.234463276836158
"67ca78ca7413c0e71f97c9ba","2_1",0,1,"1_5","0",3,"2.1_wrong_fast",0.396726726726727,0.25,0.234463276836158
"67cb00c68ccef3da73b3cb06","2_1",1,0,"1_1","1",11,"2.1_right_slow",0.396726726726727,0.15,0.234463276836158
"67cb00c68ccef3da73b3cb06","2_1",1,0,"1_2","1",11,"2.1_right_slow",0.396726726726727,0.15,0.234463276836158
"67cb00c68ccef3da73b3cb06","2_1",1,0,"1_3","1",11,"2.1_right_slow",0.396726726726727,0.15,0.234463276836158
"67cb00c68ccef3da73b3cb06","2_1",1,0,"1_4","1",11,"2.1_right_slow",0.396726726726727,0.15,0.234463276836158
"67cb00c68ccef3da73b3cb06","2_1",1,0,"1_5","0",11,"2.1_right_slow",0.396726726726727,0.15,0.234463276836158
"67cb00c68ccef3da73b3cb06","2_2",1,1,"1_1","1",11,"2.2_right_fast",0.566398891966759,0.37,0.536723163841808
"67cb00c68ccef3da73b3cb06","2_2",1,1,"1_2","1",11,"2.2_right_fast",0.566398891966759,0.37,0.536723163841808
"67cb00c68ccef3da73b3cb06","2_2",1,1,"1_3","1",11,"2.2_right_fast",0.566398891966759,0.37,0.536723163841808
"67cb00c68ccef3da73b3cb06","2_2",1,1,"1_4","1",11,"2.2_right_fast",0.566398891966759,0.37,0.536723163841808
"67cb00c68ccef3da73b3cb06","2_2",1,1,"1_5","0",11,"2.2_right_fast",0.566398891966759,0.37,0.536723163841808
"67cb00c68ccef3da73b3cb06","2_4",1,1,"1_1","1",11,"2.4_right_fast",0.518938053097345,0.15,0.675141242937853
"67cb00c68ccef3da73b3cb06","2_4",1,1,"1_2","1",11,"2.4_right_fast",0.518938053097345,0.15,0.675141242937853
"67cb00c68ccef3da73b3cb06","2_4",1,1,"1_3","1",11,"2.4_right_fast",0.518938053097345,0.15,0.675141242937853
"67cb00c68ccef3da73b3cb06","2_4",1,1,"1_4","1",11,"2.4_right_fast",0.518938053097345,0.15,0.675141242937853
"67cb00c68ccef3da73b3cb06","2_4",1,1,"1_5","0",11,"2.4_right_fast",0.518938053097345,0.15,0.675141242937853
"67cb00c68ccef3da73b3cb06","2_1",0,1,"1_1","0",11,"2.1_wrong_fast",0.396726726726727,0.13,0.234463276836158
"67cb00c68ccef3da73b3cb06","2_1",0,1,"1_2","0",11,"2.1_wrong_fast",0.396726726726727,0.13,0.234463276836158
"67cb00c68ccef3da73b3cb06","2_1",0,1,"1_3","0",11,"2.1_wrong_fast",0.396726726726727,0.13,0.234463276836158
"67cb00c68ccef3da73b3cb06","2_1",0,1,"1_4","1",11,"2.1_wrong_fast",0.396726726726727,0.13,0.234463276836158
"67cb00c68ccef3da73b3cb06","2_1",0,1,"1_5","0",11,"2.1_wrong_fast",0.396726726726727,0.13,0.234463276836158
"67cb00c68ccef3da73b3cb06","2_3",0,1,"1_1","1",11,"2.3_wrong_fast",0.577430167597765,0.34,0.446327683615819
"67cb00c68ccef3da73b3cb06","2_3",0,1,"1_2","1",11,"2.3_wrong_fast",0.577430167597765,0.34,0.446327683615819
"67cb00c68ccef3da73b3cb06","2_3",0,1,"1_3","0",11,"2.3_wrong_fast",0.577430167597765,0.34,0.446327683615819
"67cb00c68ccef3da73b3cb06","2_3",0,1,"1_4","1",11,"2.3_wrong_fast",0.577430167597765,0.34,0.446327683615819
"67cb00c68ccef3da73b3cb06","2_3",0,1,"1_5","0",11,"2.3_wrong_fast",0.577430167597765,0.34,0.446327683615819
"67cb9bcd58ae4c2c3291f3bf","2_1",1,1,"1_1","1",3,"2.1_right_fast",0.396726726726727,0.3,0.234463276836158
"67cb9bcd58ae4c2c3291f3bf","2_1",1,1,"1_2","1",3,"2.1_right_fast",0.396726726726727,0.3,0.234463276836158
"67cb9bcd58ae4c2c3291f3bf","2_1",1,1,"1_3","1",3,"2.1_right_fast",0.396726726726727,0.3,0.234463276836158
"67cb9bcd58ae4c2c3291f3bf","2_1",1,1,"1_4","1",3,"2.1_right_fast",0.396726726726727,0.3,0.234463276836158
"67cb9bcd58ae4c2c3291f3bf","2_1",1,1,"1_5","0",3,"2.1_right_fast",0.396726726726727,0.3,0.234463276836158
"67cb9bcd58ae4c2c3291f3bf","2_2",1,1,"1_1","1",3,"2.2_right_fast",0.566398891966759,0.39,0.536723163841808
"67cb9bcd58ae4c2c3291f3bf","2_2",1,1,"1_2","1",3,"2.2_right_fast",0.566398891966759,0.39,0.536723163841808
"67cb9bcd58ae4c2c3291f3bf","2_2",1,1,"1_3","1",3,"2.2_right_fast",0.566398891966759,0.39,0.536723163841808
"67cb9bcd58ae4c2c3291f3bf","2_2",1,1,"1_4","1",3,"2.2_right_fast",0.566398891966759,0.39,0.536723163841808
"67cb9bcd58ae4c2c3291f3bf","2_2",1,1,"1_5","0",3,"2.2_right_fast",0.566398891966759,0.39,0.536723163841808
"67cb9bcd58ae4c2c3291f3bf","2_1",0,1,"1_1","1",3,"2.1_wrong_fast",0.396726726726727,0.47,0.234463276836158
"67cb9bcd58ae4c2c3291f3bf","2_1",0,1,"1_2","0",3,"2.1_wrong_fast",0.396726726726727,0.47,0.234463276836158
"67cb9bcd58ae4c2c3291f3bf","2_1",0,1,"1_3","0",3,"2.1_wrong_fast",0.396726726726727,0.47,0.234463276836158
"67cb9bcd58ae4c2c3291f3bf","2_1",0,1,"1_4","0",3,"2.1_wrong_fast",0.396726726726727,0.47,0.234463276836158
"67cb9bcd58ae4c2c3291f3bf","2_1",0,1,"1_5","0",3,"2.1_wrong_fast",0.396726726726727,0.47,0.234463276836158
"67cb9bcd58ae4c2c3291f3bf","2_3",0,1,"1_1","1",3,"2.3_wrong_fast",0.577430167597765,0.44,0.446327683615819
"67cb9bcd58ae4c2c3291f3bf","2_3",0,1,"1_2","1",3,"2.3_wrong_fast",0.577430167597765,0.44,0.446327683615819
"67cb9bcd58ae4c2c3291f3bf","2_3",0,1,"1_3","0",3,"2.3_wrong_fast",0.577430167597765,0.44,0.446327683615819
"67cb9bcd58ae4c2c3291f3bf","2_3",0,1,"1_4","1",3,"2.3_wrong_fast",0.577430167597765,0.44,0.446327683615819
"67cb9bcd58ae4c2c3291f3bf","2_3",0,1,"1_5","0",3,"2.3_wrong_fast",0.577430167597765,0.44,0.446327683615819
"67cb9bcd58ae4c2c3291f3bf","2_4",0,1,"1_1","1",3,"2.4_wrong_fast",0.518938053097345,0.45,0.675141242937853
"67cb9bcd58ae4c2c3291f3bf","2_4",0,1,"1_2","1",3,"2.4_wrong_fast",0.518938053097345,0.45,0.675141242937853
"67cb9bcd58ae4c2c3291f3bf","2_4",0,1,"1_3","0",3,"2.4_wrong_fast",0.518938053097345,0.45,0.675141242937853
"67cb9bcd58ae4c2c3291f3bf","2_4",0,1,"1_4","0",3,"2.4_wrong_fast",0.518938053097345,0.45,0.675141242937853
"67cb9bcd58ae4c2c3291f3bf","2_4",0,1,"1_5","0",3,"2.4_wrong_fast",0.518938053097345,0.45,0.675141242937853
"67d098fc823ae75b808b84bb","2_5",1,0,"1_1","1",3,"2.5_right_slow",0.760870712401055,0.9,0.915254237288136
"67d098fc823ae75b808b84bb","2_5",1,0,"1_2","1",3,"2.5_right_slow",0.760870712401055,0.9,0.915254237288136
"67d098fc823ae75b808b84bb","2_5",1,0,"1_3","1",3,"2.5_right_slow",0.760870712401055,0.9,0.915254237288136
"67d098fc823ae75b808b84bb","2_5",1,0,"1_4","1",3,"2.5_right_slow",0.760870712401055,0.9,0.915254237288136
"67d098fc823ae75b808b84bb","2_5",1,0,"1_5","1",3,"2.5_right_slow",0.760870712401055,0.9,0.915254237288136
"67d098fc823ae75b808b84bb","2_1",0,0,"1_1","0",3,"2.1_wrong_slow",0.396726726726727,0.7,0.234463276836158
"67d098fc823ae75b808b84bb","2_1",0,0,"1_2","0",3,"2.1_wrong_slow",0.396726726726727,0.7,0.234463276836158
"67d098fc823ae75b808b84bb","2_1",0,0,"1_3","0",3,"2.1_wrong_slow",0.396726726726727,0.7,0.234463276836158
"67d098fc823ae75b808b84bb","2_1",0,0,"1_4","0",3,"2.1_wrong_slow",0.396726726726727,0.7,0.234463276836158
"67d098fc823ae75b808b84bb","2_1",0,0,"1_5","0",3,"2.1_wrong_slow",0.396726726726727,0.7,0.234463276836158
"67d098fc823ae75b808b84bb","2_1",1,1,"1_1","1",3,"2.1_right_fast",0.396726726726727,0.95,0.234463276836158
"67d098fc823ae75b808b84bb","2_1",1,1,"1_2","1",3,"2.1_right_fast",0.396726726726727,0.95,0.234463276836158
"67d098fc823ae75b808b84bb","2_1",1,1,"1_3","1",3,"2.1_right_fast",0.396726726726727,0.95,0.234463276836158
"67d098fc823ae75b808b84bb","2_1",1,1,"1_4","0",3,"2.1_right_fast",0.396726726726727,0.95,0.234463276836158
"67d098fc823ae75b808b84bb","2_1",1,1,"1_5","0",3,"2.1_right_fast",0.396726726726727,0.95,0.234463276836158
"67d098fc823ae75b808b84bb","2_2",1,1,"1_1","1",3,"2.2_right_fast",0.566398891966759,0.94,0.536723163841808
"67d098fc823ae75b808b84bb","2_2",1,1,"1_2","1",3,"2.2_right_fast",0.566398891966759,0.94,0.536723163841808
"67d098fc823ae75b808b84bb","2_2",1,1,"1_3","1",3,"2.2_right_fast",0.566398891966759,0.94,0.536723163841808
"67d098fc823ae75b808b84bb","2_2",1,1,"1_4","1",3,"2.2_right_fast",0.566398891966759,0.94,0.536723163841808
"67d098fc823ae75b808b84bb","2_2",1,1,"1_5","0",3,"2.2_right_fast",0.566398891966759,0.94,0.536723163841808
"67d098fc823ae75b808b84bb","2_5",1,1,"1_1","1",3,"2.5_right_fast",0.760870712401055,0.99,0.915254237288136
"67d098fc823ae75b808b84bb","2_5",1,1,"1_2","1",3,"2.5_right_fast",0.760870712401055,0.99,0.915254237288136
"67d098fc823ae75b808b84bb","2_5",1,1,"1_3","1",3,"2.5_right_fast",0.760870712401055,0.99,0.915254237288136
"67d098fc823ae75b808b84bb","2_5",1,1,"1_4","0",3,"2.5_right_fast",0.760870712401055,0.99,0.915254237288136
"67d098fc823ae75b808b84bb","2_5",1,1,"1_5","0",3,"2.5_right_fast",0.760870712401055,0.99,0.915254237288136
"67d1f6824f74bd16996512c0","2_3",1,0,"1_1","1",3,"2.3_right_slow",0.577430167597765,0.18,0.446327683615819
"67d1f6824f74bd16996512c0","2_3",1,0,"1_2","1",3,"2.3_right_slow",0.577430167597765,0.18,0.446327683615819
"67d1f6824f74bd16996512c0","2_3",1,0,"1_3","1",3,"2.3_right_slow",0.577430167597765,0.18,0.446327683615819
"67d1f6824f74bd16996512c0","2_3",1,0,"1_4","1",3,"2.3_right_slow",0.577430167597765,0.18,0.446327683615819
"67d1f6824f74bd16996512c0","2_3",1,0,"1_5","0",3,"2.3_right_slow",0.577430167597765,0.18,0.446327683615819
"67d1f6824f74bd16996512c0","2_5",0,0,"1_1","1",3,"2.5_wrong_slow",0.760870712401055,0.91,0.915254237288136
"67d1f6824f74bd16996512c0","2_5",0,0,"1_2","1",3,"2.5_wrong_slow",0.760870712401055,0.91,0.915254237288136
"67d1f6824f74bd16996512c0","2_5",0,0,"1_3","1",3,"2.5_wrong_slow",0.760870712401055,0.91,0.915254237288136
"67d1f6824f74bd16996512c0","2_5",0,0,"1_4","1",3,"2.5_wrong_slow",0.760870712401055,0.91,0.915254237288136
"67d1f6824f74bd16996512c0","2_5",0,0,"1_5","0",3,"2.5_wrong_slow",0.760870712401055,0.91,0.915254237288136
"67d1f6824f74bd16996512c0","2_2",1,1,"1_1","1",3,"2.2_right_fast",0.566398891966759,0.39,0.536723163841808
"67d1f6824f74bd16996512c0","2_2",1,1,"1_2","1",3,"2.2_right_fast",0.566398891966759,0.39,0.536723163841808
"67d1f6824f74bd16996512c0","2_2",1,1,"1_3","1",3,"2.2_right_fast",0.566398891966759,0.39,0.536723163841808
"67d1f6824f74bd16996512c0","2_2",1,1,"1_4","1",3,"2.2_right_fast",0.566398891966759,0.39,0.536723163841808
"67d1f6824f74bd16996512c0","2_2",1,1,"1_5","0",3,"2.2_right_fast",0.566398891966759,0.39,0.536723163841808
"67d1f6824f74bd16996512c0","2_3",1,1,"1_1","1",3,"2.3_right_fast",0.577430167597765,0.4,0.446327683615819
"67d1f6824f74bd16996512c0","2_3",1,1,"1_2","1",3,"2.3_right_fast",0.577430167597765,0.4,0.446327683615819
"67d1f6824f74bd16996512c0","2_3",1,1,"1_3","1",3,"2.3_right_fast",0.577430167597765,0.4,0.446327683615819
"67d1f6824f74bd16996512c0","2_3",1,1,"1_4","1",3,"2.3_right_fast",0.577430167597765,0.4,0.446327683615819
"67d1f6824f74bd16996512c0","2_3",1,1,"1_5","1",3,"2.3_right_fast",0.577430167597765,0.4,0.446327683615819
"67d1f6824f74bd16996512c0","2_2",0,1,"1_1","1",3,"2.2_wrong_fast",0.566398891966759,0.8,0.536723163841808
"67d1f6824f74bd16996512c0","2_2",0,1,"1_2","1",3,"2.2_wrong_fast",0.566398891966759,0.8,0.536723163841808
"67d1f6824f74bd16996512c0","2_2",0,1,"1_3","1",3,"2.2_wrong_fast",0.566398891966759,0.8,0.536723163841808
"67d1f6824f74bd16996512c0","2_2",0,1,"1_4","1",3,"2.2_wrong_fast",0.566398891966759,0.8,0.536723163841808
"67d1f6824f74bd16996512c0","2_2",0,1,"1_5","0",3,"2.2_wrong_fast",0.566398891966759,0.8,0.536723163841808
"67d94f701307ac0887c44909","2_1",1,0,"1_1","1",11,"2.1_right_slow",0.396726726726727,0.34,0.234463276836158
"67d94f701307ac0887c44909","2_1",1,0,"1_2","1",11,"2.1_right_slow",0.396726726726727,0.34,0.234463276836158
"67d94f701307ac0887c44909","2_1",1,0,"1_3","1",11,"2.1_right_slow",0.396726726726727,0.34,0.234463276836158
"67d94f701307ac0887c44909","2_1",1,0,"1_4","1",11,"2.1_right_slow",0.396726726726727,0.34,0.234463276836158
"67d94f701307ac0887c44909","2_1",1,0,"1_5","1",11,"2.1_right_slow",0.396726726726727,0.34,0.234463276836158
"67d94f701307ac0887c44909","2_5",0,0,"1_1","1",11,"2.5_wrong_slow",0.760870712401055,0.63,0.915254237288136
"67d94f701307ac0887c44909","2_5",0,0,"1_2","1",11,"2.5_wrong_slow",0.760870712401055,0.63,0.915254237288136
"67d94f701307ac0887c44909","2_5",0,0,"1_3","1",11,"2.5_wrong_slow",0.760870712401055,0.63,0.915254237288136
"67d94f701307ac0887c44909","2_5",0,0,"1_4","1",11,"2.5_wrong_slow",0.760870712401055,0.63,0.915254237288136
"67d94f701307ac0887c44909","2_5",0,0,"1_5","1",11,"2.5_wrong_slow",0.760870712401055,0.63,0.915254237288136
"67d94f701307ac0887c44909","2_2",1,1,"1_1","1",11,"2.2_right_fast",0.566398891966759,0.4,0.536723163841808
"67d94f701307ac0887c44909","2_2",1,1,"1_2","1",11,"2.2_right_fast",0.566398891966759,0.4,0.536723163841808
"67d94f701307ac0887c44909","2_2",1,1,"1_3","1",11,"2.2_right_fast",0.566398891966759,0.4,0.536723163841808
"67d94f701307ac0887c44909","2_2",1,1,"1_4","0",11,"2.2_right_fast",0.566398891966759,0.4,0.536723163841808
"67d94f701307ac0887c44909","2_2",1,1,"1_5","0",11,"2.2_right_fast",0.566398891966759,0.4,0.536723163841808
"67d94f701307ac0887c44909","2_3",1,1,"1_1","1",11,"2.3_right_fast",0.577430167597765,0.25,0.446327683615819
"67d94f701307ac0887c44909","2_3",1,1,"1_2","0",11,"2.3_right_fast",0.577430167597765,0.25,0.446327683615819
"67d94f701307ac0887c44909","2_3",1,1,"1_3","0",11,"2.3_right_fast",0.577430167597765,0.25,0.446327683615819
"67d94f701307ac0887c44909","2_3",1,1,"1_4","1",11,"2.3_right_fast",0.577430167597765,0.25,0.446327683615819
"67d94f701307ac0887c44909","2_3",1,1,"1_5","1",11,"2.3_right_fast",0.577430167597765,0.25,0.446327683615819
"67d94f701307ac0887c44909","2_2",0,1,"1_1","1",11,"2.2_wrong_fast",0.566398891966759,0.27,0.536723163841808
"67d94f701307ac0887c44909","2_2",0,1,"1_2","1",11,"2.2_wrong_fast",0.566398891966759,0.27,0.536723163841808
"67d94f701307ac0887c44909","2_2",0,1,"1_3","1",11,"2.2_wrong_fast",0.566398891966759,0.27,0.536723163841808
"67d94f701307ac0887c44909","2_2",0,1,"1_4","0",11,"2.2_wrong_fast",0.566398891966759,0.27,0.536723163841808
"67d94f701307ac0887c44909","2_2",0,1,"1_5","0",11,"2.2_wrong_fast",0.566398891966759,0.27,0.536723163841808
"67dc8ad530b342275638eaa6","2_5",1,0,"1_1","1",6,"2.5_right_slow",0.760870712401055,0.68,0.915254237288136
"67dc8ad530b342275638eaa6","2_5",1,0,"1_2","1",6,"2.5_right_slow",0.760870712401055,0.68,0.915254237288136
"67dc8ad530b342275638eaa6","2_5",1,0,"1_3","1",6,"2.5_right_slow",0.760870712401055,0.68,0.915254237288136
"67dc8ad530b342275638eaa6","2_5",1,0,"1_4","1",6,"2.5_right_slow",0.760870712401055,0.68,0.915254237288136
"67dc8ad530b342275638eaa6","2_5",1,0,"1_5","1",6,"2.5_right_slow",0.760870712401055,0.68,0.915254237288136
"67dc8ad530b342275638eaa6","2_3",0,0,"1_1","1",6,"2.3_wrong_slow",0.577430167597765,0.58,0.446327683615819
"67dc8ad530b342275638eaa6","2_3",0,0,"1_2","0",6,"2.3_wrong_slow",0.577430167597765,0.58,0.446327683615819
"67dc8ad530b342275638eaa6","2_3",0,0,"1_3","0",6,"2.3_wrong_slow",0.577430167597765,0.58,0.446327683615819
"67dc8ad530b342275638eaa6","2_3",0,0,"1_4","1",6,"2.3_wrong_slow",0.577430167597765,0.58,0.446327683615819
"67dc8ad530b342275638eaa6","2_3",0,0,"1_5","0",6,"2.3_wrong_slow",0.577430167597765,0.58,0.446327683615819
"67dc8ad530b342275638eaa6","2_5",0,0,"1_1","1",6,"2.5_wrong_slow",0.760870712401055,0.8,0.915254237288136
"67dc8ad530b342275638eaa6","2_5",0,0,"1_2","0",6,"2.5_wrong_slow",0.760870712401055,0.8,0.915254237288136
"67dc8ad530b342275638eaa6","2_5",0,0,"1_3","1",6,"2.5_wrong_slow",0.760870712401055,0.8,0.915254237288136
"67dc8ad530b342275638eaa6","2_5",0,0,"1_4","1",6,"2.5_wrong_slow",0.760870712401055,0.8,0.915254237288136
"67dc8ad530b342275638eaa6","2_5",0,0,"1_5","0",6,"2.5_wrong_slow",0.760870712401055,0.8,0.915254237288136
"67dc8ad530b342275638eaa6","2_5",1,1,"1_1","1",6,"2.5_right_fast",0.760870712401055,0.92,0.915254237288136
"67dc8ad530b342275638eaa6","2_5",1,1,"1_2","1",6,"2.5_right_fast",0.760870712401055,0.92,0.915254237288136
"67dc8ad530b342275638eaa6","2_5",1,1,"1_3","1",6,"2.5_right_fast",0.760870712401055,0.92,0.915254237288136
"67dc8ad530b342275638eaa6","2_5",1,1,"1_4","1",6,"2.5_right_fast",0.760870712401055,0.92,0.915254237288136
"67dc8ad530b342275638eaa6","2_5",1,1,"1_5","1",6,"2.5_right_fast",0.760870712401055,0.92,0.915254237288136
"67dc8ad530b342275638eaa6","2_3",0,1,"1_1","1",6,"2.3_wrong_fast",0.577430167597765,0.75,0.446327683615819
"67dc8ad530b342275638eaa6","2_3",0,1,"1_2","0",6,"2.3_wrong_fast",0.577430167597765,0.75,0.446327683615819
"67dc8ad530b342275638eaa6","2_3",0,1,"1_3","0",6,"2.3_wrong_fast",0.577430167597765,0.75,0.446327683615819
"67dc8ad530b342275638eaa6","2_3",0,1,"1_4","1",6,"2.3_wrong_fast",0.577430167597765,0.75,0.446327683615819
"67dc8ad530b342275638eaa6","2_3",0,1,"1_5","0",6,"2.3_wrong_fast",0.577430167597765,0.75,0.446327683615819
"67dda74a3edfea472c7838bd","2_4",1,0,"1_1","1",8,"2.4_right_slow",0.518938053097345,0.5,0.675141242937853
"67dda74a3edfea472c7838bd","2_4",1,0,"1_2","1",8,"2.4_right_slow",0.518938053097345,0.5,0.675141242937853
"67dda74a3edfea472c7838bd","2_4",1,0,"1_3","1",8,"2.4_right_slow",0.518938053097345,0.5,0.675141242937853
"67dda74a3edfea472c7838bd","2_4",1,0,"1_4","1",8,"2.4_right_slow",0.518938053097345,0.5,0.675141242937853
"67dda74a3edfea472c7838bd","2_4",1,0,"1_5","1",8,"2.4_right_slow",0.518938053097345,0.5,0.675141242937853
"67dda74a3edfea472c7838bd","2_5",1,0,"1_1","1",8,"2.5_right_slow",0.760870712401055,0.8,0.915254237288136
"67dda74a3edfea472c7838bd","2_5",1,0,"1_2","1",8,"2.5_right_slow",0.760870712401055,0.8,0.915254237288136
"67dda74a3edfea472c7838bd","2_5",1,0,"1_3","1",8,"2.5_right_slow",0.760870712401055,0.8,0.915254237288136
"67dda74a3edfea472c7838bd","2_5",1,0,"1_4","0",8,"2.5_right_slow",0.760870712401055,0.8,0.915254237288136
"67dda74a3edfea472c7838bd","2_5",1,0,"1_5","1",8,"2.5_right_slow",0.760870712401055,0.8,0.915254237288136
"67dda74a3edfea472c7838bd","2_1",0,0,"1_1","0",8,"2.1_wrong_slow",0.396726726726727,0.25,0.234463276836158
"67dda74a3edfea472c7838bd","2_1",0,0,"1_2","0",8,"2.1_wrong_slow",0.396726726726727,0.25,0.234463276836158
"67dda74a3edfea472c7838bd","2_1",0,0,"1_3","0",8,"2.1_wrong_slow",0.396726726726727,0.25,0.234463276836158
"67dda74a3edfea472c7838bd","2_1",0,0,"1_4","0",8,"2.1_wrong_slow",0.396726726726727,0.25,0.234463276836158
"67dda74a3edfea472c7838bd","2_1",0,0,"1_5","0",8,"2.1_wrong_slow",0.396726726726727,0.25,0.234463276836158
"67dda74a3edfea472c7838bd","2_5",0,0,"1_1","1",8,"2.5_wrong_slow",0.760870712401055,0.97,0.915254237288136
"67dda74a3edfea472c7838bd","2_5",0,0,"1_2","1",8,"2.5_wrong_slow",0.760870712401055,0.97,0.915254237288136
"67dda74a3edfea472c7838bd","2_5",0,0,"1_3","1",8,"2.5_wrong_slow",0.760870712401055,0.97,0.915254237288136
"67dda74a3edfea472c7838bd","2_5",0,0,"1_4","0",8,"2.5_wrong_slow",0.760870712401055,0.97,0.915254237288136
"67dda74a3edfea472c7838bd","2_5",0,0,"1_5","0",8,"2.5_wrong_slow",0.760870712401055,0.97,0.915254237288136
"67dda74a3edfea472c7838bd","2_4",0,1,"1_1","1",8,"2.4_wrong_fast",0.518938053097345,1,0.675141242937853
"67dda74a3edfea472c7838bd","2_4",0,1,"1_2","1",8,"2.4_wrong_fast",0.518938053097345,1,0.675141242937853
"67dda74a3edfea472c7838bd","2_4",0,1,"1_3","1",8,"2.4_wrong_fast",0.518938053097345,1,0.675141242937853
"67dda74a3edfea472c7838bd","2_4",0,1,"1_4","0",8,"2.4_wrong_fast",0.518938053097345,1,0.675141242937853
"67dda74a3edfea472c7838bd","2_4",0,1,"1_5","1",8,"2.4_wrong_fast",0.518938053097345,1,0.675141242937853
"67dec78617088acfae7e4475","2_3",1,0,"1_1","1",8,"2.3_right_slow",0.577430167597765,0.26,0.446327683615819
"67dec78617088acfae7e4475","2_3",1,0,"1_2","1",8,"2.3_right_slow",0.577430167597765,0.26,0.446327683615819
"67dec78617088acfae7e4475","2_3",1,0,"1_3","1",8,"2.3_right_slow",0.577430167597765,0.26,0.446327683615819
"67dec78617088acfae7e4475","2_3",1,0,"1_4","1",8,"2.3_right_slow",0.577430167597765,0.26,0.446327683615819
"67dec78617088acfae7e4475","2_3",1,0,"1_5","0",8,"2.3_right_slow",0.577430167597765,0.26,0.446327683615819
"67dec78617088acfae7e4475","2_5",1,0,"1_1","1",8,"2.5_right_slow",0.760870712401055,0.18,0.915254237288136
"67dec78617088acfae7e4475","2_5",1,0,"1_2","1",8,"2.5_right_slow",0.760870712401055,0.18,0.915254237288136
"67dec78617088acfae7e4475","2_5",1,0,"1_3","1",8,"2.5_right_slow",0.760870712401055,0.18,0.915254237288136
"67dec78617088acfae7e4475","2_5",1,0,"1_4","1",8,"2.5_right_slow",0.760870712401055,0.18,0.915254237288136
"67dec78617088acfae7e4475","2_5",1,0,"1_5","0",8,"2.5_right_slow",0.760870712401055,0.18,0.915254237288136
"67dec78617088acfae7e4475","2_2",0,0,"1_1","1",8,"2.2_wrong_slow",0.566398891966759,0.21,0.536723163841808
"67dec78617088acfae7e4475","2_2",0,0,"1_2","1",8,"2.2_wrong_slow",0.566398891966759,0.21,0.536723163841808
"67dec78617088acfae7e4475","2_2",0,0,"1_3","1",8,"2.2_wrong_slow",0.566398891966759,0.21,0.536723163841808
"67dec78617088acfae7e4475","2_2",0,0,"1_4","1",8,"2.2_wrong_slow",0.566398891966759,0.21,0.536723163841808
"67dec78617088acfae7e4475","2_2",0,0,"1_5","1",8,"2.2_wrong_slow",0.566398891966759,0.21,0.536723163841808
"67dec78617088acfae7e4475","2_4",1,1,"1_1","1",8,"2.4_right_fast",0.518938053097345,0.2,0.675141242937853
"67dec78617088acfae7e4475","2_4",1,1,"1_2","1",8,"2.4_right_fast",0.518938053097345,0.2,0.675141242937853
"67dec78617088acfae7e4475","2_4",1,1,"1_3","1",8,"2.4_right_fast",0.518938053097345,0.2,0.675141242937853
"67dec78617088acfae7e4475","2_4",1,1,"1_4","1",8,"2.4_right_fast",0.518938053097345,0.2,0.675141242937853
"67dec78617088acfae7e4475","2_4",1,1,"1_5","1",8,"2.4_right_fast",0.518938053097345,0.2,0.675141242937853
"67dec78617088acfae7e4475","2_1",0,1,"1_1","1",8,"2.1_wrong_fast",0.396726726726727,0.24,0.234463276836158
"67dec78617088acfae7e4475","2_1",0,1,"1_2","1",8,"2.1_wrong_fast",0.396726726726727,0.24,0.234463276836158
"67dec78617088acfae7e4475","2_1",0,1,"1_3","1",8,"2.1_wrong_fast",0.396726726726727,0.24,0.234463276836158
"67dec78617088acfae7e4475","2_1",0,1,"1_4","1",8,"2.1_wrong_fast",0.396726726726727,0.24,0.234463276836158
"67dec78617088acfae7e4475","2_1",0,1,"1_5","0",8,"2.1_wrong_fast",0.396726726726727,0.24,0.234463276836158
"67e051d5736da524dbe7a0c1","2_5",1,0,"1_1","1",5,"2.5_right_slow",0.760870712401055,0.64,0.915254237288136
"67e051d5736da524dbe7a0c1","2_5",1,0,"1_2","1",5,"2.5_right_slow",0.760870712401055,0.64,0.915254237288136
"67e051d5736da524dbe7a0c1","2_5",1,0,"1_3","1",5,"2.5_right_slow",0.760870712401055,0.64,0.915254237288136
"67e051d5736da524dbe7a0c1","2_5",1,0,"1_4","0",5,"2.5_right_slow",0.760870712401055,0.64,0.915254237288136
"67e051d5736da524dbe7a0c1","2_5",1,0,"1_5","0",5,"2.5_right_slow",0.760870712401055,0.64,0.915254237288136
"67e051d5736da524dbe7a0c1","2_3",0,0,"1_1","1",5,"2.3_wrong_slow",0.577430167597765,0.5,0.446327683615819
"67e051d5736da524dbe7a0c1","2_3",0,0,"1_2","1",5,"2.3_wrong_slow",0.577430167597765,0.5,0.446327683615819
"67e051d5736da524dbe7a0c1","2_3",0,0,"1_3","1",5,"2.3_wrong_slow",0.577430167597765,0.5,0.446327683615819
"67e051d5736da524dbe7a0c1","2_3",0,0,"1_4","1",5,"2.3_wrong_slow",0.577430167597765,0.5,0.446327683615819
"67e051d5736da524dbe7a0c1","2_3",0,0,"1_5","0",5,"2.3_wrong_slow",0.577430167597765,0.5,0.446327683615819
"67e051d5736da524dbe7a0c1","2_3",1,1,"1_1","1",5,"2.3_right_fast",0.577430167597765,0.3,0.446327683615819
"67e051d5736da524dbe7a0c1","2_3",1,1,"1_2","1",5,"2.3_right_fast",0.577430167597765,0.3,0.446327683615819
"67e051d5736da524dbe7a0c1","2_3",1,1,"1_3","1",5,"2.3_right_fast",0.577430167597765,0.3,0.446327683615819
"67e051d5736da524dbe7a0c1","2_3",1,1,"1_4","1",5,"2.3_right_fast",0.577430167597765,0.3,0.446327683615819
"67e051d5736da524dbe7a0c1","2_3",1,1,"1_5","0",5,"2.3_right_fast",0.577430167597765,0.3,0.446327683615819
"67e051d5736da524dbe7a0c1","2_4",0,1,"1_1","1",5,"2.4_wrong_fast",0.518938053097345,0.8,0.675141242937853
"67e051d5736da524dbe7a0c1","2_4",0,1,"1_2","0",5,"2.4_wrong_fast",0.518938053097345,0.8,0.675141242937853
"67e051d5736da524dbe7a0c1","2_4",0,1,"1_3","1",5,"2.4_wrong_fast",0.518938053097345,0.8,0.675141242937853
"67e051d5736da524dbe7a0c1","2_4",0,1,"1_4","1",5,"2.4_wrong_fast",0.518938053097345,0.8,0.675141242937853
"67e051d5736da524dbe7a0c1","2_4",0,1,"1_5","0",5,"2.4_wrong_fast",0.518938053097345,0.8,0.675141242937853
"67e051d5736da524dbe7a0c1","2_5",0,1,"1_1","1",5,"2.5_wrong_fast",0.760870712401055,0.4,0.915254237288136
"67e051d5736da524dbe7a0c1","2_5",0,1,"1_2","1",5,"2.5_wrong_fast",0.760870712401055,0.4,0.915254237288136
"67e051d5736da524dbe7a0c1","2_5",0,1,"1_3","1",5,"2.5_wrong_fast",0.760870712401055,0.4,0.915254237288136
"67e051d5736da524dbe7a0c1","2_5",0,1,"1_4","1",5,"2.5_wrong_fast",0.760870712401055,0.4,0.915254237288136
"67e051d5736da524dbe7a0c1","2_5",0,1,"1_5","0",5,"2.5_wrong_fast",0.760870712401055,0.4,0.915254237288136
"67e0863f736da524dbe7ac66","2_1",1,0,"1_1","0",13,"2.1_right_slow",0.396726726726727,0.83,0.234463276836158
"67e0863f736da524dbe7ac66","2_1",1,0,"1_2","1",13,"2.1_right_slow",0.396726726726727,0.83,0.234463276836158
"67e0863f736da524dbe7ac66","2_1",1,0,"1_3","1",13,"2.1_right_slow",0.396726726726727,0.83,0.234463276836158
"67e0863f736da524dbe7ac66","2_1",1,0,"1_4","0",13,"2.1_right_slow",0.396726726726727,0.83,0.234463276836158
"67e0863f736da524dbe7ac66","2_1",1,0,"1_5","0",13,"2.1_right_slow",0.396726726726727,0.83,0.234463276836158
"67e0863f736da524dbe7ac66","2_3",1,0,"1_1","1",13,"2.3_right_slow",0.577430167597765,0.26,0.446327683615819
"67e0863f736da524dbe7ac66","2_3",1,0,"1_2","0",13,"2.3_right_slow",0.577430167597765,0.26,0.446327683615819
"67e0863f736da524dbe7ac66","2_3",1,0,"1_3","1",13,"2.3_right_slow",0.577430167597765,0.26,0.446327683615819
"67e0863f736da524dbe7ac66","2_3",1,0,"1_4","0",13,"2.3_right_slow",0.577430167597765,0.26,0.446327683615819
"67e0863f736da524dbe7ac66","2_3",1,0,"1_5","0",13,"2.3_right_slow",0.577430167597765,0.26,0.446327683615819
"67e0863f736da524dbe7ac66","2_5",0,0,"1_1","1",13,"2.5_wrong_slow",0.760870712401055,0.74,0.915254237288136
"67e0863f736da524dbe7ac66","2_5",0,0,"1_2","1",13,"2.5_wrong_slow",0.760870712401055,0.74,0.915254237288136
"67e0863f736da524dbe7ac66","2_5",0,0,"1_3","1",13,"2.5_wrong_slow",0.760870712401055,0.74,0.915254237288136
"67e0863f736da524dbe7ac66","2_5",0,0,"1_4","0",13,"2.5_wrong_slow",0.760870712401055,0.74,0.915254237288136
"67e0863f736da524dbe7ac66","2_5",0,0,"1_5","0",13,"2.5_wrong_slow",0.760870712401055,0.74,0.915254237288136
"67e0863f736da524dbe7ac66","2_4",1,1,"1_1","1",13,"2.4_right_fast",0.518938053097345,0.83,0.675141242937853
"67e0863f736da524dbe7ac66","2_4",1,1,"1_2","0",13,"2.4_right_fast",0.518938053097345,0.83,0.675141242937853
"67e0863f736da524dbe7ac66","2_4",1,1,"1_3","1",13,"2.4_right_fast",0.518938053097345,0.83,0.675141242937853
"67e0863f736da524dbe7ac66","2_4",1,1,"1_4","0",13,"2.4_right_fast",0.518938053097345,0.83,0.675141242937853
"67e0863f736da524dbe7ac66","2_4",1,1,"1_5","0",13,"2.4_right_fast",0.518938053097345,0.83,0.675141242937853
"67e0863f736da524dbe7ac66","2_5",1,1,"1_1","1",13,"2.5_right_fast",0.760870712401055,0.83,0.915254237288136
"67e0863f736da524dbe7ac66","2_5",1,1,"1_2","0",13,"2.5_right_fast",0.760870712401055,0.83,0.915254237288136
"67e0863f736da524dbe7ac66","2_5",1,1,"1_3","1",13,"2.5_right_fast",0.760870712401055,0.83,0.915254237288136
"67e0863f736da524dbe7ac66","2_5",1,1,"1_4","0",13,"2.5_right_fast",0.760870712401055,0.83,0.915254237288136
"67e0863f736da524dbe7ac66","2_5",1,1,"1_5","0",13,"2.5_right_fast",0.760870712401055,0.83,0.915254237288136
"67e1cbba03e8e106c4823742","2_2",1,0,"1_1","1",5,"2.2_right_slow",0.566398891966759,0.62,0.536723163841808
"67e1cbba03e8e106c4823742","2_2",1,0,"1_2","1",5,"2.2_right_slow",0.566398891966759,0.62,0.536723163841808
"67e1cbba03e8e106c4823742","2_2",1,0,"1_3","1",5,"2.2_right_slow",0.566398891966759,0.62,0.536723163841808
"67e1cbba03e8e106c4823742","2_2",1,0,"1_4","1",5,"2.2_right_slow",0.566398891966759,0.62,0.536723163841808
"67e1cbba03e8e106c4823742","2_2",1,0,"1_5","0",5,"2.2_right_slow",0.566398891966759,0.62,0.536723163841808
"67e1cbba03e8e106c4823742","2_4",1,0,"1_1","1",5,"2.4_right_slow",0.518938053097345,0.29,0.675141242937853
"67e1cbba03e8e106c4823742","2_4",1,0,"1_2","0",5,"2.4_right_slow",0.518938053097345,0.29,0.675141242937853
"67e1cbba03e8e106c4823742","2_4",1,0,"1_3","0",5,"2.4_right_slow",0.518938053097345,0.29,0.675141242937853
"67e1cbba03e8e106c4823742","2_4",1,0,"1_4","1",5,"2.4_right_slow",0.518938053097345,0.29,0.675141242937853
"67e1cbba03e8e106c4823742","2_4",1,0,"1_5","0",5,"2.4_right_slow",0.518938053097345,0.29,0.675141242937853
"67e1cbba03e8e106c4823742","2_2",1,1,"1_1","1",5,"2.2_right_fast",0.566398891966759,0.69,0.536723163841808
"67e1cbba03e8e106c4823742","2_2",1,1,"1_2","1",5,"2.2_right_fast",0.566398891966759,0.69,0.536723163841808
"67e1cbba03e8e106c4823742","2_2",1,1,"1_3","1",5,"2.2_right_fast",0.566398891966759,0.69,0.536723163841808
"67e1cbba03e8e106c4823742","2_2",1,1,"1_4","1",5,"2.2_right_fast",0.566398891966759,0.69,0.536723163841808
"67e1cbba03e8e106c4823742","2_2",1,1,"1_5","0",5,"2.2_right_fast",0.566398891966759,0.69,0.536723163841808
"67e1cbba03e8e106c4823742","2_4",0,1,"1_1","1",5,"2.4_wrong_fast",0.518938053097345,0.26,0.675141242937853
"67e1cbba03e8e106c4823742","2_4",0,1,"1_2","0",5,"2.4_wrong_fast",0.518938053097345,0.26,0.675141242937853
"67e1cbba03e8e106c4823742","2_4",0,1,"1_3","0",5,"2.4_wrong_fast",0.518938053097345,0.26,0.675141242937853
"67e1cbba03e8e106c4823742","2_4",0,1,"1_4","0",5,"2.4_wrong_fast",0.518938053097345,0.26,0.675141242937853
"67e1cbba03e8e106c4823742","2_4",0,1,"1_5","0",5,"2.4_wrong_fast",0.518938053097345,0.26,0.675141242937853
"67e1cbba03e8e106c4823742","2_5",0,1,"1_1","1",5,"2.5_wrong_fast",0.760870712401055,0.93,0.915254237288136
"67e1cbba03e8e106c4823742","2_5",0,1,"1_2","1",5,"2.5_wrong_fast",0.760870712401055,0.93,0.915254237288136
"67e1cbba03e8e106c4823742","2_5",0,1,"1_3","0",5,"2.5_wrong_fast",0.760870712401055,0.93,0.915254237288136
"67e1cbba03e8e106c4823742","2_5",0,1,"1_4","1",5,"2.5_wrong_fast",0.760870712401055,0.93,0.915254237288136
"67e1cbba03e8e106c4823742","2_5",0,1,"1_5","0",5,"2.5_wrong_fast",0.760870712401055,0.93,0.915254237288136
"67e467ad6bd6407f4c60fb77","2_3",1,0,"1_1","1",6,"2.3_right_slow",0.577430167597765,0.6,0.446327683615819
"67e467ad6bd6407f4c60fb77","2_3",1,0,"1_2","1",6,"2.3_right_slow",0.577430167597765,0.6,0.446327683615819
"67e467ad6bd6407f4c60fb77","2_3",1,0,"1_3","1",6,"2.3_right_slow",0.577430167597765,0.6,0.446327683615819
"67e467ad6bd6407f4c60fb77","2_3",1,0,"1_4","1",6,"2.3_right_slow",0.577430167597765,0.6,0.446327683615819
"67e467ad6bd6407f4c60fb77","2_3",1,0,"1_5","0",6,"2.3_right_slow",0.577430167597765,0.6,0.446327683615819
"67e467ad6bd6407f4c60fb77","2_1",0,0,"1_1","0",6,"2.1_wrong_slow",0.396726726726727,0.25,0.234463276836158
"67e467ad6bd6407f4c60fb77","2_1",0,0,"1_2","0",6,"2.1_wrong_slow",0.396726726726727,0.25,0.234463276836158
"67e467ad6bd6407f4c60fb77","2_1",0,0,"1_3","0",6,"2.1_wrong_slow",0.396726726726727,0.25,0.234463276836158
"67e467ad6bd6407f4c60fb77","2_1",0,0,"1_4","1",6,"2.1_wrong_slow",0.396726726726727,0.25,0.234463276836158
"67e467ad6bd6407f4c60fb77","2_1",0,0,"1_5","0",6,"2.1_wrong_slow",0.396726726726727,0.25,0.234463276836158
"67e467ad6bd6407f4c60fb77","2_3",1,1,"1_1","1",6,"2.3_right_fast",0.577430167597765,0.5,0.446327683615819
"67e467ad6bd6407f4c60fb77","2_3",1,1,"1_2","1",6,"2.3_right_fast",0.577430167597765,0.5,0.446327683615819
"67e467ad6bd6407f4c60fb77","2_3",1,1,"1_3","1",6,"2.3_right_fast",0.577430167597765,0.5,0.446327683615819
"67e467ad6bd6407f4c60fb77","2_3",1,1,"1_4","1",6,"2.3_right_fast",0.577430167597765,0.5,0.446327683615819
"67e467ad6bd6407f4c60fb77","2_3",1,1,"1_5","0",6,"2.3_right_fast",0.577430167597765,0.5,0.446327683615819
"67e467ad6bd6407f4c60fb77","2_3",0,1,"1_1","1",6,"2.3_wrong_fast",0.577430167597765,0.75,0.446327683615819
"67e467ad6bd6407f4c60fb77","2_3",0,1,"1_2","0",6,"2.3_wrong_fast",0.577430167597765,0.75,0.446327683615819
"67e467ad6bd6407f4c60fb77","2_3",0,1,"1_3","0",6,"2.3_wrong_fast",0.577430167597765,0.75,0.446327683615819
"67e467ad6bd6407f4c60fb77","2_3",0,1,"1_4","1",6,"2.3_wrong_fast",0.577430167597765,0.75,0.446327683615819
"67e467ad6bd6407f4c60fb77","2_3",0,1,"1_5","0",6,"2.3_wrong_fast",0.577430167597765,0.75,0.446327683615819
"67e467ad6bd6407f4c60fb77","2_5",0,1,"1_1","1",6,"2.5_wrong_fast",0.760870712401055,0.95,0.915254237288136
"67e467ad6bd6407f4c60fb77","2_5",0,1,"1_2","1",6,"2.5_wrong_fast",0.760870712401055,0.95,0.915254237288136
"67e467ad6bd6407f4c60fb77","2_5",0,1,"1_3","1",6,"2.5_wrong_fast",0.760870712401055,0.95,0.915254237288136
"67e467ad6bd6407f4c60fb77","2_5",0,1,"1_4","1",6,"2.5_wrong_fast",0.760870712401055,0.95,0.915254237288136
"67e467ad6bd6407f4c60fb77","2_5",0,1,"1_5","0",6,"2.5_wrong_fast",0.760870712401055,0.95,0.915254237288136
"67e90eccc1592e147e1e88b0","2_2",1,0,"1_1","1",15,"2.2_right_slow",0.566398891966759,0.2,0.536723163841808
"67e90eccc1592e147e1e88b0","2_2",1,0,"1_2","1",15,"2.2_right_slow",0.566398891966759,0.2,0.536723163841808
"67e90eccc1592e147e1e88b0","2_2",1,0,"1_3","1",15,"2.2_right_slow",0.566398891966759,0.2,0.536723163841808
"67e90eccc1592e147e1e88b0","2_2",1,0,"1_4","1",15,"2.2_right_slow",0.566398891966759,0.2,0.536723163841808
"67e90eccc1592e147e1e88b0","2_2",1,0,"1_5","1",15,"2.2_right_slow",0.566398891966759,0.2,0.536723163841808
"67e90eccc1592e147e1e88b0","2_4",1,0,"1_1","0",15,"2.4_right_slow",0.518938053097345,0.3,0.675141242937853
"67e90eccc1592e147e1e88b0","2_4",1,0,"1_2","0",15,"2.4_right_slow",0.518938053097345,0.3,0.675141242937853
"67e90eccc1592e147e1e88b0","2_4",1,0,"1_3","0",15,"2.4_right_slow",0.518938053097345,0.3,0.675141242937853
"67e90eccc1592e147e1e88b0","2_4",1,0,"1_4","1",15,"2.4_right_slow",0.518938053097345,0.3,0.675141242937853
"67e90eccc1592e147e1e88b0","2_4",1,0,"1_5","0",15,"2.4_right_slow",0.518938053097345,0.3,0.675141242937853
"67e90eccc1592e147e1e88b0","2_3",0,0,"1_1","1",15,"2.3_wrong_slow",0.577430167597765,0.2,0.446327683615819
"67e90eccc1592e147e1e88b0","2_3",0,0,"1_2","1",15,"2.3_wrong_slow",0.577430167597765,0.2,0.446327683615819
"67e90eccc1592e147e1e88b0","2_3",0,0,"1_3","1",15,"2.3_wrong_slow",0.577430167597765,0.2,0.446327683615819
"67e90eccc1592e147e1e88b0","2_3",0,0,"1_4","1",15,"2.3_wrong_slow",0.577430167597765,0.2,0.446327683615819
"67e90eccc1592e147e1e88b0","2_3",0,0,"1_5","1",15,"2.3_wrong_slow",0.577430167597765,0.2,0.446327683615819
"67e90eccc1592e147e1e88b0","2_2",0,1,"1_1","1",15,"2.2_wrong_fast",0.566398891966759,0.35,0.536723163841808
"67e90eccc1592e147e1e88b0","2_2",0,1,"1_2","1",15,"2.2_wrong_fast",0.566398891966759,0.35,0.536723163841808
"67e90eccc1592e147e1e88b0","2_2",0,1,"1_3","0",15,"2.2_wrong_fast",0.566398891966759,0.35,0.536723163841808
"67e90eccc1592e147e1e88b0","2_2",0,1,"1_4","1",15,"2.2_wrong_fast",0.566398891966759,0.35,0.536723163841808
"67e90eccc1592e147e1e88b0","2_2",0,1,"1_5","1",15,"2.2_wrong_fast",0.566398891966759,0.35,0.536723163841808
"67e90eccc1592e147e1e88b0","2_3",0,1,"1_1","1",15,"2.3_wrong_fast",0.577430167597765,0.4,0.446327683615819
"67e90eccc1592e147e1e88b0","2_3",0,1,"1_2","1",15,"2.3_wrong_fast",0.577430167597765,0.4,0.446327683615819
"67e90eccc1592e147e1e88b0","2_3",0,1,"1_3","0",15,"2.3_wrong_fast",0.577430167597765,0.4,0.446327683615819
"67e90eccc1592e147e1e88b0","2_3",0,1,"1_4","0",15,"2.3_wrong_fast",0.577430167597765,0.4,0.446327683615819
"67e90eccc1592e147e1e88b0","2_3",0,1,"1_5","1",15,"2.3_wrong_fast",0.577430167597765,0.4,0.446327683615819
"67ed7515c3602df172cbddbc","2_3",1,0,"1_1","1",12,"2.3_right_slow",0.577430167597765,0.4,0.446327683615819
"67ed7515c3602df172cbddbc","2_3",1,0,"1_2","1",12,"2.3_right_slow",0.577430167597765,0.4,0.446327683615819
"67ed7515c3602df172cbddbc","2_3",1,0,"1_3","1",12,"2.3_right_slow",0.577430167597765,0.4,0.446327683615819
"67ed7515c3602df172cbddbc","2_3",1,0,"1_4","1",12,"2.3_right_slow",0.577430167597765,0.4,0.446327683615819
"67ed7515c3602df172cbddbc","2_3",1,0,"1_5","0",12,"2.3_right_slow",0.577430167597765,0.4,0.446327683615819
"67ed7515c3602df172cbddbc","2_2",0,0,"1_1","1",12,"2.2_wrong_slow",0.566398891966759,0.4,0.536723163841808
"67ed7515c3602df172cbddbc","2_2",0,0,"1_2","0",12,"2.2_wrong_slow",0.566398891966759,0.4,0.536723163841808
"67ed7515c3602df172cbddbc","2_2",0,0,"1_3","1",12,"2.2_wrong_slow",0.566398891966759,0.4,0.536723163841808
"67ed7515c3602df172cbddbc","2_2",0,0,"1_4","1",12,"2.2_wrong_slow",0.566398891966759,0.4,0.536723163841808
"67ed7515c3602df172cbddbc","2_2",0,0,"1_5","0",12,"2.2_wrong_slow",0.566398891966759,0.4,0.536723163841808
"67ed7515c3602df172cbddbc","2_2",1,1,"1_1","1",12,"2.2_right_fast",0.566398891966759,0.3,0.536723163841808
"67ed7515c3602df172cbddbc","2_2",1,1,"1_2","1",12,"2.2_right_fast",0.566398891966759,0.3,0.536723163841808
"67ed7515c3602df172cbddbc","2_2",1,1,"1_3","1",12,"2.2_right_fast",0.566398891966759,0.3,0.536723163841808
"67ed7515c3602df172cbddbc","2_2",1,1,"1_4","1",12,"2.2_right_fast",0.566398891966759,0.3,0.536723163841808
"67ed7515c3602df172cbddbc","2_2",1,1,"1_5","0",12,"2.2_right_fast",0.566398891966759,0.3,0.536723163841808
"67ed7515c3602df172cbddbc","2_3",1,1,"1_1","1",12,"2.3_right_fast",0.577430167597765,0.81,0.446327683615819
"67ed7515c3602df172cbddbc","2_3",1,1,"1_2","1",12,"2.3_right_fast",0.577430167597765,0.81,0.446327683615819
"67ed7515c3602df172cbddbc","2_3",1,1,"1_3","1",12,"2.3_right_fast",0.577430167597765,0.81,0.446327683615819
"67ed7515c3602df172cbddbc","2_3",1,1,"1_4","1",12,"2.3_right_fast",0.577430167597765,0.81,0.446327683615819
"67ed7515c3602df172cbddbc","2_3",1,1,"1_5","0",12,"2.3_right_fast",0.577430167597765,0.81,0.446327683615819
"67ed7515c3602df172cbddbc","2_2",0,1,"1_1","1",12,"2.2_wrong_fast",0.566398891966759,0.71,0.536723163841808
"67ed7515c3602df172cbddbc","2_2",0,1,"1_2","1",12,"2.2_wrong_fast",0.566398891966759,0.71,0.536723163841808
"67ed7515c3602df172cbddbc","2_2",0,1,"1_3","1",12,"2.2_wrong_fast",0.566398891966759,0.71,0.536723163841808
"67ed7515c3602df172cbddbc","2_2",0,1,"1_4","1",12,"2.2_wrong_fast",0.566398891966759,0.71,0.536723163841808
"67ed7515c3602df172cbddbc","2_2",0,1,"1_5","0",12,"2.2_wrong_fast",0.566398891966759,0.71,0.536723163841808
"67eeddc6ad2e14ecc6dbe48a","2_2",1,0,"1_1","1",4,"2.2_right_slow",0.566398891966759,0.67,0.536723163841808
"67eeddc6ad2e14ecc6dbe48a","2_2",1,0,"1_2","1",4,"2.2_right_slow",0.566398891966759,0.67,0.536723163841808
"67eeddc6ad2e14ecc6dbe48a","2_2",1,0,"1_3","0",4,"2.2_right_slow",0.566398891966759,0.67,0.536723163841808
"67eeddc6ad2e14ecc6dbe48a","2_2",1,0,"1_4","1",4,"2.2_right_slow",0.566398891966759,0.67,0.536723163841808
"67eeddc6ad2e14ecc6dbe48a","2_2",1,0,"1_5","0",4,"2.2_right_slow",0.566398891966759,0.67,0.536723163841808
"67eeddc6ad2e14ecc6dbe48a","2_5",1,0,"1_1","1",4,"2.5_right_slow",0.760870712401055,0.7,0.915254237288136
"67eeddc6ad2e14ecc6dbe48a","2_5",1,0,"1_2","0",4,"2.5_right_slow",0.760870712401055,0.7,0.915254237288136
"67eeddc6ad2e14ecc6dbe48a","2_5",1,0,"1_3","1",4,"2.5_right_slow",0.760870712401055,0.7,0.915254237288136
"67eeddc6ad2e14ecc6dbe48a","2_5",1,0,"1_4","1",4,"2.5_right_slow",0.760870712401055,0.7,0.915254237288136
"67eeddc6ad2e14ecc6dbe48a","2_5",1,0,"1_5","0",4,"2.5_right_slow",0.760870712401055,0.7,0.915254237288136
"67eeddc6ad2e14ecc6dbe48a","2_2",0,0,"1_1","1",4,"2.2_wrong_slow",0.566398891966759,0.55,0.536723163841808
"67eeddc6ad2e14ecc6dbe48a","2_2",0,0,"1_2","1",4,"2.2_wrong_slow",0.566398891966759,0.55,0.536723163841808
"67eeddc6ad2e14ecc6dbe48a","2_2",0,0,"1_3","0",4,"2.2_wrong_slow",0.566398891966759,0.55,0.536723163841808
"67eeddc6ad2e14ecc6dbe48a","2_2",0,0,"1_4","1",4,"2.2_wrong_slow",0.566398891966759,0.55,0.536723163841808
"67eeddc6ad2e14ecc6dbe48a","2_2",0,0,"1_5","0",4,"2.2_wrong_slow",0.566398891966759,0.55,0.536723163841808
"67eeddc6ad2e14ecc6dbe48a","2_3",0,0,"1_1","1",4,"2.3_wrong_slow",0.577430167597765,0.44,0.446327683615819
"67eeddc6ad2e14ecc6dbe48a","2_3",0,0,"1_2","1",4,"2.3_wrong_slow",0.577430167597765,0.44,0.446327683615819
"67eeddc6ad2e14ecc6dbe48a","2_3",0,0,"1_3","0",4,"2.3_wrong_slow",0.577430167597765,0.44,0.446327683615819
"67eeddc6ad2e14ecc6dbe48a","2_3",0,0,"1_4","1",4,"2.3_wrong_slow",0.577430167597765,0.44,0.446327683615819
"67eeddc6ad2e14ecc6dbe48a","2_3",0,0,"1_5","0",4,"2.3_wrong_slow",0.577430167597765,0.44,0.446327683615819
"67eeddc6ad2e14ecc6dbe48a","2_5",0,1,"1_1","1",4,"2.5_wrong_fast",0.760870712401055,0.64,0.915254237288136
"67eeddc6ad2e14ecc6dbe48a","2_5",0,1,"1_2","0",4,"2.5_wrong_fast",0.760870712401055,0.64,0.915254237288136
"67eeddc6ad2e14ecc6dbe48a","2_5",0,1,"1_3","0",4,"2.5_wrong_fast",0.760870712401055,0.64,0.915254237288136
"67eeddc6ad2e14ecc6dbe48a","2_5",0,1,"1_4","1",4,"2.5_wrong_fast",0.760870712401055,0.64,0.915254237288136
"67eeddc6ad2e14ecc6dbe48a","2_5",0,1,"1_5","0",4,"2.5_wrong_fast",0.760870712401055,0.64,0.915254237288136
"67f067f743c72104040dc225","2_1",1,0,"1_1","1",4,"2.1_right_slow",0.396726726726727,0.3,0.234463276836158
"67f067f743c72104040dc225","2_1",1,0,"1_2","1",4,"2.1_right_slow",0.396726726726727,0.3,0.234463276836158
"67f067f743c72104040dc225","2_1",1,0,"1_3","1",4,"2.1_right_slow",0.396726726726727,0.3,0.234463276836158
"67f067f743c72104040dc225","2_1",1,0,"1_4","1",4,"2.1_right_slow",0.396726726726727,0.3,0.234463276836158
"67f067f743c72104040dc225","2_1",1,0,"1_5","0",4,"2.1_right_slow",0.396726726726727,0.3,0.234463276836158
"67f067f743c72104040dc225","2_4",1,0,"1_1","1",4,"2.4_right_slow",0.518938053097345,0.43,0.675141242937853
"67f067f743c72104040dc225","2_4",1,0,"1_2","1",4,"2.4_right_slow",0.518938053097345,0.43,0.675141242937853
"67f067f743c72104040dc225","2_4",1,0,"1_3","1",4,"2.4_right_slow",0.518938053097345,0.43,0.675141242937853
"67f067f743c72104040dc225","2_4",1,0,"1_4","1",4,"2.4_right_slow",0.518938053097345,0.43,0.675141242937853
"67f067f743c72104040dc225","2_4",1,0,"1_5","0",4,"2.4_right_slow",0.518938053097345,0.43,0.675141242937853
"67f067f743c72104040dc225","2_3",0,0,"1_1","1",4,"2.3_wrong_slow",0.577430167597765,0.39,0.446327683615819
"67f067f743c72104040dc225","2_3",0,0,"1_2","1",4,"2.3_wrong_slow",0.577430167597765,0.39,0.446327683615819
"67f067f743c72104040dc225","2_3",0,0,"1_3","0",4,"2.3_wrong_slow",0.577430167597765,0.39,0.446327683615819
"67f067f743c72104040dc225","2_3",0,0,"1_4","0",4,"2.3_wrong_slow",0.577430167597765,0.39,0.446327683615819
"67f067f743c72104040dc225","2_3",0,0,"1_5","0",4,"2.3_wrong_slow",0.577430167597765,0.39,0.446327683615819
"67f067f743c72104040dc225","2_1",1,1,"1_1","1",4,"2.1_right_fast",0.396726726726727,0.35,0.234463276836158
"67f067f743c72104040dc225","2_1",1,1,"1_2","1",4,"2.1_right_fast",0.396726726726727,0.35,0.234463276836158
"67f067f743c72104040dc225","2_1",1,1,"1_3","0",4,"2.1_right_fast",0.396726726726727,0.35,0.234463276836158
"67f067f743c72104040dc225","2_1",1,1,"1_4","0",4,"2.1_right_fast",0.396726726726727,0.35,0.234463276836158
"67f067f743c72104040dc225","2_1",1,1,"1_5","0",4,"2.1_right_fast",0.396726726726727,0.35,0.234463276836158
"67f067f743c72104040dc225","2_2",1,1,"1_1","1",4,"2.2_right_fast",0.566398891966759,0.45,0.536723163841808
"67f067f743c72104040dc225","2_2",1,1,"1_2","1",4,"2.2_right_fast",0.566398891966759,0.45,0.536723163841808
"67f067f743c72104040dc225","2_2",1,1,"1_3","1",4,"2.2_right_fast",0.566398891966759,0.45,0.536723163841808
"67f067f743c72104040dc225","2_2",1,1,"1_4","0",4,"2.2_right_fast",0.566398891966759,0.45,0.536723163841808
"67f067f743c72104040dc225","2_2",1,1,"1_5","0",4,"2.2_right_fast",0.566398891966759,0.45,0.536723163841808
"67f2b914d702155cbc0a3a2c","2_5",1,0,"1_1","1",7,"2.5_right_slow",0.760870712401055,0.55,0.915254237288136
"67f2b914d702155cbc0a3a2c","2_5",1,0,"1_2","1",7,"2.5_right_slow",0.760870712401055,0.55,0.915254237288136
"67f2b914d702155cbc0a3a2c","2_5",1,0,"1_3","1",7,"2.5_right_slow",0.760870712401055,0.55,0.915254237288136
"67f2b914d702155cbc0a3a2c","2_5",1,0,"1_4","1",7,"2.5_right_slow",0.760870712401055,0.55,0.915254237288136
"67f2b914d702155cbc0a3a2c","2_5",1,0,"1_5","1",7,"2.5_right_slow",0.760870712401055,0.55,0.915254237288136
"67f2b914d702155cbc0a3a2c","2_3",0,0,"1_1","1",7,"2.3_wrong_slow",0.577430167597765,0.65,0.446327683615819
"67f2b914d702155cbc0a3a2c","2_3",0,0,"1_2","1",7,"2.3_wrong_slow",0.577430167597765,0.65,0.446327683615819
"67f2b914d702155cbc0a3a2c","2_3",0,0,"1_3","0",7,"2.3_wrong_slow",0.577430167597765,0.65,0.446327683615819
"67f2b914d702155cbc0a3a2c","2_3",0,0,"1_4","1",7,"2.3_wrong_slow",0.577430167597765,0.65,0.446327683615819
"67f2b914d702155cbc0a3a2c","2_3",0,0,"1_5","0",7,"2.3_wrong_slow",0.577430167597765,0.65,0.446327683615819
"67f2b914d702155cbc0a3a2c","2_4",0,0,"1_1","1",7,"2.4_wrong_slow",0.518938053097345,0.45,0.675141242937853
"67f2b914d702155cbc0a3a2c","2_4",0,0,"1_2","1",7,"2.4_wrong_slow",0.518938053097345,0.45,0.675141242937853
"67f2b914d702155cbc0a3a2c","2_4",0,0,"1_3","0",7,"2.4_wrong_slow",0.518938053097345,0.45,0.675141242937853
"67f2b914d702155cbc0a3a2c","2_4",0,0,"1_4","0",7,"2.4_wrong_slow",0.518938053097345,0.45,0.675141242937853
"67f2b914d702155cbc0a3a2c","2_4",0,0,"1_5","0",7,"2.4_wrong_slow",0.518938053097345,0.45,0.675141242937853
"67f2b914d702155cbc0a3a2c","2_1",1,1,"1_1","1",7,"2.1_right_fast",0.396726726726727,0.75,0.234463276836158
"67f2b914d702155cbc0a3a2c","2_1",1,1,"1_2","1",7,"2.1_right_fast",0.396726726726727,0.75,0.234463276836158
"67f2b914d702155cbc0a3a2c","2_1",1,1,"1_3","0",7,"2.1_right_fast",0.396726726726727,0.75,0.234463276836158
"67f2b914d702155cbc0a3a2c","2_1",1,1,"1_4","1",7,"2.1_right_fast",0.396726726726727,0.75,0.234463276836158
"67f2b914d702155cbc0a3a2c","2_1",1,1,"1_5","0",7,"2.1_right_fast",0.396726726726727,0.75,0.234463276836158
"67f2b914d702155cbc0a3a2c","2_1",0,1,"1_1","0",7,"2.1_wrong_fast",0.396726726726727,0.75,0.234463276836158
"67f2b914d702155cbc0a3a2c","2_1",0,1,"1_2","1",7,"2.1_wrong_fast",0.396726726726727,0.75,0.234463276836158
"67f2b914d702155cbc0a3a2c","2_1",0,1,"1_3","0",7,"2.1_wrong_fast",0.396726726726727,0.75,0.234463276836158
"67f2b914d702155cbc0a3a2c","2_1",0,1,"1_4","1",7,"2.1_wrong_fast",0.396726726726727,0.75,0.234463276836158
"67f2b914d702155cbc0a3a2c","2_1",0,1,"1_5","0",7,"2.1_wrong_fast",0.396726726726727,0.75,0.234463276836158
"67f302367b115d1edb94f0b0","2_4",1,0,"1_1","1",10,"2.4_right_slow",0.518938053097345,0.48,0.675141242937853
"67f302367b115d1edb94f0b0","2_4",1,0,"1_2","1",10,"2.4_right_slow",0.518938053097345,0.48,0.675141242937853
"67f302367b115d1edb94f0b0","2_4",1,0,"1_3","1",10,"2.4_right_slow",0.518938053097345,0.48,0.675141242937853
"67f302367b115d1edb94f0b0","2_4",1,0,"1_4","0",10,"2.4_right_slow",0.518938053097345,0.48,0.675141242937853
"67f302367b115d1edb94f0b0","2_4",1,0,"1_5","0",10,"2.4_right_slow",0.518938053097345,0.48,0.675141242937853
"67f302367b115d1edb94f0b0","2_1",0,1,"1_1","1",10,"2.1_wrong_fast",0.396726726726727,0.32,0.234463276836158
"67f302367b115d1edb94f0b0","2_1",0,1,"1_2","1",10,"2.1_wrong_fast",0.396726726726727,0.32,0.234463276836158
"67f302367b115d1edb94f0b0","2_1",0,1,"1_3","1",10,"2.1_wrong_fast",0.396726726726727,0.32,0.234463276836158
"67f302367b115d1edb94f0b0","2_1",0,1,"1_4","0",10,"2.1_wrong_fast",0.396726726726727,0.32,0.234463276836158
"67f302367b115d1edb94f0b0","2_1",0,1,"1_5","0",10,"2.1_wrong_fast",0.396726726726727,0.32,0.234463276836158
"67f302367b115d1edb94f0b0","2_2",0,1,"1_1","1",10,"2.2_wrong_fast",0.566398891966759,0.71,0.536723163841808
"67f302367b115d1edb94f0b0","2_2",0,1,"1_2","1",10,"2.2_wrong_fast",0.566398891966759,0.71,0.536723163841808
"67f302367b115d1edb94f0b0","2_2",0,1,"1_3","1",10,"2.2_wrong_fast",0.566398891966759,0.71,0.536723163841808
"67f302367b115d1edb94f0b0","2_2",0,1,"1_4","0",10,"2.2_wrong_fast",0.566398891966759,0.71,0.536723163841808
"67f302367b115d1edb94f0b0","2_2",0,1,"1_5","0",10,"2.2_wrong_fast",0.566398891966759,0.71,0.536723163841808
"67f302367b115d1edb94f0b0","2_3",0,1,"1_1","1",10,"2.3_wrong_fast",0.577430167597765,0.33,0.446327683615819
"67f302367b115d1edb94f0b0","2_3",0,1,"1_2","1",10,"2.3_wrong_fast",0.577430167597765,0.33,0.446327683615819
"67f302367b115d1edb94f0b0","2_3",0,1,"1_3","1",10,"2.3_wrong_fast",0.577430167597765,0.33,0.446327683615819
"67f302367b115d1edb94f0b0","2_3",0,1,"1_4","0",10,"2.3_wrong_fast",0.577430167597765,0.33,0.446327683615819
"67f302367b115d1edb94f0b0","2_3",0,1,"1_5","0",10,"2.3_wrong_fast",0.577430167597765,0.33,0.446327683615819
"67f302367b115d1edb94f0b0","2_4",0,1,"1_1","1",10,"2.4_wrong_fast",0.518938053097345,0.28,0.675141242937853
"67f302367b115d1edb94f0b0","2_4",0,1,"1_2","1",10,"2.4_wrong_fast",0.518938053097345,0.28,0.675141242937853
"67f302367b115d1edb94f0b0","2_4",0,1,"1_3","1",10,"2.4_wrong_fast",0.518938053097345,0.28,0.675141242937853
"67f302367b115d1edb94f0b0","2_4",0,1,"1_4","0",10,"2.4_wrong_fast",0.518938053097345,0.28,0.675141242937853
"67f302367b115d1edb94f0b0","2_4",0,1,"1_5","0",10,"2.4_wrong_fast",0.518938053097345,0.28,0.675141242937853
"67f972620fdbfde234aa54ef","2_3",1,0,"1_1","1",4,"2.3_right_slow",0.577430167597765,0.38,0.446327683615819
"67f972620fdbfde234aa54ef","2_3",1,0,"1_2","1",4,"2.3_right_slow",0.577430167597765,0.38,0.446327683615819
"67f972620fdbfde234aa54ef","2_3",1,0,"1_3","1",4,"2.3_right_slow",0.577430167597765,0.38,0.446327683615819
"67f972620fdbfde234aa54ef","2_3",1,0,"1_4","1",4,"2.3_right_slow",0.577430167597765,0.38,0.446327683615819
"67f972620fdbfde234aa54ef","2_3",1,0,"1_5","0",4,"2.3_right_slow",0.577430167597765,0.38,0.446327683615819
"67f972620fdbfde234aa54ef","2_1",0,0,"1_1","0",4,"2.1_wrong_slow",0.396726726726727,0.24,0.234463276836158
"67f972620fdbfde234aa54ef","2_1",0,0,"1_2","0",4,"2.1_wrong_slow",0.396726726726727,0.24,0.234463276836158
"67f972620fdbfde234aa54ef","2_1",0,0,"1_3","0",4,"2.1_wrong_slow",0.396726726726727,0.24,0.234463276836158
"67f972620fdbfde234aa54ef","2_1",0,0,"1_4","1",4,"2.1_wrong_slow",0.396726726726727,0.24,0.234463276836158
"67f972620fdbfde234aa54ef","2_1",0,0,"1_5","0",4,"2.1_wrong_slow",0.396726726726727,0.24,0.234463276836158
"67f972620fdbfde234aa54ef","2_4",0,0,"1_1","1",4,"2.4_wrong_slow",0.518938053097345,0.22,0.675141242937853
"67f972620fdbfde234aa54ef","2_4",0,0,"1_2","1",4,"2.4_wrong_slow",0.518938053097345,0.22,0.675141242937853
"67f972620fdbfde234aa54ef","2_4",0,0,"1_3","0",4,"2.4_wrong_slow",0.518938053097345,0.22,0.675141242937853
"67f972620fdbfde234aa54ef","2_4",0,0,"1_4","0",4,"2.4_wrong_slow",0.518938053097345,0.22,0.675141242937853
"67f972620fdbfde234aa54ef","2_4",0,0,"1_5","0",4,"2.4_wrong_slow",0.518938053097345,0.22,0.675141242937853
"67f972620fdbfde234aa54ef","2_3",0,1,"1_1","1",4,"2.3_wrong_fast",0.577430167597765,0.7,0.446327683615819
"67f972620fdbfde234aa54ef","2_3",0,1,"1_2","1",4,"2.3_wrong_fast",0.577430167597765,0.7,0.446327683615819
"67f972620fdbfde234aa54ef","2_3",0,1,"1_3","0",4,"2.3_wrong_fast",0.577430167597765,0.7,0.446327683615819
"67f972620fdbfde234aa54ef","2_3",0,1,"1_4","1",4,"2.3_wrong_fast",0.577430167597765,0.7,0.446327683615819
"67f972620fdbfde234aa54ef","2_3",0,1,"1_5","0",4,"2.3_wrong_fast",0.577430167597765,0.7,0.446327683615819
"67f972620fdbfde234aa54ef","2_5",0,1,"1_1","1",4,"2.5_wrong_fast",0.760870712401055,0.82,0.915254237288136
"67f972620fdbfde234aa54ef","2_5",0,1,"1_2","1",4,"2.5_wrong_fast",0.760870712401055,0.82,0.915254237288136
"67f972620fdbfde234aa54ef","2_5",0,1,"1_3","0",4,"2.5_wrong_fast",0.760870712401055,0.82,0.915254237288136
"67f972620fdbfde234aa54ef","2_5",0,1,"1_4","1",4,"2.5_wrong_fast",0.760870712401055,0.82,0.915254237288136
"67f972620fdbfde234aa54ef","2_5",0,1,"1_5","0",4,"2.5_wrong_fast",0.760870712401055,0.82,0.915254237288136
"680cd9ba4cb84b390a880c30","2_2",1,0,"1_1","1",5,"2.2_right_slow",0.566398891966759,0.3,0.536723163841808
"680cd9ba4cb84b390a880c30","2_2",1,0,"1_2","1",5,"2.2_right_slow",0.566398891966759,0.3,0.536723163841808
"680cd9ba4cb84b390a880c30","2_2",1,0,"1_3","1",5,"2.2_right_slow",0.566398891966759,0.3,0.536723163841808
"680cd9ba4cb84b390a880c30","2_2",1,0,"1_4","1",5,"2.2_right_slow",0.566398891966759,0.3,0.536723163841808
"680cd9ba4cb84b390a880c30","2_2",1,0,"1_5","1",5,"2.2_right_slow",0.566398891966759,0.3,0.536723163841808
"680cd9ba4cb84b390a880c30","2_4",1,0,"1_1","1",5,"2.4_right_slow",0.518938053097345,0.3,0.675141242937853
"680cd9ba4cb84b390a880c30","2_4",1,0,"1_2","1",5,"2.4_right_slow",0.518938053097345,0.3,0.675141242937853
"680cd9ba4cb84b390a880c30","2_4",1,0,"1_3","1",5,"2.4_right_slow",0.518938053097345,0.3,0.675141242937853
"680cd9ba4cb84b390a880c30","2_4",1,0,"1_4","1",5,"2.4_right_slow",0.518938053097345,0.3,0.675141242937853
"680cd9ba4cb84b390a880c30","2_4",1,0,"1_5","0",5,"2.4_right_slow",0.518938053097345,0.3,0.675141242937853
"680cd9ba4cb84b390a880c30","2_2",0,0,"1_1","1",5,"2.2_wrong_slow",0.566398891966759,0.3,0.536723163841808
"680cd9ba4cb84b390a880c30","2_2",0,0,"1_2","0",5,"2.2_wrong_slow",0.566398891966759,0.3,0.536723163841808
"680cd9ba4cb84b390a880c30","2_2",0,0,"1_3","0",5,"2.2_wrong_slow",0.566398891966759,0.3,0.536723163841808
"680cd9ba4cb84b390a880c30","2_2",0,0,"1_4","0",5,"2.2_wrong_slow",0.566398891966759,0.3,0.536723163841808
"680cd9ba4cb84b390a880c30","2_2",0,0,"1_5","0",5,"2.2_wrong_slow",0.566398891966759,0.3,0.536723163841808
"680cd9ba4cb84b390a880c30","2_4",1,1,"1_1","1",5,"2.4_right_fast",0.518938053097345,0.5,0.675141242937853
"680cd9ba4cb84b390a880c30","2_4",1,1,"1_2","1",5,"2.4_right_fast",0.518938053097345,0.5,0.675141242937853
"680cd9ba4cb84b390a880c30","2_4",1,1,"1_3","1",5,"2.4_right_fast",0.518938053097345,0.5,0.675141242937853
"680cd9ba4cb84b390a880c30","2_4",1,1,"1_4","1",5,"2.4_right_fast",0.518938053097345,0.5,0.675141242937853
"680cd9ba4cb84b390a880c30","2_4",1,1,"1_5","0",5,"2.4_right_fast",0.518938053097345,0.5,0.675141242937853
"680cd9ba4cb84b390a880c30","2_5",0,1,"1_1","1",5,"2.5_wrong_fast",0.760870712401055,0.6,0.915254237288136
"680cd9ba4cb84b390a880c30","2_5",0,1,"1_2","1",5,"2.5_wrong_fast",0.760870712401055,0.6,0.915254237288136
"680cd9ba4cb84b390a880c30","2_5",0,1,"1_3","1",5,"2.5_wrong_fast",0.760870712401055,0.6,0.915254237288136
"680cd9ba4cb84b390a880c30","2_5",0,1,"1_4","1",5,"2.5_wrong_fast",0.760870712401055,0.6,0.915254237288136
"680cd9ba4cb84b390a880c30","2_5",0,1,"1_5","0",5,"2.5_wrong_fast",0.760870712401055,0.6,0.915254237288136
"68116e00179b99f42ab53257","2_3",1,0,"1_1","1",12,"2.3_right_slow",0.577430167597765,0.6,0.446327683615819
"68116e00179b99f42ab53257","2_3",1,0,"1_2","1",12,"2.3_right_slow",0.577430167597765,0.6,0.446327683615819
"68116e00179b99f42ab53257","2_3",1,0,"1_3","1",12,"2.3_right_slow",0.577430167597765,0.6,0.446327683615819
"68116e00179b99f42ab53257","2_3",1,0,"1_4","1",12,"2.3_right_slow",0.577430167597765,0.6,0.446327683615819
"68116e00179b99f42ab53257","2_3",1,0,"1_5","1",12,"2.3_right_slow",0.577430167597765,0.6,0.446327683615819
"68116e00179b99f42ab53257","2_2",0,0,"1_1","1",12,"2.2_wrong_slow",0.566398891966759,0.46,0.536723163841808
"68116e00179b99f42ab53257","2_2",0,0,"1_2","0",12,"2.2_wrong_slow",0.566398891966759,0.46,0.536723163841808
"68116e00179b99f42ab53257","2_2",0,0,"1_3","0",12,"2.2_wrong_slow",0.566398891966759,0.46,0.536723163841808
"68116e00179b99f42ab53257","2_2",0,0,"1_4","1",12,"2.2_wrong_slow",0.566398891966759,0.46,0.536723163841808
"68116e00179b99f42ab53257","2_2",0,0,"1_5","0",12,"2.2_wrong_slow",0.566398891966759,0.46,0.536723163841808
"68116e00179b99f42ab53257","2_3",0,0,"1_1","1",12,"2.3_wrong_slow",0.577430167597765,0.47,0.446327683615819
"68116e00179b99f42ab53257","2_3",0,0,"1_2","0",12,"2.3_wrong_slow",0.577430167597765,0.47,0.446327683615819
"68116e00179b99f42ab53257","2_3",0,0,"1_3","0",12,"2.3_wrong_slow",0.577430167597765,0.47,0.446327683615819
"68116e00179b99f42ab53257","2_3",0,0,"1_4","1",12,"2.3_wrong_slow",0.577430167597765,0.47,0.446327683615819
"68116e00179b99f42ab53257","2_3",0,0,"1_5","0",12,"2.3_wrong_slow",0.577430167597765,0.47,0.446327683615819
"68116e00179b99f42ab53257","2_5",0,0,"1_1","1",12,"2.5_wrong_slow",0.760870712401055,0.65,0.915254237288136
"68116e00179b99f42ab53257","2_5",0,0,"1_2","1",12,"2.5_wrong_slow",0.760870712401055,0.65,0.915254237288136
"68116e00179b99f42ab53257","2_5",0,0,"1_3","0",12,"2.5_wrong_slow",0.760870712401055,0.65,0.915254237288136
"68116e00179b99f42ab53257","2_5",0,0,"1_4","1",12,"2.5_wrong_slow",0.760870712401055,0.65,0.915254237288136
"68116e00179b99f42ab53257","2_5",0,0,"1_5","0",12,"2.5_wrong_slow",0.760870712401055,0.65,0.915254237288136
"68116e00179b99f42ab53257","2_2",0,1,"1_1","1",12,"2.2_wrong_fast",0.566398891966759,0.7,0.536723163841808
"68116e00179b99f42ab53257","2_2",0,1,"1_2","0",12,"2.2_wrong_fast",0.566398891966759,0.7,0.536723163841808
"68116e00179b99f42ab53257","2_2",0,1,"1_3","0",12,"2.2_wrong_fast",0.566398891966759,0.7,0.536723163841808
"68116e00179b99f42ab53257","2_2",0,1,"1_4","1",12,"2.2_wrong_fast",0.566398891966759,0.7,0.536723163841808
"68116e00179b99f42ab53257","2_2",0,1,"1_5","0",12,"2.2_wrong_fast",0.566398891966759,0.7,0.536723163841808
"683667d92d0bfb2cf3f5c7a6","2_1",1,0,"1_1","1",13,"2.1_right_slow",0.396726726726727,0.05,0.234463276836158
"683667d92d0bfb2cf3f5c7a6","2_1",1,0,"1_2","1",13,"2.1_right_slow",0.396726726726727,0.05,0.234463276836158
"683667d92d0bfb2cf3f5c7a6","2_1",1,0,"1_3","1",13,"2.1_right_slow",0.396726726726727,0.05,0.234463276836158
"683667d92d0bfb2cf3f5c7a6","2_1",1,0,"1_4","0",13,"2.1_right_slow",0.396726726726727,0.05,0.234463276836158
"683667d92d0bfb2cf3f5c7a6","2_1",1,0,"1_5","0",13,"2.1_right_slow",0.396726726726727,0.05,0.234463276836158
"683667d92d0bfb2cf3f5c7a6","2_5",1,0,"1_1","1",13,"2.5_right_slow",0.760870712401055,0.36,0.915254237288136
"683667d92d0bfb2cf3f5c7a6","2_5",1,0,"1_2","1",13,"2.5_right_slow",0.760870712401055,0.36,0.915254237288136
"683667d92d0bfb2cf3f5c7a6","2_5",1,0,"1_3","1",13,"2.5_right_slow",0.760870712401055,0.36,0.915254237288136
"683667d92d0bfb2cf3f5c7a6","2_5",1,0,"1_4","1",13,"2.5_right_slow",0.760870712401055,0.36,0.915254237288136
"683667d92d0bfb2cf3f5c7a6","2_5",1,0,"1_5","0",13,"2.5_right_slow",0.760870712401055,0.36,0.915254237288136
"683667d92d0bfb2cf3f5c7a6","2_3",0,0,"1_1","1",13,"2.3_wrong_slow",0.577430167597765,0.06,0.446327683615819
"683667d92d0bfb2cf3f5c7a6","2_3",0,0,"1_2","1",13,"2.3_wrong_slow",0.577430167597765,0.06,0.446327683615819
"683667d92d0bfb2cf3f5c7a6","2_3",0,0,"1_3","1",13,"2.3_wrong_slow",0.577430167597765,0.06,0.446327683615819
"683667d92d0bfb2cf3f5c7a6","2_3",0,0,"1_4","1",13,"2.3_wrong_slow",0.577430167597765,0.06,0.446327683615819
"683667d92d0bfb2cf3f5c7a6","2_3",0,0,"1_5","0",13,"2.3_wrong_slow",0.577430167597765,0.06,0.446327683615819
"683667d92d0bfb2cf3f5c7a6","2_3",1,1,"1_1","1",13,"2.3_right_fast",0.577430167597765,0.39,0.446327683615819
"683667d92d0bfb2cf3f5c7a6","2_3",1,1,"1_2","1",13,"2.3_right_fast",0.577430167597765,0.39,0.446327683615819
"683667d92d0bfb2cf3f5c7a6","2_3",1,1,"1_3","1",13,"2.3_right_fast",0.577430167597765,0.39,0.446327683615819
"683667d92d0bfb2cf3f5c7a6","2_3",1,1,"1_4","1",13,"2.3_right_fast",0.577430167597765,0.39,0.446327683615819
"683667d92d0bfb2cf3f5c7a6","2_3",1,1,"1_5","0",13,"2.3_right_fast",0.577430167597765,0.39,0.446327683615819
"683667d92d0bfb2cf3f5c7a6","2_5",0,1,"1_1","1",13,"2.5_wrong_fast",0.760870712401055,0.28,0.915254237288136
"683667d92d0bfb2cf3f5c7a6","2_5",0,1,"1_2","1",13,"2.5_wrong_fast",0.760870712401055,0.28,0.915254237288136
"683667d92d0bfb2cf3f5c7a6","2_5",0,1,"1_3","1",13,"2.5_wrong_fast",0.760870712401055,0.28,0.915254237288136
"683667d92d0bfb2cf3f5c7a6","2_5",0,1,"1_4","0",13,"2.5_wrong_fast",0.760870712401055,0.28,0.915254237288136
"683667d92d0bfb2cf3f5c7a6","2_5",0,1,"1_5","0",13,"2.5_wrong_fast",0.760870712401055,0.28,0.915254237288136
"68bb75e3f99a5ad10b5c965a","2_1",1,0,"1_1","1",6,"2.1_right_slow",0.396726726726727,0.12,0.234463276836158
"68bb75e3f99a5ad10b5c965a","2_1",1,0,"1_2","1",6,"2.1_right_slow",0.396726726726727,0.12,0.234463276836158
"68bb75e3f99a5ad10b5c965a","2_1",1,0,"1_3","1",6,"2.1_right_slow",0.396726726726727,0.12,0.234463276836158
"68bb75e3f99a5ad10b5c965a","2_1",1,0,"1_4","1",6,"2.1_right_slow",0.396726726726727,0.12,0.234463276836158
"68bb75e3f99a5ad10b5c965a","2_1",1,0,"1_5","0",6,"2.1_right_slow",0.396726726726727,0.12,0.234463276836158
"68bb75e3f99a5ad10b5c965a","2_3",1,0,"1_1","1",6,"2.3_right_slow",0.577430167597765,0.37,0.446327683615819
"68bb75e3f99a5ad10b5c965a","2_3",1,0,"1_2","1",6,"2.3_right_slow",0.577430167597765,0.37,0.446327683615819
"68bb75e3f99a5ad10b5c965a","2_3",1,0,"1_3","1",6,"2.3_right_slow",0.577430167597765,0.37,0.446327683615819
"68bb75e3f99a5ad10b5c965a","2_3",1,0,"1_4","1",6,"2.3_right_slow",0.577430167597765,0.37,0.446327683615819
"68bb75e3f99a5ad10b5c965a","2_3",1,0,"1_5","1",6,"2.3_right_slow",0.577430167597765,0.37,0.446327683615819
"68bb75e3f99a5ad10b5c965a","2_5",1,0,"1_1","1",6,"2.5_right_slow",0.760870712401055,0.6,0.915254237288136
"68bb75e3f99a5ad10b5c965a","2_5",1,0,"1_2","1",6,"2.5_right_slow",0.760870712401055,0.6,0.915254237288136
"68bb75e3f99a5ad10b5c965a","2_5",1,0,"1_3","1",6,"2.5_right_slow",0.760870712401055,0.6,0.915254237288136
"68bb75e3f99a5ad10b5c965a","2_5",1,0,"1_4","1",6,"2.5_right_slow",0.760870712401055,0.6,0.915254237288136
"68bb75e3f99a5ad10b5c965a","2_5",1,0,"1_5","1",6,"2.5_right_slow",0.760870712401055,0.6,0.915254237288136
"68bb75e3f99a5ad10b5c965a","2_1",0,0,"1_1","1",6,"2.1_wrong_slow",0.396726726726727,0.04,0.234463276836158
"68bb75e3f99a5ad10b5c965a","2_1",0,0,"1_2","0",6,"2.1_wrong_slow",0.396726726726727,0.04,0.234463276836158
"68bb75e3f99a5ad10b5c965a","2_1",0,0,"1_3","0",6,"2.1_wrong_slow",0.396726726726727,0.04,0.234463276836158
"68bb75e3f99a5ad10b5c965a","2_1",0,0,"1_4","0",6,"2.1_wrong_slow",0.396726726726727,0.04,0.234463276836158
"68bb75e3f99a5ad10b5c965a","2_1",0,0,"1_5","0",6,"2.1_wrong_slow",0.396726726726727,0.04,0.234463276836158
"68bb75e3f99a5ad10b5c965a","2_3",0,1,"1_1","1",6,"2.3_wrong_fast",0.577430167597765,0.42,0.446327683615819
"68bb75e3f99a5ad10b5c965a","2_3",0,1,"1_2","1",6,"2.3_wrong_fast",0.577430167597765,0.42,0.446327683615819
"68bb75e3f99a5ad10b5c965a","2_3",0,1,"1_3","0",6,"2.3_wrong_fast",0.577430167597765,0.42,0.446327683615819
"68bb75e3f99a5ad10b5c965a","2_3",0,1,"1_4","1",6,"2.3_wrong_fast",0.577430167597765,0.42,0.446327683615819
"68bb75e3f99a5ad10b5c965a","2_3",0,1,"1_5","0",6,"2.3_wrong_fast",0.577430167597765,0.42,0.446327683615819
"68c9a882ae915e833ed44824","2_4",1,0,"1_1","1",6,"2.4_right_slow",0.518938053097345,0.5,0.675141242937853
"68c9a882ae915e833ed44824","2_4",1,0,"1_2","1",6,"2.4_right_slow",0.518938053097345,0.5,0.675141242937853
"68c9a882ae915e833ed44824","2_4",1,0,"1_3","1",6,"2.4_right_slow",0.518938053097345,0.5,0.675141242937853
"68c9a882ae915e833ed44824","2_4",1,0,"1_4","1",6,"2.4_right_slow",0.518938053097345,0.5,0.675141242937853
"68c9a882ae915e833ed44824","2_4",1,0,"1_5","0",6,"2.4_right_slow",0.518938053097345,0.5,0.675141242937853
"68c9a882ae915e833ed44824","2_3",1,1,"1_1","1",6,"2.3_right_fast",0.577430167597765,0.9,0.446327683615819
"68c9a882ae915e833ed44824","2_3",1,1,"1_2","1",6,"2.3_right_fast",0.577430167597765,0.9,0.446327683615819
"68c9a882ae915e833ed44824","2_3",1,1,"1_3","1",6,"2.3_right_fast",0.577430167597765,0.9,0.446327683615819
"68c9a882ae915e833ed44824","2_3",1,1,"1_4","1",6,"2.3_right_fast",0.577430167597765,0.9,0.446327683615819
"68c9a882ae915e833ed44824","2_3",1,1,"1_5","0",6,"2.3_right_fast",0.577430167597765,0.9,0.446327683615819
"68c9a882ae915e833ed44824","2_4",1,1,"1_1","1",6,"2.4_right_fast",0.518938053097345,0.91,0.675141242937853
"68c9a882ae915e833ed44824","2_4",1,1,"1_2","0",6,"2.4_right_fast",0.518938053097345,0.91,0.675141242937853
"68c9a882ae915e833ed44824","2_4",1,1,"1_3","1",6,"2.4_right_fast",0.518938053097345,0.91,0.675141242937853
"68c9a882ae915e833ed44824","2_4",1,1,"1_4","1",6,"2.4_right_fast",0.518938053097345,0.91,0.675141242937853
"68c9a882ae915e833ed44824","2_4",1,1,"1_5","0",6,"2.4_right_fast",0.518938053097345,0.91,0.675141242937853
"68c9a882ae915e833ed44824","2_3",0,1,"1_1","0",6,"2.3_wrong_fast",0.577430167597765,0.9,0.446327683615819
"68c9a882ae915e833ed44824","2_3",0,1,"1_2","0",6,"2.3_wrong_fast",0.577430167597765,0.9,0.446327683615819
"68c9a882ae915e833ed44824","2_3",0,1,"1_3","0",6,"2.3_wrong_fast",0.577430167597765,0.9,0.446327683615819
"68c9a882ae915e833ed44824","2_3",0,1,"1_4","1",6,"2.3_wrong_fast",0.577430167597765,0.9,0.446327683615819
"68c9a882ae915e833ed44824","2_3",0,1,"1_5","0",6,"2.3_wrong_fast",0.577430167597765,0.9,0.446327683615819
"68c9a882ae915e833ed44824","2_5",0,1,"1_1","1",6,"2.5_wrong_fast",0.760870712401055,1,0.915254237288136
"68c9a882ae915e833ed44824","2_5",0,1,"1_2","1",6,"2.5_wrong_fast",0.760870712401055,1,0.915254237288136
"68c9a882ae915e833ed44824","2_5",0,1,"1_3","1",6,"2.5_wrong_fast",0.760870712401055,1,0.915254237288136
"68c9a882ae915e833ed44824","2_5",0,1,"1_4","1",6,"2.5_wrong_fast",0.760870712401055,1,0.915254237288136
"68c9a882ae915e833ed44824","2_5",0,1,"1_5","0",6,"2.5_wrong_fast",0.760870712401055,1,0.915254237288136
"68c9adf3ce921224388f11f1","2_1",1,0,"1_1","1",10,"2.1_right_slow",0.396726726726727,0.2,0.234463276836158
"68c9adf3ce921224388f11f1","2_1",1,0,"1_2","1",10,"2.1_right_slow",0.396726726726727,0.2,0.234463276836158
"68c9adf3ce921224388f11f1","2_1",1,0,"1_3","0",10,"2.1_right_slow",0.396726726726727,0.2,0.234463276836158
"68c9adf3ce921224388f11f1","2_1",1,0,"1_4","1",10,"2.1_right_slow",0.396726726726727,0.2,0.234463276836158
"68c9adf3ce921224388f11f1","2_1",1,0,"1_5","0",10,"2.1_right_slow",0.396726726726727,0.2,0.234463276836158
"68c9adf3ce921224388f11f1","2_1",0,0,"1_1","0",10,"2.1_wrong_slow",0.396726726726727,0.2,0.234463276836158
"68c9adf3ce921224388f11f1","2_1",0,0,"1_2","0",10,"2.1_wrong_slow",0.396726726726727,0.2,0.234463276836158
"68c9adf3ce921224388f11f1","2_1",0,0,"1_3","0",10,"2.1_wrong_slow",0.396726726726727,0.2,0.234463276836158
"68c9adf3ce921224388f11f1","2_1",0,0,"1_4","1",10,"2.1_wrong_slow",0.396726726726727,0.2,0.234463276836158
"68c9adf3ce921224388f11f1","2_1",0,0,"1_5","0",10,"2.1_wrong_slow",0.396726726726727,0.2,0.234463276836158
"68c9adf3ce921224388f11f1","2_3",0,0,"1_1","1",10,"2.3_wrong_slow",0.577430167597765,0.65,0.446327683615819
"68c9adf3ce921224388f11f1","2_3",0,0,"1_2","1",10,"2.3_wrong_slow",0.577430167597765,0.65,0.446327683615819
"68c9adf3ce921224388f11f1","2_3",0,0,"1_3","0",10,"2.3_wrong_slow",0.577430167597765,0.65,0.446327683615819
"68c9adf3ce921224388f11f1","2_3",0,0,"1_4","1",10,"2.3_wrong_slow",0.577430167597765,0.65,0.446327683615819
"68c9adf3ce921224388f11f1","2_3",0,0,"1_5","0",10,"2.3_wrong_slow",0.577430167597765,0.65,0.446327683615819
"68c9adf3ce921224388f11f1","2_1",1,1,"1_1","1",10,"2.1_right_fast",0.396726726726727,0.4,0.234463276836158
"68c9adf3ce921224388f11f1","2_1",1,1,"1_2","1",10,"2.1_right_fast",0.396726726726727,0.4,0.234463276836158
"68c9adf3ce921224388f11f1","2_1",1,1,"1_3","1",10,"2.1_right_fast",0.396726726726727,0.4,0.234463276836158
"68c9adf3ce921224388f11f1","2_1",1,1,"1_4","1",10,"2.1_right_fast",0.396726726726727,0.4,0.234463276836158
"68c9adf3ce921224388f11f1","2_1",1,1,"1_5","0",10,"2.1_right_fast",0.396726726726727,0.4,0.234463276836158
"68c9adf3ce921224388f11f1","2_1",0,1,"1_1","1",10,"2.1_wrong_fast",0.396726726726727,0.4,0.234463276836158
"68c9adf3ce921224388f11f1","2_1",0,1,"1_2","1",10,"2.1_wrong_fast",0.396726726726727,0.4,0.234463276836158
"68c9adf3ce921224388f11f1","2_1",0,1,"1_3","0",10,"2.1_wrong_fast",0.396726726726727,0.4,0.234463276836158
"68c9adf3ce921224388f11f1","2_1",0,1,"1_4","1",10,"2.1_wrong_fast",0.396726726726727,0.4,0.234463276836158
"68c9adf3ce921224388f11f1","2_1",0,1,"1_5","0",10,"2.1_wrong_fast",0.396726726726727,0.4,0.234463276836158
"68cdd1f9acf6b2542a73e563","2_4",1,0,"1_1","1",8,"2.4_right_slow",0.518938053097345,0.58,0.675141242937853
"68cdd1f9acf6b2542a73e563","2_4",1,0,"1_2","1",8,"2.4_right_slow",0.518938053097345,0.58,0.675141242937853
"68cdd1f9acf6b2542a73e563","2_4",1,0,"1_3","1",8,"2.4_right_slow",0.518938053097345,0.58,0.675141242937853
"68cdd1f9acf6b2542a73e563","2_4",1,0,"1_4","1",8,"2.4_right_slow",0.518938053097345,0.58,0.675141242937853
"68cdd1f9acf6b2542a73e563","2_4",1,0,"1_5","0",8,"2.4_right_slow",0.518938053097345,0.58,0.675141242937853
"68cdd1f9acf6b2542a73e563","2_5",1,0,"1_1","1",8,"2.5_right_slow",0.760870712401055,0.78,0.915254237288136
"68cdd1f9acf6b2542a73e563","2_5",1,0,"1_2","1",8,"2.5_right_slow",0.760870712401055,0.78,0.915254237288136
"68cdd1f9acf6b2542a73e563","2_5",1,0,"1_3","1",8,"2.5_right_slow",0.760870712401055,0.78,0.915254237288136
"68cdd1f9acf6b2542a73e563","2_5",1,0,"1_4","1",8,"2.5_right_slow",0.760870712401055,0.78,0.915254237288136
"68cdd1f9acf6b2542a73e563","2_5",1,0,"1_5","1",8,"2.5_right_slow",0.760870712401055,0.78,0.915254237288136
"68cdd1f9acf6b2542a73e563","2_3",0,0,"1_1","1",8,"2.3_wrong_slow",0.577430167597765,0.6,0.446327683615819
"68cdd1f9acf6b2542a73e563","2_3",0,0,"1_2","0",8,"2.3_wrong_slow",0.577430167597765,0.6,0.446327683615819
"68cdd1f9acf6b2542a73e563","2_3",0,0,"1_3","0",8,"2.3_wrong_slow",0.577430167597765,0.6,0.446327683615819
"68cdd1f9acf6b2542a73e563","2_3",0,0,"1_4","1",8,"2.3_wrong_slow",0.577430167597765,0.6,0.446327683615819
"68cdd1f9acf6b2542a73e563","2_3",0,0,"1_5","0",8,"2.3_wrong_slow",0.577430167597765,0.6,0.446327683615819
"68cdd1f9acf6b2542a73e563","2_4",1,1,"1_1","1",8,"2.4_right_fast",0.518938053097345,0.8,0.675141242937853
"68cdd1f9acf6b2542a73e563","2_4",1,1,"1_2","1",8,"2.4_right_fast",0.518938053097345,0.8,0.675141242937853
"68cdd1f9acf6b2542a73e563","2_4",1,1,"1_3","0",8,"2.4_right_fast",0.518938053097345,0.8,0.675141242937853
"68cdd1f9acf6b2542a73e563","2_4",1,1,"1_4","1",8,"2.4_right_fast",0.518938053097345,0.8,0.675141242937853
"68cdd1f9acf6b2542a73e563","2_4",1,1,"1_5","0",8,"2.4_right_fast",0.518938053097345,0.8,0.675141242937853
"68cdd1f9acf6b2542a73e563","2_5",0,1,"1_1","1",8,"2.5_wrong_fast",0.760870712401055,0.81,0.915254237288136
"68cdd1f9acf6b2542a73e563","2_5",0,1,"1_2","1",8,"2.5_wrong_fast",0.760870712401055,0.81,0.915254237288136
"68cdd1f9acf6b2542a73e563","2_5",0,1,"1_3","0",8,"2.5_wrong_fast",0.760870712401055,0.81,0.915254237288136
"68cdd1f9acf6b2542a73e563","2_5",0,1,"1_4","1",8,"2.5_wrong_fast",0.760870712401055,0.81,0.915254237288136
"68cdd1f9acf6b2542a73e563","2_5",0,1,"1_5","0",8,"2.5_wrong_fast",0.760870712401055,0.81,0.915254237288136
"68d47ceef9cefe423772219f","2_1",1,0,"1_1","1",6,"2.1_right_slow",0.396726726726727,0.35,0.234463276836158
"68d47ceef9cefe423772219f","2_1",1,0,"1_2","1",6,"2.1_right_slow",0.396726726726727,0.35,0.234463276836158
"68d47ceef9cefe423772219f","2_1",1,0,"1_3","1",6,"2.1_right_slow",0.396726726726727,0.35,0.234463276836158
"68d47ceef9cefe423772219f","2_1",1,0,"1_4","1",6,"2.1_right_slow",0.396726726726727,0.35,0.234463276836158
"68d47ceef9cefe423772219f","2_1",1,0,"1_5","0",6,"2.1_right_slow",0.396726726726727,0.35,0.234463276836158
"68d47ceef9cefe423772219f","2_5",0,0,"1_1","1",6,"2.5_wrong_slow",0.760870712401055,0.8,0.915254237288136
"68d47ceef9cefe423772219f","2_5",0,0,"1_2","1",6,"2.5_wrong_slow",0.760870712401055,0.8,0.915254237288136
"68d47ceef9cefe423772219f","2_5",0,0,"1_3","0",6,"2.5_wrong_slow",0.760870712401055,0.8,0.915254237288136
"68d47ceef9cefe423772219f","2_5",0,0,"1_4","0",6,"2.5_wrong_slow",0.760870712401055,0.8,0.915254237288136
"68d47ceef9cefe423772219f","2_5",0,0,"1_5","0",6,"2.5_wrong_slow",0.760870712401055,0.8,0.915254237288136
"68d47ceef9cefe423772219f","2_2",1,1,"1_1","1",6,"2.2_right_fast",0.566398891966759,0.8,0.536723163841808
"68d47ceef9cefe423772219f","2_2",1,1,"1_2","1",6,"2.2_right_fast",0.566398891966759,0.8,0.536723163841808
"68d47ceef9cefe423772219f","2_2",1,1,"1_3","1",6,"2.2_right_fast",0.566398891966759,0.8,0.536723163841808
"68d47ceef9cefe423772219f","2_2",1,1,"1_4","1",6,"2.2_right_fast",0.566398891966759,0.8,0.536723163841808
"68d47ceef9cefe423772219f","2_2",1,1,"1_5","1",6,"2.2_right_fast",0.566398891966759,0.8,0.536723163841808
"68d47ceef9cefe423772219f","2_4",1,1,"1_1","1",6,"2.4_right_fast",0.518938053097345,0.4,0.675141242937853
"68d47ceef9cefe423772219f","2_4",1,1,"1_2","1",6,"2.4_right_fast",0.518938053097345,0.4,0.675141242937853
"68d47ceef9cefe423772219f","2_4",1,1,"1_3","1",6,"2.4_right_fast",0.518938053097345,0.4,0.675141242937853
"68d47ceef9cefe423772219f","2_4",1,1,"1_4","1",6,"2.4_right_fast",0.518938053097345,0.4,0.675141242937853
"68d47ceef9cefe423772219f","2_4",1,1,"1_5","0",6,"2.4_right_fast",0.518938053097345,0.4,0.675141242937853
"68d47ceef9cefe423772219f","2_2",0,1,"1_1","1",6,"2.2_wrong_fast",0.566398891966759,0.6,0.536723163841808
"68d47ceef9cefe423772219f","2_2",0,1,"1_2","0",6,"2.2_wrong_fast",0.566398891966759,0.6,0.536723163841808
"68d47ceef9cefe423772219f","2_2",0,1,"1_3","0",6,"2.2_wrong_fast",0.566398891966759,0.6,0.536723163841808
"68d47ceef9cefe423772219f","2_2",0,1,"1_4","0",6,"2.2_wrong_fast",0.566398891966759,0.6,0.536723163841808
"68d47ceef9cefe423772219f","2_2",0,1,"1_5","0",6,"2.2_wrong_fast",0.566398891966759,0.6,0.536723163841808
"68f162dee751e800eaf375ac","2_3",1,0,"1_1","1",13,"2.3_right_slow",0.577430167597765,0.25,0.446327683615819
"68f162dee751e800eaf375ac","2_3",1,0,"1_2","1",13,"2.3_right_slow",0.577430167597765,0.25,0.446327683615819
"68f162dee751e800eaf375ac","2_3",1,0,"1_3","1",13,"2.3_right_slow",0.577430167597765,0.25,0.446327683615819
"68f162dee751e800eaf375ac","2_3",1,0,"1_4","1",13,"2.3_right_slow",0.577430167597765,0.25,0.446327683615819
"68f162dee751e800eaf375ac","2_3",1,0,"1_5","1",13,"2.3_right_slow",0.577430167597765,0.25,0.446327683615819
"68f162dee751e800eaf375ac","2_5",1,0,"1_1","1",13,"2.5_right_slow",0.760870712401055,0.5,0.915254237288136
"68f162dee751e800eaf375ac","2_5",1,0,"1_2","1",13,"2.5_right_slow",0.760870712401055,0.5,0.915254237288136
"68f162dee751e800eaf375ac","2_5",1,0,"1_3","1",13,"2.5_right_slow",0.760870712401055,0.5,0.915254237288136
"68f162dee751e800eaf375ac","2_5",1,0,"1_4","1",13,"2.5_right_slow",0.760870712401055,0.5,0.915254237288136
"68f162dee751e800eaf375ac","2_5",1,0,"1_5","1",13,"2.5_right_slow",0.760870712401055,0.5,0.915254237288136
"68f162dee751e800eaf375ac","2_2",1,1,"1_1","1",13,"2.2_right_fast",0.566398891966759,0.5,0.536723163841808
"68f162dee751e800eaf375ac","2_2",1,1,"1_2","1",13,"2.2_right_fast",0.566398891966759,0.5,0.536723163841808
"68f162dee751e800eaf375ac","2_2",1,1,"1_3","1",13,"2.2_right_fast",0.566398891966759,0.5,0.536723163841808
"68f162dee751e800eaf375ac","2_2",1,1,"1_4","1",13,"2.2_right_fast",0.566398891966759,0.5,0.536723163841808
"68f162dee751e800eaf375ac","2_2",1,1,"1_5","1",13,"2.2_right_fast",0.566398891966759,0.5,0.536723163841808
"68f162dee751e800eaf375ac","2_3",1,1,"1_1","1",13,"2.3_right_fast",0.577430167597765,0.32,0.446327683615819
"68f162dee751e800eaf375ac","2_3",1,1,"1_2","1",13,"2.3_right_fast",0.577430167597765,0.32,0.446327683615819
"68f162dee751e800eaf375ac","2_3",1,1,"1_3","1",13,"2.3_right_fast",0.577430167597765,0.32,0.446327683615819
"68f162dee751e800eaf375ac","2_3",1,1,"1_4","1",13,"2.3_right_fast",0.577430167597765,0.32,0.446327683615819
"68f162dee751e800eaf375ac","2_3",1,1,"1_5","1",13,"2.3_right_fast",0.577430167597765,0.32,0.446327683615819
"68f162dee751e800eaf375ac","2_4",0,1,"1_1","1",13,"2.4_wrong_fast",0.518938053097345,0.3,0.675141242937853
"68f162dee751e800eaf375ac","2_4",0,1,"1_2","1",13,"2.4_wrong_fast",0.518938053097345,0.3,0.675141242937853
"68f162dee751e800eaf375ac","2_4",0,1,"1_3","1",13,"2.4_wrong_fast",0.518938053097345,0.3,0.675141242937853
"68f162dee751e800eaf375ac","2_4",0,1,"1_4","1",13,"2.4_wrong_fast",0.518938053097345,0.3,0.675141242937853
"68f162dee751e800eaf375ac","2_4",0,1,"1_5","1",13,"2.4_wrong_fast",0.518938053097345,0.3,0.675141242937853
"691248ae869389d0f017a135","2_1",1,0,"1_1","1",11,"2.1_right_slow",0.396726726726727,0.2,0.234463276836158
"691248ae869389d0f017a135","2_1",1,0,"1_2","1",11,"2.1_right_slow",0.396726726726727,0.2,0.234463276836158
"691248ae869389d0f017a135","2_1",1,0,"1_3","1",11,"2.1_right_slow",0.396726726726727,0.2,0.234463276836158
"691248ae869389d0f017a135","2_1",1,0,"1_4","1",11,"2.1_right_slow",0.396726726726727,0.2,0.234463276836158
"691248ae869389d0f017a135","2_1",1,0,"1_5","0",11,"2.1_right_slow",0.396726726726727,0.2,0.234463276836158
"691248ae869389d0f017a135","2_4",1,0,"1_1","1",11,"2.4_right_slow",0.518938053097345,0.5,0.675141242937853
"691248ae869389d0f017a135","2_4",1,0,"1_2","1",11,"2.4_right_slow",0.518938053097345,0.5,0.675141242937853
"691248ae869389d0f017a135","2_4",1,0,"1_3","1",11,"2.4_right_slow",0.518938053097345,0.5,0.675141242937853
"691248ae869389d0f017a135","2_4",1,0,"1_4","1",11,"2.4_right_slow",0.518938053097345,0.5,0.675141242937853
"691248ae869389d0f017a135","2_4",1,0,"1_5","0",11,"2.4_right_slow",0.518938053097345,0.5,0.675141242937853
"691248ae869389d0f017a135","2_3",0,0,"1_1","1",11,"2.3_wrong_slow",0.577430167597765,0.4,0.446327683615819
"691248ae869389d0f017a135","2_3",0,0,"1_2","1",11,"2.3_wrong_slow",0.577430167597765,0.4,0.446327683615819
"691248ae869389d0f017a135","2_3",0,0,"1_3","0",11,"2.3_wrong_slow",0.577430167597765,0.4,0.446327683615819
"691248ae869389d0f017a135","2_3",0,0,"1_4","0",11,"2.3_wrong_slow",0.577430167597765,0.4,0.446327683615819
"691248ae869389d0f017a135","2_3",0,0,"1_5","0",11,"2.3_wrong_slow",0.577430167597765,0.4,0.446327683615819
"691248ae869389d0f017a135","2_5",0,0,"1_1","1",11,"2.5_wrong_slow",0.760870712401055,0.92,0.915254237288136
"691248ae869389d0f017a135","2_5",0,0,"1_2","1",11,"2.5_wrong_slow",0.760870712401055,0.92,0.915254237288136
"691248ae869389d0f017a135","2_5",0,0,"1_3","1",11,"2.5_wrong_slow",0.760870712401055,0.92,0.915254237288136
"691248ae869389d0f017a135","2_5",0,0,"1_4","0",11,"2.5_wrong_slow",0.760870712401055,0.92,0.915254237288136
"691248ae869389d0f017a135","2_5",0,0,"1_5","0",11,"2.5_wrong_slow",0.760870712401055,0.92,0.915254237288136
"691248ae869389d0f017a135","2_5",0,1,"1_1","1",11,"2.5_wrong_fast",0.760870712401055,0.95,0.915254237288136
"691248ae869389d0f017a135","2_5",0,1,"1_2","1",11,"2.5_wrong_fast",0.760870712401055,0.95,0.915254237288136
"691248ae869389d0f017a135","2_5",0,1,"1_3","0",11,"2.5_wrong_fast",0.760870712401055,0.95,0.915254237288136
"691248ae869389d0f017a135","2_5",0,1,"1_4","0",11,"2.5_wrong_fast",0.760870712401055,0.95,0.915254237288136
"691248ae869389d0f017a135","2_5",0,1,"1_5","0",11,"2.5_wrong_fast",0.760870712401055,0.95,0.915254237288136
"6914e0900c27e175798f4983","2_3",1,0,"1_1","1",11,"2.3_right_slow",0.577430167597765,0.75,0.446327683615819
"6914e0900c27e175798f4983","2_3",1,0,"1_2","1",11,"2.3_right_slow",0.577430167597765,0.75,0.446327683615819
"6914e0900c27e175798f4983","2_3",1,0,"1_3","1",11,"2.3_right_slow",0.577430167597765,0.75,0.446327683615819
"6914e0900c27e175798f4983","2_3",1,0,"1_4","1",11,"2.3_right_slow",0.577430167597765,0.75,0.446327683615819
"6914e0900c27e175798f4983","2_3",1,0,"1_5","1",11,"2.3_right_slow",0.577430167597765,0.75,0.446327683615819
"6914e0900c27e175798f4983","2_1",1,1,"1_1","1",11,"2.1_right_fast",0.396726726726727,0.6,0.234463276836158
"6914e0900c27e175798f4983","2_1",1,1,"1_2","1",11,"2.1_right_fast",0.396726726726727,0.6,0.234463276836158
"6914e0900c27e175798f4983","2_1",1,1,"1_3","1",11,"2.1_right_fast",0.396726726726727,0.6,0.234463276836158
"6914e0900c27e175798f4983","2_1",1,1,"1_4","1",11,"2.1_right_fast",0.396726726726727,0.6,0.234463276836158
"6914e0900c27e175798f4983","2_1",1,1,"1_5","0",11,"2.1_right_fast",0.396726726726727,0.6,0.234463276836158
"6914e0900c27e175798f4983","2_3",1,1,"1_1","1",11,"2.3_right_fast",0.577430167597765,0.7,0.446327683615819
"6914e0900c27e175798f4983","2_3",1,1,"1_2","1",11,"2.3_right_fast",0.577430167597765,0.7,0.446327683615819
"6914e0900c27e175798f4983","2_3",1,1,"1_3","1",11,"2.3_right_fast",0.577430167597765,0.7,0.446327683615819
"6914e0900c27e175798f4983","2_3",1,1,"1_4","1",11,"2.3_right_fast",0.577430167597765,0.7,0.446327683615819
"6914e0900c27e175798f4983","2_3",1,1,"1_5","0",11,"2.3_right_fast",0.577430167597765,0.7,0.446327683615819
"6914e0900c27e175798f4983","2_5",1,1,"1_1","1",11,"2.5_right_fast",0.760870712401055,0.92,0.915254237288136
"6914e0900c27e175798f4983","2_5",1,1,"1_2","1",11,"2.5_right_fast",0.760870712401055,0.92,0.915254237288136
"6914e0900c27e175798f4983","2_5",1,1,"1_3","1",11,"2.5_right_fast",0.760870712401055,0.92,0.915254237288136
"6914e0900c27e175798f4983","2_5",1,1,"1_4","1",11,"2.5_right_fast",0.760870712401055,0.92,0.915254237288136
"6914e0900c27e175798f4983","2_5",1,1,"1_5","1",11,"2.5_right_fast",0.760870712401055,0.92,0.915254237288136
"6914e0900c27e175798f4983","2_3",0,1,"1_1","1",11,"2.3_wrong_fast",0.577430167597765,0.7,0.446327683615819
"6914e0900c27e175798f4983","2_3",0,1,"1_2","0",11,"2.3_wrong_fast",0.577430167597765,0.7,0.446327683615819
"6914e0900c27e175798f4983","2_3",0,1,"1_3","0",11,"2.3_wrong_fast",0.577430167597765,0.7,0.446327683615819
"6914e0900c27e175798f4983","2_3",0,1,"1_4","0",11,"2.3_wrong_fast",0.577430167597765,0.7,0.446327683615819
"6914e0900c27e175798f4983","2_3",0,1,"1_5","0",11,"2.3_wrong_fast",0.577430167597765,0.7,0.446327683615819
"69156cb681f0e747e992b388","2_2",1,0,"1_1","1",8,"2.2_right_slow",0.566398891966759,0.35,0.536723163841808
"69156cb681f0e747e992b388","2_2",1,0,"1_2","1",8,"2.2_right_slow",0.566398891966759,0.35,0.536723163841808
"69156cb681f0e747e992b388","2_2",1,0,"1_3","1",8,"2.2_right_slow",0.566398891966759,0.35,0.536723163841808
"69156cb681f0e747e992b388","2_2",1,0,"1_4","1",8,"2.2_right_slow",0.566398891966759,0.35,0.536723163841808
"69156cb681f0e747e992b388","2_2",1,0,"1_5","0",8,"2.2_right_slow",0.566398891966759,0.35,0.536723163841808
"69156cb681f0e747e992b388","2_2",0,0,"1_1","1",8,"2.2_wrong_slow",0.566398891966759,0.55,0.536723163841808
"69156cb681f0e747e992b388","2_2",0,0,"1_2","0",8,"2.2_wrong_slow",0.566398891966759,0.55,0.536723163841808
"69156cb681f0e747e992b388","2_2",0,0,"1_3","1",8,"2.2_wrong_slow",0.566398891966759,0.55,0.536723163841808
"69156cb681f0e747e992b388","2_2",0,0,"1_4","0",8,"2.2_wrong_slow",0.566398891966759,0.55,0.536723163841808
"69156cb681f0e747e992b388","2_2",0,0,"1_5","0",8,"2.2_wrong_slow",0.566398891966759,0.55,0.536723163841808
"69156cb681f0e747e992b388","2_4",0,0,"1_1","1",8,"2.4_wrong_slow",0.518938053097345,0.65,0.675141242937853
"69156cb681f0e747e992b388","2_4",0,0,"1_2","1",8,"2.4_wrong_slow",0.518938053097345,0.65,0.675141242937853
"69156cb681f0e747e992b388","2_4",0,0,"1_3","1",8,"2.4_wrong_slow",0.518938053097345,0.65,0.675141242937853
"69156cb681f0e747e992b388","2_4",0,0,"1_4","0",8,"2.4_wrong_slow",0.518938053097345,0.65,0.675141242937853
"69156cb681f0e747e992b388","2_4",0,0,"1_5","0",8,"2.4_wrong_slow",0.518938053097345,0.65,0.675141242937853
"69156cb681f0e747e992b388","2_3",1,1,"1_1","1",8,"2.3_right_fast",0.577430167597765,0.6,0.446327683615819
"69156cb681f0e747e992b388","2_3",1,1,"1_2","1",8,"2.3_right_fast",0.577430167597765,0.6,0.446327683615819
"69156cb681f0e747e992b388","2_3",1,1,"1_3","1",8,"2.3_right_fast",0.577430167597765,0.6,0.446327683615819
"69156cb681f0e747e992b388","2_3",1,1,"1_4","0",8,"2.3_right_fast",0.577430167597765,0.6,0.446327683615819
"69156cb681f0e747e992b388","2_3",1,1,"1_5","0",8,"2.3_right_fast",0.577430167597765,0.6,0.446327683615819
"69156cb681f0e747e992b388","2_1",0,1,"1_1","0",8,"2.1_wrong_fast",0.396726726726727,0.39,0.234463276836158
"69156cb681f0e747e992b388","2_1",0,1,"1_2","0",8,"2.1_wrong_fast",0.396726726726727,0.39,0.234463276836158
"69156cb681f0e747e992b388","2_1",0,1,"1_3","0",8,"2.1_wrong_fast",0.396726726726727,0.39,0.234463276836158
"69156cb681f0e747e992b388","2_1",0,1,"1_4","0",8,"2.1_wrong_fast",0.396726726726727,0.39,0.234463276836158
"69156cb681f0e747e992b388","2_1",0,1,"1_5","0",8,"2.1_wrong_fast",0.396726726726727,0.39,0.234463276836158
"691752dae4acdec500565976","2_3",1,0,"1_1","1",3,"2.3_right_slow",0.577430167597765,0.52,0.446327683615819
"691752dae4acdec500565976","2_3",1,0,"1_2","1",3,"2.3_right_slow",0.577430167597765,0.52,0.446327683615819
"691752dae4acdec500565976","2_3",1,0,"1_3","1",3,"2.3_right_slow",0.577430167597765,0.52,0.446327683615819
"691752dae4acdec500565976","2_3",1,0,"1_4","1",3,"2.3_right_slow",0.577430167597765,0.52,0.446327683615819
"691752dae4acdec500565976","2_3",1,0,"1_5","0",3,"2.3_right_slow",0.577430167597765,0.52,0.446327683615819
"691752dae4acdec500565976","2_2",0,0,"1_1","1",3,"2.2_wrong_slow",0.566398891966759,0.57,0.536723163841808
"691752dae4acdec500565976","2_2",0,0,"1_2","0",3,"2.2_wrong_slow",0.566398891966759,0.57,0.536723163841808
"691752dae4acdec500565976","2_2",0,0,"1_3","0",3,"2.2_wrong_slow",0.566398891966759,0.57,0.536723163841808
"691752dae4acdec500565976","2_2",0,0,"1_4","0",3,"2.2_wrong_slow",0.566398891966759,0.57,0.536723163841808
"691752dae4acdec500565976","2_2",0,0,"1_5","0",3,"2.2_wrong_slow",0.566398891966759,0.57,0.536723163841808
"691752dae4acdec500565976","2_3",0,0,"1_1","1",3,"2.3_wrong_slow",0.577430167597765,0.65,0.446327683615819
"691752dae4acdec500565976","2_3",0,0,"1_2","0",3,"2.3_wrong_slow",0.577430167597765,0.65,0.446327683615819
"691752dae4acdec500565976","2_3",0,0,"1_3","0",3,"2.3_wrong_slow",0.577430167597765,0.65,0.446327683615819
"691752dae4acdec500565976","2_3",0,0,"1_4","0",3,"2.3_wrong_slow",0.577430167597765,0.65,0.446327683615819
"691752dae4acdec500565976","2_3",0,0,"1_5","0",3,"2.3_wrong_slow",0.577430167597765,0.65,0.446327683615819
"691752dae4acdec500565976","2_4",1,1,"1_1","1",3,"2.4_right_fast",0.518938053097345,0.55,0.675141242937853
"691752dae4acdec500565976","2_4",1,1,"1_2","1",3,"2.4_right_fast",0.518938053097345,0.55,0.675141242937853
"691752dae4acdec500565976","2_4",1,1,"1_3","1",3,"2.4_right_fast",0.518938053097345,0.55,0.675141242937853
"691752dae4acdec500565976","2_4",1,1,"1_4","1",3,"2.4_right_fast",0.518938053097345,0.55,0.675141242937853
"691752dae4acdec500565976","2_4",1,1,"1_5","0",3,"2.4_right_fast",0.518938053097345,0.55,0.675141242937853
"691752dae4acdec500565976","2_5",1,1,"1_1","1",3,"2.5_right_fast",0.760870712401055,0.85,0.915254237288136
"691752dae4acdec500565976","2_5",1,1,"1_2","1",3,"2.5_right_fast",0.760870712401055,0.85,0.915254237288136
"691752dae4acdec500565976","2_5",1,1,"1_3","1",3,"2.5_right_fast",0.760870712401055,0.85,0.915254237288136
"691752dae4acdec500565976","2_5",1,1,"1_4","1",3,"2.5_right_fast",0.760870712401055,0.85,0.915254237288136
"691752dae4acdec500565976","2_5",1,1,"1_5","1",3,"2.5_right_fast",0.760870712401055,0.85,0.915254237288136
"691dced9f97f5138c31d2ab8","2_2",1,0,"1_1","1",9,"2.2_right_slow",0.566398891966759,0.55,0.536723163841808
"691dced9f97f5138c31d2ab8","2_2",1,0,"1_2","1",9,"2.2_right_slow",0.566398891966759,0.55,0.536723163841808
"691dced9f97f5138c31d2ab8","2_2",1,0,"1_3","1",9,"2.2_right_slow",0.566398891966759,0.55,0.536723163841808
"691dced9f97f5138c31d2ab8","2_2",1,0,"1_4","1",9,"2.2_right_slow",0.566398891966759,0.55,0.536723163841808
"691dced9f97f5138c31d2ab8","2_2",1,0,"1_5","0",9,"2.2_right_slow",0.566398891966759,0.55,0.536723163841808
"691dced9f97f5138c31d2ab8","2_4",0,0,"1_1","1",9,"2.4_wrong_slow",0.518938053097345,0.3,0.675141242937853
"691dced9f97f5138c31d2ab8","2_4",0,0,"1_2","0",9,"2.4_wrong_slow",0.518938053097345,0.3,0.675141242937853
"691dced9f97f5138c31d2ab8","2_4",0,0,"1_3","0",9,"2.4_wrong_slow",0.518938053097345,0.3,0.675141242937853
"691dced9f97f5138c31d2ab8","2_4",0,0,"1_4","0",9,"2.4_wrong_slow",0.518938053097345,0.3,0.675141242937853
"691dced9f97f5138c31d2ab8","2_4",0,0,"1_5","0",9,"2.4_wrong_slow",0.518938053097345,0.3,0.675141242937853
"691dced9f97f5138c31d2ab8","2_5",1,1,"1_1","1",9,"2.5_right_fast",0.760870712401055,0.9,0.915254237288136
"691dced9f97f5138c31d2ab8","2_5",1,1,"1_2","1",9,"2.5_right_fast",0.760870712401055,0.9,0.915254237288136
"691dced9f97f5138c31d2ab8","2_5",1,1,"1_3","1",9,"2.5_right_fast",0.760870712401055,0.9,0.915254237288136
"691dced9f97f5138c31d2ab8","2_5",1,1,"1_4","1",9,"2.5_right_fast",0.760870712401055,0.9,0.915254237288136
"691dced9f97f5138c31d2ab8","2_5",1,1,"1_5","1",9,"2.5_right_fast",0.760870712401055,0.9,0.915254237288136
"691dced9f97f5138c31d2ab8","2_3",0,1,"1_1","1",9,"2.3_wrong_fast",0.577430167597765,0.75,0.446327683615819
"691dced9f97f5138c31d2ab8","2_3",0,1,"1_2","0",9,"2.3_wrong_fast",0.577430167597765,0.75,0.446327683615819
"691dced9f97f5138c31d2ab8","2_3",0,1,"1_3","0",9,"2.3_wrong_fast",0.577430167597765,0.75,0.446327683615819
"691dced9f97f5138c31d2ab8","2_3",0,1,"1_4","1",9,"2.3_wrong_fast",0.577430167597765,0.75,0.446327683615819
"691dced9f97f5138c31d2ab8","2_3",0,1,"1_5","0",9,"2.3_wrong_fast",0.577430167597765,0.75,0.446327683615819
"691dced9f97f5138c31d2ab8","2_5",0,1,"1_1","1",9,"2.5_wrong_fast",0.760870712401055,0.75,0.915254237288136
"691dced9f97f5138c31d2ab8","2_5",0,1,"1_2","0",9,"2.5_wrong_fast",0.760870712401055,0.75,0.915254237288136
"691dced9f97f5138c31d2ab8","2_5",0,1,"1_3","1",9,"2.5_wrong_fast",0.760870712401055,0.75,0.915254237288136
"691dced9f97f5138c31d2ab8","2_5",0,1,"1_4","1",9,"2.5_wrong_fast",0.760870712401055,0.75,0.915254237288136
"691dced9f97f5138c31d2ab8","2_5",0,1,"1_5","0",9,"2.5_wrong_fast",0.760870712401055,0.75,0.915254237288136
"691e246aacdd6da848319345","2_4",1,0,"1_1","1",10,"2.4_right_slow",0.518938053097345,0.69,0.675141242937853
"691e246aacdd6da848319345","2_4",1,0,"1_2","1",10,"2.4_right_slow",0.518938053097345,0.69,0.675141242937853
"691e246aacdd6da848319345","2_4",1,0,"1_3","0",10,"2.4_right_slow",0.518938053097345,0.69,0.675141242937853
"691e246aacdd6da848319345","2_4",1,0,"1_4","1",10,"2.4_right_slow",0.518938053097345,0.69,0.675141242937853
"691e246aacdd6da848319345","2_4",1,0,"1_5","0",10,"2.4_right_slow",0.518938053097345,0.69,0.675141242937853
"691e246aacdd6da848319345","2_2",0,0,"1_1","0",10,"2.2_wrong_slow",0.566398891966759,0.96,0.536723163841808
"691e246aacdd6da848319345","2_2",0,0,"1_2","0",10,"2.2_wrong_slow",0.566398891966759,0.96,0.536723163841808
"691e246aacdd6da848319345","2_2",0,0,"1_3","0",10,"2.2_wrong_slow",0.566398891966759,0.96,0.536723163841808
"691e246aacdd6da848319345","2_2",0,0,"1_4","1",10,"2.2_wrong_slow",0.566398891966759,0.96,0.536723163841808
"691e246aacdd6da848319345","2_2",0,0,"1_5","0",10,"2.2_wrong_slow",0.566398891966759,0.96,0.536723163841808
"691e246aacdd6da848319345","2_4",0,0,"1_1","0",10,"2.4_wrong_slow",0.518938053097345,0.82,0.675141242937853
"691e246aacdd6da848319345","2_4",0,0,"1_2","0",10,"2.4_wrong_slow",0.518938053097345,0.82,0.675141242937853
"691e246aacdd6da848319345","2_4",0,0,"1_3","0",10,"2.4_wrong_slow",0.518938053097345,0.82,0.675141242937853
"691e246aacdd6da848319345","2_4",0,0,"1_4","0",10,"2.4_wrong_slow",0.518938053097345,0.82,0.675141242937853
"691e246aacdd6da848319345","2_4",0,0,"1_5","0",10,"2.4_wrong_slow",0.518938053097345,0.82,0.675141242937853
"691e246aacdd6da848319345","2_1",0,1,"1_1","0",10,"2.1_wrong_fast",0.396726726726727,0.89,0.234463276836158
"691e246aacdd6da848319345","2_1",0,1,"1_2","0",10,"2.1_wrong_fast",0.396726726726727,0.89,0.234463276836158
"691e246aacdd6da848319345","2_1",0,1,"1_3","0",10,"2.1_wrong_fast",0.396726726726727,0.89,0.234463276836158
"691e246aacdd6da848319345","2_1",0,1,"1_4","1",10,"2.1_wrong_fast",0.396726726726727,0.89,0.234463276836158
"691e246aacdd6da848319345","2_1",0,1,"1_5","0",10,"2.1_wrong_fast",0.396726726726727,0.89,0.234463276836158
"691e246aacdd6da848319345","2_3",0,1,"1_1","0",10,"2.3_wrong_fast",0.577430167597765,0.94,0.446327683615819
"691e246aacdd6da848319345","2_3",0,1,"1_2","0",10,"2.3_wrong_fast",0.577430167597765,0.94,0.446327683615819
"691e246aacdd6da848319345","2_3",0,1,"1_3","0",10,"2.3_wrong_fast",0.577430167597765,0.94,0.446327683615819
"691e246aacdd6da848319345","2_3",0,1,"1_4","0",10,"2.3_wrong_fast",0.577430167597765,0.94,0.446327683615819
"691e246aacdd6da848319345","2_3",0,1,"1_5","0",10,"2.3_wrong_fast",0.577430167597765,0.94,0.446327683615819
"69260c4b906d9de7bf60ad13","2_1",1,0,"1_1","1",4,"2.1_right_slow",0.396726726726727,0.24,0.234463276836158
"69260c4b906d9de7bf60ad13","2_1",1,0,"1_2","0",4,"2.1_right_slow",0.396726726726727,0.24,0.234463276836158
"69260c4b906d9de7bf60ad13","2_1",1,0,"1_3","0",4,"2.1_right_slow",0.396726726726727,0.24,0.234463276836158
"69260c4b906d9de7bf60ad13","2_1",1,0,"1_4","1",4,"2.1_right_slow",0.396726726726727,0.24,0.234463276836158
"69260c4b906d9de7bf60ad13","2_1",1,0,"1_5","0",4,"2.1_right_slow",0.396726726726727,0.24,0.234463276836158
"69260c4b906d9de7bf60ad13","2_3",1,0,"1_1","1",4,"2.3_right_slow",0.577430167597765,0.59,0.446327683615819
"69260c4b906d9de7bf60ad13","2_3",1,0,"1_2","1",4,"2.3_right_slow",0.577430167597765,0.59,0.446327683615819
"69260c4b906d9de7bf60ad13","2_3",1,0,"1_3","1",4,"2.3_right_slow",0.577430167597765,0.59,0.446327683615819
"69260c4b906d9de7bf60ad13","2_3",1,0,"1_4","1",4,"2.3_right_slow",0.577430167597765,0.59,0.446327683615819
"69260c4b906d9de7bf60ad13","2_3",1,0,"1_5","0",4,"2.3_right_slow",0.577430167597765,0.59,0.446327683615819
"69260c4b906d9de7bf60ad13","2_4",1,0,"1_1","1",4,"2.4_right_slow",0.518938053097345,0.5,0.675141242937853
"69260c4b906d9de7bf60ad13","2_4",1,0,"1_2","0",4,"2.4_right_slow",0.518938053097345,0.5,0.675141242937853
"69260c4b906d9de7bf60ad13","2_4",1,0,"1_3","0",4,"2.4_right_slow",0.518938053097345,0.5,0.675141242937853
"69260c4b906d9de7bf60ad13","2_4",1,0,"1_4","1",4,"2.4_right_slow",0.518938053097345,0.5,0.675141242937853
"69260c4b906d9de7bf60ad13","2_4",1,0,"1_5","0",4,"2.4_right_slow",0.518938053097345,0.5,0.675141242937853
"69260c4b906d9de7bf60ad13","2_1",0,0,"1_1","1",4,"2.1_wrong_slow",0.396726726726727,0.31,0.234463276836158
"69260c4b906d9de7bf60ad13","2_1",0,0,"1_2","0",4,"2.1_wrong_slow",0.396726726726727,0.31,0.234463276836158
"69260c4b906d9de7bf60ad13","2_1",0,0,"1_3","0",4,"2.1_wrong_slow",0.396726726726727,0.31,0.234463276836158
"69260c4b906d9de7bf60ad13","2_1",0,0,"1_4","0",4,"2.1_wrong_slow",0.396726726726727,0.31,0.234463276836158
"69260c4b906d9de7bf60ad13","2_1",0,0,"1_5","0",4,"2.1_wrong_slow",0.396726726726727,0.31,0.234463276836158
"69260c4b906d9de7bf60ad13","2_5",1,1,"1_1","1",4,"2.5_right_fast",0.760870712401055,0.84,0.915254237288136
"69260c4b906d9de7bf60ad13","2_5",1,1,"1_2","1",4,"2.5_right_fast",0.760870712401055,0.84,0.915254237288136
"69260c4b906d9de7bf60ad13","2_5",1,1,"1_3","1",4,"2.5_right_fast",0.760870712401055,0.84,0.915254237288136
"69260c4b906d9de7bf60ad13","2_5",1,1,"1_4","1",4,"2.5_right_fast",0.760870712401055,0.84,0.915254237288136
"69260c4b906d9de7bf60ad13","2_5",1,1,"1_5","1",4,"2.5_right_fast",0.760870712401055,0.84,0.915254237288136
"692769aaa410d44da4ce718b","2_1",1,0,"1_1","1",10,"2.1_right_slow",0.396726726726727,0.26,0.234463276836158
"692769aaa410d44da4ce718b","2_1",1,0,"1_2","1",10,"2.1_right_slow",0.396726726726727,0.26,0.234463276836158
"692769aaa410d44da4ce718b","2_1",1,0,"1_3","1",10,"2.1_right_slow",0.396726726726727,0.26,0.234463276836158
"692769aaa410d44da4ce718b","2_1",1,0,"1_4","1",10,"2.1_right_slow",0.396726726726727,0.26,0.234463276836158
"692769aaa410d44da4ce718b","2_1",1,0,"1_5","0",10,"2.1_right_slow",0.396726726726727,0.26,0.234463276836158
"692769aaa410d44da4ce718b","2_4",1,0,"1_1","1",10,"2.4_right_slow",0.518938053097345,0.4,0.675141242937853
"692769aaa410d44da4ce718b","2_4",1,0,"1_2","1",10,"2.4_right_slow",0.518938053097345,0.4,0.675141242937853
"692769aaa410d44da4ce718b","2_4",1,0,"1_3","0",10,"2.4_right_slow",0.518938053097345,0.4,0.675141242937853
"692769aaa410d44da4ce718b","2_4",1,0,"1_4","1",10,"2.4_right_slow",0.518938053097345,0.4,0.675141242937853
"692769aaa410d44da4ce718b","2_4",1,0,"1_5","0",10,"2.4_right_slow",0.518938053097345,0.4,0.675141242937853
"692769aaa410d44da4ce718b","2_2",0,0,"1_1","1",10,"2.2_wrong_slow",0.566398891966759,0.8,0.536723163841808
"692769aaa410d44da4ce718b","2_2",0,0,"1_2","0",10,"2.2_wrong_slow",0.566398891966759,0.8,0.536723163841808
"692769aaa410d44da4ce718b","2_2",0,0,"1_3","1",10,"2.2_wrong_slow",0.566398891966759,0.8,0.536723163841808
"692769aaa410d44da4ce718b","2_2",0,0,"1_4","1",10,"2.2_wrong_slow",0.566398891966759,0.8,0.536723163841808
"692769aaa410d44da4ce718b","2_2",0,0,"1_5","0",10,"2.2_wrong_slow",0.566398891966759,0.8,0.536723163841808
"692769aaa410d44da4ce718b","2_3",0,1,"1_1","1",10,"2.3_wrong_fast",0.577430167597765,0.9,0.446327683615819
"692769aaa410d44da4ce718b","2_3",0,1,"1_2","0",10,"2.3_wrong_fast",0.577430167597765,0.9,0.446327683615819
"692769aaa410d44da4ce718b","2_3",0,1,"1_3","0",10,"2.3_wrong_fast",0.577430167597765,0.9,0.446327683615819
"692769aaa410d44da4ce718b","2_3",0,1,"1_4","1",10,"2.3_wrong_fast",0.577430167597765,0.9,0.446327683615819
"692769aaa410d44da4ce718b","2_3",0,1,"1_5","0",10,"2.3_wrong_fast",0.577430167597765,0.9,0.446327683615819
"692769aaa410d44da4ce718b","2_4",0,1,"1_1","1",10,"2.4_wrong_fast",0.518938053097345,0.4,0.675141242937853
"692769aaa410d44da4ce718b","2_4",0,1,"1_2","0",10,"2.4_wrong_fast",0.518938053097345,0.4,0.675141242937853
"692769aaa410d44da4ce718b","2_4",0,1,"1_3","0",10,"2.4_wrong_fast",0.518938053097345,0.4,0.675141242937853
"692769aaa410d44da4ce718b","2_4",0,1,"1_4","0",10,"2.4_wrong_fast",0.518938053097345,0.4,0.675141242937853
"692769aaa410d44da4ce718b","2_4",0,1,"1_5","0",10,"2.4_wrong_fast",0.518938053097345,0.4,0.675141242937853
"6929d6581f54fd39c4c59891","2_4",1,0,"1_1","1",9,"2.4_right_slow",0.518938053097345,0.77,0.675141242937853
"6929d6581f54fd39c4c59891","2_4",1,0,"1_2","1",9,"2.4_right_slow",0.518938053097345,0.77,0.675141242937853
"6929d6581f54fd39c4c59891","2_4",1,0,"1_3","1",9,"2.4_right_slow",0.518938053097345,0.77,0.675141242937853
"6929d6581f54fd39c4c59891","2_4",1,0,"1_4","1",9,"2.4_right_slow",0.518938053097345,0.77,0.675141242937853
"6929d6581f54fd39c4c59891","2_4",1,0,"1_5","0",9,"2.4_right_slow",0.518938053097345,0.77,0.675141242937853
"6929d6581f54fd39c4c59891","2_3",1,1,"1_1","1",9,"2.3_right_fast",0.577430167597765,0.6,0.446327683615819
"6929d6581f54fd39c4c59891","2_3",1,1,"1_2","1",9,"2.3_right_fast",0.577430167597765,0.6,0.446327683615819
"6929d6581f54fd39c4c59891","2_3",1,1,"1_3","1",9,"2.3_right_fast",0.577430167597765,0.6,0.446327683615819
"6929d6581f54fd39c4c59891","2_3",1,1,"1_4","1",9,"2.3_right_fast",0.577430167597765,0.6,0.446327683615819
"6929d6581f54fd39c4c59891","2_3",1,1,"1_5","0",9,"2.3_right_fast",0.577430167597765,0.6,0.446327683615819
"6929d6581f54fd39c4c59891","2_5",1,1,"1_1","1",9,"2.5_right_fast",0.760870712401055,0.94,0.915254237288136
"6929d6581f54fd39c4c59891","2_5",1,1,"1_2","1",9,"2.5_right_fast",0.760870712401055,0.94,0.915254237288136
"6929d6581f54fd39c4c59891","2_5",1,1,"1_3","1",9,"2.5_right_fast",0.760870712401055,0.94,0.915254237288136
"6929d6581f54fd39c4c59891","2_5",1,1,"1_4","1",9,"2.5_right_fast",0.760870712401055,0.94,0.915254237288136
"6929d6581f54fd39c4c59891","2_5",1,1,"1_5","1",9,"2.5_right_fast",0.760870712401055,0.94,0.915254237288136
"6929d6581f54fd39c4c59891","2_2",0,1,"1_1","1",9,"2.2_wrong_fast",0.566398891966759,0.6,0.536723163841808
"6929d6581f54fd39c4c59891","2_2",0,1,"1_2","1",9,"2.2_wrong_fast",0.566398891966759,0.6,0.536723163841808
"6929d6581f54fd39c4c59891","2_2",0,1,"1_3","1",9,"2.2_wrong_fast",0.566398891966759,0.6,0.536723163841808
"6929d6581f54fd39c4c59891","2_2",0,1,"1_4","0",9,"2.2_wrong_fast",0.566398891966759,0.6,0.536723163841808
"6929d6581f54fd39c4c59891","2_2",0,1,"1_5","0",9,"2.2_wrong_fast",0.566398891966759,0.6,0.536723163841808
"6929d6581f54fd39c4c59891","2_4",0,1,"1_1","1",9,"2.4_wrong_fast",0.518938053097345,0.82,0.675141242937853
"6929d6581f54fd39c4c59891","2_4",0,1,"1_2","1",9,"2.4_wrong_fast",0.518938053097345,0.82,0.675141242937853
"6929d6581f54fd39c4c59891","2_4",0,1,"1_3","1",9,"2.4_wrong_fast",0.518938053097345,0.82,0.675141242937853
"6929d6581f54fd39c4c59891","2_4",0,1,"1_4","1",9,"2.4_wrong_fast",0.518938053097345,0.82,0.675141242937853
"6929d6581f54fd39c4c59891","2_4",0,1,"1_5","0",9,"2.4_wrong_fast",0.518938053097345,0.82,0.675141242937853
"6932f8200cc88ea0570aabba","2_4",1,0,"1_1","1",10,"2.4_right_slow",0.518938053097345,0.58,0.675141242937853
"6932f8200cc88ea0570aabba","2_4",1,0,"1_2","1",10,"2.4_right_slow",0.518938053097345,0.58,0.675141242937853
"6932f8200cc88ea0570aabba","2_4",1,0,"1_3","0",10,"2.4_right_slow",0.518938053097345,0.58,0.675141242937853
"6932f8200cc88ea0570aabba","2_4",1,0,"1_4","1",10,"2.4_right_slow",0.518938053097345,0.58,0.675141242937853
"6932f8200cc88ea0570aabba","2_4",1,0,"1_5","0",10,"2.4_right_slow",0.518938053097345,0.58,0.675141242937853
"6932f8200cc88ea0570aabba","2_5",1,0,"1_1","1",10,"2.5_right_slow",0.760870712401055,0.96,0.915254237288136
"6932f8200cc88ea0570aabba","2_5",1,0,"1_2","1",10,"2.5_right_slow",0.760870712401055,0.96,0.915254237288136
"6932f8200cc88ea0570aabba","2_5",1,0,"1_3","1",10,"2.5_right_slow",0.760870712401055,0.96,0.915254237288136
"6932f8200cc88ea0570aabba","2_5",1,0,"1_4","1",10,"2.5_right_slow",0.760870712401055,0.96,0.915254237288136
"6932f8200cc88ea0570aabba","2_5",1,0,"1_5","1",10,"2.5_right_slow",0.760870712401055,0.96,0.915254237288136
"6932f8200cc88ea0570aabba","2_3",0,0,"1_1","1",10,"2.3_wrong_slow",0.577430167597765,0.8,0.446327683615819
"6932f8200cc88ea0570aabba","2_3",0,0,"1_2","0",10,"2.3_wrong_slow",0.577430167597765,0.8,0.446327683615819
"6932f8200cc88ea0570aabba","2_3",0,0,"1_3","0",10,"2.3_wrong_slow",0.577430167597765,0.8,0.446327683615819
"6932f8200cc88ea0570aabba","2_3",0,0,"1_4","1",10,"2.3_wrong_slow",0.577430167597765,0.8,0.446327683615819
"6932f8200cc88ea0570aabba","2_3",0,0,"1_5","0",10,"2.3_wrong_slow",0.577430167597765,0.8,0.446327683615819
"6932f8200cc88ea0570aabba","2_4",0,0,"1_1","0",10,"2.4_wrong_slow",0.518938053097345,0.64,0.675141242937853
"6932f8200cc88ea0570aabba","2_4",0,0,"1_2","0",10,"2.4_wrong_slow",0.518938053097345,0.64,0.675141242937853
"6932f8200cc88ea0570aabba","2_4",0,0,"1_3","0",10,"2.4_wrong_slow",0.518938053097345,0.64,0.675141242937853
"6932f8200cc88ea0570aabba","2_4",0,0,"1_4","0",10,"2.4_wrong_slow",0.518938053097345,0.64,0.675141242937853
"6932f8200cc88ea0570aabba","2_4",0,0,"1_5","0",10,"2.4_wrong_slow",0.518938053097345,0.64,0.675141242937853
"6932f8200cc88ea0570aabba","2_1",0,1,"1_1","1",10,"2.1_wrong_fast",0.396726726726727,0.73,0.234463276836158
"6932f8200cc88ea0570aabba","2_1",0,1,"1_2","0",10,"2.1_wrong_fast",0.396726726726727,0.73,0.234463276836158
"6932f8200cc88ea0570aabba","2_1",0,1,"1_3","0",10,"2.1_wrong_fast",0.396726726726727,0.73,0.234463276836158
"6932f8200cc88ea0570aabba","2_1",0,1,"1_4","1",10,"2.1_wrong_fast",0.396726726726727,0.73,0.234463276836158
"6932f8200cc88ea0570aabba","2_1",0,1,"1_5","0",10,"2.1_wrong_fast",0.396726726726727,0.73,0.234463276836158
"6938b8bae3f68aa762420d64","2_3",1,0,"1_1","1",9,"2.3_right_slow",0.577430167597765,0.15,0.446327683615819
"6938b8bae3f68aa762420d64","2_3",1,0,"1_2","1",9,"2.3_right_slow",0.577430167597765,0.15,0.446327683615819
"6938b8bae3f68aa762420d64","2_3",1,0,"1_3","1",9,"2.3_right_slow",0.577430167597765,0.15,0.446327683615819
"6938b8bae3f68aa762420d64","2_3",1,0,"1_4","1",9,"2.3_right_slow",0.577430167597765,0.15,0.446327683615819
"6938b8bae3f68aa762420d64","2_3",1,0,"1_5","0",9,"2.3_right_slow",0.577430167597765,0.15,0.446327683615819
"6938b8bae3f68aa762420d64","2_5",1,0,"1_1","1",9,"2.5_right_slow",0.760870712401055,0.5,0.915254237288136
"6938b8bae3f68aa762420d64","2_5",1,0,"1_2","1",9,"2.5_right_slow",0.760870712401055,0.5,0.915254237288136
"6938b8bae3f68aa762420d64","2_5",1,0,"1_3","1",9,"2.5_right_slow",0.760870712401055,0.5,0.915254237288136
"6938b8bae3f68aa762420d64","2_5",1,0,"1_4","1",9,"2.5_right_slow",0.760870712401055,0.5,0.915254237288136
"6938b8bae3f68aa762420d64","2_5",1,0,"1_5","1",9,"2.5_right_slow",0.760870712401055,0.5,0.915254237288136
"6938b8bae3f68aa762420d64","2_5",0,0,"1_1","1",9,"2.5_wrong_slow",0.760870712401055,0.5,0.915254237288136
"6938b8bae3f68aa762420d64","2_5",0,0,"1_2","1",9,"2.5_wrong_slow",0.760870712401055,0.5,0.915254237288136
"6938b8bae3f68aa762420d64","2_5",0,0,"1_3","1",9,"2.5_wrong_slow",0.760870712401055,0.5,0.915254237288136
"6938b8bae3f68aa762420d64","2_5",0,0,"1_4","1",9,"2.5_wrong_slow",0.760870712401055,0.5,0.915254237288136
"6938b8bae3f68aa762420d64","2_5",0,0,"1_5","0",9,"2.5_wrong_slow",0.760870712401055,0.5,0.915254237288136
"6938b8bae3f68aa762420d64","2_1",1,1,"1_1","1",9,"2.1_right_fast",0.396726726726727,0.3,0.234463276836158
"6938b8bae3f68aa762420d64","2_1",1,1,"1_2","1",9,"2.1_right_fast",0.396726726726727,0.3,0.234463276836158
"6938b8bae3f68aa762420d64","2_1",1,1,"1_3","1",9,"2.1_right_fast",0.396726726726727,0.3,0.234463276836158
"6938b8bae3f68aa762420d64","2_1",1,1,"1_4","1",9,"2.1_right_fast",0.396726726726727,0.3,0.234463276836158
"6938b8bae3f68aa762420d64","2_1",1,1,"1_5","1",9,"2.1_right_fast",0.396726726726727,0.3,0.234463276836158
"6938b8bae3f68aa762420d64","2_2",0,1,"1_1","1",9,"2.2_wrong_fast",0.566398891966759,0.7,0.536723163841808
"6938b8bae3f68aa762420d64","2_2",0,1,"1_2","1",9,"2.2_wrong_fast",0.566398891966759,0.7,0.536723163841808
"6938b8bae3f68aa762420d64","2_2",0,1,"1_3","0",9,"2.2_wrong_fast",0.566398891966759,0.7,0.536723163841808
"6938b8bae3f68aa762420d64","2_2",0,1,"1_4","1",9,"2.2_wrong_fast",0.566398891966759,0.7,0.536723163841808
"6938b8bae3f68aa762420d64","2_2",0,1,"1_5","0",9,"2.2_wrong_fast",0.566398891966759,0.7,0.536723163841808
