"answer1_1","answer1_2","answer1_3","answer1_4","answer1_5","answer2_1","answer2_2","answer2_3","answer2_4","answer2_5","answer3_1","answer3_2","answer3_3","answer3_4","answer3_5","answer1000","time_on_question1_1","time_on_question1_2","time_on_question1_3","time_on_question1_4","time_on_question1_5","time_on_question2_1","time_on_question2_2","time_on_question2_3","time_on_question2_4","time_on_question2_5","time_on_question3_1","time_on_question3_2","time_on_question3_3","time_on_question3_4","time_on_question3_5","time_on_question1000","prolific_pid","quiz_phase_condition","answer1_1_mark","answer1_2_mark","answer1_3_mark","answer1_4_mark","answer1_5_mark","answer2_1_mark","answer2_2_mark","answer2_3_mark","answer2_4_mark","answer2_5_mark"
"821","4906","930","2300000","0","831","6807","938","106000000","0","633","0","0","0","555","0","10.01","20.30","22.21","27.10","40.00","10.38","16.15","21.06","26.86","40.00","10.27","20.00","20.00","20.00","5.47","40.00","66293da691cec8862619b1dc","SlowFast",1,1,1,0,0,1,1,1,0,0
"821","2597","922","0","9180","831","6900","914","3150000","82100","613","6501","920","0","89200","948000","18.96","9.89","24.63","40.00","38.06","18.59","15.80","13.72","20.65","30.40","13.48","14.37","12.41","20.00","19.00","28.33","6537fbfa80bf977dd6954d58","SlowFast",1,0,0,0,0,1,0,0,0,0
"821","5000","930","2030000","0","831","6800","938","2150000","0","633","6500","0","200000","10000","0","10.63","11.03","30.09","35.41","40.00","9.41","13.67","15.06","26.82","40.00","10.37","9.73","20.00","9.82","14.34","40.00","67816ff917d513a66eaadd01","SlowFast",1,0,1,0,0,1,0,1,0,0
"832","4906","1000","2300000","9200","831","7789","935","2500000","816666","633","7515","1000","182000","90000","1234444","20.47","25.11","15.06","36.70","26.92","10.68","16.61","18.81","18.08","18.88","9.21","17.85","20.86","25.96","19.41","38.03","67d1f6824f74bd16996512c0","FastSlow",0,1,0,0,0,1,0,0,0,0
"821","0","0","0","0","821","0","0","1600000","0","0","0","0","0","0","0","39.90","23.98","38.83","40.00","34.17","32.88","14.84","22.90","38.94","23.69","20.00","3.88","20.00","20.00","2.86","40.00","66ad1e08076381b48ffb7d79","SlowFast",1,0,0,0,0,0,0,0,0,0
"821","0","0","0","0","731","0","1000","0","0","653","7300","1016","2100000","0","0","14.04","40.00","40.00","40.00","40.00","16.62","20.00","12.10","20.00","20.00","28.74","20.07","18.65","36.77","40.00","40.00","5aa838354eecca0001de0a20","FastSlow",1,0,0,0,0,0,0,0,0,0
"521","4908","930","2370000","0","831","6807","938","3490000","0","633","6515","910","2820000","0","0","10.32","36.72","15.56","19.13","40.00","10.41","33.94","18.21","15.80","40.00","15.60","19.76","19.45","12.50","20.00","40.00","661c5d9450ded976adbd5b24","SlowFast",0,0,1,1,0,1,1,1,1,0
"821","4906","903","1020000","11687","431","6807","0","1060000","82254","633","6583","905","1010000","90233","1150000","8.48","15.31","28.21","27.47","38.18","11.71","15.97","20.00","12.01","19.58","8.66","14.29","18.31","8.86","11.64","29.86","5b7df1f09fcd3c00011904a4","FastSlow",1,1,0,0,0,0,1,0,0,0
"821","4906","830","2370000","92587","831","6807","938","3490000","82947","633","0","910","2820000","0","10001938","7.41","23.07","12.17","9.50","39.08","9.62","23.72","10.77","16.31","30.01","9.99","20.00","15.38","7.76","20.00","14.32","6672d841976c5e0961cc8883","SlowFast",1,1,0,1,0,1,1,1,1,1
"821","4960","930","23000","9200","831","6800","938","3490000","8220","633","6515","900","2820000","90000","9472894","13.69","37.86","32.91","38.34","38.95","17.05","37.94","22.75","19.33","36.26","17.87","14.74","18.84","15.47","17.71","36.48","6782b152b9f7ae9d753eebea","SlowFast",1,0,1,0,0,1,0,1,1,0
"821","4906","930","10200000","13850","831","6807","807","108000000","88823","633","6708","890","11100000","10087","5668896","8.14","22.65","13.39","14.86","8.92","8.06","16.03","4.98","10.44","8.34","12.80","5.18","11.94","8.33","5.19","6.74","654180b5d949b32a76c3b5fe","SlowFast",1,1,1,0,0,1,1,0,0,0
"821","4906","930","2370000","0","831","6807","938","3490000","10937","633","6515","910","2820000","0","0","20.66","28.31","28.48","28.09","40.00","14.09","22.34","21.47","23.16","27.83","14.21","17.45","15.75","17.54","20.00","40.00","68116e00179b99f42ab53257","SlowFast",1,1,1,1,0,1,1,1,1,0
"821","4906","930","92795","0","831","6807","938","2779000","0","633","6415","910","2820000","89763","0","5.80","16.40","14.68","6.83","40.00","5.70","10.32","11.92","16.29","20.00","6.07","7.83","7.28","15.48","21.45","40.00","672a4909b6dfbe6ba024ddeb","FastSlow",1,1,1,0,0,1,1,1,0,0
"821","4906","910","0","0","831","0","0","0","0","633","6515","0","2820000","0","0","15.06","26.39","37.80","40.00","40.00","11.87","20.00","20.00","20.00","20.00","13.31","26.95","40.00","25.89","40.00","40.00","5c0595bb1a20110001e9f1e1","FastSlow",1,1,0,0,0,1,0,0,0,0
"821","4905","930","237000","92573","831","6807","938","0","0","633","6515","910","2820000","90365","954303","15.59","18.05","22.66","30.14","31.18","14.45","11.81","13.49","20.00","20.00","10.49","11.86","13.14","18.70","17.85","39.59","65ea41d8c31c744b580de3ee","FastSlow",1,0,1,0,0,1,1,1,0,0
"821","5006","930","2370000","0","831","7007","938","3490000","0","633","6515","910","0","0","0","11.86","21.75","27.80","22.66","40.00","13.42","21.91","19.80","26.57","40.00","12.23","14.86","16.69","20.00","20.00","40.00","6938b8bae3f68aa762420d64","SlowFast",1,0,1,1,0,1,0,1,1,0
"821","4906","930","2370000","92575","831","6807","938","3490000","82947","633","6515","910","2820000","90366","0","16.52","12.37","21.67","18.76","13.34","8.70","7.28","8.24","15.26","15.75","6.10","9.90","7.46","14.49","11.84","40.00","650d9e7cc7ca0c04a4530515","SlowFast",1,1,1,1,1,1,1,1,1,1
"821","4906","930","23700000","924766","831","0","0","3490000","0","633","6515","911","2820000","90378","1054305676","11.88","19.74","30.23","23.45","38.23","14.52","20.00","20.00","15.01","20.00","8.62","20.87","27.26","13.07","36.03","39.13","60fdc72e09443e94b6697b62","FastSlow",1,1,1,0,0,1,0,0,1,0
"821","4906","930","2370000","0","831","6807","938","0","0","633","6415","910","2820000","0","0","5.64","12.67","22.03","20.74","40.00","7.95","16.88","8.11","20.00","20.00","8.04","14.17","17.87","25.20","40.00","40.00","677ad06ebf62b45f68bc3ed4","FastSlow",1,1,1,1,0,1,1,1,0,0
"821","5056","930","230000","0","831","6800","938","0","85436","633","6605","940","2820000","0","9543900","10.12","28.42","18.81","17.19","40.00","7.82","11.81","17.72","20.00","12.02","9.58","12.03","19.40","8.66","40.00","17.97","67a577bd526d53b904219c1d","FastSlow",1,0,1,0,0,1,0,1,0,0
"821","0","0","1000000","0","831","0","975","0","83999","633","6514","905","220000","10000","1200000","31.43","40.00","40.00","36.96","40.00","15.19","20.00","16.58","20.00","19.14","16.05","21.02","16.70","14.40","16.83","16.82","67018ddda66fca6195d1070f","FastSlow",1,0,0,0,0,1,0,0,0,0
"821","6540","930","0","1245677","831","0","938","3490000","0","633","0","0","2820000","0","0","27.61","27.06","31.90","40.00","27.92","11.93","40.00","11.62","20.43","6.56","12.66","18.87","20.00","14.38","4.49","40.00","678f46cd0f21903076471f34","SlowFast",1,0,1,0,0,1,0,1,1,0
"421","4806","930","0","0","831","0","938","0","0","0","0","0","0","0","0","16.74","30.07","22.32","40.00","40.00","31.76","40.00","25.37","40.00","40.00","20.00","20.00","20.00","20.00","20.00","40.00","66c30398cfdcf65e1ef278bf","SlowFast",0,0,1,0,0,1,0,1,0,0
"821","4907","921","2370000","0","831","3800","0","34900000","83000","633","6455","910","2820000","92000","10000000","16.91","22.30","36.91","32.89","40.00","11.13","18.95","20.00","19.76","11.55","9.54","18.33","22.33","18.60","12.75","25.39","6610ca6d1c7fe8e3861d0de2","FastSlow",1,0,0,1,0,1,0,0,0,0
"821","5216","1724","10200000","120605","831","0","0","1600000","0","633","6515","1020","11000000","164000","0","20.36","19.55","35.83","25.57","36.50","12.74","20.00","20.00","18.27","20.00","19.35","21.93","30.32","36.64","26.04","40.00","6560d73f80824412a8a74260","FastSlow",1,0,0,0,0,1,0,0,0,0
"800","3850","934","1587000","91234","842","7018","915","2400000","82451","0","7034","900","1992000","91023","100345","17.60","24.33","18.63","15.98","26.42","15.04","18.56","17.16","28.58","21.16","20.00","18.25","17.69","17.71","14.93","27.35","662aa4644d318829d42496b7","SlowFast",0,0,0,0,0,0,0,0,0,0
"821","4960","930","2270000","0","831","0","992","349000","0","633","6515","800","2820000","0","0","23.33","39.22","28.13","36.89","40.00","8.57","20.00","18.22","17.01","20.00","19.02","19.66","17.35","21.75","40.00","40.00","5aa2dcf36219a30001f57b7e","FastSlow",1,0,1,0,0,1,0,0,0,0
"821","4906","930","2370000","0","831","6807","938","3490000","0","633","6514","910","2820000","0","0","18.27","20.60","16.53","31.78","40.00","13.95","17.59","30.40","29.37","40.00","16.14","13.99","17.34","16.01","20.00","40.00","6914e0900c27e175798f4983","SlowFast",1,1,1,1,0,1,1,1,1,0
"821","4906","930","0","0","831","6807","938","0","0","633","0","0","0","0","0","15.67","19.58","16.93","40.00","40.00","10.95","17.43","17.41","20.00","20.00","17.66","40.00","40.00","40.00","40.00","40.00","6728c6de354d8cf555f41110","FastSlow",1,1,1,0,0,1,1,1,0,0
"821","4906","0","2370000","0","831","6807","940","3490000","0","633","0","0","2820000","0","0","14.41","30.78","40.00","17.78","40.00","12.89","27.77","31.48","20.09","40.00","13.67","20.00","20.00","11.54","20.00","40.00","5ec7e8a712268326deae8d87","SlowFast",1,1,0,1,0,1,1,0,1,0
"821","4906","930","10200000","91565","831","6807","938","3490000","83847","633","6565","910","2820000","90567","9787676","7.42","18.01","13.36","13.96","36.12","5.91","9.25","9.07","21.59","25.58","4.81","11.79","10.43","13.52","13.32","17.46","66fdadbaa3ff5e732278ad0e","SlowFast",1,1,1,0,0,1,1,1,1,0
"821","4906","1000","0","0","0","6750","938","3490000","0","633","6500","928","2820000","92000","2500000","17.07","27.24","33.59","40.00","40.00","19.12","18.05","17.74","16.91","20.00","20.55","17.00","19.24","12.97","27.09","30.59","67858bcf2e9aa77b0e98dbb7","FastSlow",1,1,0,0,0,0,0,1,1,0
"821","3901","930","2370000","0","831","6854","0","3490000","0","633","6615","923","2820000","91354","957539","18.56","30.47","23.61","30.60","40.00","12.76","17.85","20.00","17.82","20.00","15.79","37.35","11.50","24.36","19.88","37.51","67731108dbba1f283636d0e6","FastSlow",1,0,1,1,0,1,0,0,1,0
"821","4806","930","2370000","0","831","6806","938","3490000","0","633","6515","90366","0","0","0","23.13","26.89","22.58","30.96","40.00","24.49","22.54","38.59","26.80","40.00","12.46","17.54","5.46","20.00","20.00","40.00","66be4c98197a6d1a726134d4","SlowFast",1,0,1,1,0,1,0,1,1,0
"821","0","930","2370000","0","831","6807","938","1060000","0","633","6515","0","282000","0","0","15.54","40.00","29.89","29.32","40.00","21.93","30.85","21.98","24.54","40.00","12.42","15.91","20.00","12.88","20.00","40.00","6122f332c9f0e8bb1209dc7d","SlowFast",1,0,1,1,0,1,1,1,0,0
"821","4906","0","0","0","831","0","0","0","0","633","6515","910","0","0","0","12.51","33.84","40.00","40.00","40.00","14.12","20.00","20.00","20.00","20.00","12.78","28.81","37.49","40.00","40.00","40.00","666253e8c992de971c27b622","FastSlow",1,1,0,0,0,1,0,0,0,0
"821","4906","930","2370000","0","831","6807","938","3490000","0","633","6515","900","2820000","90026","0","6.54","15.20","14.26","25.94","40.00","4.96","9.55","16.31","17.62","20.00","10.00","6.85","22.81","17.20","30.99","40.00","671bbd54132abb33bed4a541","FastSlow",1,1,1,1,0,1,1,1,1,0
"821","4908","0","1020000","10000","731","6807","958","3490000","90000","533","6415","0","2020000","90000","27900000","12.53","27.64","40.00","38.74","35.95","13.77","19.94","34.24","18.16","18.81","18.74","15.19","20.00","14.33","15.34","30.20","67ad00ff0c1efab54a3a8c53","SlowFast",1,0,0,0,0,0,1,0,1,0
"821","4797","890","10000000","9463","831","8715","0","1900000","0","633","6505","916","10800000","9956","155896","20.55","24.14","28.31","33.11","29.95","18.22","5.77","20.00","19.66","20.00","17.99","22.55","19.75","25.71","24.78","32.55","673658d3f472f26f74885fe7","FastSlow",1,0,0,0,0,1,0,0,0,0
"821","5006","930","23700000","9694","831","0","938","3690000","0","633","7515","910","2820000","90256","0","11.34","20.45","9.70","29.66","36.37","6.30","20.00","12.37","18.12","20.00","13.54","18.29","20.52","22.87","25.23","40.00","6727af89081bd9f0e0d0973d","FastSlow",1,0,1,0,0,1,0,1,0,0
"821","4906","920","1020000","100000","831","6807","0","1060000","0","633","0","0","1010000","0","158753906","13.93","32.41","26.39","22.40","34.40","15.52","20.88","40.00","17.37","40.00","13.25","20.00","20.00","16.38","20.00","27.24","67e1cbba03e8e106c4823742","SlowFast",1,1,0,0,0,1,1,0,0,0
"821","5200","930","2900000","95622","838","6200","924","3500000","940000","633","6800","870","2800000","100000","9500000","13.39","11.12","29.48","18.22","22.00","14.69","5.97","7.94","7.53","11.97","10.90","6.03","12.37","15.28","12.54","22.94","66585ecc44201efc39f333bc","FastSlow",1,0,1,0,0,0,0,0,0,0
"821","4906","950","2370000","0","831","6807","938","34900000","0","606","6515","0","28200000","0","0","9.59","27.73","28.28","38.43","40.00","10.34","32.10","34.61","29.05","3.04","9.69","18.57","20.00","16.56","4.61","40.00","66fc681e947d5e7b1267b9bd","SlowFast",1,1,0,1,0,1,1,1,0,0
"821","4906","936","2370000","96528200","831","0","938","0","0","633","6515","910","1110000","90366","0","16.35","32.55","17.55","27.48","19.73","13.81","20.00","18.56","20.00","20.00","11.75","16.91","17.05","23.62","32.57","40.00","675ce427f72ea526d6083376","FastSlow",1,1,0,1,0,1,0,1,0,0
"821","0","930","2730000","92575","831","6807","938","34900000","0","633","6515","910","2820000","0","0","10.73","40.00","31.31","23.53","28.83","8.17","10.67","11.06","16.98","20.00","9.11","18.73","21.27","18.10","40.00","40.00","66294f63f8c6d8b938395572","FastSlow",1,0,1,0,1,1,1,1,0,0
"821","4990","900","100000","50000","529","3808","938","9900000","0","633","0","0","0","0","0","13.02","31.50","33.09","36.84","29.38","23.64","27.50","19.56","29.39","40.00","14.74","20.00","20.00","20.00","20.00","40.00","63d475f2b52ddc6fbab9ce52","SlowFast",1,0,0,0,0,0,0,1,0,0
"821","4906","930","23700000","902945","831","6807","938","34900000","82947","633","6515","0","2120000","8956","11345385","19.14","32.73","33.92","27.31","39.92","11.16","31.28","13.89","23.60","39.68","15.14","15.48","20.00","16.54","12.85","31.13","66999b706aa1ff4d31fa559a","SlowFast",1,1,1,0,0,1,1,1,0,1
"811","5006","940","2270000","0","831","6807","838","0","0","653","0","0","0","0","9542921","17.47","18.37","29.88","34.33","40.00","11.57","17.24","32.24","40.00","40.00","15.43","20.00","20.00","20.00","20.00","39.54","664f69a84a5c11cd7be673de","SlowFast",0,0,0,0,0,1,1,0,0,0
"821","4906","930","2370000","92577","831","6807","938","3490000","0","633","6515","910","2820000","90366","0","7.06","14.54","19.37","18.97","16.89","8.08","17.23","8.38","12.55","20.00","8.08","14.43","14.75","8.54","32.72","40.00","67aa52dcb66d138fca70a211","FastSlow",1,1,1,1,0,1,1,1,1,0
"821","4906","930","2370000","914390","831","6807","938","3490000","823421","633","6515","10235","2820000","92560","10923458","17.85","27.58","16.03","30.43","23.40","13.97","17.06","17.73","11.59","12.82","13.24","18.40","19.57","12.83","19.50","20.32","61094de0a1e19ace0ab9d34e","FastSlow",1,1,1,1,0,1,1,1,1,0
"821","0","930","10200000","0","831","6807","938","0","0","653","0","910","0","0","92575","17.46","40.00","28.02","22.10","40.00","18.60","29.29","28.35","40.00","40.00","18.19","20.00","18.97","20.00","20.00","10.45","67f2b914d702155cbc0a3a2c","SlowFast",1,0,1,0,0,1,1,1,0,0
"821","4906","830","10200000","0","831","6807","938","0","0","633","6515","910","2820000","0","0","12.07","29.64","36.52","34.21","40.00","8.66","17.45","19.17","20.00","20.00","8.59","23.41","15.90","19.81","40.00","40.00","678fb27da761658c9c8f2bd5","FastSlow",1,1,0,0,0,1,1,1,0,0
"821","4906","0","0","0","831","0","838","0","0","633","6515","982","2820000","0","100000000","19.92","30.11","40.00","40.00","40.00","18.57","20.00","18.07","20.00","20.00","27.65","23.45","36.54","27.30","40.00","32.47","672952039185e26840dba650","FastSlow",1,1,0,0,0,1,0,0,0,0
"821","4906","930","0","8","831","6807","938","1060000","3127","633","6515","292","0000","198","0","18.58","23.94","22.61","40.00","30.50","12.13","23.37","29.97","35.78","36.92","11.12","14.17","15.94","16.60","16.90","40.00","666bb3c2a3d285b44af2b25d","SlowFast",1,1,1,0,0,1,1,1,0,0
"811","3906","987","23700000","91485","731","3807","984","110000","81800","533","6405","970","2800000","89000","9600000","14.80","27.89","28.83","31.65","35.06","9.23","21.46","23.28","29.86","28.82","6.88","18.90","11.06","17.94","10.60","28.90","664493c2f8a40a43beacc839","SlowFast",0,0,0,0,0,0,0,0,0,0
"821","4906","920","2370000","0","831","6807","1037","3490000","0","633","6415","0","2820000","0","0","11.02","19.10","35.32","20.59","40.00","10.85","26.05","29.34","17.27","40.00","9.29","13.51","20.00","13.17","20.00","40.00","672a6f5fc7bda7ce7ce814a7","SlowFast",1,1,0,1,0,1,1,0,1,0
"821","0","930","2370000","11875","831","6807","938","0","0","633","0","910","2820000","0","0","17.45","40.00","30.12","30.98","30.25","12.23","18.26","17.09","20.00","20.00","15.16","40.00","15.96","26.75","40.00","40.00","665a234c97c127c4605a9be1","FastSlow",1,0,1,1,0,1,1,1,0,0
"831","5445","930","100000","11000","0","7457","10567","199888","45788","546","6578","856","234567","967899","100076","27.29","21.10","9.02","22.72","9.35","20.00","13.22","14.97","14.66","19.18","30.25","17.03","23.02","15.98","20.01","10.01","66d40e332be72e1fc3f10994","FastSlow",0,0,1,0,0,0,0,0,0,0
"841","0","104","111000000","0","739","680781","928","106000","0","633","11515","0","0","0","1000000000","36.01","40.00","10.96","35.92","40.00","16.14","22.70","25.15","23.30","40.00","14.28","19.58","20.00","20.00","20.00","11.62","671dda0e45e76f35ce05de62","SlowFast",0,0,0,0,0,0,0,0,0,0
"821","5106","938","102000000000","9288","831","6817","938","286000000","82344","613","6505","850","199000","91066","950000","14.38","31.56","37.37","18.33","26.17","8.64","19.78","24.83","17.59","26.59","15.18","18.94","18.27","13.05","12.06","24.99","667041824bfac26003bcc3cd","SlowFast",1,0,0,0,0,1,0,1,0,0
"821","4906","930","2370000","0","831","6807","938","3490000","0","633","6515","1610","2820000","90366","5943306","10.88","15.28","31.26","28.59","40.00","8.70","15.90","19.02","17.68","20.00","7.76","13.28","13.92","21.11","36.30","35.91","677454d2ffb9721d9469456a","FastSlow",1,1,1,1,0,1,1,1,1,0
"821","4906","930","2370000","0","831","0","938","0","0","633","6505","910","2820000","0","0","21.12","32.79","24.22","38.97","40.00","16.33","20.00","15.47","20.00","20.00","16.98","23.09","32.52","30.39","40.00","40.00","6929d6581f54fd39c4c59891","FastSlow",1,1,1,1,0,1,0,1,0,0
"821","0","930","0","0","831","6807","938","0","0","633","0","0","0","0","0","17.79","40.00","25.34","40.00","40.00","23.28","26.75","35.92","40.00","40.00","17.58","20.00","20.00","20.00","20.00","40.00","5e98e245aa25c6120f522a40","SlowFast",1,0,1,0,0,1,1,1,0,0
"821","4906","930","0","92504","831","6807","938","3490000","82947","633","0","6515","0","0","0","23.08","32.00","32.45","40.00","38.46","18.75","27.24","19.22","28.95","36.27","14.13","20.00","4.87","20.00","20.00","40.00","67ba6209a0c1d8cdbc36fe90","SlowFast",1,1,1,0,0,1,1,1,1,1
"821","4906","0","2370000","0","831","6807","938","3490000","0","633","6515","0","0","0","0","20.75","34.78","40.00","29.95","40.00","17.99","18.92","31.73","38.10","40.00","14.98","15.66","20.00","20.00","20.00","40.00","65c10da7fa8fd299fde6c305","SlowFast",1,1,0,1,0,1,1,1,1,0
"821","4907","0","9200000","3200","413","6800","934","26100000","810078","700","6500","0","290000000","90000","938000","32.70","34.06","40.00","28.24","39.08","12.88","16.61","35.88","37.13","31.32","6.87","14.30","20.00","15.83","15.82","23.54","65da8418470cd3b65bb2a415","SlowFast",1,0,0,0,0,0,0,0,0,0
"821","5006","930","102000000000","0","0","6807","938","0","0","633","7525","910","111000000000","0","0","9.66","15.92","14.97","20.98","40.00","20.00","19.98","16.31","20.00","20.00","10.16","30.28","15.87","13.00","40.00","40.00","60fdca90f099eae5d18ad2ef","FastSlow",1,0,1,0,0,0,1,1,0,0
"821","4906","930","9370000","0","831","6807","938","3490000","82947","633","6515","1610","2820000","0","0","16.00","21.16","25.53","23.82","40.00","12.09","14.88","16.48","18.81","38.54","12.02","13.31","18.03","18.13","20.00","40.00","66734cd5a99b7d4c18928ded","SlowFast",1,1,1,0,0,1,1,1,1,1
"821","4906","930","0","3587024","831","6807","75785","0","459382","633","6515","4567","2820000","346655","456758","11.59","26.08","15.97","40.00","20.98","10.43","14.99","11.34","20.00","11.05","13.84","17.81","7.33","18.23","9.10","9.93","66cb4f58e9880a1fcf7bf516","FastSlow",1,1,1,0,0,1,1,0,0,0
"524","7200","826","120000000","100000","688","8983","1000","45000000","129321","533","3592","2831","3299992","294929","140000000","6.33","12.22","8.71","15.82","7.69","7.78","6.83","6.91","8.14","8.71","3.96","4.34","7.10","5.29","4.38","8.32","663c96417cf7568733cd1b96","FastSlow",0,0,0,0,0,0,0,0,0,0
"821","4916","930","2370000","0","831","6807","938","3490000","0","633","6555","910","2120000","385950","0","15.30","36.53","19.96","18.52","40.00","14.25","20.79","26.69","25.53","40.00","10.25","17.90","16.25","12.80","17.95","40.00","67b795fcea3a1dba350ab9b4","SlowFast",1,0,1,1,0,1,1,1,1,0
"821","0","0","0","0","831","0","0","1060000","0","633","0","0","11100000","0","0","35.05","40.00","40.00","40.00","40.00","26.30","40.00","40.00","21.04","40.00","14.36","20.00","20.00","18.87","20.00","40.00","66a7cfbe34912bdc644b6bf5","SlowFast",1,0,0,0,0,1,0,0,0,0
"821","4906","932","0","0","831","6807","938","3600000","82937","633","6515","0","2820000","0","1642860","18.80","27.19","24.84","40.00","40.00","9.47","15.35","22.24","28.17","33.77","9.66","14.28","20.00","14.97","20.00","37.10","671725ffff36a50355a52513","SlowFast",1,1,0,0,0,1,1,1,0,0
"821","4906","930","1020000","92575","938","0","0","0","0","633","6515","910","2820000","0","0","39.15","32.23","19.01","28.71","29.17","5.64","20.00","20.00","20.00","20.00","16.76","18.69","15.07","34.56","40.00","40.00","67dec78617088acfae7e4475","FastSlow",1,1,1,0,1,0,0,0,0,0
"821","4906","330","2370000","0","831","0","938","0","0","633","6515","910","2820000","100000","0","11.82","27.58","20.87","37.83","40.00","10.26","20.00","19.05","20.00","20.00","12.76","18.61","24.24","19.12","15.92","40.00","67acd1abc7d32f21a3f7e58e","FastSlow",1,1,0,1,0,1,0,1,0,0
"821","0","930","0","0","831","0","0","0","0","633","6415","910","2820000","0","0","9.82","40.00","30.24","40.00","40.00","13.48","20.00","20.00","20.00","20.00","17.20","34.99","18.67","31.42","40.00","40.00","666a11d046107a56965a98f5","FastSlow",1,0,1,0,0,1,0,0,0,0
"813","48150","900","230000","93200","820","6800","949","110000000","94000","650","6500","16000","12000000","0","1100050","13.13","32.00","26.78","20.38","23.75","19.81","3.97","20.22","18.24","19.26","16.35","8.98","8.11","12.23","20.00","13.90","667bd5012a43ab2c51a565ce","SlowFast",0,0,0,0,0,0,0,0,0,0
"821","4896","930","2370000","0","831","6807","938","3490000","82947","633","0","910","0","0","9543300","9.75","15.83","12.13","23.64","40.00","14.66","25.34","20.24","27.39","33.99","15.58","20.00","19.35","20.00","20.00","38.29","6740b01583cadef1afebeb9d","SlowFast",1,0,1,1,0,1,1,1,1,1
"821","4906","930","2370000","0","0","6797","838","3400000","0","633","6598","940","2800000","89376","0","6.87","32.07","21.36","19.79","40.00","20.00","15.88","13.41","14.79","20.00","19.91","20.11","17.55","11.92","35.38","40.00","663cca6f32da191e05406d21","FastSlow",1,1,1,1,0,0,0,0,0,0
"830","4416","860","1020000","0","831","6707","440","102346","89320","667","0","360","102000","0","103677","31.24","32.72","25.89","26.39","40.00","29.87","28.36","17.90","24.61","26.20","19.02","20.00","18.45","15.09","20.00","31.10","65de86c4043910f19026eff9","SlowFast",0,0,0,0,0,1,0,0,0,0
"821","4906","930","2370000","0","831","6807","938","3490000","0","633","6615","910","2820000","0","0","15.40","15.84","35.95","27.30","40.00","11.56","15.15","22.87","23.48","40.00","8.87","15.96","18.15","15.08","20.00","40.00","5b9056617b384b0001d13167","SlowFast",1,1,1,1,0,1,1,1,1,0
"821","4906","890","2370000","94347","831","6807","938","3490000","0","633","6515","900","2820000","90366","0","8.92","16.26","26.30","20.69","39.79","10.46","18.27","16.02","15.54","20.00","9.58","12.57","15.20","24.73","34.60","40.00","63e548d24319702eba4fc949","FastSlow",1,1,0,1,0,1,1,1,1,0
"1341","4906","1100","2370000","92570","980","6780","0","1098","19870","633","7619","848","240000","9704","3490000","31.81","22.98","9.35","27.61","26.61","12.19","8.75","20.00","5.34","19.71","18.83","17.55","23.94","12.90","23.79","22.44","65e092624fd67570ea7e4c36","FastSlow",0,1,0,1,0,0,0,0,0,0
"821","5926","931","2300000","91322","831","6807","938","2779000","81110","633","6505","900","1010000","0","9499272","8.94","13.47","19.98","18.46","22.31","12.39","21.93","14.58","18.19","26.18","8.80","14.50","17.23","17.09","20.00","27.19","64011cde71c318c6af604b63","SlowFast",1,0,0,0,0,1,1,1,0,0
"821","6708","915","9200000","12200","829","0","1015","27790000","9000","643","6500","990","28200000","9492169","9480000","15.09","33.67","33.41","38.72","36.38","14.11","20.00","18.81","13.34","13.76","16.87","26.02","18.89","19.07","25.20","35.64","66315ae414ac11ed5a57e464","FastSlow",1,0,0,0,0,0,0,0,0,0
"821","4906","930","0","0","831","0","0","0","0","633","6515","0","0","0","0","12.57","22.19","36.13","40.00","40.00","8.78","20.00","20.00","20.00","20.00","12.80","20.14","40.00","40.00","40.00","40.00","68d47ceef9cefe423772219f","FastSlow",1,1,1,0,0,1,0,0,0,0
"821","4096","930","2370000","0","831","6807","938","0","0","633","6515","910","2820000","90366","0","11.95","18.36","17.18","17.42","40.00","10.38","18.72","11.16","20.00","20.00","14.85","13.67","18.54","17.16","28.02","40.00","67cb00c68ccef3da73b3cb06","FastSlow",1,0,1,1,0,1,1,1,0,0
"821","4926","964","23200000","12224","831","6787","1038","10600000","0","633","0","0","110000000","0","12300295","28.00","18.86","33.08","34.32","38.05","21.35","21.91","38.20","37.03","40.00","19.25","20.00","20.00","10.48","20.00","32.71","617452347986aeaf4d2e5278","SlowFast",1,0,0,0,0,1,0,0,0,0
"821","4906","930","237000","0","8311","0","0","0","0","633","6515","12875","1992000","934700","0","25.68","16.81","21.15","25.10","40.00","7.34","20.00","20.00","20.00","20.00","15.55","20.29","25.97","16.56","25.66","40.00","67e051d5736da524dbe7a0c1","FastSlow",1,1,1,0,0,0,0,0,0,0
"821","4900","1000","1000000000","11000","832","6700","900","3000000","82000","630","6500","799","2000000","10000","9500000","11.08","16.33","26.23","29.52","7.99","12.06","9.81","13.72","23.68","21.16","7.53","10.82","15.60","11.26","8.25","22.48","669d8b26896ecc9457727c9f","SlowFast",1,0,0,0,0,0,0,0,0,0
"821","4906","916","2370000","0","831","6807","937","3490000","82947","633","6515","0","0","0","0","16.83","33.04","31.67","23.06","40.00","7.81","20.36","20.93","17.86","35.12","16.25","15.08","20.00","20.00","20.00","40.00","66be86562465d56fd953fba2","SlowFast",1,1,0,1,0,1,1,0,1,1
"821","4906","930","2370000","0","831","6807","938","3490000","82947","633","6515","910","2820000","0","0","7.75","17.00","9.30","17.51","40.00","5.00","9.78","9.61","12.76","39.77","7.90","6.88","15.68","7.02","3.49","5.22","60ff23ed41f1414de8b3856b","SlowFast",1,1,1,1,0,1,1,1,1,1
"821","6000","930","1020000","90000","831","6807","928","1060000","82000","633","6532","988","0","89200","937555","17.31","36.18","25.99","25.43","26.94","15.88","26.36","27.34","19.66","30.54","18.28","19.48","15.87","20.00","16.20","36.94","6650ecda2657647b60a302eb","SlowFast",1,0,1,0,0,1,1,0,0,0
"821","4096","910","2300000","92675","831","6807","938","3490000","80947","633","6515","910","2820000","0","0","23.62","30.17","27.38","31.99","28.80","16.44","30.29","25.13","36.78","35.14","12.73","19.57","19.80","18.74","20.00","40.00","6657711e8946f4ed5f7a08a0","SlowFast",1,0,0,0,0,1,1,1,1,0
"821","0","930","10200000","0","831","6087","0","0","0","633","6515","910","2180000","882131","0","16.43","40.00","29.72","36.33","40.00","16.28","18.10","20.00","20.00","20.00","12.42","20.24","20.30","26.92","25.14","40.00","6119bdc932d9ebe82ea581e1","FastSlow",1,0,1,0,0,1,0,0,0,0
"821","4906","930","2370000","0","831","6807","938","3490000","0","633","6515","910","2820000","0","0","9.27","16.66","27.21","16.96","40.00","8.33","13.79","12.68","11.50","20.00","11.75","29.47","18.69","20.97","40.00","40.00","676c9fdb29eb6558c47a3a25","FastSlow",1,1,1,1,0,1,1,1,1,0
"0","4908","0","10000000","0","0","0","0","1060000","0","633","6515","0","0","0","0","40.00","38.98","40.00","38.34","40.00","20.00","20.00","20.00","14.56","20.00","22.27","30.02","40.00","40.00","40.00","40.00","671c4c21de66637aafff57a0","FastSlow",0,0,0,0,0,0,0,0,0,0
"821","0","930","0","0","831","6807","0","4900000","0","0","0","0","0","0","0","25.20","40.00","38.69","40.00","40.00","22.02","32.66","40.00","37.14","40.00","20.00","20.00","20.00","20.00","20.00","40.00","67a6cbe357e1acaf3c860247","SlowFast",1,0,1,0,0,1,1,0,0,0
"821","4906","1730","10200000","0","831","0","1838","106000000","0","633","6515","820","2820000","0","0","8.47","19.08","27.92","14.17","40.00","9.61","20.00","17.98","18.48","20.00","12.71","18.63","22.05","22.93","40.00","40.00","63b8342eb371f007b0651c7e","FastSlow",1,1,0,0,0,1,0,0,0,0
"821","4907","930","2370000","0","831","6787","938","2779000","83125","0","6515","830","0","93251","0","17.09","30.07","22.70","25.07","40.00","13.29","25.31","29.02","35.59","28.67","20.00","19.57","18.21","20.00","17.49","40.00","57dab7f721d77800018e42fe","SlowFast",1,0,1,1,0,1,0,1,0,0
"821","4906","928","237000000","93000","831","6807","438","3490000","0","633","6555","0","2880000","0","0","16.14","23.91","30.80","37.90","36.65","13.68","22.81","17.11","31.07","40.00","10.23","16.83","20.00","17.49","20.00","40.00","633485c40e46cf7e9a2f2ca1","SlowFast",1,1,0,0,0,1,1,0,1,0
"871","4906","0","2370000","0","831","6807","968","3490000","0","633","6515","0","0","0","0","12.21","31.82","40.00","27.86","40.00","16.34","19.23","19.42","29.44","40.00","12.98","17.86","20.00","20.00","20.00","40.00","66ff9b016d7e1f8c4632828f","SlowFast",0,1,0,1,0,1,1,0,1,0
"821","4906","0","9270000","0","831","6808","938","3490000","0","0","0","0","2820000","0","0","27.20","39.93","40.00","29.32","40.00","19.26","26.11","22.57","33.58","40.00","20.00","20.00","20.00","13.86","20.00","40.00","663a584a28c3c4f47601792c","SlowFast",1,1,0,0,0,1,0,1,1,0
"821","4905","920","2370000","92345","831","6807","1011","3490000","4536785","623","0","905","0","100543","23456712","23.59","25.71","19.04","35.50","21.01","27.54","15.35","13.63","29.74","25.81","12.48","20.00","9.37","20.00","19.13","13.96","66e982b2da4a8dde63eac56c","SlowFast",1,0,0,1,0,1,1,0,1,0
"821","4906","930","2370000","0","831","6811","0","3490000","0","633","6415","910","2820000","90556","954377","11.00","28.00","21.08","21.57","40.00","11.08","19.34","20.00","15.59","20.00","10.72","22.85","17.43","29.43","31.71","32.53","6612ef77c7b1e47ca2e9d346","FastSlow",1,1,1,1,0,1,0,0,1,0
"821","5337","1002","1370000","0","831","6707","999","0","864450","633","0","0","0","91455","1222000",NA,NA,NA,"36.24","40.00",NA,NA,NA,"40.00",NA,"18.16","20.00","20.00","20.00",NA,NA,"61109efff90b5bcc15b68b75","SlowFast",1,0,0,0,0,1,0,0,0,0
"821","4906","930","2370000","0","831","6807","938","3490000","0","633","6515","910","2820000","0","940000000","15.63","12.18","14.25","21.96","40.00","13.58",NA,"11.29","17.60","20.00",NA,"31.67",NA,"20.71","40.00","34.81","67ed7515c3602df172cbddbc","FastSlow",1,1,1,1,0,1,1,1,1,0
"821","3806","930","9200000","92630","731","3907","938","27790000","83000","533","6515","2820000","0","0","10179777","16.80","20.57","27.55","23.55","36.28","26.31","20.42","24.79","32.00","19.35","18.75","14.84","5.68","20.00","20.00","31.04","67eeddc6ad2e14ecc6dbe48a","SlowFast",1,0,1,0,0,0,0,1,0,0
"821","4916","930","2370000","91305","831","6807","938","0","0","633","6505","910","2820000","99530","0","17.42","36.96","21.16","27.22","39.15","14.40","18.01","15.19","20.00","20.00","10.09","16.70","12.57","20.40","30.16","40.00","65f48c6de41485ac8b284e83","FastSlow",1,0,1,1,0,1,1,1,0,0
"821","4869","800","240000","87356","829","45638","4378","380000","4567","634","6417","765","120000","491234","468382","7.77","22.27","26.35","10.59","17.30","6.79","11.86","10.84","9.06","3.32","6.36","13.88","5.08","8.51","6.20","5.42","66eb407e1ff22f0926073501","FastSlow",1,0,0,0,0,0,0,0,0,0
"821","4906","930","920000","91268","831","0","938","3490000","0","633","6515","910","2820000","0","1776548","17.65","18.48","19.55","25.53","36.00","17.29","20.00","14.67","16.51","20.00","19.97","15.42","15.71","14.87","40.00","9.22","67f302367b115d1edb94f0b0","FastSlow",1,1,1,0,0,1,0,1,1,0
"821","0","934","0","0","831","6807","938","3490000","0","633","6515","0","28200000","94321","0","8.76","40.00","25.44","40.00","40.00","17.77","29.72","22.91","21.75","40.00","12.32","19.99","20.00","18.36","17.21","40.00","65352328ddb089d098ab5d36","SlowFast",1,0,0,0,0,1,1,1,1,0
"821","4069","900","0","0","831","0","0","0","310","633","5555","865","11200000","0","0","20.10","16.43","37.09","40.00","40.00","11.44","20.00","20.00","20.00","19.75","8.26","9.54","26.81","23.96","40.00","40.00","65d41e7614f13a6598834a8b","FastSlow",1,0,0,0,0,1,0,0,0,0
"821","4940","930","2370000","0","831","6800","0","3490000","0","613","0","912","2820000","0","0","17.21","35.34","17.58","27.23","6.06","14.29","19.25","20.00","17.84","7.81","14.96","40.00","30.10","15.34","24.21","3.58","67411ab7d8d8a967ca1d86ab","FastSlow",1,0,1,1,0,1,0,0,1,0
"821","4986","930","2370000","93000","831","6807","938","3490000","82000","633","6555","914","0","0","9500000","9.86","32.10","18.09","32.15","31.40","10.89","21.72","22.89","25.03","5.84","8.43","13.95","12.40","20.00","20.00","30.71","677d27908064d9a59051cb91","SlowFast",1,0,1,1,0,1,1,1,1,0
"811","4906","955","2370000","92898","759","0","0","0","0","633","6515","910","2820000","90460","9543444","15.71","34.97","17.73","38.17","32.19","18.43","20.00","20.00","20.00","20.00","16.77","24.50","18.92","32.52","37.40","39.95","67ace9b8a3dada8f64274fd7","FastSlow",0,1,0,1,0,0,0,0,0,0
"821","4906","930","43700000","0","831","6807","938","3490000","0","633","6515","910","2820000","10666","0","14.10","14.16","24.26","34.92","40.00","13.29","13.01","14.91","20.00","20.00","11.35","17.82","20.51","20.27","30.27","40.00","66294a585f1cf3fdaeb80120","FastSlow",1,1,1,0,0,1,1,1,1,0
"821","4906","934","2370000","11945","831","6807","928","3490000","0","633","7615","942","2820000","87266","0","5.83","11.01","38.79","30.26","36.05","6.33","15.27","16.60","9.28","20.00","8.63","30.83","28.05","13.81","30.88","40.00","66a2fd3ddb8757da1068e932","FastSlow",1,1,0,1,0,1,1,0,1,0
"821","4906","920","2370000","92500","831","5807","938","0","0","633","6515","910","2830000","90000","9700000","10.82","26.20","12.41","13.59","35.94","13.17","16.22","10.60","20.00","20.00","11.52","24.34","18.61","20.51","36.41","34.24","65dba581504a6a75a4d6f016","FastSlow",1,1,0,1,0,1,0,1,0,0
"821","0","930","0","92000","831","6790","966","2790000","82000","633","0","0","19200000","0","0","14.15","40.00","28.90","40.00","25.68","15.42","14.74","7.01","14.44","13.10","9.47","20.00","20.00","10.49","20.00","40.00","671104a3b307bee2953cb286","SlowFast",1,0,1,0,0,1,0,0,0,0
"821","4906","920","23700000","119000","831","6807","938","3490000","81947","650","6500","900","2820000","0","9700000","29.86","33.49","29.48","37.05","36.28","9.79","17.19","11.34","21.05","35.37","11.54","14.08","8.04","13.16","20.00","37.35","664641bdbd41a76a83a835a8","SlowFast",1,1,0,0,0,1,1,1,1,0
"821","4906","910","237000","95575","831","6807","938","3490000","82450","633","6515","910","2820000","90354","9543100","13.95","30.48","33.64","29.30","39.28","12.58","11.70","15.70","16.32","16.52","7.59","11.56","14.90","10.34","17.87","28.98","692769aaa410d44da4ce718b","SlowFast",1,1,0,0,0,1,1,1,1,0
"821","5106","930","2300000","92420","831","6807","938","3490000","0","633","0","0","0","0","0","8.88","25.50","15.67","27.24","33.07","14.54","28.23","27.35","27.00","40.00","11.22","20.00","20.00","20.00","20.00","40.00","6155179d24f54c4bcca3c313","SlowFast",1,0,1,0,0,1,1,1,1,0
"821","4906","930","23700000","0","0","0","0","0","0","633","6515","910","2820000","90266","0","23.72","26.73","26.46","32.06","40.00","20.00","20.00","20.00","20.00","20.00","15.49","21.61","15.58","23.24","24.53","40.00","612df6ef33e1afb850d6d56f","FastSlow",1,1,1,0,0,0,0,0,0,0
"821","4802","230","0","0","821","0","838","0","0","633","6516","910","0","0","0","31.04","27.29","24.91","40.00","40.00","9.09","20.00","17.04","20.00","20.00","14.68","35.26","18.05","40.00","40.00","40.00","61083d0487d9041740853c17","FastSlow",1,0,0,0,0,0,0,0,0,0
"821","4906","930","2370000","92","831","6807","938","3490000","82947","633","7427","0","2820000","0","0","8.38","11.33","14.82","30.94","38.77","9.45","19.50","18.27","22.30","39.45","8.15","8.83","20.00","16.07","20.00","40.00","6612eae68ccfbae62a843c43","SlowFast",1,1,1,1,0,1,1,1,1,1
"821","4906","930","237000000","0","831","6807","938","0","82937","633","6515","0","0","0","9483412","9.28","29.02","23.35","39.15","40.00","13.26","34.90","16.55","40.00","36.29","15.18","17.76","20.00","20.00","20.00","39.98","672bd7268edc30919dbb118c","SlowFast",1,1,1,0,0,1,1,1,0,0
"821","4906","930","2370000","0","831","0","938","3490000","0","633","6451","920","2820000","0","0","18.19","34.01","31.15","21.43","40.00","15.77","20.00","15.43","13.90","20.00","9.82","23.46","17.64","16.32","40.00","40.00","67bca2520a799ae9507bc053","FastSlow",1,1,1,1,0,1,0,1,1,0
"411","4906","920","900000","95000","732","6700","1000","4000000","100000","650","7000","900","2800000","91000","1200000","11.51","32.26","12.41","12.61","26.30","18.25","12.99","13.53","17.66","13.25","6.96","9.22","8.72","10.28","11.12","13.58","5dea10b4446c9012dc5e3fe3","FastSlow",0,1,0,0,0,0,0,0,0,0
"821","4906","930","2370000","0","831","6807","938","3490000","82947","633","6515","910","0","0","0","6.70","13.67","15.49","28.27","40.00","6.85","18.10","8.76","22.41","24.84","6.42","11.86","12.87","20.00","20.00","40.00","657619485d6869976045a220","SlowFast",1,1,1,1,0,1,1,1,1,1
"812","5000","950","13000000","0","831","6900","938","10000000","11000","633","7000","870","11000000","100000","10000000","22.40","19.46","23.87","34.81","40.00","17.88","21.09","22.83","27.70","21.60","12.73","19.69","15.98","12.04","10.67","16.26","659575ef7daa54a6b78c9c9a","SlowFast",0,0,0,0,0,1,0,1,0,0
"821","4906","930","2370000","0","831","0","938","0","0","633","6515","910","2820000","0","0","16.41","30.65","21.91","29.41","40.00","12.21","20.00","16.18","20.00","20.00","12.28","13.72","26.84","25.49","40.00","40.00","66956649d7179281d46fa6f2","FastSlow",1,1,1,1,0,1,0,1,0,0
"821","0","0","2370000","0","831","0","839","0","0","663","0","0","0","0","1035688336","15.63","40.00","40.00","34.49","40.00","35.23","40.00","19.12","40.00","40.00","14.44","20.00","20.00","20.00","20.00","24.99","67bac250ddac167f36c7131d","SlowFast",1,0,0,1,0,1,0,0,0,0
"821","4906","930","2370000","93675","759","6807","938","3480000","82947","0","6515","910","0","80366","9543205","22.49","28.20","14.14","17.95","22.10","32.02","32.51","39.20","28.52","24.73","20.00","13.43","16.25","20.00","17.59","21.00","67ac5f2b94b08886739a0003","SlowFast",1,1,1,1,0,0,1,1,0,1
"821","4906","930","2300000","0","831","6807","938","3400000","0","633","6515","910","2800000","90366","0","13.43","26.20","20.79","19.23","40.00","10.15","17.02","14.78","16.82","20.00","9.54","19.06","13.50","11.69","33.71","40.00","663a5efc3be407346e417ff2","FastSlow",1,1,1,0,0,1,1,1,0,0
"821","4906","930","2370000","0","831","6807","938","3490000","82947","633","6515","0","0","0","0","14.92","28.18","30.61","39.85","40.00","18.80","24.62","20.08","31.61","32.40","14.22","17.65","20.00","20.00","20.00","40.00","676039cccf8fb8b221348fad","SlowFast",1,1,1,1,0,1,1,1,1,1
"821","4906","930","2370000","0","831","6807","938","0","0","633","6515","910","3820000","0","0","11.29","18.11","27.35","36.83","40.00","12.94","18.78","12.68","20.00","20.00","11.16","16.92","12.04","15.54","40.00","40.00","67283913f11cbfde51b17706","FastSlow",1,1,1,1,0,1,1,1,0,0
"821","4906","930","0","90000","839","0","0","0","0","633","0","916","2100000","0","0","25.28","37.48","36.85","40.00","39.96","14.65","20.00","20.00","20.00","20.00","15.66","40.00","17.28","23.54","40.00","40.00","67a4fbd7e4ebc02e050b7999","FastSlow",1,1,1,0,0,0,0,0,0,0
"821","4906","930","2370000","0","831","6807","938","3490000","83917","633","6515","900","2820000","0","9600000","10.24","17.77","17.34","21.65","40.00","8.97","20.75","14.98","15.34","32.34","6.18","18.23","13.31","11.53","20.00","30.92","672ed285dbe86b0a33526edd","SlowFast",1,1,1,1,0,1,1,1,1,0
"821","4906","930","2370000","92585","831","6807","938","34900000","0","633","6525","910","0","0","0",NA,NA,NA,NA,NA,NA,NA,NA,NA,"40.00",NA,NA,NA,"20.00","20.00","40.00","6721335ba6e4ffe7fc6d1ca1","SlowFast",1,1,1,1,0,1,1,1,0,0
"821","4906","930","1587000","92575","831","6807","938","2779000","82943","633","6515","0","1992000","0","0","13.40","38.33","33.89","35.88","34.02","30.09","36.41","32.48","25.77","38.18","16.40","18.94","20.00","17.12","20.00","40.00","679332b7a7378f8f63f9ab84","SlowFast",1,1,1,0,1,1,1,1,0,0
"821","4916","0","9200000","93288","831","6797","924","9600000","85012","700","6400","890","1200000","1260000","2000000","15.06","35.23","40.00","33.47","29.59","17.95","17.76","11.47","23.16","26.95","13.20","11.80","13.13","12.54","19.45","24.22","672931da14bedacc4b738eb7","SlowFast",1,0,0,0,0,1,0,0,0,0
"821","3900","930","2030000","92000","831","0","0","106000","10000000","633","6405","1000","19920000","10000","1000000","15.67","30.37","23.79","28.50","33.98","14.33","20.00","20.00","19.14","10.54","19.16","25.04","34.80","32.42","15.31","21.71","671b025545c22875c994d0bb","FastSlow",1,0,1,0,0,1,0,0,0,0
"0","4896","1034","1587000","0","731","0","0","27790000","0","633","6415","0","1920000","0","0","40.00","33.44","30.57","38.21","40.00","16.18","20.00","20.00","17.83","20.00","25.28","28.11","40.00","23.75","40.00","40.00","6776071db9b6ba9c5d3c522f","FastSlow",0,0,0,0,0,0,0,0,0,0
"821","4906","930","2370000","0","831","6807","940","3490000","0","633","6515","910","2820000","90365","0","9.53","21.93","14.92","22.22","40.00","11.27","17.58","12.43","19.50","20.00","17.50","21.73","19.93","16.81","31.86","40.00","65254790f0aa171541706462","FastSlow",1,1,1,1,0,1,1,0,1,0
"821","4901","999","2300000","93233","821","6807","938","3140000","11000","633","6515","910","2800000","10637","15000000","29.28","21.29","30.11","27.97","29.52","12.96","18.57","13.54","11.93","19.16","12.78","18.08","19.16","24.53","29.26","30.24","672eeebde600098b4b65d4a8","FastSlow",1,0,0,0,0,0,1,1,0,0
"821","5906","930","2370000","0","831","6707","939","3490000","82937","633","7515","900","2180000","88888","0","13.45","29.29","19.17","33.31","40.00","10.96","32.36","20.41","15.08","20.63","9.25","16.14","10.67","12.08","10.41","40.00","68c9a882ae915e833ed44824","SlowFast",1,0,1,1,0,1,0,0,1,0
"821","4906","930","10200000","92620","831","0","938","1060000","0","633","6515","900","1920000","0","0","11.91","20.18","28.98","27.88","36.84","10.58","20.00","13.63","14.59","20.00","12.99","22.43","22.66","25.63","40.00","40.00","63d7f363c1c417a758d5b4ea","FastSlow",1,1,1,0,0,1,0,1,0,0
"821","4896","0","0","0","831","0","0","0","0","633","6515","910","0","0","0","27.42","38.42","40.00","40.00","40.00","12.56","20.00","20.00","20.00","20.00","22.38","17.77","28.64","40.00","40.00","40.00","673ce1632b059d0015e64962","FastSlow",1,0,0,0,0,1,0,0,0,0
"821","4906","930","23700000","0","831","6807","938","2990000","0","633","6515","910","2820000","0","0","9.51","16.03","37.16","31.05","40.00","7.18","10.37","19.39","21.19","2.77","6.52","11.33","15.85","16.86","2.06","26.90","65628f277bcd810f66b36764","SlowFast",1,1,1,0,0,1,1,1,0,0
"821","4903","930","0","0","831","6807","938","3490000","0","643","0","0","2820000","0","0","12.32","30.87","30.13","40.00","40.00","11.22","29.54","20.09","26.92","6.07","16.14","20.00","20.00","18.73","3.48","5.63","66049315b5c325fdaafea8fa","SlowFast",1,0,1,0,0,1,1,1,1,0
"821","3906","309","15870000","91843","831","6907","1028","3400000","927","633","0","0","280000","0","9473000","16.62","21.48","26.16","14.72","27.23","16.41","18.43","33.56","18.15","37.67","12.47","20.00","20.00","17.06","20.00","31.56","65e630e4777c8e3ac50b9aea","SlowFast",1,0,0,0,0,1,0,0,0,0
"821","5006","930","23700000","92390","841","6797","938","34900000","0","633","6515","916","0","0","1350000","12.06","31.83","16.16","37.62","31.24","15.03","37.66","11.52","31.02","40.00","8.45","12.51","14.86","20.00","20.00","25.29","665cdbb9278577e5acd6dafd","SlowFast",1,0,1,0,0,0,0,1,0,0
"821","5000","900","2370000","93000","831","0","0","0","83300","613","6515","914","2180000","90700","0","22.88","39.71","35.59","36.83","19.67","16.53","20.00","20.00","20.00","14.45","31.57","32.01","20.39","38.60","24.15","40.00","659adacdf086ca557624a3ee","FastSlow",1,0,0,1,0,1,0,0,0,0
"821","4906","930","2370000","92575","831","6807","938","0","82947","633","6515","910","2820000","90366","0","6.58","10.49","8.31","15.43","32.71","9.19","11.18","8.90","20.00","16.84","5.26","8.82","4.35","13.02","26.29","40.00","67018d436b1fa744dfee9df0","FastSlow",1,1,1,1,1,1,1,1,0,1
"821","4806","930","0","0","831","6907","938","0","82727","633","6525","0","28200000","0","946291","9.98","34.70","15.31","40.00","40.00","11.07","29.60","17.71","40.00","39.28","9.70","17.31","20.00","17.64","20.00","29.13","680cd9ba4cb84b390a880c30","SlowFast",1,0,1,0,0,1,0,1,0,0
"821","4906","930","2470000","0","0","0","938","0","0","633","6515","910","2820000","89966","0","12.46","17.77","30.05","23.83","40.00","20.00","20.00","16.39","20.00","20.00","11.74","32.65","20.57","18.27","36.89","40.00","66985059ff08abc91b78325b","FastSlow",1,1,1,0,0,0,0,1,0,0
"821","4908","940","2370000","91948","829","0","938","0","0","633","6505","910","280000","0","1270000","10.06","35.05","25.23","28.63","38.73","16.44","20.00","18.65","20.00","20.00","9.82","17.46","17.80","18.52","40.00","23.64","5e9dc87fa311c01108463305","FastSlow",1,0,0,1,0,0,0,1,0,0
"821","4906","0","0","0","831","6807","0","0","0","0","0","0","0","0","0","20.46","28.82","40.00","40.00","40.00","14.24","33.95","40.00","40.00","40.00","20.00","20.00","20.00","20.00","20.00","40.00","665a2cdd103e514a43e3d5fc","SlowFast",1,1,0,0,0,1,1,0,0,0
"821","4906","1701","2270000","91340","831","6807","940","0","83000","633","6505","900","2820000","91000","11000000","14.03","28.31","17.33","28.75","26.66","9.14","19.71","19.23","20.00","17.63","12.75","15.98","18.02","19.21","14.03","15.58","5ecd78784dc5af0d97078c8b","FastSlow",1,1,0,0,0,1,1,0,0,0
"100","100","100","100","100","100","100","100","100","100","100","100","100","100","100","100","4.25","3.71","3.73","4.39","15.33","3.65","3.29","3.30","3.73","3.83","5.49","3.22","3.44","3.93","3.87","4.30","665773e884cedbe2cba4794e","SlowFast",0,0,0,0,0,0,0,0,0,0
"821","4903","876","103000000000","91437","831","6807","938","10800000000","82027","633","6504","802","101000000000","9500","939245","10.82","8.38","8.06","13.76","21.21","8.03","14.48","16.36","10.97","24.11","5.27","6.63","14.01","7.72","13.34","28.23","672ede539bd39a8deecc501d","SlowFast",1,0,0,0,0,1,1,1,0,0
"821","4906","930","0","0","831","6807","938","3490000","0","643","6515","910","2820000","0","0","11.72","12.93","18.98","40.00","40.00","18.17","14.29","14.03","17.93","20.00","9.18","22.23","14.71","14.37","40.00","40.00","678c51c4f4998df7a4eeaa3d","FastSlow",1,1,1,0,0,1,1,1,1,0
"921","4906","280","0","0","831","6807","0","1060000","0","633","6515","910","1020000","0","0","25.86","26.77","27.79","40.00","40.00","15.04","18.12","20.00","19.37","20.00","14.05","20.25","20.03","30.57","40.00","40.00","66310bce1a0c0e0801d40dd6","FastSlow",0,1,0,0,0,1,1,0,0,0
"821","4906","930","2370000","92567","831","6807","0","3490000","89653","633","6525","910","2890000","567895","10054772","18.24","28.18","26.29","31.87","36.98","11.77","16.64","20.00","16.66","8.66","29.41","25.09","28.37","23.29","11.56","20.70","67839a9f3657ad5351a92bb6","FastSlow",1,1,1,1,0,1,1,0,1,0
"821","4986","1489","15870000","11846","731","6807","938","37900000","810007","633","65000","950","29200000","0","1098340000","17.89","33.48","36.16","36.35","31.77","20.57","22.58","22.81","33.32","30.36","14.28","12.55","10.43","15.49","20.00","39.08","62d5d3fe0a7091a9b0586480","SlowFast",1,0,0,0,0,0,1,1,0,0
"821","4906","930","2370000","92575","831","6807","938","3490000","82947","633","6515","910","2820000","90366","0","13.89","16.39","16.19","40.00","31.66","14.87","16.63","26.28","32.24","25.49","13.78","14.96","16.67","20.00","20.00","40.00","67e90eccc1592e147e1e88b0","SlowFast",1,1,1,1,1,1,1,1,1,1
"821","4206","930","2370000","92540","831","6307","938","3490000","0","633","6515","910","2820000","90338","9543800","7.92","24.29","19.82","19.02","39.75","7.37","18.57","10.27","16.60","20.00","7.79","10.37","30.06","12.98","25.48","29.40","6932f8200cc88ea0570aabba","FastSlow",1,0,1,1,0,1,0,1,1,0
"821","4906","930","12000000","92535","831","6807","838","3490000","82947","633","0","908","1100000","0","0","9.96","17.97","16.27","31.46","35.84","15.42","32.22","18.42","32.51","36.28","14.84","20.00","17.20","19.27","20.00","40.00","69156cb681f0e747e992b388","SlowFast",1,1,1,0,0,1,1,0,1,1
"821","4906","930","2370000","0","831","6807","938","3490000","0","653","6515","914","2820000","0","0","9.81","12.50","27.35","19.35","40.00","13.43","15.43","28.42","12.72","40.00","8.81","15.86","17.45","11.90","20.00","40.00","68c9adf3ce921224388f11f1","SlowFast",1,1,1,1,0,1,1,1,1,0
"821","4908","1524","2370000","92750","831","6827","938","34900000","83400","533","0","988","0","89669","10000000","12.28","23.70","38.12","38.21","36.09","23.97","31.79","28.83","33.85","28.60","12.06","20.00","14.31","20.00","17.66","20.68","67f972620fdbfde234aa54ef","SlowFast",1,0,0,1,0,1,0,1,0,0
"821","4906","910","237000","0","831","6807","938","3490000","3120","643","6415","920","2820000","0","93523","14.34","29.85","33.87","32.11","40.00","9.20","15.76","5.01","15.36","37.67","10.93","16.36","17.08","10.52","20.00","32.94","6639ebf807878b4110374f02","SlowFast",1,1,0,0,0,1,1,1,1,0
"821","4906","930","2370000","0","831","6807","938","3490000","0","633","6515","910","2820000","0","0","15.58","15.64","25.33","24.96","40.00","12.95","17.89","18.79","15.91","20.00","11.41","13.64","17.03","22.29","40.00","40.00","65e77b8084a26a1e221bd436","FastSlow",1,1,1,1,0,1,1,1,1,0
"821","0","930","0","0","831","6807","938","0","0","613","6515","0","1110000","0","0","13.85","40.00","26.68","40.00","40.00","19.08","19.23","17.32","20.00","20.00","8.46","39.15","40.00","20.95","40.00","40.00","662f8a3bc02a7f164555439a","FastSlow",1,0,1,0,0,1,1,1,0,0
"821","3902","930","2370000","0","831","0","0","349000","0","633","6515","0","2820000","0","0","9.51","16.51","18.61","20.18","40.00","15.59","20.00","20.00",NA,"20.00","13.52","28.13","40.00","13.01","40.00","40.00","670181df01d5807d3bca5093","FastSlow",1,0,1,1,0,1,0,0,0,0
"821","48106","1630","101200000","0","821","67107","0","0","0","633","6515","15110","1100000","1215166","0","13.84","37.05","24.30","25.09","40.00","12.79","19.94","20.00","20.00","20.00","17.14","20.33","26.62","22.77",NA,"40.00","65ea3ad7b77c607619e7def6","FastSlow",1,0,0,0,0,0,0,0,0,0
"821","4906","930","2370000","92575","831","6807","0","8490000","0","633","6515","910","2820000","91485","0","6.60","14.10","13.42","12.59","36.85","9.50","11.74","20.00","17.78","20.00","9.36","27.48","17.73","9.17","29.06","40.00","5eb9be30dc83fb0e9107d418","FastSlow",1,1,1,1,1,1,1,0,0,0
"821","4900","950","2370000","92000","900","3800","930","3000000","83000","633","6505","900","200000","92000","12000000","31.13","23.08","18.94","32.72","30.57","15.60","17.07","14.85","15.97","15.02","19.44","16.67","13.93","26.25","22.69","25.86","5a82032017ef350001706e9a","FastSlow",1,0,0,1,0,0,0,0,0,0
"821","4986","0","10200000","106552","611","6791","934","11600000","0","633","0","0","21000000","0","0","17.56","26.22","40.00","22.60","24.52","13.21","11.81","21.83","17.30","40.00","9.99","20.00","20.00","11.68","20.00","40.00","65f684e029d7c63f3338aed7","SlowFast",1,0,0,0,0,0,0,0,0,0
"821","5806","960","2370000","11888000","831","6807","938","3490000","108947","633","6515","910","2920000","90550","932010","10.71","22.41","24.98","21.70","21.65","8.94","23.80","15.36","34.85","32.03","9.90","15.89","13.54","15.72","18.09","38.00","66298145eb6880569bc344b6","SlowFast",1,0,0,1,0,1,1,1,1,0
"821","4906","1003","0","0","831","6807","838","3490000","0","633","0","0","0","0","0","11.88","31.92","33.94","40.00","40.00","9.90","31.83","25.26","27.77","40.00","11.53","20.00","20.00","20.00","20.00","40.00","68bb75e3f99a5ad10b5c965a","SlowFast",1,1,0,0,0,1,1,0,1,0
"823","4890","926","4000000","93000","831","6780","973","1800000","93500","633","6500","914","0","90000","9600000","13.30","13.84","9.89","24.28","15.94","18.08","12.77","21.76","26.58","23.82","17.76","7.74","6.62","20.00","12.40","17.88","66e5ab0828cf6046bd8f1df1","SlowFast",0,0,0,0,0,1,0,0,0,0
"821","4906","0","2370000","0","0","0","938","0","0","633","6515","920","2820000","0","0","14.93","33.88","40.00","32.04","40.00","20.00","20.00","15.88","20.00","20.00","22.25","19.72","29.80","15.46","40.00","40.00","662d56e5cc343fb58134d622","FastSlow",1,1,0,1,0,0,0,1,0,0
"821","4906","930","22000000","92575","831","6807","938","0","82947","633","6515","910","2820000","90366","9448306","18.59","14.87","13.02","37.26","22.29","18.58","14.79","17.09","20.00","17.75","15.30","17.54","14.87","34.12","19.66","23.94","683667d92d0bfb2cf3f5c7a6","FastSlow",1,1,1,0,1,1,1,1,0,1
"821","4906","930","2370000","0","831","6807","938","3490000","0","633","0","0","0","0","0","13.94","33.41","18.35","32.94","40.00","11.94","24.54","28.27","20.29","40.00","13.39","20.00","20.00","20.00","20.00","40.00","5d89109e91ce580015b93bb5","SlowFast",1,1,1,1,0,1,1,1,1,0
"932","4806","930","10200000","92639","831","6807","938","10600000","0","633","6515","920","28200000","0","9500000","7.31","11.73","27.82","23.68","31.68","9.15","10.92","17.44","14.43","40.00","6.63","14.77","11.59","11.10","20.00","33.90","676c9d1a76e650632accd4f7","SlowFast",0,0,1,0,0,1,1,1,0,0
"822","0","932","102000000000","76000","831","0","938","10000000","0","633","6585","0","10100000","93000","0","12.06","40.00","39.51","27.28","31.03","10.28","20.00","17.49","15.00","20.00","16.10","32.81","40.00","9.98","28.74","40.00","67ab899c0e7db664870e939e","FastSlow",0,0,0,0,0,1,0,1,0,0
"821","3906","230","1587000","96000","431","3807","438","34900000","0","333","0","0","0","0","950000","27.06","25.46","31.34","39.77","16.07","12.58","19.75","37.02","38.81","40.00","14.16","20.00","20.00","20.00","8.80","30.15","5e68a509d40a4914619d2171","SlowFast",1,0,0,0,0,0,0,0,0,0
"821","5907","1000","10200000","92000","831","6807","938","0","82017","633","6515","812","10900000","90347","9500005","16.83","19.49","16.17","27.03","17.66","17.61","16.62","11.49","20.00","12.35","7.74","9.57","14.49","30.33","37.46","29.09","67e467ad6bd6407f4c60fb77","FastSlow",1,0,0,0,0,1,1,1,0,0
"821","4906","930","2370000","0","831","6811","938","3490000","65345","0","0","910","0","0","0","15.21","35.03","18.16","26.86","40.00","22.13","29.39","34.72","35.37","32.47","20.00","20.00","16.89","20.00","20.00","40.00","662c1b87d84d0f2111bb3a56","SlowFast",1,1,1,1,0,1,0,1,1,0
"821","0","930","0","0","831","0","0","0","0","663","6415","910","1920000","0","0","28.65","40.00","17.75","40.00","40.00","9.38","20.00","20.00","20.00","20.00","21.18","34.45","21.02","23.83","40.00","40.00","67f067f743c72104040dc225","FastSlow",1,0,1,0,0,1,0,0,0,0
"821","4906","920","2370000","0","831","0","0","3490000","0","633","6515","910","2820000","90356","0","14.23","23.39","26.48","34.54","40.00","10.57","20.00","20.00","19.59","20.00","15.43","17.89","23.13","21.65","38.41","40.00","5f4ae7cb6b68b56c2acb12c8","FastSlow",1,1,0,1,0,1,0,0,1,0
"816","4900","900","10700000","111730","830","5789","925","1000000","81300","610","6500","987","19200000","90000","11129754","15.57","21.47","14.66","23.39","17.05","22.40","27.52","10.08","17.52","16.05","11.22","9.89","8.65","17.00","11.69","18.56","676c6d4ab88f95b3e9342f6f","SlowFast",0,0,0,0,0,0,0,0,0,0
"821","4906","934","29500000","80575","831","6707","938","34000000","0","633","6505","0","2800000","0","10,500,000","16.82","28.68","29.64","28.09","33.97","18.07","35.53","31.66","39.24","40.00","12.69","18.43","20.00","15.63","20.00","38.83","6543e26907b8e35facc1afe9","SlowFast",1,1,0,0,0,1,0,1,0,0
"821","4906","0","2370000","0","831","0","938","3490000","0","623","0","0","2820000","0","0","15.24","26.04","40.00","35.30","40.00","12.83","40.00","15.94","31.32","40.00","12.65","20.00","20.00","17.80","20.00","40.00","674cca92742faa4642a6e9c7","SlowFast",1,1,0,1,0,1,0,1,1,0
"821","4906","930","2370000","0","831","0","938","0","0","633","0","0","3000000","0","0","18.26","34.93","32.24","20.30","40.00","18.73","40.00","33.62","40.00","40.00","15.97","20.00","20.00","18.63","20.00","40.00","672ceecd4b982fd2123fa32f","SlowFast",1,1,1,1,0,1,0,1,0,0
"821","4906","930","3300000","93115","831","6807","938","3590000","82749","633","6515","910","2820000","0","15287801","6.63","21.61","20.87","28.95","31.58","8.54","17.23","33.74","27.15","36.21","6.81","12.79","13.75","11.77","20.00","37.35","6500a6309a82e5f2bda12731","SlowFast",1,1,1,0,0,1,1,1,0,0
"601","4800","1015","237000","11100","870","0","0","106000","112940","610","6240","1020","282000","2929392","1883018","16.12","27.66","17.15","23.26","20.93","8.63","20.00","20.00","17.61","13.25","17.89","15.91","19.78","20.12","10.45","21.89","678ab12125df34825c7aed6f","FastSlow",0,0,0,0,0,0,0,0,0,0
"821","4906","926","102000000000","0","821","0","0","10200000000","0","633","6517","910","111000000000","0","0","18.13","29.19","16.65","26.05","40.00","15.45","20.00","20.00","14.57","20.00","17.12","19.46","18.82","27.62","40.00","40.00","6566391df297b5d5a039e4e5","FastSlow",1,1,0,0,0,0,0,0,0,0
"821","4906","930","3000000","0","831","6807","1038","3490000","0","633","6515","0","2820000","0","0","18.94","23.11","33.55","35.38","40.00","8.24","35.54","15.85","24.79","38.84","10.06","17.56","18.86","12.98","20.00","37.01","673524b724aa3fd784892e49","SlowFast",1,1,1,0,0,1,1,0,1,0
"821","4906","930","2370000","0","831","6807","938","0","82947","633","6515","910","2820000","90366","0","13.71","12.88","20.82","17.05","40.00","10.04","11.13","11.42","20.00","19.74","9.01","14.04","11.31","32.03","20.28","40.00","67e0863f736da524dbe7ac66","FastSlow",1,1,1,1,0,1,1,1,0,1
"821","4906","930","2370000","0","931","6827","0","3149000","0","633","6515","910","2820000","89300","94670705","10.61","35.58","20.07","31.74","40.00","10.60","15.54","20.00","18.35","20.00","10.98","33.19","18.61","15.31","34.14","37.61","66956d856f7176e8bb907fcc","FastSlow",1,1,1,1,0,0,0,0,0,0
"821","4906","930","2370000","92388","831","6807","938","0","0","633","6515","910","0","90366","0","18.05","15.91","21.85","33.32","36.98","8.66","15.97","13.05","20.00","20.00","10.71","18.77","19.62","40.00","30.70","40.00","691248ae869389d0f017a135","FastSlow",1,1,1,1,0,1,1,1,0,0
"821","4898","1000","102000","1000000","851","6807","938","3400000","93400","633","6505","987","1100000","102000","100001","14.09","20.51","24.69","22.28","13.23","20.26","27.35","23.86","25.44","29.78","11.80","17.58","13.03","16.19","11.93","27.89","6644d7bf5f60f4789126db0d","SlowFast",1,0,0,0,0,0,1,1,0,0
"821","3906","930","1370000","0","831","6807","938","3490000","0","633","6516","910","2820000","90366","0","17.62","30.66","32.06","21.59","40.00","11.58","15.22","14.61","18.36","20.00","8.95","21.30","15.74","14.80","30.25","40.00","5e31c4596ef37a1ab34f4454","FastSlow",1,0,1,0,0,1,1,1,1,0
"921","4906","930","10200000","0","831","6807","938","3490000","0","633","6515","1610","0","0","0","20.58","35.07","12.64","21.58","40.00","17.01","30.52","39.57","22.68","40.00","12.56","19.44","17.25","20.00","20.00","40.00","6008bb26b4bbfe568fa29d80","SlowFast",0,1,1,0,0,1,1,1,1,0
"821","4906","0","0","10267","731","6807","938","3490000","10156","633","6515","0","0","0","0","14.85","31.00","40.00","40.00","38.45","15.79","26.10","34.84","22.58","34.57","14.40","17.03","20.00","20.00","20.00","40.00","66fe2b2e6b5cc7c51cb9760e","SlowFast",1,1,0,0,0,0,1,1,1,0
"821","4906","930","237000","92575","831","6807","938","3490000","0","633","6515","910","2820000","90366","0","8.81","18.12","17.39","21.44","6.67","8.75","15.99","16.86","18.10","20.00","10.28","13.85","16.02","24.88","28.72","40.00","60f1faa39def9e1f15734734","FastSlow",1,1,1,0,1,1,1,1,1,0
"821","4906","930","237000","0","831","6807","938","349000","0","633","0","0","0","90000","0","14.47","33.80","34.29","18.52","40.00","16.74","12.46","23.98","20.96","40.00","17.80","20.00","20.00","20.00","19.87","40.00","66dad383980bc872c801ed55","SlowFast",1,1,1,0,0,1,1,1,0,0
"821","4806","930","0237000","9746","831","34900000","0","0","0","633","6515","910","2820000","90366","0","10.59","21.91","28.95","29.23","32.90","12.73","5.83","20.00","20.00","20.00","13.41","16.99","18.34","28.04","34.83","40.00","677c01af998cc4cb005028ad","FastSlow",1,0,1,0,0,1,0,0,0,0
"821","7896","930","1000000","93666","831","6797","438","10600000","0","633","6515","910","2820000","93966","666","11.85","19.86","20.00","20.25","24.32","15.26","18.53","17.52","18.09","20.00","10.86","14.97","16.81","19.35","38.35","23.63","660c77dde93bf0750a18a235","FastSlow",1,0,1,0,0,1,0,0,0,0
"821","4906","930","102000000","11800","831","6807","938","990000","93415","633","6515","1020","11100000","100345","1,894,940","14.49","12.61","25.95","24.12","26.71","7.78","12.59","15.71","18.21","16.41","7.68","12.95","23.45","22.90","29.17","28.04","654a8c7f29438b574d5b9fee","FastSlow",1,1,1,0,0,1,1,1,0,0
"821","4906","920","2300000","95000","831","6807","639","34000000","8390","613","0","896","2820000","92057","10678099","19.38","30.50","30.39","27.70","30.35","19.37","23.76","20.60","21.72","31.71","17.98","20.00","18.21","18.13","16.72","29.15","6744d43e7b1bcfda7d89f402","SlowFast",1,1,0,0,0,1,1,0,0,0
"821","2500","1800","2000000","100000","783","6805","938","1050000","100000","600","0","900","0","100000","10500000","19.20","10.91","8.13","18.61","18.66","25.62","31.41","20.70","32.72","22.52","14.41","20.00","8.99","20.00","9.12","34.39","6696fd1fb46668008566a9bd","SlowFast",1,0,0,0,0,0,0,1,0,0
"821","4906","930","2370000","0","831","0","938","3490000","0","633","6515","0","2820000","0","0","9.03","16.36","30.24","27.42","40.00","20.13","40.00","22.29","26.39","40.00","13.00","19.45","20.00","17.04","20.00","40.00","6774ba2b35bfe170ef2d7c87","SlowFast",1,1,1,1,0,1,0,1,1,0
"821","4906","930","19370000","0","831","6807","938","0","0","633","6515","910","2820000","89367","0","20.24","28.02","35.46","39.71","40.00","16.00","17.68","15.75","20.00","20.00","17.69","26.21","21.11","17.65","34.07","40.00","66b2499852ad11f580d4d546","FastSlow",1,1,1,0,0,1,1,1,0,0
"821","4906","930","0","0","831","6807","938","3060000","0","643","6500","0","0","96200","9500000","9.67","39.79","27.72","40.00","40.00","18.51","25.56","22.88","39.15","40.00","15.26","8.88","20.00","20.00","14.99","31.23","611dd070c87e8eef203770d9","SlowFast",1,1,1,0,0,1,1,1,0,0
"821","4906","948","2300000","100000","831","7207","938","340000000","100000","633","6405","910","2800000","100000","1300000","12.65","26.16","18.68","24.55","32.65","16.41","19.83","18.55","18.27","15.91","11.58","18.05","26.00","14.90","37.42","28.83","5d618a9955fc54000164673f","FastSlow",1,1,0,0,0,1,0,1,0,0
"821","4806","230","912000","0","831","0","438","0","0","633","6516","910","2820000","0","0","23.33","28.35","34.73","29.26","40.00","18.57","20.00","19.82","20.00","20.00","16.58","18.59","33.00","37.21","40.00","40.00","6115116af136776366f387f1","FastSlow",1,0,0,0,0,1,0,0,0,0
"821","4906","930","2370000","0","831","6807","938","3490000","82947","633","6515","910","2820000","0","0","13.78","17.72","22.31","30.48","40.00","12.87",NA,"21.05","36.54","38.23",NA,NA,NA,"18.48","20.00","40.00","666601cef955d69a64aa5e8f","SlowFast",1,1,1,1,0,1,1,1,1,1
"821","4906","930","2370000","92575","831","6807","938","3490000","0","633","6515","910","2820000","0","0","13.02","19.75","27.10","39.16","35.25","8.41","13.10","12.45","17.30","20.00","8.01","26.56","19.14","26.60","40.00","40.00","62829edce9ca74f3938f3cc9","FastSlow",1,1,1,1,1,1,1,1,1,0
"821","4906","930","2370000","0","831","0","0","3490000","0","633","6515","910","2820000","90366","0","3.88","26.98","20.76","32.34","40.00","13.61","20.00","20.00","17.18","20.00","17.29","20.46","19.93","17.52","29.41","40.00","63ff42f43ac64246de575895","FastSlow",1,1,1,1,0,1,0,0,1,0
"821","4906","930","0","92305","831","6807","938","1490000","0","633","6515","0","0","0","0","12.77","22.42","26.49","40.00","34.77","19.57","19.96","23.48","33.45","40.00","14.49","19.15","20.00","20.00","20.00","40.00","6716966a7bd8ab08201a752b","SlowFast",1,1,1,0,0,1,1,1,0,0
"811","4906","934","2300000","0","831","6807","939","4900000","0","633","6505","0","0","0","0","17.55","37.45","22.78","33.38","40.00","13.52","22.73","23.13","39.03","40.00","17.90","16.32","20.00","20.00","20.00","40.00","6726f38cd14d8ba8644f2bcf","SlowFast",0,1,0,0,0,1,1,0,0,0
"821","4906","930","2370000","92564","831","6912","0","0","81312","633","6515","910","2820000","90238","10204702","8.82","25.60","19.27","37.54","37.51","9.90","19.97","20.00","20.00","16.14","11.05","23.94","13.40","28.39","13.59","16.63","664d46ad7cc1780eecfd0c24","FastSlow",1,1,1,1,0,1,0,0,0,0
"821","4906","0","2370000","0","831","6807","0","0","82947","633","0","0","0","0","0","20.69","32.70","40.00","36.21","40.00","19.27","31.10","40.00","40.00","38.16","16.90","20.00","20.00","20.00","20.00","40.00","661c5ee0d0e14a2e13e40374","SlowFast",1,1,0,1,0,1,1,0,0,1
"964","4326","923","1765546","94563","753","7654","975","9976577","97766","654","7665","1556","10976544","97655","9455545","6.67","8.19","9.13","19.83","21.71","4.34","7.02","6.19","8.09","14.11","4.53","5.74","5.18","4.88","9.65","14.59","60015f803919e70009ef8dc5","FastSlow",0,0,0,0,0,0,0,0,0,0
"821","4906","0","0","0","831","6807","938","0","0","633","6515","0","0","0","0","29.88","38.86","40.00","40.00","40.00","23.46","25.51","32.50","40.00","40.00","11.34","17.60","20.00","20.00","20.00","40.00","6685ac588e11bf25e72e6a07","SlowFast",1,1,0,0,0,1,1,1,0,0
"821","4906","986","2370000","90786","831","6807","938","3490000","0","633","0","0","2820000","98528","0","16.13","38.80","39.39","37.61","37.88","13.92","26.10","34.91","27.55","40.00","9.68","20.00","20.00","2.99","19.50","40.00","664b556302986cf5ccd650f4","SlowFast",1,1,0,1,0,1,1,1,1,0
"821","4906","930","2370000","112575","831","6807","938","3490000","82947","633","6515","910","2820000","0","0","6.63","22.76","14.48","13.04","33.35","6.11","12.18","16.51","12.84","24.68","4.86","9.72","12.13","11.64","20.00","40.00","5bacc09b709f60000104352f","SlowFast",1,1,1,1,0,1,1,1,1,1
"821","0","0","10100000","0","831","6780","0","10600000","0","633","0","0","11100000","0","0","14.01","40.00","40.00","27.67","40.00","18.63","19.05","40.00","20.32","40.00","16.32","20.00","20.00","11.96","20.00","40.00","66e190148f9148e423a22d87","SlowFast",1,0,0,0,0,1,0,0,0,0
"821","0","930","2370000","92000","831","7007","938","3490000","82354","633","0","0","0","0","0","16.07","40.00","18.38","19.41","39.55","10.15","30.38","15.66","14.78","38.98","13.30","20.00","20.00","20.00","20.00","40.00","66465d688e90512d006edc84","SlowFast",1,0,1,1,0,1,0,1,1,0
"821","4906","930","1370000","0","831","0","938","0","0","633","7405","910","2820000","0","0","12.70","25.87","27.70","37.55","40.00","11.38","20.00","17.19","20.00","20.00","13.57","25.99","17.94","15.44","40.00","40.00","6583287e9845b219549fb80b","FastSlow",1,1,1,0,0,1,0,1,0,0
"821","4907","930","2370000","92525","839","6891","954","34900000","0","633","6515","810","0","90366","0","12.40","34.90","13.87","30.20","36.34","10.38","26.75","23.43","23.62","40.00","14.87","13.83","11.14","20.00","17.23","40.00","660cdcff6d4bcd542a22f24e","SlowFast",1,0,1,1,0,0,0,0,0,0
"821","4906","930","2370000","92575","0","0","0","0","0","633","6515","910","2820000","0","0","13.23","34.97","25.15","29.64","32.38","20.00","20.00","20.00","20.00","20.00","25.39","33.35","24.58","21.26","40.00","40.00","66ba819cd72c840e39108978","FastSlow",1,1,1,1,1,0,0,0,0,0
"821","4906","930","2370000","92575","831","6807","938","3390000","81947","633","6515","920","2820000","0","0","7.35","10.58","16.89","24.89","28.45","5.11","9.99","9.83","15.01","24.93","4.74","13.82","16.79","15.96","20.00","40.00","5ff7ee108c6cb45141fe8c61","SlowFast",1,1,1,1,1,1,1,1,0,0
"821","0","930","23700000","93740","831","6811","938","35100000","83245","0","0","0","30800000","9106","11000007","16.41","40.00","28.91","34.81","26.76","24.60","32.55","25.79","27.82","22.88","20.00","20.00","20.00","17.16","15.39","19.09","6697f5425b965a8e85012f54","SlowFast",1,0,1,0,0,1,0,1,0,0
"821","4906","948","2370000","112000","831","0","938","0","0","633","6515","910","2820000","0","0","13.55","23.12","20.44","36.20","34.93","13.61","20.00","18.92","20.00","20.00","13.93","15.38","17.81","22.87","40.00","40.00","66d9edfb2b46f520118ea289","FastSlow",1,1,0,1,0,1,0,1,0,0
"840","6000","1000","0","93000","800","0","900","0","0","700","6800","700","101000000","92000","0","30.57","25.08","37.17","40.00","37.79","7.54","20.00","10.54","20.00","20.00","12.08","15.39","22.43","23.18","17.94","40.00","67577f7256966a1682182626","FastSlow",0,0,0,0,0,0,0,0,0,0
"821","4916","930","920000","10000","734","6798","935","10600000","0","633","6515","888","1929000","91288","0","13.33","37.79","34.67","13.63","37.95","18.07","13.91","19.19","12.95","20.00","8.53","25.63","33.32","33.30","31.63","40.00","6679d012158715ae2d03a3f7","FastSlow",1,0,1,0,0,0,0,0,0,0
"821","4906","844","15870000","92576","831","0","0","0","0","633","6515","910","282000","99358","9563306","20.69","21.13","30.18","36.92","30.90","13.02","20.00","20.00","20.00","20.00","17.56","20.14","16.30","31.55","27.45","37.33","654a5d641901737cf9ddc7dc","FastSlow",1,1,0,0,0,1,0,0,0,0
"821","4906","930","1587000","92775","831","6807","938","3490000","0","633","6515","910","2820000","89466","9373306","7.50","14.94","14.35","18.31","39.95","14.50","12.39","12.73","12.72","20.00","10.75","12.67","14.09","12.19","24.82","37.66","5e3360a4499e7932901951cb","FastSlow",1,1,1,0,0,1,1,1,1,0
"821","4906","930","0","0","831","6807","940","3490000","83217","633","0","920","2820000","90000","10432765","18.08","39.31","31.70","40.00","40.00","16.61","28.83","11.71","31.25","37.17","12.76","20.00","19.37","14.40","12.70","22.19","66294cab168fcf0983e95f42","SlowFast",1,1,1,0,0,1,1,0,1,0
"821","4906","0","2270000","92575","831","6797","938","0","0","633","6515","910","2820000","0","0","21.15","21.09","40.00","32.18","39.37","11.70","18.03","12.24","20.00","20.00","17.95","16.48","19.77","22.24","40.00","40.00","66c49506c24e39d11f5d89fc","FastSlow",1,1,0,0,1,1,0,1,0,0
"821","5206","930","2370000","92065","831","6807","938","3490000","82027","633","6415","920","2820000","91206","9450000","6.43","22.95","11.83","21.80","29.60","8.21","14.64","8.57","23.04","26.60","7.52","12.17","10.29","10.17","14.06","25.48","571178ec3d47e80011635b88","SlowFast",1,0,1,1,0,1,1,1,1,0
"821","4906","930","2370000","0","831","6807","938","3490000","0","633","6515","910","2820000","90300","95430000","7.71","20.07","12.60","21.12","40.00","6.20","11.48","13.92","15.56","20.00","7.85","13.18","19.96","14.43","27.00","33.89","655fdd950e4ff12b601483a6","FastSlow",1,1,1,1,0,1,1,1,1,0
"821","5500","1000","240000","100000","821","7200","920","120000000","12000","633","6000","900","2100000","12000","120000000","25.38","11.98","20.00","23.32","25.34","16.89","23.16","8.69","21.20","14.51","17.06","7.04","11.49","16.25","14.09","25.19","6568ead5dfb561c3ba7850a4","SlowFast",1,0,0,0,0,0,0,0,0,0
"0","4900","930","2000000","90000","831","0","938","350000","82947","633","0","900","0","0","850000","40.00","38.55","34.51","38.76","35.31","29.96","40.00","27.46","37.20","30.20","17.26","20.00","16.23","20.00","20.00","38.94","6580563ab7a54f1d93ec09f3","SlowFast",0,0,1,0,0,1,0,1,0,1
"821","4906","930","2370000","90565","831","6807","938","3490000","0","633","6513","910","2820000","0","0","20.36","33.84","15.18","39.45","34.67","10.18","11.08","11.36","19.48","20.00","9.37","18.40","11.60","16.42","40.00","40.00","671ebf7776922e1fe2259938","FastSlow",1,1,1,1,0,1,1,1,1,0
"821","4906","920","9200000","992548","831","7807","1084","10690000","0","633","6515","0","11000000","0","0","11.67","34.96","39.21","23.19","22.09","13.29","16.09","36.68","29.25","40.00","8.79","11.19","20.00","14.21","20.00","40.00","6638068d9ab49383d1fe00ae","SlowFast",1,1,0,0,0,1,0,0,0,0
"821","4912","910","1020000","13445","831","6797","1728","1060000","891837","633","6605","1510","1110000","554625","10744386","13.30","30.86","18.46","19.41","31.80","10.99","13.32","19.87","16.54","32.37","12.16","15.91","15.48","12.01","12.81","27.45","63e56525a8fb39289dbe8f26","SlowFast",1,0,0,0,0,1,0,0,0,0
"821","0","0","0","0","0","0","0","0","0","633","6515","910","0","0","0","15.69","40.00","40.00","40.00","40.00","20.00","20.00","20.00","20.00","20.00","15.90","28.46","18.46","40.00","40.00","40.00","669d46e4f0740074dc39e491","FastSlow",1,0,0,0,0,0,0,0,0,0
"821","4906","929","2370000","0","831","6807","938","3490000","82947","633","0","910","2820000","0","0","11.45","23.74","28.23","15.24","40.00","15.99","14.99","9.67","14.84","37.42","15.11","20.00","13.58","13.49","20.00","40.00","6632c5d854799acad3f37450","SlowFast",1,1,0,1,0,1,1,1,1,1
"780","4800","930","1670000","92000","800","7000","900","3400000","84000","650","7000","900","2000000","91000","950000","5.72","8.29","19.10","19.59","9.71","5.06","6.08","6.23","11.94","11.20","5.93","4.80","5.08","11.59","11.55","12.51","664d3306a354afdb587d4550","FastSlow",0,0,1,0,0,0,0,0,0,0
"821","490","1120","0","92575","831","6807","938","0","0","633","6515","910","2820000","90366","0","19.29","38.83","37.28","40.00","37.04","19.80","18.45","18.92","20.00","20.00","17.04","29.54","23.66","31.09","36.92","40.00","6754246c81ce61cb6ffe887f","FastSlow",1,0,0,0,1,1,1,1,0,0
"821","5000","900","0","3000000","831","8000","700","3490000","90000","0","7000","900","2100000","100000","100000000","18.23","7.47","6.07","40.00","6.74","17.80","12.69","8.48","24.71","7.66","20.00","9.40","8.12","9.64","8.66","9.21","67ca78ca7413c0e71f97c9ba","SlowFast",1,0,0,0,0,1,0,0,1,0
"821","4806","929","0","0","0","0","0","0","0","633","6515","1500","2182000","0","0","16.19","30.09","23.28","40.00","40.00","20.00","20.00","20.00","20.00","20.00","19.29","37.70","31.72","18.88","40.00","40.00","691752dae4acdec500565976","FastSlow",1,0,0,0,0,0,0,0,0,0
"821","4906","0","0","0","831","6807","0","10490000","81525","643","0","0","0","90000","0","22.26","15.59","40.00","40.00","40.00","18.24","20.28","40.00","18.31","26.30","18.30","20.00","20.00","20.00","18.75","40.00","5ff238852178d171f9c973b7","SlowFast",1,1,0,0,0,1,1,0,0,0
"821","4806","830","2370000","0","830","00","0","0","0","633","6515","0","2820000","000","000000","18.00","38.64","25.39","31.45","40.00","18.78","8.58","20.00","10.60","20.00","21.66","30.06","40.00","32.46","19.05","6.98","5e6687c2666c4a40886ebc43","FastSlow",1,0,0,1,0,0,0,0,0,0
"821","4906","930","2370000","2945","831","0","938","0","0","633","6515","910","2820000","90000","0","10.55","21.90","22.32","33.56","39.14","10.60","20.00","17.40","20.00","20.00","13.09","15.43","21.78","23.94","34.34","40.00","676edb8ebfddac82b8e23c49","FastSlow",1,1,1,1,0,1,0,1,0,0
"821","4906","930","2370000","100007","831","6807","938","3490000","83000","633","6515","912","2820000","90006","10000000","6.85","13.30","12.67","15.85","19.22","13.21","15.63","12.00","15.82","9.46","6.47","12.45","9.56","7.09","10.27","7.47","5cbb9a4b96211700015d0e2b","SlowFast",1,1,1,1,0,1,1,1,1,0
"821","0","930","0","0","831","0","838","0","0","0","0","0","0","0","0","19.04","40.00","27.31","40.00","40.00","28.11","40.00","21.60","40.00","40.00","20.00","20.00","20.00","20.00","20.00","40.00","670d2af9c00f086b201e9f70","SlowFast",1,0,1,0,0,1,0,0,0,0
"821","4906","0","192000","100000","831","6807","938","2860000","0","633","6515","0","0","0","123456789","17.53","29.25","40.00","29.59","37.82","17.68","20.21","22.24","23.27","40.00","11.35","13.20","20.00","20.00","20.00","34.22","5e1ba7e1085a1c3dd2db39fc","SlowFast",1,1,0,0,0,1,1,1,0,0
"821","4906","930","2370000","112575","831","6807","938","0","0","633","6515","910","2820000","90366","0","9.51","18.32","18.78","23.14","37.46","9.61","17.30","18.84","20.00","20.00","10.20","17.28","15.39","18.38","37.07","40.00","66be5fde262694b5262482b1","FastSlow",1,1,1,1,0,1,1,1,0,0
"821","4906","930","2370000","0","831","0","938","10690000","0","633","6515","910","2820000","0","0","7.09","20.27","14.35","33.38","40.00","16.15","20.00","8.77","17.88","20.00","15.25","17.42","32.00","17.04","40.00","40.00","6645755c72f71662e832dfb8","FastSlow",1,1,1,1,0,1,0,1,0,0
"821","4896","930","2300000","91875","831","6807","938","3400000","82000","633","0","0","2800000","0","10000000","12.28","29.70","34.04","30.49","32.36","11.41","24.66","33.93","23.02","16.68","12.26","20.00","20.00","14.73","20.00","20.38","5f596d05be96271c16fe1106","SlowFast",1,0,1,0,0,1,1,1,0,0
"821","4906","914","2000000","0","841","0","0","0","0","333","6515","812","11100000","0","0","21.62","24.69","30.59","29.33","40.00","16.68","20.00","20.00","20.00","20.00","11.51","19.33","30.16","19.58","40.00","40.00","671877457b87685e1d42f63c","FastSlow",1,1,0,0,0,0,0,0,0,0
"821","4869","1032","13000000","0","831","6807","937","10600000","82947","633","6875","0","0","0","0","33.51","35.58","35.75","36.42","40.00","14.88","14.60","19.13","35.08","24.64","10.88","12.57","20.00","20.00","20.00","40.00","65763705270241e5da3da60c","SlowFast",1,0,0,0,0,1,1,0,0,1
"4421","0","0","1587000","0","839","6800","938","3400000","0","633","0","9300","2820000","0","0","25.61","40.00","40.00","27.36","40.00","24.67","37.14","20.06","29.93","40.00","11.17","20.00","14.49","14.03","20.00","40.00","60fd588771ae861f9244f93d","SlowFast",0,0,0,0,0,0,0,1,0,0
"821","0","932","0","0","831","6807","938","0","0","633","0","0","0","0","0","14.55","40.00","17.33","40.00","40.00","21.35","31.00","14.81","40.00","40.00","17.07","20.00","20.00","20.00","20.00","40.00","66520f31e4b5df0b6b365ed3","SlowFast",1,0,0,0,0,1,1,1,0,0
"812","4906","930","2370000","91006","831","6807","938","3490000","82000","633","6515","910","2820000","90198","924330","7.93","17.52","23.14","23.94","35.57","15.79","11.75","14.26","17.77","14.00","7.90","15.27","27.14","15.89","25.49","35.46","662949c833c1030e15fc33af","FastSlow",0,1,1,1,0,1,1,1,1,0
"821","4906","930","2370000","92568","831","6607","938","2779000","83100","663","6515","910","2820000","92566","9400000","8.06","31.01","23.72","16.72","34.31","9.06","17.03","9.79","12.73","16.80","6.63","19.17","19.69","18.02","33.53","37.75","691dced9f97f5138c31d2ab8","FastSlow",1,1,1,1,0,1,0,1,0,0
"821","4906","930","2370000","92466","831","6807","938","3500000","83021","633","6412","404","2821000","90016","10521","10.71","29.33","21.68","17.15","13.06","10.94","18.01","17.01","25.86","20.80","7.36","9.52","11.38","18.82","17.29","17.78","66c37a08436b5a1851123557","SlowFast",1,1,1,1,0,1,1,1,0,0
"821","4906","930","2370000","0","831","6807","0","3490000","0","633","6515","910","2820000","90375","0","8.75","28.36","20.48","18.79","40.00","10.97","13.62","20.00","12.83","20.00","6.93","15.84","18.88","12.10","34.24","40.00","676c45d92368330a2c254895","FastSlow",1,1,1,1,0,1,1,0,1,0
"821","4806","0","0","0","831","6807","838","0","0","0","0","0","0","0","0","16.31","35.38","40.00","40.00","40.00","19.94","29.16","31.09","40.00","40.00","20.00","20.00","20.00","20.00","20.00","40.00","664124a221f88b6a260a3df3","SlowFast",1,0,0,0,0,1,1,0,0,0
"821","4906","932","10300000","0","831","0","0","0","0","593","6516","300","2800000","0","0","12.88","31.19","24.82","38.38","40.00","18.34","20.00","20.00","20.00","20.00","20.34","17.69","16.74","21.36","40.00","15.42","67cb9bcd58ae4c2c3291f3bf","FastSlow",1,1,0,0,0,1,0,0,0,0
"821","4823","0","102000000","0","831","6704","0","0","0","633","6415","900","2820000","0","0","14.59","35.61","40.00","32.39","40.00","19.91","18.35","20.00","20.00","20.00","27.22","38.50","39.43","34.90","40.00","40.00","611945fc6980c74d56ebaa43","FastSlow",1,0,0,0,0,1,0,0,0,0
"821","0","920","9200000","149274","831","0","0","0","58272819","633","7155","8100","1010000","8392910","58492021101","14.74","40.00","34.55","15.62","25.72","17.15","20.00","20.00","20.00","7.74","15.02","21.84","24.21","15.70","6.91","23.06","6615d2264e4143b2a0c983d6","FastSlow",1,0,0,0,0,1,0,0,0,0
"821","5906","0","2370000","0","831","6807","947","106000000","0","633","0","0","0","0","0","12.85","31.49","40.00","37.35","40.00","13.54","16.35","27.93","30.12","40.00","17.70","20.00","20.00","20.00","20.00","40.00","6679ed3623ba9780099483c0","SlowFast",1,0,0,1,0,1,1,0,0,0
"412","4890","1000","237000","93000","831","6750","900","3000000","8300","633","6500","920","2800000","90500","1000000","18.04","21.16","9.36","22.23","28.19","16.08","9.31","9.20","15.74","11.02","13.78","6.26","6.57","17.23","11.17","9.54","60fe095a27a19c4dc0eb5e0e","SlowFast",0,0,0,0,0,1,0,0,0,0
"821","4906","0","2200000","0","820","7000","940","0","83320","633","6600","920","2100000","90524","0","17.11","33.00","40.00","17.72","40.00","10.43","10.88","12.16","20.00","12.63","12.84","13.19","17.04","27.56","18.72","40.00","6553953daddeb31f9794b59c","FastSlow",1,1,0,0,0,0,0,0,0,0
"821","4806","902","10200000","100000","831","6807","938","10600000","83000","633","6505","900","0","99200","9500000","16.10","26.84","29.08","28.88","26.29","12.76","17.17","22.59","25.39","14.27","15.70","10.80","18.97","20.00","15.79","20.91","662e86c0ca96b47a056ccd7b","SlowFast",1,0,0,0,0,1,1,1,0,0
"821","4806","920","0","0","0","0","0","0","0","633","7412","0","2820000","9168","0","17.66","33.14","34.40","40.00","40.00","20.00","20.00","20.00","20.00","20.00","20.82","32.23","40.00","17.89","31.68","40.00","665922cc624996d90589447a","FastSlow",1,0,0,0,0,0,0,0,0,0
"821","4906","930","2370000","0","831","6807","938","3490000","0","633","4515","910","2820000","89366","938796","8.62","12.52","24.72","15.11","40.00","8.53","14.94","19.09","10.26","20.00","5.53","16.52","13.22","6.98","24.54","33.76","646d380eee9fe3fcc1d147f2","FastSlow",1,1,1,1,0,1,1,1,1,0
"821","4806","0","2300000","0","831","0","938","0","0","633","6515","900","0","0","0","19.05","31.46","40.00","37.88","40.00","15.98","20.00","15.56","20.00","20.00","19.05","23.80","32.23","40.00","40.00","40.00","673db17d5d5612c8cfd7e7b9","FastSlow",1,0,0,0,0,1,0,1,0,0
"821","4906","1032","2370000","0","831","6907","938","3490000","82947","633","0","910","2820000","0","0","7.83","16.36","24.20","13.17","40.00","8.68","21.80","13.12","14.18","32.48","11.80","20.00","13.88","17.44","20.00","40.00","6108193d19ecf066ec729083","SlowFast",1,1,0,1,0,1,0,1,1,1
"821","4906","930","1587000","93750","831","0","938","27790000","0","533","6415","920","2820000","92857","948936","8.68","21.82","11.19","16.03","33.45","9.63","20.00","11.69","14.91","20.00","11.57","18.76","13.80","17.31","26.98","34.29","660da7d2c59a62056d87c9b8","FastSlow",1,1,1,0,0,1,0,1,0,0
"822","4800","0","1,200,000","9200","0","0","900","0","82330","633","6550","908","0","8900","1,800,000","20.09","24.00","40.00","22.84","39.16","20.00","20.00","18.91","20.00","17.74","25.37","10.18","30.11","40.00","37.88","38.13","673692b20c987b50040128fc","FastSlow",0,0,0,0,0,0,0,0,0,0
"821","4906","928","2370000","0","831","0","938","3490000","0","633","0","0","2820000","0","0","14.93","38.41","33.60","28.25","40.00","27.07","40.00","30.02","22.91","40.00","13.57","20.00","20.00","17.77","20.00","40.00","66d916af0cf8c145a0aa3220","SlowFast",1,1,0,1,0,1,0,1,1,0
"821","4990","920","1300000","91000","831","6883","938","10600000","0","643","0","810","109000000","970000","0","9.40","26.76","31.63","10.29","31.39","9.02","18.62","10.02","14.80","20.00","31.11","40.00","16.25","17.37","22.77","40.00","66c7e6e05a6d60e4278bfda7","FastSlow",1,0,0,0,0,1,0,1,0,0
"821","4906","930","2370000","92575","831","6807","938","3490000","82947","633","6511","910","2820000","166","0","12.36","19.62","37.34","34.86","34.87","15.25","33.31","27.22","22.43","34.23","11.27","18.89","17.49","14.23","19.14","40.00","6462217d7bd09447661ed6a4","SlowFast",1,1,1,1,1,1,1,1,1,1
"821","4819","930","1020000000","104590","831","7009","938","2790000","10369292","633","6500","900","1100000","100037","10384920","9.86","21.41","24.09","20.95","33.50","10.09","24.59","12.12","24.65","23.25","10.17","10.28","16.34","17.76","4.31","18.74","6637f53e203e2f5f706d70ec","SlowFast",1,0,1,0,0,1,0,1,0,0
"821","4900","980","2300000","93125","831","6800","934","3490000","81900","633","6500","918","2800000","0","9634256","10.98","19.21","26.14","25.57","38.41","13.97","11.50","18.79","23.97","31.81","10.22","15.92","14.37","16.52","20.00","27.41","67644050f9258796cab737f2","SlowFast",1,0,0,0,0,1,0,0,1,0
"821","5906","930","2370000","0","0","0","938","0","0","633","6515","910","2820000","0","0","13.84","39.69","15.26","34.32","40.00","20.00","20.00","16.72","20.00","20.00","9.70","22.07","17.56","12.87","40.00","40.00","6732a429118814387a90a02f","FastSlow",1,0,1,1,0,0,0,1,0,0
"821","4906","0","0","0","831","0","938","3490000","0","0","0","0","0","0","0","29.02","38.33","40.00","40.00","40.00","24.18","40.00","34.37","27.03","40.00","20.00","20.00","20.00","20.00","20.00","40.00","64137d0dfe71cf6624348d27","SlowFast",1,1,0,0,0,1,0,1,1,0
"821","5856","930","2300000","0","833","6816","938","2779000","82342","633","7515","908","0","91000","954633","9.29","37.03","16.40","34.22","40.00","11.19","23.83","17.88","25.33","27.58","8.16","19.55","17.84","20.00","9.07","22.99","60d22e68bb03e1da436b8b7c","SlowFast",1,0,1,0,0,0,0,1,0,0
"821","4906","1050","2370000","0","831","0","928","0","0","613","6515","910","2820000","10266","0","13.80","29.05","25.43","36.03","40.00","12.74","20.00","15.15","20.00","20.00","8.61","11.77","24.26","13.53","34.19","40.00","63ced898ebd3ce898ec80299","FastSlow",1,1,0,1,0,1,0,0,0,0
"821","3916","986","1587000","91000","831","0","945","27079000","86000","633","6525","900","2820000","90000","1200000","11.70","24.20","22.43","21.76","37.37","10.05","20.00","16.82","13.33","13.44","11.36","15.29","6.45","21.91","9.97","27.01","664b700b38e720bf4c02dfd7","FastSlow",1,0,0,0,0,1,0,0,0,0
"821","4906","930","130000000","92575","831","0","938","3490000","0","633","6515","910","2820000","90366","0","13.59","18.38","16.38","38.03","36.85","16.53","20.00","17.26","18.74","20.00","12.55","15.76","15.78","19.84","21.82","40.00","5d9b7c7efaa2860364b16476","FastSlow",1,1,1,0,1,1,0,1,1,0
"821","4316","929","1020000","0","821","6897","0","100000","83609","663","7386","900","0","90784","11578","9.14","24.56","15.75","9.05","40.00","33.87","16.23","40.00","23.81","12.08","11.24","18.58","16.35","20.00","17.45","14.23","5d9e7982996ad300179048fa","SlowFast",1,0,0,0,0,0,0,0,0,0
"821","4906","920","2370000","92575","831","6807","938","3690000","7436239","633","0","910","2820000","91581","121243489","11.73","22.98","12.02","31.31","25.24","11.34","16.55","10.60","8.41","4.74","13.68","20.00","18.07","9.03","12.79","7.81","691e246aacdd6da848319345","SlowFast",1,1,0,1,1,1,1,1,0,0
"821","4906","930","2320000","92000","831","7105","931","2800000","82000","633","6420","910","2180000","89120","9443905","13.79","17.14","15.54","19.15","29.41","12.77","17.75","16.65","15.22","10.30","8.35","32.81","16.38","10.91","22.02","34.29","66ddf1fdcc5c581ffea00af4","FastSlow",1,1,1,0,0,1,0,0,0,0
"580","4890","900","2500000","11800","831","6897","925","28000000","88561","633","6416","727","2900000","89891","3200000","10.30","12.81","12.07","25.31","14.61","18.42","18.16","19.10","17.36","13.68","19.61","24.55","24.91","14.99","15.78","30.74","66198f45c36ffa489c2e903b","FastSlow",0,0,0,0,0,1,0,0,0,0
"821","4906","0","0","0","841","6807","938","3490000","0","0","0","0","0","111","0","21.68","39.10","40.00","40.00","40.00","25.97","22.93","25.68","37.99","17.43","20.00","20.00","7.94","20.00","4.47","8.20","66c0e61e88d109a1324701f3","SlowFast",1,1,0,0,0,0,1,1,1,0
"821","0","1000","237000","0","0","0","938","0","0","600","6500","1000","0","90000","300000","28.27","40.00","31.53","32.14","40.00","20.00","20.00","18.87","20.00","20.00","14.28","20.51","16.27","40.00","17.24","30.08","66371cc4de71aac65b5f1980","FastSlow",1,0,0,0,0,0,0,1,0,0
"821","4906","930","91370000","57529","831","6807","838","3490000","0","633","6515","0","1820000","0","0","11.38","16.32","21.18","37.87","35.57","8.11","15.30","22.07","24.55","40.00","8.82","14.79","20.00","13.93","20.00","40.00","66045663fbc92e11eb7e557c","SlowFast",1,1,1,0,0,1,1,0,1,0
"821","4906","930","2370000","0","831","6807","1838","3490000","80947","633","6515","910","2820000","100667","0","11.97","13.31","16.75","15.16","40.00","7.53","10.05","14.47","8.81","18.48","10.62","10.72","29.51","15.48","28.39","40.00","664671b9d20e4b68c8b78770","FastSlow",1,1,1,1,0,1,1,0,1,0
"821","4906","930","2020000","0","831","7007","1100","3190000","0","633","6500","950","21200000","90000","1400000","15.27","23.82","17.66","32.54","40.00","14.15","18.60","18.08","19.94","20.00","15.90","13.04","14.30","15.16","10.68","20.90","662ed97e23a6d55bb855adae","FastSlow",1,1,1,0,0,1,0,0,0,0
"821","4005","1030","10200000","90000","831","6907","938","10600000","82937","633","7005","1010","10100000","15000","1150000","12.83","18.16","5.34","19.80","37.16","9.94","20.31","13.39","11.37","15.88","6.89","6.99","2.18","9.15","10.60","10.78","667e27322e43770fb9f2bb8c","SlowFast",1,0,0,0,0,1,0,1,0,0
"821","5116","930","2370000","106305","831","6807","938","3600000","89357","633","6500","916","28200000","90989","10799000","13.19","33.87","23.56","38.42","38.57","15.97","20.36","22.26","25.05","28.72","8.88","19.80","19.40","11.47","18.68","32.31","671bfaa7d312fef1ab1d7fa0","SlowFast",1,0,1,1,0,1,1,1,0,0
"821","4006","930","2370000","0","831","6807","938","3490000","80047","633","6505","912","2880000","0","0","11.78","20.78","22.36","28.97","40.00","14.28","19.62","16.52","22.25","28.52","14.29","15.03","14.96","13.61","20.00","40.00","6717f0ac88d9f27d9b79af31","SlowFast",1,0,1,1,0,1,1,1,1,0
"821","4906","930","2370000","0","829","6807","1138","34900000","82947","633","6515","910","2820000","0","0","7.75","21.54","28.03","14.11","40.00","15.15","10.99","17.88","11.74","15.90","9.49","9.73","11.36","12.85","40.00","40.00","67342c07d23b6cf0da5a030c","FastSlow",1,1,1,1,0,0,1,0,0,1
"821","4906","930","23700000","0","831","0","0","34900000","2","613","6505","916","28200000","10000","2","10.89","34.15","18.86","28.31","40.00","15.13","20.00","20.00","16.42","19.41","12.72","18.01","19.79","15.84","38.07","36.11","66c54542fde51396756cb576","FastSlow",1,1,1,0,0,1,0,0,0,0
"821","0","920","0","0","0","0","438","0","752452","633","0","911","280000000","58757","0","20.33","40.00","22.14","40.00","40.00","20.00","20.00","17.42","20.00","19.07","18.87","40.00","35.05","27.86","31.95","40.00","60fdf6b3117c2aeb33f2dd99","FastSlow",1,0,0,0,0,0,0,0,0,0
"821","4906","920","2350000","0","831","6807","0","3390000","0","633","0","320","2820000","0","0","11.56","26.87","31.59","35.11","40.00","12.26","24.74","40.00","29.14","40.00","14.72","20.00","14.30","17.26","20.00","40.00","66b6e70b2a7cebe3d1c15dc0","SlowFast",1,1,0,0,0,1,1,0,0,0
"821","4906","0","2370000","92575","831","0","938","0","0","633","6515","910","2820000","90366","0","13.96","24.21","40.00","33.48","27.02","14.55","20.00","19.87","20.00","20.00","11.46","15.68","14.38","26.36","26.87","40.00","67d94f701307ac0887c44909","FastSlow",1,1,0,1,1,1,0,1,0,0
"821","3906","920","1370000","93000","831","0","938","0","0","633","6515","910","1820000","0","0","25.65","31.05","30.15","39.74","31.97","15.74","20.00","17.64","20.00","20.00","24.93","27.45","25.91","28.35","40.00","40.00","66293f9169949f4ac196a2c4","FastSlow",1,0,0,0,0,1,0,1,0,0
"821","4906","930","0","0","831","6814","938","34900000","8949","633","6515","910","28200000","0","0","20.18","28.07","17.74","40.00","40.00","12.97","38.62","22.53","30.47","37.83","9.07","12.50","18.71","19.09","20.00","40.00","68cdd1f9acf6b2542a73e563","SlowFast",1,1,1,0,0,1,0,1,0,0
"821","4906","930","10370000","0","841","7917","0","107600000","0","643","6515","830","11120000","0","1105381","13.81","21.67","23.83","28.34","40.00","14.20","17.88","20.00","19.05","20.00","14.46","13.86","25.17","25.34","40.00","38.09","66efa54508a57ab4d42cab20","FastSlow",1,1,1,0,0,0,0,0,0,0
"821","4906","930","20000000","0","831","6807","938","3490000","0","633","0","0","0","0","0","15.00","27.93","26.30","33.71","40.00","10.36","21.19","16.72","35.17","40.00","11.60","20.00","20.00","20.00","20.00","40.00","6746659a4a38c50b80da4c63","SlowFast",1,1,1,0,0,1,1,1,1,0
"821","5006","950","15870000","100000","0","3800","938","27790000","80000","633","6515","800","19920000","90000","100000","11.80","23.01","23.87","16.11","8.79","20.00","18.64","19.17","15.38","6.58","13.80","17.76","14.95","14.21","9.93","5.86","6736485fd762ccba28f44a81","FastSlow",1,0,0,0,0,0,0,1,0,0
"821","4906","830","2370000","2575","831","6307","938","3490000","0","633","6515","0","2820000","0","9400000","9.18","25.33","33.10","16.96","38.41","12.74","28.96","30.17","18.54","40.00","9.20","13.79","20.00","19.51","20.00","26.15","655fa1d61a31921e732c6447","SlowFast",1,1,0,1,0,1,0,1,1,0
"821","4906","1128","2370000","0","831","6807","938","0","0","633","6715","879","10120000","90366","0","16.05","18.96","24.38","34.49","40.00","8.70","13.63","15.09","20.00","20.00","6.97","17.70","24.35","28.43","38.58","40.00","6598fe3a39833e045566f441","FastSlow",1,1,0,1,0,1,1,1,0,0
"821","1499","350","23700000","100000","751","6801","938","3600000","83502","633","6515","900","2820000","90010","9538201","13.46","21.98","12.39","18.82","13.06","7.81","17.96","21.50","25.33","28.49","10.82","13.61","17.01","15.84","11.76","25.81","678e1a303a8e378f3e02cdf3","SlowFast",1,0,0,0,0,0,0,1,0,0
"821","4906","920","102000","0","831","8807","0","1000000","0","633","6515","960","11100000","0","0","13.56","33.66","36.44","21.91","40.00","10.28","15.29","20.00","13.04","20.00","11.64","15.97","30.93","19.08","40.00","40.00","6706d002bb8720b5daad439f","FastSlow",1,1,0,0,0,1,0,0,0,0
"821","0","930","0","0","831","0","0","0","0","633","0","910","0","0","0","20.54","40.00","21.62","40.00","40.00","15.92","20.00","20.00","20.00","20.00","20.59","40.00","28.13","40.00","40.00","40.00","6283dfc2f6449b4dea57a4e5","FastSlow",1,0,1,0,0,1,0,0,0,0
"821","4906","930","2,370,000","129360","831","6808","938","3,490,000","82847","633","6512","710","2,820,000","90000","0","15.27","25.25","32.84","38.43","37.85","14.34","31.20","11.20","12.33","8.88","9.43","15.86","18.68","10.59","18.42","40.00","5d58471ffe8768001a31d33a","SlowFast",1,1,1,1,0,1,0,1,1,0
"821","0","0","2370000","0","831","0","938","0","0","633","6515","1610","11820000","0","0","13.87","40.00","40.00","27.22","40.00","11.42","20.00","17.21","20.00","20.00","17.78","26.43","26.14","27.28","40.00","40.00","6530fed5b3281d288757fca9","FastSlow",1,0,0,1,0,1,0,1,0,0
"821","4906","930","2370000","92045","831","6807","938","3490000","82947","643","6515","908","2820000","0","0","14.94","24.82","20.53","27.82","29.72","20.08","27.36","20.87","22.19","33.67","17.83","16.93","18.23","17.54","20.00","40.00","66aebc2458180fbfae675464","SlowFast",1,1,1,1,0,1,1,1,1,1
"821","4906","930","2370000","92585","831","6807","938","3490000","82947","633","6515","910","2820000","88549","0","5.16","11.22","13.13","16.02","22.36","10.60","17.17","8.10","21.78","29.92","7.06","9.91","16.32","13.95","12.94","40.00","655f94a8e52c55fdec3da167","SlowFast",1,1,1,1,0,1,1,1,1,1
"821","0","875","10200000","12168","831","84321","1000","0","85741","633","5348","0","199200000","12587","1345820","20.92","40.00","25.45","19.20","27.54","13.67","12.32","8.37","20.00","15.37","14.98","11.83","40.00","17.60","15.89","27.34","6681e05e37692ab271e02312","FastSlow",1,0,0,0,0,1,0,0,0,0
"821","4905","929","1020000","2947","830","6807","936","0","0","633","6515","910","1110000","90355","0","8.39","24.82","35.73","26.58","33.14","11.48","18.42","14.13","20.00","20.00","20.39","20.67","24.56","20.26","22.66","40.00","62a74daa695f792361470dd1","FastSlow",1,0,0,0,0,0,1,0,0,0
"421","0","2567","1234000","89954","4310","546783","453243","67880000","8995670","0","456743","34563","12340000","123489000","89998856000","38.62","40.00","37.81","34.68","37.51","38.34","29.77","21.28","28.66","25.72","20.00","15.05","14.40","18.13","15.52","29.66","66699f85a69c5a20e26d0446","SlowFast",0,0,0,0,0,0,0,0,0,0
"821","4906","930","2370000","92576","831","6807","938","3490000","82600","633","6505","940","2820000","0","9543000","6.12","14.59","10.30","13.22","35.81","8.98","14.12","20.68","10.85","27.44","7.68","13.51","18.47","12.78","20.00","26.68","67a70cc6d537c72bc20ddfaf","SlowFast",1,1,1,1,0,1,1,1,1,0
"821","4906","929","0","0","831","0","938","0","0","633","6515","910","2820000","90365","0","16.25","27.87","37.75","40.00","40.00","19.10","20.00","19.84","20.00","20.00","13.59","19.38","21.81","35.27","34.77","40.00","67dda74a3edfea472c7838bd","FastSlow",1,1,0,0,0,1,0,1,0,0
"821","4906","930","2370000","92675","831","6807","938","3490000","82947","633","6515","910","2820000","0","316","8.52","12.41","21.82","19.27","35.84","8.59","12.41","14.01","14.78","28.22","8.53","12.70","12.92","12.54","20.00","33.16","68f162dee751e800eaf375ac","SlowFast",1,1,1,1,0,1,1,1,1,1
"821","5906","0","0","0","0","0","0","0","0","633","6515","832","2800000","0","0","18.63","38.86","40.00","40.00","40.00","20.00","20.00","20.00","20.00","20.00","16.34","22.29","27.95","28.38","40.00","40.00","677b03282a32bc17e223ca06","FastSlow",1,0,0,0,0,0,0,0,0,0
"821","4916","926","2500000","91877","839","7300","938","310000","82000","633","6400","915","2100000","89700","9411000","12.51","24.29","25.82","34.32","24.10","16.68","18.80","18.64","5.89","19.46","15.17","23.84","13.13","21.79","23.33","26.93","67d098fc823ae75b808b84bb","FastSlow",1,0,0,0,0,0,0,1,0,0
"821","4906","930","2120000","92576","831","6807","938","3490000","0","633","6515","910","2820000","90135","9542958","7.74","30.15","16.04","34.34","37.33","8.31","14.96","10.68","11.72","20.00","9.07","21.57","14.63","9.78","28.82","38.64","662940dea9a111e5c424f984","FastSlow",1,1,1,0,0,1,1,1,1,0
"821","4906","930","2370000","92585","831","6807","938","3490000","0","633","6515","910","2820000","89346","944076","8.10","12.98","17.93","10.02","36.74","12.54","12.50","13.21","10.87","20.00","7.47","20.06","12.12","11.53","34.52","39.26","663a5c27da2d5c4350225119","FastSlow",1,1,1,1,0,1,1,1,1,0
"821","3905","930","2370000","93000","831","6807","938","3490000","83217","633","6515","910","2820000","0","13000000","9.78","18.94","10.85","11.56","33.29","6.51","17.24","9.86","24.08","16.66","7.92","14.33","12.48","12.76","20.00","14.08","5c4f94452090bd0001c43b93","SlowFast",1,0,1,1,0,1,1,1,1,0
"821","2532","805","2370000","0","821","6807","938","0","0","633","0","0","2820000","0","0","26.81","23.44","39.01","36.55","40.00","15.65","23.99","22.82","40.00","40.00","9.05","20.00","20.00","14.24","20.00","40.00","67dc8ad530b342275638eaa6","SlowFast",1,0,0,1,0,0,1,1,0,0
"0","0","0","0","0","0","0","0","0","0","633","6400","900","2901000","90000","0","40.00","40.00","40.00","40.00","40.00","20.00","20.00","20.00","20.00","20.00","14.04","6.18","9.09","33.10","15.28","40.00","678fae0185832a6eb332af06","FastSlow",0,0,0,0,0,0,0,0,0,0
"821","4906","930","1920000","0","831","6807","938","3490000","82947","633","0","910","0","0","0","13.63","23.69","33.93","39.57","40.00","16.37","16.55","26.77","38.34","36.69","12.83","20.00","17.54","20.00","20.00","40.00","674cf37224bda3c152954bc3","SlowFast",1,1,1,0,0,1,1,1,1,1
"821","4906","910","2370000","0","831","0","0","0","0","633","0","920","0","0","0","23.61","24.23","29.59","34.91","40.00","17.36","20.00","20.00","20.00","20.00","19.75","40.00","26.10","40.00","40.00","40.00","6660f30d9cab7604513cf59b","FastSlow",1,1,0,1,0,1,0,0,0,0
"821","4906","1724","1200000","93790","831","6798","1829","10600000","8470","633","0","0","11100000","0","0","20.27","17.10","27.64","27.94","39.64","13.13","17.39","27.07","24.91","39.17","10.89","20.00","20.00","17.80","20.00","40.00","6750e0068ca44f6ecff8b70d","SlowFast",1,1,0,0,0,1,0,0,0,0
"821","4806","930","10870000","595","831","6807","938","3490000","82832","633","6515","910","118000","6846","4954448","11.70","17.83","25.41","9.25","38.18","9.26","12.47","18.60","39.36","38.77","10.80","10.02","16.75","19.69","18.38","40.00","66744faaf566bdef7376dbe2","SlowFast",1,0,1,0,0,1,1,1,1,0
"821","4900","930","237000","12400","831","6807","1038","330000","82500","633","6450","910","260000","0","1,130,250,000","11.13","11.96","12.56","15.23","18.21","9.51","27.84","17.18","5.07","27.24","11.61","14.89","19.08","18.07","20.00","29.98","5eac4d104476b027d56dab0f","SlowFast",1,0,1,0,0,1,1,0,0,0
"821","4906","1000","0000","0","0","0","0","0","0","633","6515","908","0","0","0","28.10","33.85","31.04","37.62","38.55","20.00","20.00","20.00","20.00","20.00","20.05","18.30","32.05","40.00","40.00","40.00","652809036a4ca0c161cda6e7","FastSlow",1,1,0,0,0,0,0,0,0,0
"821","4906","326","2370000","12000","831","6807","938","3490000","11000","633","6200","900","2820000","10000","9500000","12.26","20.21","17.22","17.36","11.93","13.28","29.50","19.10","17.03","13.81","10.80","15.37","19.46","13.41","13.25","25.48","65cbb49693940ca0627dbc8d","SlowFast",1,1,0,1,0,1,1,1,1,0
"821","4000","900","240000","93000","829","8800","940","0","0","700","6500","900","2700000","100000","9600000","9.63","22.57","36.61","16.81","27.65","14.39","9.51","13.85","20.00","20.00","12.45","11.05","16.34","30.16","34.46","31.82","663c1925ab9d8b179a23180e","FastSlow",1,0,0,0,0,0,0,0,0,0
"0","0","0","0","0","0","0","0","100000000000","0","0","0","0","0","0","0","40.00","40.00","40.00","40.00","40.00","40.00","40.00","40.00","19.38","40.00","20.00","20.00","20.00","20.00","20.00","40.00","5e9e3474861e20000a318a01","SlowFast",0,0,0,0,0,0,0,0,0,0
"821","4900","2300","9730000","0","831","0","0","0","0","633","6525","900","2820000","0","1264839","16.18","30.87","31.98","30.27","40.00","18.10","20.00","20.00","20.00","20.00","15.05","28.21","37.31","19.51","40.00","20.23","69260c4b906d9de7bf60ad13","FastSlow",1,0,0,0,0,1,0,0,0,0
"821","4906","0","2370000","0","831","6827","938","3490000","0","0","0","0","2820000","0","0","17.62","29.86","40.00","19.69","40.00","21.71","24.66","30.03","18.56","40.00","20.00","20.00","20.00","13.51","20.00","40.00","60fce0fcf9abe7218c789734","SlowFast",1,1,0,1,0,1,0,1,1,0
