Submission id,Participant id,Status,Custom study tncs accepted at,Started at,Completed at,Reviewed at,Archived at,Time taken,Completion code,Total approvals,Age,Sex,Ethnicity simplified,Country of birth,Country of residence,Nationality,Language,Student status,Employment status,Authenticity check: QID104,Authenticity check: QID106,Authenticity check: QID124,Authenticity check: QID125,Authenticity check: QID126,Authenticity check: QID127,Authenticity check: QID128,Authenticity check: QID130,Authenticity check: QID137,Authenticity check: QID138,Authenticity check: QID139,Authenticity check: QID140,Authenticity check: QID141,Authenticity check: QID5,Authenticity check: QID6,Authenticity check: QID93,Authenticity check: QID97,Authenticity check: QID99
693c4ee2107b9fe25c98cd20,693607ce95c6f9ca7d708da0,APPROVED,Not Applicable,2025-12-12T17:20:37.485000Z,2025-12-12T17:30:19.575000Z,2025-12-13T10:55:43.393000Z,2025-12-12T17:30:19.911043Z,583.0,CCPXUCJH,84,34,Female,Asian,Korea,United States,Korea,Korean,No,Full-Time,Pass,Pass,Pass,Pass,Pass,Pass,Pass,Pass,Pass,Pass,Pass,Pass,Pass,Pass,N/A,Pass,Pass,Pass
693c4f00637f25339be26003,66293da691cec8862619b1dc,APPROVED,Not Applicable,2025-12-12T17:21:09.426000Z,2025-12-12T17:30:50.657000Z,2025-12-13T10:55:43.843000Z,2025-12-12T17:30:50.997904Z,582.0,CCPXUCJH,1309,47,Female,White,United States,United States,United States,English,No,Part-Time,Pass,Pass,Pass,Pass,Pass,Pass,Pass,Pass,Pass,Pass,N/A,Pass,Pass,Pass,N/A,Pass,Pass,Pass
693c4f487bfa940804a4abb6,5aa838354eecca0001de0a20,APPROVED,Not Applicable,2025-12-12T17:22:22.906000Z,2025-12-12T17:37:56.893000Z,2025-12-13T10:55:44.249000Z,2025-12-12T17:37:57.247973Z,934.0,CCPXUCJH,429,45,Female,White,United States,United States,United States,English,No,"Not in paid work (e.g. homemaker', 'retired or disabled)",N/A,N/A,Pass,Pass,N/A,Pass,Pass,N/A,Pass,Pass,Pass,Pass,N/A,Pass,N/A,Pass,Pass,N/A
693c4f59273470f104e9b6b1,6537fbfa80bf977dd6954d58,APPROVED,Not Applicable,2025-12-12T17:22:39.335000Z,2025-12-12T17:34:14.451000Z,2025-12-13T10:55:44.728000Z,2025-12-12T17:34:14.812075Z,696.0,CCPXUCJH,1687,66,Male,White,United States,United States,United States,English,No,Part-Time,Pass,Pass,Pass,Pass,Pass,Pass,Pass,Pass,Pass,Pass,Pass,Pass,Pass,Pass,N/A,Pass,Pass,Pass
693c4f62988e23abd31bb330,67d1f6824f74bd16996512c0,APPROVED,Not Applicable,2025-12-12T17:23:06.171000Z,2025-12-12T17:35:09.031000Z,2025-12-13T10:55:45.302000Z,2025-12-12T17:35:09.414428Z,723.0,CCPXUCJH,1984,68,Male,White,Lithuania,United States,Russian Federation,English,No,"Not in paid work (e.g. homemaker', 'retired or disabled)",Pass,Pass,Pass,Pass,Pass,Pass,Pass,Pass,Pass,Pass,Pass,Pass,Pass,Pass,N/A,Pass,Pass,Pass
693c4fc876e54dc77f3e6e0a,66ad1e08076381b48ffb7d79,APPROVED,Not Applicable,2025-12-12T17:24:31.892000Z,2025-12-12T17:36:48.998000Z,2025-12-13T10:55:45.716000Z,2025-12-12T17:36:49.396614Z,738.0,CCPXUCJH,680,25,Male,White,United States,United States,United States,English,No,Part-Time,N/A,Pass,Pass,Pass,N/A,N/A,Pass,N/A,N/A,N/A,N/A,Pass,N/A,Pass,Pass,Pass,N/A,N/A
693c4ff0145030d0e810ed25,67816ff917d513a66eaadd01,APPROVED,Not Applicable,2025-12-12T17:25:09.618000Z,2025-12-12T17:34:15.269000Z,2025-12-13T10:55:46.166000Z,2025-12-12T17:34:15.607281Z,546.0,CCPXUCJH,1486,62,Male,White,United Kingdom,United States,United Kingdom,English,No,"Not in paid work (e.g. homemaker', 'retired or disabled)",Pass,Pass,Pass,Pass,Pass,Pass,Pass,N/A,Pass,Pass,N/A,Pass,Pass,Pass,N/A,Pass,Pass,Pass
693c509a9fceca5a21aac10b,661c5d9450ded976adbd5b24,APPROVED,Not Applicable,2025-12-12T17:28:01.229000Z,2025-12-12T17:38:54.282000Z,2025-12-13T10:55:46.595000Z,2025-12-12T17:38:54.635315Z,654.0,CCPXUCJH,733,55,Male,White,United States,United States,United States,English,DATA_EXPIRED,DATA_EXPIRED,N/A,Pass,Pass,Pass,Pass,Pass,Pass,Pass,Pass,Pass,Pass,Pass,N/A,Pass,N/A,Pass,Pass,Pass
693c52bcdabf29d8e4123700,6782b152b9f7ae9d753eebea,APPROVED,Not Applicable,2025-12-12T17:37:05.111000Z,2025-12-12T17:49:14.845000Z,2025-12-13T10:55:47.021000Z,2025-12-12T17:49:15.194300Z,730.0,CCPXUCJH,1214,28,Female,White,United States,United States,United States,English,No,"Not in paid work (e.g. homemaker', 'retired or disabled)",Pass,Pass,Pass,Pass,Pass,Pass,Pass,Pass,Pass,Pass,Pass,Pass,Pass,Pass,N/A,Pass,Pass,Pass
693c52ee5783cb6d3b252990,5b7df1f09fcd3c00011904a4,APPROVED,Not Applicable,2025-12-12T17:37:53.069000Z,2025-12-12T17:46:01.602000Z,2025-12-13T10:55:47.430000Z,2025-12-12T17:46:01.941233Z,489.0,CCPXUCJH,1969,36,Male,Other,United States,United States,United States,English,No,Full-Time,Pass,Pass,Pass,Pass,Pass,Pass,Pass,Pass,Pass,Pass,Pass,Pass,Pass,Pass,N/A,Pass,Pass,Pass
693c52f1a24a88b7812a42dc,6914e0900c27e175798f4983,APPROVED,Not Applicable,2025-12-12T17:38:02.770000Z,2025-12-12T18:03:49.422000Z,2025-12-13T10:55:47.850000Z,2025-12-12T18:03:49.767125Z,1547.0,CCPXUCJH,419,44,Male,Black,Nigeria,United States,DATA_EXPIRED,English,No,Full-Time,N/A,Pass,N/A,Pass,Pass,Pass,Pass,N/A,Pass,Pass,Pass,Pass,N/A,Pass,N/A,Pass,Pass,Pass
693c52f66e9353e88063300f,66be4c98197a6d1a726134d4,APPROVED,Not Applicable,2025-12-12T17:38:02.888000Z,2025-12-12T18:06:54.987000Z,2025-12-13T10:55:48.268000Z,2025-12-12T18:06:55.334217Z,1733.0,CCPXUCJH,1135,37,Female,White,United States,United States,Ireland,English,No,DATA_EXPIRED,N/A,Pass,N/A,Pass,Pass,Pass,Pass,N/A,Pass,Pass,Pass,N/A,Pass,Pass,Pass,Pass,Pass,Pass
693c533ddcad2b5a4f5d85cf,65ea41d8c31c744b580de3ee,APPROVED,Not Applicable,2025-12-12T17:39:14.985000Z,2025-12-12T17:53:13.784000Z,2025-12-13T10:55:48.704000Z,2025-12-12T17:53:14.150299Z,839.0,CCPXUCJH,1090,52,Female,White,Canada,United States,Canada,English,No,Part-Time,Pass,Pass,Pass,Pass,Pass,Pass,Pass,Pass,Pass,Pass,Pass,Pass,Pass,Pass,N/A,Pass,Pass,Pass
693c5345dcbc6e0221f82081,68116e00179b99f42ab53257,APPROVED,Not Applicable,2025-12-12T17:39:27.304000Z,2025-12-12T17:50:58.364000Z,2025-12-13T10:55:49.126000Z,2025-12-12T17:50:58.723773Z,692.0,CCPXUCJH,1051,54,Female,White,United States,United States,United States,English,Yes,Full-Time,Pass,Pass,Pass,Pass,Pass,Pass,Pass,Pass,Pass,Pass,Pass,Pass,Pass,Pass,N/A,Pass,Pass,Pass
693c536485439a8ac712dc5c,672a4909b6dfbe6ba024ddeb,APPROVED,Not Applicable,2025-12-12T17:39:53.942000Z,2025-12-12T17:51:44.296000Z,2025-12-13T10:55:50.473000Z,2025-12-12T17:51:44.654844Z,711.0,CCPXUCJH,1399,64,Male,White,United States,United States,United States,English,No,Full-Time,N/A,N/A,N/A,Pass,Pass,Pass,Pass,Pass,Pass,Pass,Pass,Pass,Pass,Pass,Pass,Pass,Pass,Pass
693c537b2f135cc001f00514,5c0595bb1a20110001e9f1e1,APPROVED,Not Applicable,2025-12-12T17:40:15.867000Z,2025-12-12T17:52:44.024000Z,2025-12-13T10:55:50.930000Z,2025-12-12T17:52:44.371968Z,749.0,CCPXUCJH,1287,43,Female,White,United States,United States,United States,English,No,DATA_EXPIRED,N/A,Pass,N/A,Pass,Pass,N/A,N/A,N/A,Pass,Pass,N/A,Pass,N/A,Pass,N/A,Pass,Pass,Pass
693c538df1443164e9a866f6,6938b8bae3f68aa762420d64,APPROVED,Not Applicable,2025-12-12T17:40:38.270000Z,2025-12-12T17:54:25.618000Z,2025-12-13T10:55:51.376000Z,2025-12-12T17:54:25.963923Z,828.0,CCPXUCJH,57,27,Male,White,United States,United States,United States,English,No,Full-Time,N/A,N/A,N/A,N/A,Pass,Pass,Pass,Pass,Pass,Pass,Pass,Pass,Pass,N/A,Pass,N/A,N/A,N/A
693c5397fb4159a4577916c1,6672d841976c5e0961cc8883,APPROVED,Not Applicable,2025-12-12T17:40:43.571000Z,2025-12-12T17:47:56.502000Z,2025-12-13T10:55:51.798000Z,2025-12-12T17:47:56.855692Z,433.0,CCPXUCJH,297,31,Male,White,United Kingdom,United States,United Kingdom,English,No,Full-Time,Pass,Pass,Pass,Pass,Pass,Pass,Pass,Pass,Pass,Pass,Pass,Pass,Pass,Pass,N/A,Pass,Pass,Pass
693c544741a601c926b53db2,666253e8c992de971c27b622,APPROVED,Not Applicable,2025-12-12T17:43:43.164000Z,2025-12-12T18:07:21.710000Z,2025-12-13T10:55:52.210000Z,2025-12-12T18:07:22.057630Z,1419.0,CCPXUCJH,1899,57,Female,White,United States,United States,United States,English,No,Unemployed (and job seeking),N/A,N/A,N/A,Pass,N/A,N/A,N/A,N/A,Pass,Pass,Pass,N/A,Pass,Pass,N/A,Pass,Pass,Pass
693c5483933b101e68123bc5,67a536701deb6e6c96611481,APPROVED,Not Applicable,2025-12-12T17:44:43.969000Z,2025-12-12T17:58:29.439000Z,2025-12-13T10:55:52.640000Z,2025-12-12T17:58:29.790523Z,826.0,CCPXUCJH,1072,74,Female,White,United Kingdom,United States,United Kingdom,English,No,"Not in paid work (e.g. homemaker', 'retired or disabled)",N/A,Pass,N/A,Pass,Pass,N/A,Pass,N/A,Pass,Pass,Pass,Pass,Pass,Pass,Pass,Pass,Pass,Pass
693c54989836f4cfd89a34b4,654180b5d949b32a76c3b5fe,APPROVED,Not Applicable,2025-12-12T17:44:59.802000Z,2025-12-12T17:50:04.265000Z,2025-12-13T10:55:53.078000Z,2025-12-12T17:50:04.610514Z,305.0,CCPXUCJH,1926,43,Male,Asian,United States,United States,United States,English,No,Full-Time,Pass,Pass,Pass,Pass,Pass,Pass,Pass,Pass,Pass,Pass,Pass,Pass,Pass,Pass,N/A,Pass,Pass,Pass
693c54f9de058c208fb7c3e8,60fdc72e09443e94b6697b62,APPROVED,Not Applicable,2025-12-12T17:46:37.452000Z,2025-12-12T17:58:10.191000Z,2025-12-13T10:55:53.484000Z,2025-12-12T17:58:10.537371Z,693.0,CCPXUCJH,120,33,Female,White,United States,United States,United States,English,DATA_EXPIRED,DATA_EXPIRED,N/A,N/A,N/A,N/A,N/A,N/A,N/A,N/A,N/A,N/A,N/A,N/A,N/A,N/A,N/A,N/A,N/A,N/A
693c555fef5ede04282edead,6648b67329cd00b8b3d15961,APPROVED,Not Applicable,2025-12-12T17:48:18.022000Z,2025-12-12T17:58:44.062000Z,2025-12-13T10:55:53.909000Z,2025-12-12T17:58:44.404772Z,627.0,CCPXUCJH,732,35,Female,Asian,Korea,United States,Korea,Korean,No,Full-Time,Pass,Pass,N/A,Pass,Pass,Pass,Pass,Pass,Pass,Pass,Pass,Pass,N/A,Pass,N/A,Pass,Pass,Pass
693c55c0da590e0a9b3ff2d5,650d9e7cc7ca0c04a4530515,APPROVED,Not Applicable,2025-12-12T17:49:55.841000Z,2025-12-12T17:56:36.346000Z,2025-12-13T10:55:54.375000Z,2025-12-12T17:56:36.964247Z,401.0,CCPXUCJH,909,34,Female,White,United States,United States,United States,English,No,"Not in paid work (e.g. homemaker', 'retired or disabled)",Pass,Pass,N/A,Pass,Pass,Pass,Pass,Pass,Pass,Pass,Pass,Pass,Pass,Pass,N/A,Pass,Pass,Pass
693c55ce107b9fe25c98cdef,677ad06ebf62b45f68bc3ed4,APPROVED,Not Applicable,2025-12-12T17:50:13.262000Z,2025-12-12T17:59:26.332000Z,2025-12-13T10:55:54.794000Z,2025-12-12T17:59:26.699587Z,554.0,CCPXUCJH,234,31,Male,White,Netherlands,United States,Netherlands,Dutch,No,"Not in paid work (e.g. homemaker', 'retired or disabled)",Pass,Pass,N/A,Pass,Pass,Pass,Pass,Pass,Pass,Pass,Pass,Pass,Pass,Pass,N/A,Pass,Pass,Pass
693c55d8f91e935311ae2d2e,67018ddda66fca6195d1070f,APPROVED,Not Applicable,2025-12-12T17:50:20.845000Z,2025-12-12T18:02:11.141000Z,2025-12-13T10:55:55.220000Z,2025-12-12T18:02:11.501572Z,711.0,CCPXUCJH,1326,50,Female,Black,United States,United States,United States,English,No,Part-Time,Pass,Pass,Pass,Pass,Pass,Pass,Pass,Pass,Pass,Pass,Pass,Pass,Pass,Pass,N/A,Pass,Pass,N/A
693c55f496f07a39362f3275,67f2b914d702155cbc0a3a2c,APPROVED,Not Applicable,2025-12-12T17:56:16.971000Z,2025-12-12T18:16:02.243000Z,2025-12-13T10:55:55.619000Z,2025-12-12T18:16:02.574125Z,1186.0,CCPXUCJH,1125,22,Female,Black,United States,United States,United States,English,No,DATA_EXPIRED,N/A,Pass,Pass,Pass,Pass,Pass,Pass,N/A,Pass,Pass,Pass,Pass,N/A,Pass,N/A,Pass,Pass,Pass
693c55f61248964030f07a77,66c30398cfdcf65e1ef278bf,APPROVED,Not Applicable,2025-12-12T17:50:52.530000Z,2025-12-12T18:03:02.285000Z,2025-12-13T10:55:56.073000Z,2025-12-12T18:03:02.647832Z,730.0,CCPXUCJH,1396,69,Male,White,United States,United States,United States,English,DATA_EXPIRED,DATA_EXPIRED,N/A,Pass,N/A,Pass,Pass,Pass,N/A,N/A,Pass,N/A,N/A,Pass,N/A,Pass,N/A,Pass,Pass,Pass
693c560156c7d4629a307eec,6122f332c9f0e8bb1209dc7d,APPROVED,Not Applicable,2025-12-12T17:51:12.091000Z,2025-12-12T18:07:06.442000Z,2025-12-13T10:55:56.513000Z,2025-12-12T18:07:06.779819Z,955.0,CCPXUCJH,1126,56,Female,White,United States,United States,United States,English,Yes,Full-Time,N/A,Pass,N/A,Pass,Pass,Pass,Pass,N/A,Pass,Pass,Pass,Pass,N/A,Pass,Pass,Pass,Pass,Pass
693c56147df836957c77a5e6,67460cbb61e0f43f89d299dd,APPROVED,Not Applicable,2025-12-12T17:51:18.613000Z,2025-12-12T18:12:01.064000Z,2025-12-13T10:55:56.899000Z,2025-12-12T18:12:01.468993Z,1243.0,CCPXUCJH,344,30,Male,White,United States,United States,United States,English,No,Full-Time,Pass,Pass,Pass,Pass,Pass,Pass,Pass,Pass,Pass,N/A,Pass,Pass,Pass,Pass,N/A,Pass,Pass,Pass
693c561d9cac4410214b4d3a,6610ca6d1c7fe8e3861d0de2,APPROVED,Not Applicable,2025-12-12T17:51:33.884000Z,2025-12-12T18:03:18.243000Z,2025-12-13T10:55:57.319000Z,2025-12-12T18:03:18.562580Z,705.0,CCPXUCJH,1296,57,Female,White,United States,United States,United States,English,DATA_EXPIRED,DATA_EXPIRED,Pass,Pass,Pass,Pass,Pass,Pass,Pass,Pass,Pass,Pass,Pass,Pass,Pass,Pass,N/A,Pass,Pass,Pass
693c5634a145290ff6b6de31,6728c6de354d8cf555f41110,APPROVED,Not Applicable,2025-12-12T17:51:54.869000Z,2025-12-12T18:04:03.683000Z,2025-12-13T10:55:57.739000Z,2025-12-12T18:04:04.178195Z,729.0,CCPXUCJH,1495,24,Male,Black,United States,United States,United States,English,DATA_EXPIRED,DATA_EXPIRED,N/A,N/A,N/A,Pass,Pass,Pass,N/A,N/A,Pass,N/A,N/A,N/A,N/A,Pass,N/A,Pass,Pass,Pass
693c563c74215449e656769e,5aa2dcf36219a30001f57b7e,APPROVED,Not Applicable,2025-12-12T17:52:01.520000Z,2025-12-12T18:03:38.253000Z,2025-12-13T10:55:58.125000Z,2025-12-12T18:03:38.611065Z,697.0,CCPXUCJH,1491,47,Male,DATA_EXPIRED,United States,United States,United States,English,No,Part-Time,N/A,Pass,N/A,Pass,N/A,Pass,Pass,N/A,Pass,Pass,Pass,Pass,N/A,Pass,N/A,Pass,Pass,Pass
693c563d0e6d33f10b5c3e95,662aa4644d318829d42496b7,APPROVED,Not Applicable,2025-12-12T17:52:03.630000Z,2025-12-12T18:03:45.582000Z,2025-12-13T10:55:58.511000Z,2025-12-12T18:03:45.916338Z,702.0,CCPXUCJH,690,54,Female,Mixed,United States,United States,United States,English,No,"Not in paid work (e.g. homemaker', 'retired or disabled)",Pass,Pass,Pass,Pass,Pass,Pass,Pass,Pass,Pass,Pass,Pass,Pass,Pass,Pass,N/A,Pass,Pass,Pass
693c56414e9c5ba6c107c1a9,63d475f2b52ddc6fbab9ce52,APPROVED,Not Applicable,2025-12-12T17:52:06.524000Z,2025-12-12T18:12:49.945000Z,2025-12-13T10:55:58.899000Z,2025-12-12T18:12:50.378244Z,1244.0,CCPXUCJH,1875,57,Female,Mixed,Dominican Republic,United States,Dominican Republic,Spanish,No,"Not in paid work (e.g. homemaker', 'retired or disabled)",Pass,Pass,N/A,Pass,Pass,Pass,Pass,N/A,Pass,Pass,N/A,N/A,N/A,Pass,N/A,Pass,Pass,Pass
693c56559a7a86b3688522f6,6560d73f80824412a8a74260,APPROVED,Not Applicable,2025-12-12T17:52:24.744000Z,2025-12-12T18:03:20.211000Z,2025-12-13T10:55:59.306000Z,2025-12-12T18:03:20.546764Z,656.0,CCPXUCJH,1564,35,Female,Black,United States,United States,United States,English,DATA_EXPIRED,DATA_EXPIRED,Pass,Pass,Pass,Pass,Pass,Pass,Pass,Pass,Pass,Pass,Pass,Pass,Pass,Pass,N/A,Pass,Pass,Pass
693c56670c86da93f44a0b20,67a577bd526d53b904219c1d,APPROVED,Not Applicable,2025-12-12T17:52:45.751000Z,2025-12-12T18:01:48.980000Z,2025-12-13T10:55:59.695000Z,2025-12-12T18:01:49.365151Z,544.0,CCPXUCJH,1829,64,Male,White,Colombia,United States,United States,Spanish,No,Full-Time,Pass,Pass,Pass,Pass,Pass,Pass,Pass,Pass,Pass,Pass,Pass,Pass,Pass,Pass,N/A,Pass,Pass,Pass
693c5668d489a7676df3e0df,678f46cd0f21903076471f34,APPROVED,Not Applicable,2025-12-12T17:52:45.622000Z,2025-12-12T18:02:38.047000Z,2025-12-13T10:56:00.106000Z,2025-12-12T18:02:38.384723Z,593.0,CCPXUCJH,724,30,Male,White,United States,United States,United States,English,No,Full-Time,Pass,Pass,Pass,Pass,N/A,Pass,Pass,N/A,Pass,N/A,N/A,Pass,N/A,Pass,N/A,Pass,Pass,Pass
693c567d9bb52dbbbd4a791e,679143553bf737e54b3c9bf4,APPROVED,Not Applicable,2025-12-12T17:53:22.789000Z,2025-12-12T18:04:06.520000Z,2025-12-13T10:56:00.535000Z,2025-12-12T18:04:06.872245Z,644.0,CCPXUCJH,1101,32,Female,White,Egypt,United States,Egypt,Arabic,No,Part-Time,Pass,Pass,Pass,Pass,Pass,Pass,Pass,Pass,Pass,Pass,Pass,Pass,Pass,Pass,N/A,Pass,Pass,Pass
693c568df8c9d3fecea1486f,675ce427f72ea526d6083376,APPROVED,Not Applicable,2025-12-12T17:53:29.161000Z,2025-12-12T18:11:53.018000Z,2025-12-13T10:56:00.922000Z,2025-12-12T18:11:53.373598Z,1104.0,CCPXUCJH,1950,31,Male,Black,Kenya,United States,Kenya,English,No,Part-Time,Pass,Pass,N/A,Pass,Pass,Pass,N/A,N/A,Pass,Pass,Pass,Pass,Pass,Pass,N/A,Pass,Pass,Pass
693c569be92222b71d843491,673658d3f472f26f74885fe7,APPROVED,Not Applicable,2025-12-12T17:53:41.357000Z,2025-12-12T18:07:47.432000Z,2025-12-13T10:56:01.351000Z,2025-12-12T18:07:47.790045Z,847.0,CCPXUCJH,178,74,Female,White,United States,United States,United States,English,No,"Not in paid work (e.g. homemaker', 'retired or disabled)",Pass,Pass,Pass,Pass,N/A,Pass,Pass,Pass,Pass,Pass,Pass,Pass,Pass,Pass,N/A,Pass,Pass,Pass
693c56c021238cc8b894a091,67e1cbba03e8e106c4823742,APPROVED,Not Applicable,2025-12-12T17:54:08.021000Z,2025-12-12T18:08:33.482000Z,2025-12-13T10:56:01.773000Z,2025-12-12T18:08:33.806796Z,866.0,CCPXUCJH,1575,55,Male,White,United States,United States,United States,English,DATA_EXPIRED,DATA_EXPIRED,Pass,Pass,Pass,Pass,Pass,Pass,Pass,N/A,Pass,Pass,N/A,Pass,N/A,Pass,N/A,Pass,Pass,Pass
693c56da6812cb226baac21c,66fdadbaa3ff5e732278ad0e,APPROVED,Not Applicable,2025-12-12T17:54:40.274000Z,2025-12-12T18:05:19.699000Z,2025-12-13T10:56:02.169000Z,2025-12-12T18:05:20.015087Z,640.0,CCPXUCJH,1276,67,Male,White,United Kingdom,United States,United Kingdom,English,No,Unemployed (and job seeking),Pass,Pass,N/A,Pass,Pass,Pass,Pass,Pass,Pass,Pass,Pass,Pass,Pass,Pass,N/A,Pass,Pass,Pass
693c56de844aa2a0d28d409e,67858bcf2e9aa77b0e98dbb7,APPROVED,Not Applicable,2025-12-12T17:54:43.407000Z,2025-12-12T18:06:03.805000Z,2025-12-13T10:56:02.570000Z,2025-12-12T18:06:04.158650Z,681.0,CCPXUCJH,1274,52,Female,White,United States,United States,United States,English,No,Part-Time,N/A,Pass,Pass,Pass,Pass,Pass,Pass,N/A,Pass,Pass,Pass,Pass,Pass,Pass,N/A,Pass,Pass,Pass
693c56f6e56144124943e6bd,5ec7e8a712268326deae8d87,APPROVED,Not Applicable,2025-12-12T17:55:06.074000Z,2025-12-12T18:05:18.543000Z,2025-12-13T10:56:02.965000Z,2025-12-12T18:05:18.866498Z,613.0,CCPXUCJH,1134,32,Male,White,United States,United States,United States,English,No,Due to start a new job within the next month,N/A,Pass,N/A,Pass,Pass,Pass,Pass,N/A,Pass,N/A,N/A,Pass,N/A,Pass,N/A,Pass,Pass,N/A
693c570f0282d4e62204803d,67731108dbba1f283636d0e6,APPROVED,Not Applicable,2025-12-12T17:55:35.236000Z,2025-12-12T18:06:23.644000Z,2025-12-13T10:56:03.373000Z,2025-12-12T18:06:23.984873Z,649.0,CCPXUCJH,425,33,Prefer not to say,White,United States,United States,United States,English,No,Unemployed (and job seeking),Pass,Pass,Pass,Pass,Pass,Pass,Pass,Pass,Pass,Pass,Pass,Pass,Pass,Pass,N/A,Pass,Pass,Pass
693c57123e6fd73c555486f4,66294f63f8c6d8b938395572,APPROVED,Not Applicable,2025-12-12T17:56:11.813000Z,2025-12-12T18:12:21.542000Z,2025-12-13T10:56:03.798000Z,2025-12-12T18:12:21.895773Z,970.0,CCPXUCJH,1568,42,Female,White,United States,United States,United States,English,DATA_EXPIRED,DATA_EXPIRED,Pass,Pass,N/A,Pass,Pass,Pass,Pass,Pass,Pass,Pass,Pass,Pass,N/A,Pass,N/A,Pass,Pass,Pass
693c57381dd68eb089c85510,67ad00ff0c1efab54a3a8c53,APPROVED,Not Applicable,2025-12-12T17:56:16.996000Z,2025-12-12T18:07:45.700000Z,2025-12-13T10:56:04.184000Z,2025-12-12T18:07:46.050852Z,689.0,CCPXUCJH,236,30,Female,White,United States,United States,United States,English,No,"Not in paid work (e.g. homemaker', 'retired or disabled)",Pass,Pass,Pass,Pass,Pass,Pass,Pass,Pass,Pass,Pass,N/A,Pass,Pass,Pass,N/A,Pass,Pass,Pass
693c57ceb9adc267fcb1ce52,671bbd54132abb33bed4a541,APPROVED,Not Applicable,2025-12-12T17:58:48.013000Z,2025-12-12T18:07:20.437000Z,2025-12-13T10:56:04.597000Z,2025-12-12T18:07:20.907576Z,513.0,CCPXUCJH,359,26,Male,Asian,United States,United States,United States,English,No,Full-Time,Pass,Pass,N/A,Pass,Pass,Pass,Pass,Pass,Pass,Pass,Pass,Pass,Pass,Pass,N/A,Pass,Pass,Pass
693c57d49c5daec08696717f,6727af89081bd9f0e0d0973d,APPROVED,Not Applicable,2025-12-12T17:58:48.440000Z,2025-12-12T18:07:57.665000Z,2025-12-13T10:56:05.001000Z,2025-12-12T18:07:58.090363Z,550.0,CCPXUCJH,1727,35,Male,White,United States,United States,United States,English,No,"Not in paid work (e.g. homemaker', 'retired or disabled)",Pass,Pass,Pass,Pass,Pass,Pass,Pass,Pass,Pass,Pass,Pass,Pass,Pass,Pass,N/A,Pass,Pass,Pass
693c582e507d82cf0e7f2fd0,66fc681e947d5e7b1267b9bd,APPROVED,Not Applicable,2025-12-12T18:00:19.903000Z,2025-12-12T18:10:37.390000Z,2025-12-13T10:56:05.419000Z,2025-12-12T18:10:37.750780Z,618.0,CCPXUCJH,337,46,Female,White,United States,United States,United States,English,DATA_EXPIRED,DATA_EXPIRED,Pass,Pass,Pass,Pass,Pass,Pass,Pass,Pass,Pass,Pass,Pass,Pass,Pass,Pass,N/A,Pass,Pass,Pass
693c584768823a0fc2aae2a4,663e5e89d602aa442c7b2845,APPROVED,Not Applicable,2025-12-12T18:02:04.563000Z,2025-12-12T18:14:22.153000Z,2025-12-13T10:56:05.883000Z,2025-12-12T18:14:22.492770Z,738.0,CCPXUCJH,1898,42,Male,Black,Nigeria,United States,United States,English,No,Full-Time,Pass,Pass,Pass,Pass,Pass,Pass,Pass,Pass,Pass,Pass,Pass,Pass,Pass,Pass,N/A,Pass,Pass,Pass
693c5887ce4bd983e68d2aaf,66585ecc44201efc39f333bc,APPROVED,Not Applicable,2025-12-12T18:01:50.082000Z,2025-12-12T18:08:35.529000Z,2025-12-13T10:56:06.280000Z,2025-12-12T18:08:35.903930Z,406.0,CCPXUCJH,897,47,Female,White,United States,United States,United States,English,DATA_EXPIRED,DATA_EXPIRED,Pass,Pass,Pass,Pass,Pass,Pass,Pass,Pass,Pass,Pass,Pass,Pass,Pass,Pass,N/A,Pass,Pass,Pass
693c588a767a9f92831b1c9c,66999b706aa1ff4d31fa559a,APPROVED,Not Applicable,2025-12-12T18:01:50.060000Z,2025-12-12T18:12:52.589000Z,2025-12-13T10:56:06.672000Z,2025-12-12T18:12:52.922380Z,663.0,CCPXUCJH,468,38,Female,White,United States,United States,United States,English,No,Full-Time,Pass,Pass,Pass,Pass,Pass,Pass,Pass,Pass,Pass,Pass,Pass,Pass,Pass,Pass,N/A,Pass,Pass,Pass
693c589dda469e19b32fed74,66c364b625ec5355faac55d5,APPROVED,Not Applicable,2025-12-12T18:02:08.326000Z,2025-12-12T18:15:00.058000Z,2025-12-13T10:56:07.071000Z,2025-12-12T18:15:00.412834Z,772.0,CCPXUCJH,596,25,Female,White,United States,United States,United States,English,No,Full-Time,Pass,Pass,Pass,Pass,Pass,Pass,Pass,N/A,Pass,Pass,Pass,Pass,Pass,Pass,Pass,Pass,Pass,Pass
693c58a851c022064f246041,672952039185e26840dba650,APPROVED,Not Applicable,2025-12-12T18:02:19.434000Z,2025-12-12T18:17:58.432000Z,2025-12-13T10:56:07.485000Z,2025-12-12T18:17:58.779482Z,939.0,CCPXUCJH,669,59,Female,White,United States,United States,United States,English,DATA_EXPIRED,DATA_EXPIRED,N/A,N/A,Pass,Pass,Pass,Pass,Pass,N/A,Pass,Pass,Pass,Pass,N/A,Pass,N/A,Pass,Pass,N/A
693c58bdf30fcb915a390ba0,664f69a84a5c11cd7be673de,APPROVED,Not Applicable,2025-12-12T18:02:42.034000Z,2025-12-12T18:12:54.853000Z,2025-12-13T10:56:07.903000Z,2025-12-12T18:12:55.205328Z,613.0,CCPXUCJH,853,22,Female,White,United States,United States,United States,Spanish,Yes,DATA_EXPIRED,N/A,Pass,Pass,Pass,Pass,Pass,Pass,Pass,Pass,Pass,Pass,Pass,N/A,Pass,N/A,Pass,Pass,Pass
693c58ef3c28dc5e35eff549,678fb27da761658c9c8f2bd5,APPROVED,Not Applicable,2025-12-12T18:03:35.127000Z,2025-12-12T18:17:14.433000Z,2025-12-13T10:56:08.316000Z,2025-12-12T18:17:14.776604Z,820.0,CCPXUCJH,449,56,Female,White,United States,United States,United States,English,DATA_EXPIRED,DATA_EXPIRED,Pass,Pass,N/A,Pass,Pass,Pass,Pass,Pass,Pass,Pass,Pass,Pass,Pass,Pass,N/A,Pass,Pass,Pass
693c58f9687fd653f2dd4bbc,60fccbcc1254e074f17d5565,APPROVED,Not Applicable,2025-12-12T18:03:47.961000Z,2025-12-12T18:10:53.897000Z,2025-12-13T10:56:08.701000Z,2025-12-12T18:10:54.242070Z,426.0,CCPXUCJH,868,30,Female,White,United States,United States,United States,English,Yes,Unemployed (and job seeking),Pass,Pass,Pass,Pass,Pass,Pass,Pass,Pass,Pass,Pass,Pass,Pass,Pass,Pass,N/A,Pass,Pass,Pass
693c593e59fbc78e8e59e6ce,67aa52dcb66d138fca70a211,APPROVED,Not Applicable,2025-12-12T18:05:20.833000Z,2025-12-12T18:14:14.282000Z,2025-12-13T10:56:09.087000Z,2025-12-12T18:14:14.615089Z,534.0,CCPXUCJH,1220,51,Male,White,United Kingdom,United States,United Kingdom,English,No,Unemployed (and job seeking),Pass,Pass,Pass,Pass,Pass,Pass,Pass,Pass,Pass,Pass,Pass,Pass,Pass,N/A,N/A,Pass,Pass,Pass
693c59aadf7dc026bb0a3a73,61094de0a1e19ace0ab9d34e,APPROVED,Not Applicable,2025-12-12T18:06:38.498000Z,2025-12-12T18:15:50.801000Z,2025-12-13T10:56:09.488000Z,2025-12-12T18:15:51.185769Z,553.0,CCPXUCJH,814,28,Female,White,United States,United States,United States,English,DATA_EXPIRED,DATA_EXPIRED,Pass,Pass,Pass,Pass,Pass,Pass,Pass,Pass,Pass,Pass,Pass,Pass,Pass,Pass,N/A,Pass,Pass,Pass
693c59ae28f20d01a6302494,666bb3c2a3d285b44af2b25d,APPROVED,Not Applicable,2025-12-12T18:06:41.248000Z,2025-12-12T18:18:38.472000Z,2025-12-13T10:56:09.871000Z,2025-12-12T18:18:38.802886Z,718.0,CCPXUCJH,941,48,Male,White,United States,United States,United States,English,DATA_EXPIRED,DATA_EXPIRED,Pass,Pass,N/A,Pass,Pass,Pass,Pass,Pass,Pass,Pass,Pass,Pass,Pass,Pass,N/A,Pass,Pass,Pass
693c59e22cd1d1b852a80a23,671dda0e45e76f35ce05de62,APPROVED,Not Applicable,2025-12-12T18:07:35.903000Z,2025-12-12T18:22:59.485000Z,2025-12-13T10:56:10.255000Z,2025-12-12T18:22:59.845327Z,924.0,CCPXUCJH,1042,58,Female,White,United States,United States,United States,English,No,Part-Time,N/A,Pass,N/A,Pass,Pass,Pass,Pass,N/A,Pass,Pass,N/A,Pass,N/A,Pass,N/A,Pass,Pass,Pass
693c5a50e3b066fcb84a0cff,672a6f5fc7bda7ce7ce814a7,APPROVED,Not Applicable,2025-12-12T18:09:24.640000Z,2025-12-12T18:22:24.614000Z,2025-12-13T10:56:10.663000Z,2025-12-12T18:22:24.959368Z,780.0,CCPXUCJH,1223,47,Male,Asian,Japan,United States,Japan,English,No,Full-Time,Pass,Pass,Pass,Pass,Pass,Pass,Pass,Pass,Pass,Pass,Pass,Pass,Pass,Pass,N/A,Pass,Pass,Pass
693c5a554adac5a8a4012e0e,6745d70e81491af24312f4dd,APPROVED,Not Applicable,2025-12-12T18:09:41.669000Z,2025-12-12T18:21:15.850000Z,2025-12-13T10:56:11.071000Z,2025-12-12T18:21:16.176108Z,695.0,CCPXUCJH,1177,61,Male,White,United States,United States,United States,English,No,DATA_EXPIRED,Pass,Pass,Pass,Pass,Pass,Pass,Pass,Pass,Pass,Pass,Pass,Pass,Pass,Pass,Pass,Pass,Pass,Pass
693c5a6313bfc02998e01388,664493c2f8a40a43beacc839,APPROVED,Not Applicable,2025-12-12T18:09:50.945000Z,2025-12-12T18:19:58.348000Z,2025-12-13T10:56:11.494000Z,2025-12-12T18:19:58.723883Z,608.0,CCPXUCJH,665,49,Female,White,United States,United States,United States,English,No,Other,Pass,Pass,Pass,Pass,Pass,Pass,Pass,Pass,Pass,Pass,Pass,Pass,Pass,Pass,N/A,Pass,Pass,Pass
693c5a92d1097742ce14ec6a,677454d2ffb9721d9469456a,APPROVED,Not Applicable,2025-12-12T18:10:31.329000Z,2025-12-12T18:27:39.583000Z,2025-12-13T10:56:11.906000Z,2025-12-12T18:27:39.999757Z,1029.0,CCPXUCJH,1534,35,Female,White,United States,United States,United States,English,No,Part-Time,N/A,Pass,Pass,Pass,Pass,Pass,Pass,Pass,Pass,Pass,Pass,Pass,Pass,Pass,N/A,Pass,Pass,Pass
693c5a96e0aa99853181a57b,5e98e245aa25c6120f522a40,APPROVED,Not Applicable,2025-12-12T18:11:02.858000Z,2025-12-12T18:28:47.206000Z,2025-12-13T10:56:12.313000Z,2025-12-12T18:28:47.547144Z,1065.0,CCPXUCJH,1195,41,Male,Asian,United States,United States,United States,English,DATA_EXPIRED,DATA_EXPIRED,N/A,Pass,N/A,Pass,Pass,Pass,Pass,N/A,Pass,Pass,N/A,Pass,N/A,Pass,N/A,Pass,Pass,Pass
693c5aa75f676c54cbb91471,665a234c97c127c4605a9be1,APPROVED,Not Applicable,2025-12-12T18:10:51.546000Z,2025-12-12T18:22:37.457000Z,2025-12-13T10:56:13.513000Z,2025-12-12T18:22:37.788597Z,706.0,CCPXUCJH,732,31,Male,Black,United States,United States,United States,English,DATA_EXPIRED,DATA_EXPIRED,Pass,Pass,Pass,Pass,Pass,Pass,Pass,N/A,Pass,N/A,Pass,Pass,N/A,Pass,N/A,Pass,N/A,Pass
693c5ab178e7bfa4a3b4aefb,67ba6209a0c1d8cdbc36fe90,APPROVED,Not Applicable,2025-12-12T18:11:03.303000Z,2025-12-12T18:28:44.161000Z,2025-12-13T10:56:13.890000Z,2025-12-12T18:28:44.498563Z,1061.0,CCPXUCJH,669,54,Female,White,United States,United States,United States,English,No,Full-Time,Pass,N/A,Pass,Pass,Pass,Pass,Pass,Pass,Pass,N/A,Pass,Pass,Pass,Pass,N/A,Pass,Pass,Pass
693c5ac0119a842ddda770c7,6929d6581f54fd39c4c59891,APPROVED,Not Applicable,2025-12-12T18:11:17.897000Z,2025-12-12T18:28:38.981000Z,2025-12-13T10:56:14.305000Z,2025-12-12T18:28:39.338717Z,1042.0,CCPXUCJH,89,20,Female,Mixed,United States,United States,United States,English,No,Part-Time,N/A,Pass,N/A,Pass,Pass,Pass,N/A,N/A,Pass,Pass,Pass,Pass,N/A,Pass,N/A,Pass,Pass,Pass
693c5b16c5f112f55e268c09,66d40e332be72e1fc3f10994,APPROVED,Not Applicable,2025-12-12T18:12:42.232000Z,2025-12-12T18:22:54.951000Z,2025-12-13T10:56:14.741000Z,2025-12-12T18:22:55.298133Z,613.0,CCPXUCJH,1242,36,Female,DATA_EXPIRED,United States,United States,United States,English,No,Full-Time,Pass,Pass,Pass,Pass,Pass,Pass,Pass,Pass,Pass,Pass,Pass,Pass,Pass,Pass,N/A,Pass,Pass,Pass
693c5b41d91514ed98e9b80a,66a7cfbe34912bdc644b6bf5,APPROVED,Not Applicable,2025-12-12T18:13:25.398000Z,2025-12-12T18:36:43.161000Z,2025-12-13T10:56:15.171000Z,2025-12-12T18:36:43.498991Z,1398.0,CCPXUCJH,1036,27,Female,White,United States,United States,United States,English,No,Unemployed (and job seeking),N/A,Pass,N/A,Pass,N/A,Pass,Pass,N/A,Pass,N/A,N/A,Pass,N/A,Pass,N/A,Pass,N/A,N/A
693c5b71dbe49f0bfec9c6ef,663c96417cf7568733cd1b96,APPROVED,Not Applicable,2025-12-12T18:14:39.323000Z,2025-12-12T18:33:34.435000Z,2025-12-13T10:56:15.570000Z,2025-12-12T18:33:34.866436Z,1136.0,CCPXUCJH,975,25,Female,Mixed,United States,United States,United States,English,No,Other,Pass,Pass,Pass,Pass,Pass,Pass,Pass,Pass,Pass,Pass,Pass,Pass,Pass,Pass,N/A,Pass,Pass,Pass
693c5b8509f8294a4296c9cf,67dec78617088acfae7e4475,APPROVED,Not Applicable,2025-12-12T18:14:36.539000Z,2025-12-12T18:38:38.897000Z,2025-12-13T10:56:15.959000Z,2025-12-12T18:38:39.299837Z,1443.0,CCPXUCJH,984,25,Male,Black,United States,United States,United States,English,DATA_EXPIRED,Full-Time,Pass,Pass,Pass,Pass,Pass,N/A,N/A,N/A,Pass,Pass,Pass,Pass,N/A,Pass,N/A,Pass,Pass,Pass
693c5b8a9bb52dbbbd4a79cb,667041824bfac26003bcc3cd,APPROVED,Not Applicable,2025-12-12T18:15:16.147000Z,2025-12-12T18:25:12.875000Z,2025-12-13T10:56:16.372000Z,2025-12-12T18:25:13.377373Z,597.0,CCPXUCJH,1517,29,Female,Mixed,United States,United States,United States,English,Yes,Part-Time,Pass,Pass,Pass,Pass,Pass,Pass,Pass,Pass,Pass,Pass,Pass,Pass,Pass,Pass,N/A,Pass,Pass,Pass
693c5bae7842a6e2c8fb8161,67e0658ecffaf739c0e39dc6,APPROVED,Not Applicable,2025-12-12T18:15:17.701000Z,2025-12-12T18:32:07.266000Z,2025-12-13T10:56:16.755000Z,2025-12-12T18:32:07.630712Z,1010.0,CCPXUCJH,1224,40,Female,White,United States,United States,United States,English,DATA_EXPIRED,DATA_EXPIRED,Pass,Pass,Pass,Pass,Pass,Pass,Pass,Pass,Pass,Pass,Pass,Pass,Pass,Pass,N/A,Pass,Pass,Pass
693c5c37510b1a6a60dacdf0,65c10da7fa8fd299fde6c305,APPROVED,Not Applicable,2025-12-12T18:17:31.785000Z,2025-12-12T18:29:29.892000Z,2025-12-13T10:56:17.137000Z,2025-12-12T18:29:30.292795Z,719.0,CCPXUCJH,165,35,Female,Black,United States,United States,United States,English,No,"Not in paid work (e.g. homemaker', 'retired or disabled)",Pass,Pass,N/A,Pass,Pass,Pass,Pass,Pass,Pass,Pass,Pass,Pass,N/A,Pass,N/A,Pass,Pass,Pass
693c5cd411f5235e70a80690,65da8418470cd3b65bb2a415,APPROVED,Not Applicable,2025-12-12T18:20:20.716000Z,2025-12-12T18:32:33.522000Z,2025-12-13T10:56:17.555000Z,2025-12-12T18:32:33.901011Z,733.0,CCPXUCJH,1075,60,Female,White,United States,United States,United States,English,No,Full-Time,Pass,Pass,Pass,Pass,Pass,Pass,Pass,Pass,Pass,Pass,Pass,Pass,Pass,Pass,N/A,Pass,Pass,Pass
693c5cd50f44cb4ad453a0d2,67139f381fe62245c51da796,APPROVED,Not Applicable,2025-12-12T18:20:11.454000Z,2025-12-12T18:35:43.727000Z,2025-12-13T10:56:17.975000Z,2025-12-12T18:35:44.068181Z,933.0,CCPXUCJH,813,56,Male,Black,United States,United States,United States,English,No,"Not in paid work (e.g. homemaker', 'retired or disabled)",N/A,N/A,N/A,N/A,Pass,Pass,N/A,N/A,Pass,Pass,Pass,Pass,Pass,Pass,N/A,Pass,Pass,Pass
693c5ce261121e0a15ec57cb,671725ffff36a50355a52513,APPROVED,Not Applicable,2025-12-12T18:20:22.852000Z,2025-12-12T18:37:08.314000Z,2025-12-13T10:56:18.391000Z,2025-12-12T18:37:08.690538Z,1006.0,CCPXUCJH,1950,49,Male,White,United States,United States,United States,English,DATA_EXPIRED,DATA_EXPIRED,Pass,Pass,Pass,Pass,Pass,Pass,Pass,Pass,Pass,Pass,Pass,Pass,Pass,Pass,N/A,Pass,Pass,Pass
693c5d022d24c0beed8b52ad,60fdca90f099eae5d18ad2ef,APPROVED,Not Applicable,2025-12-12T18:20:53.072000Z,2025-12-12T18:32:36.712000Z,2025-12-13T10:56:18.777000Z,2025-12-12T18:32:37.044999Z,704.0,CCPXUCJH,220,25,Female,White,United States,United States,United States,English,DATA_EXPIRED,DATA_EXPIRED,N/A,Pass,N/A,N/A,Pass,Pass,Pass,N/A,Pass,Pass,Pass,Pass,N/A,Pass,N/A,Pass,Pass,Pass
693c5d1edfa032ce2cf1036b,667bd5012a43ab2c51a565ce,APPROVED,Not Applicable,2025-12-12T18:21:28.791000Z,2025-12-12T18:41:52.668000Z,2025-12-13T10:56:19.192000Z,2025-12-12T18:41:53.011578Z,1224.0,CCPXUCJH,1186,29,Male,Mixed,United States,United States,United States,English,Yes,Other,Pass,Pass,Pass,Pass,N/A,Pass,Pass,Pass,Pass,Pass,Pass,Pass,Pass,Pass,Pass,Pass,Pass,Pass
693c5d26d14f04d23e647216,66734cd5a99b7d4c18928ded,APPROVED,Not Applicable,2025-12-12T18:21:31.366000Z,2025-12-12T18:32:52.534000Z,2025-12-13T10:56:19.605000Z,2025-12-12T18:32:52.903019Z,682.0,CCPXUCJH,1718,33,Female,White,United States,United States,United States,English,DATA_EXPIRED,DATA_EXPIRED,Pass,Pass,Pass,Pass,Pass,Pass,Pass,Pass,Pass,Pass,Pass,Pass,Pass,Pass,N/A,Pass,Pass,Pass
693c5d34f78ae4fe7b58d5ea,67acd1abc7d32f21a3f7e58e,APPROVED,Not Applicable,2025-12-12T18:21:45.100000Z,2025-12-12T18:39:29.702000Z,2025-12-13T10:56:20.020000Z,2025-12-12T18:39:30.058463Z,1065.0,CCPXUCJH,1088,29,Female,White,United States,United States,United States,English,No,Unemployed (and job seeking),N/A,Pass,Pass,Pass,N/A,Pass,Pass,Pass,Pass,Pass,Pass,Pass,Pass,Pass,N/A,Pass,Pass,Pass
693c5d5d5c7b4b919214f005,6878cc2fb26170bbb45bfd45,APPROVED,Not Applicable,2025-12-12T18:22:27.255000Z,2025-12-12T18:35:03.528000Z,2025-12-13T10:56:20.413000Z,2025-12-12T18:35:03.856352Z,757.0,CCPXUCJH,148,35,Male,White,United States,United States,DATA_EXPIRED,English,No,Part-Time,Pass,Pass,Pass,Pass,Pass,Pass,Pass,Pass,Pass,Pass,Pass,Pass,Pass,Pass,N/A,Pass,Pass,Pass
693c5e13b5622191ad6b059a,6740b01583cadef1afebeb9d,APPROVED,Not Applicable,2025-12-12T18:25:32.731000Z,2025-12-12T18:43:30.412000Z,2025-12-13T10:56:20.832000Z,2025-12-12T18:43:30.754033Z,1078.0,CCPXUCJH,469,37,Male,Black,United States,United States,United States,English,No,Full-Time,Pass,Pass,Pass,Pass,Pass,Pass,Pass,Pass,Pass,Pass,Pass,Pass,Pass,Pass,N/A,Pass,Pass,Pass
693c5e1aa59d8346c68071e3,67b795fcea3a1dba350ab9b4,APPROVED,Not Applicable,2025-12-12T18:25:35.977000Z,2025-12-12T18:35:33.403000Z,2025-12-13T10:56:21.256000Z,2025-12-12T18:35:33.726630Z,598.0,CCPXUCJH,1874,27,Male,Other,United States,United States,United States,English,No,Full-Time,Pass,Pass,Pass,Pass,Pass,Pass,Pass,Pass,Pass,Pass,Pass,Pass,Pass,Pass,N/A,Pass,Pass,Pass
693c5e64a5e04c8715d164fb,666a11d046107a56965a98f5,APPROVED,Not Applicable,2025-12-12T18:26:47.748000Z,2025-12-12T18:40:28.832000Z,2025-12-13T10:56:21.658000Z,2025-12-12T18:40:29.270575Z,822.0,CCPXUCJH,690,25,Male,Other,United States,United States,United States,English,Yes,Part-Time,N/A,Pass,N/A,Pass,Pass,Pass,Pass,N/A,Pass,Pass,Pass,Pass,N/A,Pass,N/A,Pass,Pass,Pass
693c5e65e9c7324c9360b6f2,66315ae414ac11ed5a57e464,APPROVED,Not Applicable,2025-12-12T18:27:09.565000Z,2025-12-12T18:50:49.473000Z,2025-12-13T10:56:22.075000Z,2025-12-12T18:50:49.822378Z,1420.0,CCPXUCJH,573,42,Female,Mixed,United States,United States,United States,English,DATA_EXPIRED,DATA_EXPIRED,Pass,Pass,Pass,Pass,Pass,Pass,Pass,Pass,Pass,Pass,Pass,Pass,Pass,Pass,N/A,Pass,Pass,Pass
693c5ef5ef5ede04282edfc7,67e051d5736da524dbe7a0c1,APPROVED,Not Applicable,2025-12-12T18:29:09.704000Z,2025-12-12T18:53:06.338000Z,2025-12-13T10:56:22.472000Z,2025-12-12T18:53:06.675991Z,1437.0,CCPXUCJH,684,39,Male,White,United States,United States,United States,English,DATA_EXPIRED,DATA_EXPIRED,Pass,Pass,Pass,Pass,N/A,N/A,Pass,N/A,Pass,Pass,Pass,Pass,Pass,Pass,Pass,Pass,Pass,Pass
693c5f7b41476b3445c30a16,675a42d99110f59947a4f393,APPROVED,Not Applicable,2025-12-12T18:31:27.349000Z,2025-12-12T18:39:00.023000Z,2025-12-13T10:56:22.883000Z,2025-12-12T18:39:00.347358Z,453.0,CCPXUCJH,1343,47,Male,White,Australia,United States,Australia,English,No,Full-Time,Pass,Pass,Pass,Pass,Pass,Pass,Pass,Pass,Pass,Pass,Pass,Pass,Pass,Pass,N/A,Pass,Pass,Pass
693c5f8419e3aecd0e530c69,66786fd4594ab649c244de43,APPROVED,Not Applicable,2025-12-12T18:31:57.707000Z,2025-12-12T18:46:58.586000Z,2025-12-13T10:56:23.293000Z,2025-12-12T18:46:59.118581Z,901.0,CCPXUCJH,994,34,Female,Black,United States,United States,United States,English,DATA_EXPIRED,DATA_EXPIRED,Pass,Pass,Pass,Pass,Pass,Pass,Pass,Pass,Pass,Pass,Pass,Pass,Pass,Pass,N/A,Pass,Pass,Pass
693c5f955e3f8f99a28eac2a,67022b62378fdf9d7675d86d,APPROVED,Not Applicable,2025-12-12T18:31:52.397000Z,2025-12-12T18:42:32.870000Z,2025-12-13T10:56:23.698000Z,2025-12-12T18:42:33.354596Z,641.0,CCPXUCJH,1710,46,Male,White,United States,United States,United States,English,No,Other,N/A,Pass,N/A,Pass,Pass,Pass,Pass,Pass,Pass,Pass,Pass,Pass,Pass,Pass,N/A,Pass,Pass,Pass
693c5ffb8262251e3ae0d736,5af36fff59229a0001d1bd6a,APPROVED,Not Applicable,2025-12-12T18:40:47.953000Z,2025-12-12T18:51:38.152000Z,2025-12-13T10:56:24.111000Z,2025-12-12T18:51:38.498660Z,651.0,CCPXUCJH,1444,36,Female,Mixed,United States,United States,United States,English,No,Full-Time,Pass,Pass,Pass,Pass,N/A,Pass,Pass,N/A,Pass,Pass,Pass,Pass,Pass,Pass,N/A,Pass,Pass,Pass
693c5ffc5036765d3358d834,66a276a145ba9b1f7698e4b2,APPROVED,Not Applicable,2025-12-12T18:33:45.737000Z,2025-12-12T18:50:23.068000Z,2025-12-13T10:56:24.496000Z,2025-12-12T18:50:23.412413Z,998.0,CCPXUCJH,1935,46,Female,White,United States,United States,United States,English,No,Full-Time,Pass,Pass,Pass,Pass,Pass,Pass,Pass,Pass,Pass,Pass,Pass,Pass,Pass,Pass,Pass,Pass,Pass,Pass
693c604491e4a64a866472fe,65e092624fd67570ea7e4c36,APPROVED,Not Applicable,2025-12-12T18:34:50.929000Z,2025-12-12T18:49:26.576000Z,2025-12-13T10:56:24.903000Z,2025-12-12T18:49:26.932094Z,876.0,CCPXUCJH,1254,46,Female,Black,United States,United States,United States,English,No,"Not in paid work (e.g. homemaker', 'retired or disabled)",Pass,Pass,Pass,Pass,Pass,N/A,Pass,Pass,Pass,Pass,Pass,Pass,Pass,Pass,N/A,Pass,Pass,Pass
693c6082ef5ede04282ee00e,65de86c4043910f19026eff9,APPROVED,Not Applicable,2025-12-12T18:35:52.379000Z,2025-12-12T18:46:28.807000Z,2025-12-13T10:56:25.293000Z,2025-12-12T18:46:29.170366Z,637.0,CCPXUCJH,1655,49,Male,Mixed,United States,United States,United States,English,No,Full-Time,Pass,Pass,Pass,Pass,Pass,Pass,Pass,Pass,Pass,Pass,Pass,Pass,Pass,Pass,N/A,Pass,Pass,Pass
693c60ca49e65a27822edf55,663cca6f32da191e05406d21,APPROVED,Not Applicable,2025-12-12T18:37:02.228000Z,2025-12-12T18:45:30.917000Z,2025-12-13T10:56:25.684000Z,2025-12-12T18:45:31.271396Z,509.0,CCPXUCJH,1559,49,Female,White,United States,United States,United States,English,No,Full-Time,Pass,Pass,Pass,N/A,Pass,Pass,Pass,N/A,Pass,Pass,Pass,Pass,Pass,Pass,N/A,Pass,Pass,Pass
693c60d3e39069e3b62d9e12,64011cde71c318c6af604b63,APPROVED,Not Applicable,2025-12-12T18:37:20.491000Z,2025-12-12T18:49:43.055000Z,2025-12-13T10:56:26.094000Z,2025-12-12T18:49:43.384745Z,743.0,CCPXUCJH,157,59,Female,White,United States,United States,United States,English,DATA_EXPIRED,Full-Time,Pass,Pass,Pass,Pass,Pass,Pass,Pass,Pass,Pass,Pass,Pass,Pass,Pass,Pass,N/A,Pass,Pass,Pass
693c60e81aa05e2479a14e03,5b9056617b384b0001d13167,APPROVED,Not Applicable,2025-12-12T18:37:32.009000Z,2025-12-12T18:47:26.521000Z,2025-12-13T10:56:26.514000Z,2025-12-12T18:47:26.887506Z,595.0,CCPXUCJH,1508,33,Female,White,United States,United States,DATA_EXPIRED,DATA_EXPIRED,DATA_EXPIRED,DATA_EXPIRED,Pass,Pass,Pass,Pass,Pass,Pass,Pass,N/A,Pass,Pass,Pass,Pass,N/A,Pass,N/A,Pass,Pass,Pass
693c612d5b8020e8acc14bf1,63e548d24319702eba4fc949,APPROVED,Not Applicable,2025-12-12T18:38:41.964000Z,2025-12-12T18:48:17.627000Z,2025-12-13T10:56:26.915000Z,2025-12-12T18:48:17.981975Z,576.0,CCPXUCJH,1283,35,Female,White,United States,United States,United States,English,No,Full-Time,Pass,Pass,Pass,Pass,Pass,Pass,Pass,Pass,Pass,Pass,Pass,Pass,Pass,Pass,N/A,Pass,Pass,Pass
693c614eccfc7f9e83fc1fab,617452347986aeaf4d2e5278,APPROVED,Not Applicable,2025-12-12T18:39:13.878000Z,2025-12-12T18:52:34.398000Z,2025-12-13T10:56:27.301000Z,2025-12-12T18:52:35.119410Z,801.0,CCPXUCJH,637,26,Male,White,United States,United States,United States,English,No,Unemployed (and job seeking),Pass,Pass,Pass,Pass,Pass,Pass,Pass,Pass,Pass,Pass,Pass,Pass,Pass,Pass,N/A,Pass,Pass,Pass
693c6154aed622597c8071f7,63b8342eb371f007b0651c7e,APPROVED,Not Applicable,2025-12-12T18:41:32.424000Z,2025-12-12T19:00:58.451000Z,2025-12-13T10:56:27.683000Z,2025-12-12T19:00:58.903731Z,1167.0,CCPXUCJH,1535,31,Female,Black,United States,United States,United States,English,DATA_EXPIRED,DATA_EXPIRED,Pass,Pass,Pass,Pass,N/A,Pass,Pass,Pass,Pass,Pass,Pass,Pass,Pass,Pass,N/A,Pass,Pass,Pass
693c616eed6bbb96d12a4434,68d47ceef9cefe423772219f,APPROVED,Not Applicable,2025-12-12T18:39:47.268000Z,2025-12-12T18:52:00.318000Z,2025-12-13T10:56:28.071000Z,2025-12-12T18:52:00.941037Z,734.0,CCPXUCJH,728,25,Female,Asian,Korea,United States,Korea,Korean,No,DATA_EXPIRED,N/A,Pass,N/A,Pass,Pass,Pass,Pass,N/A,Pass,Pass,Pass,Pass,N/A,Pass,N/A,Pass,Pass,Pass
693c6196c9578eb0523024b9,6657711e8946f4ed5f7a08a0,APPROVED,Not Applicable,2025-12-12T18:40:27.743000Z,2025-12-12T18:55:11.626000Z,2025-12-13T10:56:28.445000Z,2025-12-12T18:55:11.958472Z,884.0,CCPXUCJH,1509,62,Female,White,United States,United States,United States,English,DATA_EXPIRED,DATA_EXPIRED,Pass,Pass,N/A,Pass,Pass,Pass,Pass,Pass,Pass,Pass,Pass,Pass,Pass,Pass,Pass,Pass,Pass,Pass
693c61b0d93bab6a4273cad5,67cb00c68ccef3da73b3cb06,APPROVED,Not Applicable,2025-12-12T18:41:39.578000Z,2025-12-12T18:52:06.111000Z,2025-12-13T10:56:28.836000Z,2025-12-12T18:52:06.447492Z,627.0,CCPXUCJH,1019,50,Female,White,United States,United States,United States,English,No,Full-Time,N/A,Pass,N/A,Pass,Pass,Pass,Pass,Pass,Pass,Pass,Pass,Pass,Pass,Pass,Pass,Pass,Pass,Pass
693c61b9987d4f0ebf880fe9,5f5071d436e91f1e5fcd660d,APPROVED,Not Applicable,2025-12-12T18:41:04.530000Z,2025-12-12T18:49:24.615000Z,2025-12-13T10:56:29.220000Z,2025-12-12T18:49:24.946671Z,501.0,CCPXUCJH,890,28,Female,White,United States,United States,United States,English,DATA_EXPIRED,DATA_EXPIRED,Pass,Pass,Pass,Pass,Pass,Pass,Pass,Pass,Pass,Pass,Pass,Pass,Pass,Pass,N/A,Pass,Pass,Pass
693c61d30a71940518293614,66be86562465d56fd953fba2,APPROVED,Not Applicable,2025-12-12T18:41:29.559000Z,2025-12-12T18:54:58.232000Z,2025-12-13T10:56:29.604000Z,2025-12-12T18:54:58.588203Z,809.0,CCPXUCJH,1081,32,Female,White,United States,United States,United States,English,No,Unemployed (and job seeking),Pass,Pass,Pass,Pass,Pass,Pass,Pass,Pass,Pass,Pass,Pass,Pass,Pass,Pass,N/A,Pass,Pass,Pass
693c621bd49b51b67b855a56,671c4c21de66637aafff57a0,APPROVED,Not Applicable,2025-12-12T18:42:42.875000Z,2025-12-12T18:57:46.458000Z,2025-12-13T10:56:30.019000Z,2025-12-12T18:57:46.998527Z,904.0,CCPXUCJH,239,59,Female,Black,United States,United States,United States,English,No,Unemployed (and job seeking),N/A,Pass,N/A,N/A,N/A,N/A,Pass,N/A,Pass,Pass,N/A,N/A,N/A,Pass,N/A,Pass,Pass,N/A
693c62431f44d2c2081d63f3,67a6cbe357e1acaf3c860247,APPROVED,Not Applicable,2025-12-12T18:43:21.860000Z,2025-12-12T19:00:29.599000Z,2025-12-13T10:56:30.433000Z,2025-12-12T19:00:29.934872Z,1028.0,CCPXUCJH,625,43,Male,White,United States,United States,United States,English,No,Part-Time,N/A,N/A,N/A,Pass,Pass,Pass,Pass,N/A,Pass,N/A,N/A,Pass,N/A,Pass,N/A,Pass,N/A,Pass
693c624b3a03de2c65ef9d1e,6119bdc932d9ebe82ea581e1,APPROVED,Not Applicable,2025-12-12T18:43:32.424000Z,2025-12-12T18:56:53.095000Z,2025-12-13T10:56:30.820000Z,2025-12-12T18:56:53.446002Z,801.0,CCPXUCJH,1650,40,Female,White,United States,United States,United States,English,No,"Not in paid work (e.g. homemaker', 'retired or disabled)",N/A,Pass,Pass,Pass,Pass,Pass,Pass,Pass,Pass,Pass,Pass,Pass,Pass,Pass,N/A,Pass,Pass,Pass
693c62711248964030f07c51,669d8b26896ecc9457727c9f,APPROVED,Not Applicable,2025-12-12T18:44:04.984000Z,2025-12-12T18:53:53.479000Z,2025-12-13T10:56:31.247000Z,2025-12-12T18:53:53.914755Z,589.0,CCPXUCJH,1870,28,Male,White,United States,United States,United States,English,No,Unemployed (and job seeking),Pass,Pass,Pass,Pass,Pass,Pass,Pass,Pass,Pass,Pass,Pass,Pass,Pass,Pass,N/A,Pass,Pass,Pass
693c6289e4ad4000be98734a,6650ecda2657647b60a302eb,APPROVED,Not Applicable,2025-12-12T18:44:41.597000Z,2025-12-12T18:55:09.184000Z,2025-12-13T10:56:31.635000Z,2025-12-12T18:55:10.867885Z,628.0,CCPXUCJH,1154,28,Male,Other,United States,United States,United States,English,No,Part-Time,Pass,Pass,Pass,Pass,Pass,Pass,Pass,Pass,Pass,Pass,Pass,Pass,Pass,Pass,N/A,Pass,Pass,Pass
693c631235aff2779cc8563f,676c9fdb29eb6558c47a3a25,APPROVED,Not Applicable,2025-12-12T18:46:47.586000Z,2025-12-12T18:56:47.167000Z,2025-12-13T10:56:32.029000Z,2025-12-12T18:56:47.498008Z,600.0,CCPXUCJH,582,25,Male,White,United States,United States,United States,English,Yes,Full-Time,Pass,Pass,Pass,Pass,Pass,Pass,Pass,Pass,Pass,Pass,Pass,Pass,Pass,Pass,N/A,Pass,Pass,Pass
693c63161d2103829b31d23a,66ff9b016d7e1f8c4632828f,APPROVED,Not Applicable,2025-12-12T18:46:56.474000Z,2025-12-12T19:03:53.817000Z,2025-12-13T10:56:32.436000Z,2025-12-12T19:03:54.187774Z,1018.0,CCPXUCJH,416,46,Female,White,United States,United States,United States,English,DATA_EXPIRED,DATA_EXPIRED,N/A,Pass,N/A,Pass,Pass,Pass,Pass,N/A,Pass,Pass,N/A,Pass,N/A,Pass,Pass,Pass,Pass,N/A
693c639e2080620dc5fa24eb,66e982b2da4a8dde63eac56c,APPROVED,Not Applicable,2025-12-12T18:49:02.204000Z,2025-12-12T19:06:06.882000Z,2025-12-13T10:56:32.838000Z,2025-12-12T19:06:07.216083Z,1025.0,CCPXUCJH,1336,26,Male,Black,United States,United States,United States,English,DATA_EXPIRED,DATA_EXPIRED,Pass,Pass,Pass,Pass,Pass,Pass,Pass,Pass,Pass,N/A,Pass,N/A,Pass,Pass,N/A,Pass,Pass,Pass
693c63a5687fd653f2dd4d2a,60ff23ed41f1414de8b3856b,APPROVED,Not Applicable,2025-12-12T18:49:14.316000Z,2025-12-12T18:55:06.821000Z,2025-12-13T10:56:33.240000Z,2025-12-12T18:55:07.157504Z,353.0,CCPXUCJH,1657,29,Female,White,United States,United States,United States,English,DATA_EXPIRED,DATA_EXPIRED,Pass,Pass,Pass,Pass,Pass,Pass,Pass,Pass,Pass,Pass,Pass,Pass,Pass,Pass,N/A,Pass,Pass,Pass
693c63aba846cb78d563ad8f,67f302367b115d1edb94f0b0,APPROVED,Not Applicable,2025-12-12T18:49:15.537000Z,2025-12-12T19:14:42.299000Z,2025-12-13T10:56:33.631000Z,2025-12-12T19:14:42.694441Z,1527.0,CCPXUCJH,1811,38,Female,White,United States,United States,United States,English,DATA_EXPIRED,DATA_EXPIRED,Pass,Pass,Pass,Pass,N/A,Pass,Pass,N/A,Pass,Pass,Pass,Pass,Pass,Pass,Pass,Pass,Pass,Pass
693c643c22db278f72e6fa8f,633485c40e46cf7e9a2f2ca1,APPROVED,Not Applicable,2025-12-12T18:51:43.396000Z,2025-12-12T19:03:21.276000Z,2025-12-13T10:56:34.011000Z,2025-12-12T19:03:21.612688Z,698.0,CCPXUCJH,1245,40,Male,White,United States,United States,United States,English,No,Unemployed (and job seeking),Pass,Pass,Pass,Pass,Pass,Pass,Pass,Pass,Pass,Pass,N/A,Pass,Pass,Pass,N/A,Pass,Pass,Pass
693c6462b5e461d3c956781f,57dab7f721d77800018e42fe,APPROVED,Not Applicable,2025-12-12T18:52:25.064000Z,2025-12-12T19:03:09.224000Z,2025-12-13T10:56:34.423000Z,2025-12-12T19:03:09.573619Z,645.0,CCPXUCJH,1422,30,Male,Mixed,United States,United States,United States,English,DATA_EXPIRED,DATA_EXPIRED,Pass,Pass,Pass,Pass,Pass,Pass,Pass,Pass,Pass,Pass,Pass,Pass,Pass,Pass,N/A,Pass,Pass,Pass
693c64dfc9e19e698663b329,663a584a28c3c4f47601792c,APPROVED,Not Applicable,2025-12-12T18:54:27.059000Z,2025-12-12T19:05:33.433000Z,2025-12-13T10:56:34.835000Z,2025-12-12T19:05:33.776073Z,667.0,CCPXUCJH,995,28,Female,White,United States,United States,United States,English,DATA_EXPIRED,Full-Time,Pass,Pass,Pass,Pass,Pass,Pass,Pass,Pass,Pass,Pass,Pass,Pass,Pass,Pass,N/A,Pass,Pass,Pass
693c64e2a24a88b7812a4d57,6612ef77c7b1e47ca2e9d346,APPROVED,Not Applicable,2025-12-12T18:54:33.652000Z,2025-12-12T19:07:46.474000Z,2025-12-13T10:56:35.216000Z,2025-12-12T19:07:46.815216Z,793.0,CCPXUCJH,90,34,Male,White,United States,United States,United States,English,DATA_EXPIRED,DATA_EXPIRED,Pass,Pass,Pass,Pass,Pass,Pass,Pass,Pass,Pass,Pass,Pass,Pass,Pass,Pass,N/A,Pass,Pass,Pass
693c64f7c92bffe7d15324c5,61109efff90b5bcc15b68b75,APPROVED,Not Applicable,2025-12-12T18:54:54.899000Z,2025-12-12T19:08:04.325000Z,2025-12-13T10:56:35.599000Z,2025-12-12T19:08:04.678581Z,790.0,CCPXUCJH,1764,52,Male,White,United States,United States,United States,English,DATA_EXPIRED,DATA_EXPIRED,N/A,Pass,Pass,Pass,Pass,Pass,Pass,Pass,Pass,Pass,Pass,Pass,Pass,Pass,N/A,Pass,Pass,Pass
693c65603a03de2c65efa061,67ace9b8a3dada8f64274fd7,APPROVED,Not Applicable,2025-12-12T18:56:40.151000Z,2025-12-12T19:22:58.382000Z,2025-12-13T10:56:36.950000Z,2025-12-12T19:22:58.787105Z,1579.0,CCPXUCJH,1698,34,Female,White,United States,United States,United States,English,No,Full-Time,Pass,Pass,Pass,Pass,Pass,Pass,Pass,Pass,Pass,Pass,Pass,Pass,N/A,Pass,Pass,Pass,Pass,Pass
693c65798f6b4ab6a15b6f25,67ed7515c3602df172cbddbc,APPROVED,Not Applicable,2025-12-12T18:57:04.053000Z,2025-12-12T19:09:27.657000Z,2025-12-13T10:56:37.366000Z,2025-12-12T19:09:28.029136Z,744.0,CCPXUCJH,281,72,Female,White,United States,United States,United States,English,No,"Not in paid work (e.g. homemaker', 'retired or disabled)",Pass,Pass,Pass,Pass,Pass,Pass,Pass,N/A,Pass,Pass,Pass,Pass,Pass,Pass,N/A,Pass,Pass,Pass
693c65c408a8c574120ec6e6,67eeddc6ad2e14ecc6dbe48a,APPROVED,Not Applicable,2025-12-12T18:58:17.617000Z,2025-12-12T19:09:32.902000Z,2025-12-13T10:56:37.756000Z,2025-12-12T19:09:33.262374Z,676.0,CCPXUCJH,862,62,Female,White,United States,United States,United States,English,No,"Not in paid work (e.g. homemaker', 'retired or disabled)",Pass,Pass,Pass,Pass,Pass,Pass,Pass,Pass,Pass,Pass,Pass,N/A,Pass,Pass,N/A,Pass,Pass,Pass
693c65f31d02d25b559c4040,65352328ddb089d098ab5d36,APPROVED,Not Applicable,2025-12-12T18:59:02.254000Z,2025-12-12T19:15:45.228000Z,2025-12-13T10:56:38.154000Z,2025-12-12T19:15:45.567232Z,1003.0,CCPXUCJH,886,53,Male,White,United States,United States,United States,English,No,Full-Time,Pass,Pass,N/A,Pass,Pass,Pass,Pass,Pass,Pass,Pass,N/A,Pass,Pass,Pass,Pass,Pass,Pass,Pass
693c6611639d0a11e7c04ea6,66e97406fc4c4cd3e2d68fa6,APPROVED,Not Applicable,2025-12-12T18:59:39.221000Z,2025-12-12T19:11:39.733000Z,2025-12-13T10:56:38.593000Z,2025-12-12T19:11:40.187326Z,721.0,CCPXUCJH,1761,40,Male,White,Ukraine,United States,United States,English,No,Full-Time,Pass,Pass,Pass,Pass,Pass,Pass,Pass,Pass,Pass,Pass,Pass,Pass,Pass,Pass,N/A,Pass,Pass,Pass
693c66b368e385a672a21ceb,64f386a35e66f7ad22b38ccf,APPROVED,Not Applicable,2025-12-12T19:02:17.534000Z,2025-12-12T19:23:01.580000Z,2025-12-13T10:56:38.998000Z,2025-12-12T19:23:01.920422Z,1245.0,CCPXUCJH,1355,53,Female,Black,Jamaica,United States,DATA_EXPIRED,English,DATA_EXPIRED,DATA_EXPIRED,Pass,Pass,Pass,Pass,Pass,Pass,Pass,Pass,Pass,Pass,Pass,Pass,Pass,Pass,N/A,Pass,Pass,Pass
693c66d6f68adb29cae6fe7a,65f48c6de41485ac8b284e83,APPROVED,Not Applicable,2025-12-12T19:02:52.630000Z,2025-12-12T19:14:10.459000Z,2025-12-13T10:56:39.390000Z,2025-12-12T19:14:10.779872Z,678.0,CCPXUCJH,631,35,Male,White,United States,United States,United States,English,DATA_EXPIRED,DATA_EXPIRED,Pass,Pass,N/A,Pass,Pass,Pass,Pass,N/A,Pass,Pass,Pass,Pass,Pass,Pass,N/A,Pass,Pass,Pass
693c67b1442f7e0dc6235a7d,67411ab7d8d8a967ca1d86ab,APPROVED,Not Applicable,2025-12-12T19:06:58.421000Z,2025-12-12T19:19:20.977000Z,2025-12-13T10:56:39.814000Z,2025-12-12T19:19:21.318134Z,743.0,CCPXUCJH,53,29,Male,White,United States,United States,United States,English,Yes,Unemployed (and job seeking),Pass,Pass,Pass,Pass,Pass,Pass,Pass,Pass,Pass,Pass,Pass,Pass,Pass,Pass,N/A,Pass,Pass,Pass
693c67d65763fb4aa1990b5f,65d41e7614f13a6598834a8b,APPROVED,Not Applicable,2025-12-12T19:07:05.939000Z,2025-12-12T19:18:29.509000Z,2025-12-13T10:56:40.253000Z,2025-12-12T19:18:29.896676Z,684.0,CCPXUCJH,302,28,Female,Asian,United States,United States,United States,English,DATA_EXPIRED,DATA_EXPIRED,Pass,Pass,Pass,Pass,Pass,Pass,Pass,Pass,Pass,Pass,Pass,Pass,Pass,Pass,N/A,Pass,Pass,Pass
693c68293b0ab0ad43d4a7a5,66eb407e1ff22f0926073501,APPROVED,Not Applicable,2025-12-12T19:08:28.385000Z,2025-12-12T19:14:04.860000Z,2025-12-13T10:56:40.659000Z,2025-12-12T19:14:05.286383Z,337.0,CCPXUCJH,157,28,Female,Mixed,United States,United States,United States,English,No,Full-Time,N/A,N/A,N/A,N/A,N/A,N/A,N/A,N/A,Pass,N/A,N/A,N/A,Pass,N/A,N/A,N/A,N/A,N/A
693c683d1fff4259e8bd2b0b,67f047191b866fcef1c7e1c0,APPROVED,Not Applicable,2025-12-12T19:08:51.836000Z,2025-12-12T19:21:06.093000Z,2025-12-13T10:56:41.088000Z,2025-12-12T19:21:06.562531Z,735.0,CCPXUCJH,630,38,Male,Other,United States,United States,United States,English,DATA_EXPIRED,DATA_EXPIRED,Pass,Pass,Pass,Pass,Pass,Pass,Pass,Pass,Pass,Pass,Pass,Pass,Pass,Pass,N/A,Pass,Pass,Pass
693c688eebdc97f2c9813895,677d27908064d9a59051cb91,APPROVED,Not Applicable,2025-12-12T19:10:11.372000Z,2025-12-12T19:20:37.548000Z,2025-12-13T10:56:41.496000Z,2025-12-12T19:20:37.887698Z,627.0,CCPXUCJH,585,33,Female,White,United States,United States,United States,English,No,"Not in paid work (e.g. homemaker', 'retired or disabled)",Pass,Pass,Pass,Pass,Pass,Pass,Pass,Pass,Pass,Pass,Pass,Pass,Pass,Pass,N/A,Pass,Pass,Pass
693c689d0675ea2c5baca662,59a4b7ca8d2b1600011b41c2,APPROVED,Not Applicable,2025-12-12T19:10:24.665000Z,2025-12-12T19:28:13.969000Z,2025-12-13T10:56:41.909000Z,2025-12-12T19:28:14.359312Z,1070.0,CCPXUCJH,670,37,Male,White,United States,United States,United States,English,No,Unemployed (and job seeking),Pass,Pass,Pass,Pass,Pass,Pass,Pass,Pass,Pass,Pass,Pass,Pass,Pass,Pass,N/A,Pass,Pass,Pass
693c69295fc99d581cc150de,676ef640250de1d8b3e57d96,APPROVED,Not Applicable,2025-12-12T19:14:18.884000Z,2025-12-12T19:28:24.451000Z,2025-12-13T10:56:42.304000Z,2025-12-12T19:28:24.847048Z,846.0,CCPXUCJH,1516,33,Male,White,Turkmenistan,United States,Turkmenistan,English,No,Part-Time,Pass,N/A,Pass,Pass,Pass,Pass,Pass,Pass,Pass,Pass,Pass,N/A,Pass,Pass,N/A,Pass,Pass,Pass
693c69446637e428ab03406a,6721cfb0b3917ca873ddb01f,APPROVED,Not Applicable,2025-12-12T19:13:24.636000Z,2025-12-12T19:27:51.160000Z,2025-12-13T10:56:42.727000Z,2025-12-12T19:27:51.643282Z,867.0,CCPXUCJH,1234,22,Male,Black,Spain,United States,United States,English,DATA_EXPIRED,DATA_EXPIRED,Pass,Pass,Pass,Pass,Pass,Pass,Pass,Pass,Pass,N/A,Pass,Pass,Pass,Pass,N/A,Pass,Pass,Pass
693c69b8ed3201cc32b01eb4,664641bdbd41a76a83a835a8,APPROVED,Not Applicable,2025-12-12T19:15:57.707000Z,2025-12-12T19:28:16.830000Z,2025-12-13T10:56:43.121000Z,2025-12-12T19:28:17.154587Z,740.0,CCPXUCJH,856,34,Female,Asian,United States,United States,United States,English,No,Part-Time,Pass,Pass,Pass,Pass,Pass,Pass,Pass,Pass,Pass,Pass,Pass,Pass,Pass,Pass,N/A,Pass,Pass,Pass
693c69bb53226abb2c514b0b,66294a585f1cf3fdaeb80120,APPROVED,Not Applicable,2025-12-12T19:15:13.389000Z,2025-12-12T19:26:33.386000Z,2025-12-13T10:56:43.512000Z,2025-12-12T19:26:33.742393Z,680.0,CCPXUCJH,1698,50,Female,White,United States,United States,United States,English,No,DATA_EXPIRED,Pass,Pass,N/A,Pass,Pass,Pass,Pass,N/A,Pass,Pass,Pass,Pass,Pass,Pass,N/A,Pass,Pass,Pass
693c69eed91514ed98e9baea,66a2fd3ddb8757da1068e932,APPROVED,Not Applicable,2025-12-12T19:16:02.321000Z,2025-12-12T19:26:54.153000Z,2025-12-13T10:56:43.908000Z,2025-12-12T19:26:54.582553Z,652.0,CCPXUCJH,1029,24,Female,White,United States,United States,United States,English,No,Unemployed (and job seeking),Pass,Pass,Pass,Pass,Pass,Pass,Pass,Pass,Pass,Pass,Pass,Pass,Pass,Pass,N/A,Pass,Pass,Pass
693c69f34baed20f5b824d12,65dba581504a6a75a4d6f016,APPROVED,Not Applicable,2025-12-12T19:16:09.026000Z,2025-12-12T19:27:19.534000Z,2025-12-13T10:56:44.331000Z,2025-12-12T19:27:19.946887Z,671.0,CCPXUCJH,1495,36,Female,White,United States,United States,United States,English,DATA_EXPIRED,DATA_EXPIRED,Pass,Pass,Pass,Pass,Pass,Pass,Pass,N/A,Pass,Pass,Pass,Pass,Pass,Pass,N/A,Pass,Pass,Pass
693c6a30b5e461d3c956796b,663a5efc3be407346e417ff2,APPROVED,Not Applicable,2025-12-12T19:25:59.186000Z,2025-12-12T19:55:51.893000Z,2025-12-13T10:56:44.737000Z,2025-12-12T19:55:52.230615Z,1793.0,CCPXUCJH,1475,35,Male,White,United States,United States,United States,English,Yes,Full-Time,Pass,Pass,Pass,Pass,Pass,Pass,Pass,N/A,Pass,Pass,Pass,Pass,Pass,Pass,N/A,Pass,Pass,Pass
693c6a4b4baed20f5b824d28,671104a3b307bee2953cb286,APPROVED,Not Applicable,2025-12-12T19:17:35.941000Z,2025-12-12T19:28:25.074000Z,2025-12-13T10:56:45.157000Z,2025-12-12T19:28:25.417210Z,650.0,CCPXUCJH,1592,37,Female,White,United States,United States,United States,Other,No,Unemployed (and job seeking),Pass,N/A,Pass,Pass,Pass,Pass,Pass,Pass,Pass,Pass,N/A,Pass,Pass,Pass,N/A,Pass,Pass,Pass
693c6aaa08a8c574120ec810,612df6ef33e1afb850d6d56f,APPROVED,Not Applicable,2025-12-12T19:19:33.924000Z,2025-12-12T19:38:02.373000Z,2025-12-13T10:56:45.538000Z,2025-12-12T19:38:02.725026Z,1109.0,CCPXUCJH,1484,34,Male,White,United States,United States,United States,English,No,Unemployed (and job seeking),N/A,Pass,Pass,Pass,Pass,N/A,Pass,Pass,Pass,Pass,Pass,Pass,Pass,Pass,N/A,Pass,Pass,Pass
693c6ab62d24c0beed8b5956,692769aaa410d44da4ce718b,APPROVED,Not Applicable,2025-12-12T19:19:24.963000Z,2025-12-12T19:28:37.368000Z,2025-12-13T10:56:45.928000Z,2025-12-12T19:28:37.787455Z,553.0,CCPXUCJH,96,49,Male,White,Canada,United States,United States,English,No,Full-Time,Pass,Pass,Pass,Pass,Pass,Pass,Pass,Pass,Pass,Pass,Pass,Pass,Pass,Pass,N/A,Pass,Pass,Pass
693c6bbb7619f7b70ed562d8,6155179d24f54c4bcca3c313,APPROVED,Not Applicable,2025-12-12T19:23:44.044000Z,2025-12-12T19:35:52.081000Z,2025-12-13T10:56:46.355000Z,2025-12-12T19:35:52.509828Z,729.0,CCPXUCJH,1896,37,Female,White,United States,United States,United States,English,DATA_EXPIRED,DATA_EXPIRED,Pass,Pass,Pass,Pass,Pass,Pass,Pass,Pass,Pass,Pass,N/A,Pass,N/A,Pass,N/A,Pass,Pass,Pass
693c6c8e362586e91be7f794,659575ef7daa54a6b78c9c9a,APPROVED,Not Applicable,2025-12-12T19:27:21.319000Z,2025-12-12T19:50:02.897000Z,2025-12-13T10:56:46.753000Z,2025-12-12T19:50:03.268503Z,1362.0,CCPXUCJH,1375,27,Female,Black,United States,United States,United States,English,No,Full-Time,Pass,Pass,Pass,Pass,Pass,Pass,Pass,Pass,Pass,Pass,Pass,Pass,Pass,Pass,N/A,Pass,Pass,Pass
693c6cbfd9e05d850dd9efd0,61083d0487d9041740853c17,APPROVED,Not Applicable,2025-12-12T19:28:12.770000Z,2025-12-12T19:40:39.897000Z,2025-12-13T10:56:47.158000Z,2025-12-12T19:40:40.311010Z,748.0,CCPXUCJH,790,26,Female,White,United States,United States,United States,English,DATA_EXPIRED,DATA_EXPIRED,N/A,Pass,N/A,Pass,Pass,Pass,Pass,Pass,Pass,Pass,Pass,Pass,Pass,Pass,N/A,Pass,Pass,Pass
693c6d3c8e88d4e496f9906e,672bd7268edc30919dbb118c,APPROVED,Not Applicable,2025-12-12T19:30:11.743000Z,2025-12-12T19:44:36.879000Z,2025-12-13T10:56:47.583000Z,2025-12-12T19:44:37.215213Z,866.0,CCPXUCJH,1211,32,Male,Black,United States,United States,United States,English,DATA_EXPIRED,DATA_EXPIRED,Pass,Pass,Pass,Pass,Pass,Pass,Pass,Pass,Pass,Pass,Pass,Pass,Pass,Pass,Pass,Pass,Pass,Pass
693c6da1b7117fdcb14b5104,6612eae68ccfbae62a843c43,APPROVED,Not Applicable,2025-12-12T19:31:52.214000Z,2025-12-12T19:41:51.666000Z,2025-12-13T10:56:47.995000Z,2025-12-12T19:41:52.016869Z,600.0,CCPXUCJH,189,44,Female,White,Germany,United States,United States,German,No,Part-Time,Pass,Pass,Pass,Pass,Pass,Pass,Pass,Pass,Pass,N/A,N/A,Pass,N/A,Pass,N/A,Pass,Pass,Pass
693c6e2c7e4e8bc19ebf5689,67ac5f2b94b08886739a0003,APPROVED,Not Applicable,2025-12-12T19:34:27.437000Z,2025-12-12T19:54:58.199000Z,2025-12-13T10:56:48.408000Z,2025-12-12T19:54:58.533636Z,1231.0,CCPXUCJH,1165,45,Male,White,United States,United States,United States,English,DATA_EXPIRED,DATA_EXPIRED,Pass,Pass,Pass,Pass,Pass,Pass,Pass,Pass,Pass,Pass,Pass,Pass,Pass,Pass,Pass,Pass,Pass,Pass
693c6e308f6b4ab6a15b7119,67bca2520a799ae9507bc053,APPROVED,Not Applicable,2025-12-12T19:34:17.366000Z,2025-12-12T19:45:49.635000Z,2025-12-13T10:56:48.814000Z,2025-12-12T19:45:50.024517Z,693.0,CCPXUCJH,1453,62,Male,DATA_EXPIRED,United States,United States,United States,English,DATA_EXPIRED,DATA_EXPIRED,N/A,Pass,N/A,Pass,Pass,Pass,Pass,N/A,Pass,Pass,Pass,Pass,N/A,Pass,Pass,Pass,Pass,Pass
693c6e95dc12dfc44f76b178,673188f2decdb1f3f5c5a913,APPROVED,Not Applicable,2025-12-12T19:35:55.163000Z,2025-12-12T19:50:26.730000Z,2025-12-13T10:56:49.268000Z,2025-12-12T19:50:27.210620Z,872.0,CCPXUCJH,1327,37,Female,White,United States,United States,United States,English,DATA_EXPIRED,Full-Time,Pass,Pass,Pass,Pass,Pass,Pass,Pass,Pass,Pass,Pass,Pass,Pass,Pass,Pass,N/A,Pass,Pass,Pass
693c6f291dd68eb089c85cef,67bac250ddac167f36c7131d,APPROVED,Not Applicable,2025-12-12T19:38:25.085000Z,2025-12-12T19:53:32.016000Z,2025-12-13T10:56:49.680000Z,2025-12-12T19:53:32.508411Z,907.0,CCPXUCJH,436,35,Male,White,United States,United States,United States,English,No,Full-Time,N/A,Pass,N/A,Pass,Pass,Pass,N/A,N/A,Pass,Pass,N/A,Pass,N/A,Pass,N/A,Pass,N/A,N/A
693c6f339fceca5a21aac5a5,66956649d7179281d46fa6f2,APPROVED,Not Applicable,2025-12-12T19:39:46.018000Z,2025-12-12T19:52:39.622000Z,2025-12-13T10:56:50.101000Z,2025-12-12T19:52:39.942920Z,774.0,CCPXUCJH,1795,47,Male,White,United States,United States,United States,English,No,Part-Time,N/A,Pass,N/A,Pass,Pass,Pass,Pass,N/A,Pass,Pass,Pass,Pass,N/A,Pass,N/A,Pass,Pass,Pass
693c6facf91e935311ae3680,657619485d6869976045a220,APPROVED,Not Applicable,2025-12-12T19:40:30.810000Z,2025-12-12T19:49:11.626000Z,2025-12-13T10:56:50.503000Z,2025-12-12T19:49:11.955596Z,521.0,CCPXUCJH,712,50,Male,White,United States,United States,United States,English,No,Full-Time,Pass,Pass,Pass,Pass,Pass,Pass,Pass,Pass,Pass,Pass,Pass,Pass,Pass,Pass,N/A,Pass,Pass,Pass
693c6fc3579c3c8c7d205371,5dea10b4446c9012dc5e3fe3,APPROVED,Not Applicable,2025-12-12T19:40:55.681000Z,2025-12-12T19:48:08.134000Z,2025-12-13T10:56:50.898000Z,2025-12-12T19:48:08.487644Z,433.0,CCPXUCJH,1798,29,Female,White,United States,United States,United States,English,No,"Not in paid work (e.g. homemaker', 'retired or disabled)",Pass,Pass,Pass,Pass,Pass,Pass,Pass,Pass,Pass,Pass,Pass,Pass,Pass,Pass,N/A,Pass,Pass,Pass
693c6fc52cd1d1b852a80e08,676039cccf8fb8b221348fad,APPROVED,Not Applicable,2025-12-12T19:40:59.129000Z,2025-12-12T19:56:04.712000Z,2025-12-13T10:56:51.304000Z,2025-12-12T19:56:05.054550Z,906.0,CCPXUCJH,600,42,Female,Asian,Sri Lanka,United States,Sri Lanka,Other,Yes,Full-Time,Pass,Pass,N/A,Pass,Pass,Pass,Pass,Pass,Pass,Pass,N/A,N/A,N/A,Pass,N/A,Pass,Pass,Pass
693c70372cd1d1b852a80e2d,6754212bee2fa6f30842fb86,APPROVED,Not Applicable,2025-12-12T19:42:53.909000Z,2025-12-12T19:55:50.570000Z,2025-12-13T10:56:51.711000Z,2025-12-12T19:55:50.925743Z,777.0,CCPXUCJH,831,33,Female,White,United States,United States,United States,English,DATA_EXPIRED,Full-Time,Pass,Pass,Pass,Pass,Pass,Pass,Pass,Pass,Pass,Pass,Pass,Pass,Pass,Pass,N/A,Pass,Pass,Pass
693c71705fc99d581cc15271,67283913f11cbfde51b17706,APPROVED,Not Applicable,2025-12-12T19:48:05.505000Z,2025-12-12T19:58:39.242000Z,2025-12-13T10:56:52.132000Z,2025-12-12T19:58:39.795416Z,634.0,CCPXUCJH,575,45,Male,White,United States,United States,United States,English,No,Full-Time,Pass,Pass,Pass,Pass,Pass,Pass,Pass,Pass,Pass,Pass,Pass,Pass,Pass,Pass,Pass,Pass,Pass,Pass
693c717e4adac5a8a401329a,679332b7a7378f8f63f9ab84,APPROVED,Not Applicable,2025-12-12T19:49:35.338000Z,2025-12-12T20:06:35.566000Z,2025-12-13T10:56:52.544000Z,2025-12-12T20:06:35.954880Z,1021.0,CCPXUCJH,1126,26,Male,White,United States,United States,United States,English,DATA_EXPIRED,Part-Time,Pass,Pass,Pass,Pass,Pass,Pass,Pass,Pass,Pass,Pass,Pass,Pass,N/A,Pass,N/A,Pass,Pass,Pass
693c7199f939cd253aec607d,6721335ba6e4ffe7fc6d1ca1,APPROVED,Not Applicable,2025-12-12T19:48:51.867000Z,2025-12-12T20:05:10.899000Z,2025-12-13T10:56:52.994000Z,2025-12-12T20:05:11.263042Z,980.0,CCPXUCJH,1594,39,Male,White,United States,United States,United States,English,DATA_EXPIRED,DATA_EXPIRED,Pass,Pass,N/A,Pass,Pass,Pass,Pass,Pass,Pass,Pass,Pass,Pass,Pass,Pass,N/A,Pass,Pass,Pass
693c71f28c061ef3d5d54d9b,67a4fbd7e4ebc02e050b7999,APPROVED,Not Applicable,2025-12-12T19:50:14.917000Z,2025-12-12T20:02:10.467000Z,2025-12-13T10:56:53.426000Z,2025-12-12T20:02:10.891109Z,716.0,CCPXUCJH,1910,46,Female,Mixed,United States,United States,United States,English,No,"Not in paid work (e.g. homemaker', 'retired or disabled)",Pass,Pass,Pass,Pass,Pass,N/A,Pass,N/A,Pass,Pass,Pass,Pass,N/A,Pass,N/A,Pass,Pass,Pass
693c723d7fc435d78cac3b01,6776071db9b6ba9c5d3c522f,APPROVED,Not Applicable,2025-12-12T19:51:33.127000Z,2025-12-12T20:08:51.297000Z,2025-12-13T10:56:53.842000Z,2025-12-12T20:08:51.647097Z,1039.0,CCPXUCJH,1721,60,Female,White,United States,United States,United States,English,No,Full-Time,Pass,Pass,Pass,Pass,Pass,N/A,Pass,Pass,Pass,Pass,N/A,Pass,N/A,Pass,N/A,Pass,Pass,Pass
693c732df681aee9375b6d84,672931da14bedacc4b738eb7,APPROVED,Not Applicable,2025-12-12T19:55:32.608000Z,2025-12-12T20:07:15.388000Z,2025-12-13T10:56:54.275000Z,2025-12-12T20:07:15.767827Z,703.0,CCPXUCJH,1693,54,Female,White,United States,United States,United States,English,No,Full-Time,Pass,Pass,Pass,Pass,Pass,Pass,Pass,Pass,Pass,Pass,Pass,Pass,Pass,Pass,N/A,Pass,Pass,Pass
693c736368af5ab4de42fb4a,672ed285dbe86b0a33526edd,APPROVED,Not Applicable,2025-12-12T19:56:23.799000Z,2025-12-12T20:05:07.490000Z,2025-12-13T10:56:54.730000Z,2025-12-12T20:05:07.876420Z,524.0,CCPXUCJH,1771,26,Female,White,United States,United States,United States,English,No,Full-Time,Pass,Pass,Pass,Pass,Pass,Pass,Pass,Pass,Pass,Pass,Pass,Pass,N/A,Pass,N/A,Pass,Pass,Pass
693c73652d174be839699512,671b025545c22875c994d0bb,APPROVED,Not Applicable,2025-12-12T19:56:26.296000Z,2025-12-12T20:08:00.665000Z,2025-12-13T10:56:55.164000Z,2025-12-12T20:08:01.087325Z,695.0,CCPXUCJH,322,31,Male,White,United States,United States,United States,English,DATA_EXPIRED,DATA_EXPIRED,Pass,Pass,Pass,Pass,N/A,N/A,Pass,Pass,Pass,Pass,Pass,Pass,Pass,Pass,N/A,Pass,Pass,Pass
693c739946dcb53790008ebb,672eeebde600098b4b65d4a8,APPROVED,Not Applicable,2025-12-12T19:57:27.401000Z,2025-12-12T20:11:08.945000Z,2025-12-13T10:56:55.602000Z,2025-12-12T20:11:09.334090Z,822.0,CCPXUCJH,1453,63,Female,White,United States,United States,United States,English,Yes,Full-Time,Pass,Pass,Pass,Pass,Pass,Pass,Pass,Pass,Pass,Pass,Pass,Pass,Pass,Pass,N/A,Pass,Pass,Pass
693c73d119e3aecd0e531c6e,66049315b5c325fdaafea8fa,APPROVED,Not Applicable,2025-12-12T19:58:13.017000Z,2025-12-12T20:13:28.153000Z,2025-12-13T10:56:56.074000Z,2025-12-12T20:13:28.484281Z,916.0,CCPXUCJH,1381,30,Female,Mixed,Ecuador,United States,Ecuador,Spanish,DATA_EXPIRED,DATA_EXPIRED,N/A,N/A,Pass,Pass,Pass,Pass,Pass,Pass,Pass,Pass,N/A,Pass,Pass,Pass,N/A,Pass,Pass,Pass
693c73e6d54af23127bd32b2,65e630e4777c8e3ac50b9aea,APPROVED,Not Applicable,2025-12-12T19:58:40.341000Z,2025-12-12T20:14:38.846000Z,2025-12-13T10:56:56.550000Z,2025-12-12T20:14:39.217056Z,959.0,CCPXUCJH,641,53,Female,Black,United States,United States,United States,English,No,DATA_EXPIRED,Pass,Pass,Pass,Pass,Pass,Pass,Pass,Pass,Pass,Pass,Pass,Pass,N/A,Pass,N/A,Pass,Pass,Pass
693c73f176479cd94c76b697,65254790f0aa171541706462,APPROVED,Not Applicable,2025-12-12T19:58:47.270000Z,2025-12-12T20:09:49.912000Z,2025-12-13T10:56:56.951000Z,2025-12-12T20:09:50.250598Z,663.0,CCPXUCJH,979,69,Male,White,United States,United States,United States,English,DATA_EXPIRED,DATA_EXPIRED,N/A,Pass,Pass,Pass,Pass,Pass,Pass,Pass,Pass,Pass,Pass,Pass,Pass,Pass,N/A,Pass,Pass,Pass
693c7403f939cd253aec6546,673ce1632b059d0015e64962,APPROVED,Not Applicable,2025-12-12T19:59:04.702000Z,2025-12-12T20:12:44.781000Z,2025-12-13T10:56:57.362000Z,2025-12-12T20:12:45.183783Z,821.0,CCPXUCJH,438,33,Female,White,Czech Republic,United States,Czech Republic,Czech,No,Part-Time,N/A,N/A,N/A,Pass,N/A,N/A,Pass,N/A,Pass,Pass,Pass,Pass,N/A,Pass,N/A,Pass,Pass,Pass
693c74363e518b128931d887,6631b0ab30153f0b76483e0a,APPROVED,Not Applicable,2025-12-12T19:59:55.370000Z,2025-12-12T20:11:24.414000Z,2025-12-13T10:56:58.730000Z,2025-12-12T20:11:24.748539Z,690.0,CCPXUCJH,1688,47,Female,DATA_EXPIRED,United States,United States,United States,English,DATA_EXPIRED,DATA_EXPIRED,Pass,Pass,Pass,Pass,Pass,Pass,Pass,Pass,Pass,Pass,Pass,Pass,Pass,Pass,N/A,Pass,Pass,Pass
693c747768af5ab4de42fb97,68c9a882ae915e833ed44824,APPROVED,Not Applicable,2025-12-12T20:01:01.777000Z,2025-12-12T20:12:12.601000Z,2025-12-13T10:56:59.133000Z,2025-12-12T21:24:11.268341Z,671.0,CCPXUCJH,488,37,Female,Asian,China,United States,DATA_EXPIRED,Chinese,No,Full-Time,N/A,Pass,N/A,Pass,Pass,Pass,Pass,Pass,Pass,Pass,Pass,Pass,Pass,Pass,N/A,Pass,Pass,Pass
693c74896f1bcda7b11d75f9,659adacdf086ca557624a3ee,APPROVED,Not Applicable,2025-12-12T20:01:18.269000Z,2025-12-12T20:15:29.122000Z,2025-12-13T10:56:59.560000Z,2025-12-12T20:15:29.519208Z,851.0,CCPXUCJH,563,49,Female,Asian,United States,United States,United States,English,No,Unemployed (and job seeking),Pass,Pass,Pass,Pass,Pass,Pass,N/A,Pass,Pass,Pass,Pass,Pass,Pass,Pass,N/A,Pass,Pass,Pass
693c74c8a634b66245df92b6,63d7f363c1c417a758d5b4ea,APPROVED,Not Applicable,2025-12-12T20:02:20.653000Z,2025-12-12T20:12:27.453000Z,2025-12-13T10:56:59.954000Z,2025-12-12T20:12:27.935424Z,607.0,CCPXUCJH,340,45,Male,DATA_EXPIRED,United States,United States,United States,English,DATA_EXPIRED,DATA_EXPIRED,Pass,Pass,N/A,Pass,N/A,Pass,Pass,N/A,Pass,Pass,Pass,Pass,N/A,Pass,N/A,Pass,Pass,Pass
693c75068426543a9266707a,65628f277bcd810f66b36764,APPROVED,Not Applicable,2025-12-12T20:03:22.178000Z,2025-12-12T20:13:27.239000Z,2025-12-13T10:57:00.351000Z,2025-12-12T20:13:27.786577Z,606.0,CCPXUCJH,1051,45,Female,Asian,Japan,United States,Japan,Japanese,No,"Not in paid work (e.g. homemaker', 'retired or disabled)",Pass,Pass,Pass,Pass,Pass,Pass,Pass,Pass,Pass,Pass,Pass,Pass,Pass,Pass,N/A,Pass,Pass,Pass
693c7525e5b282f3bfbd8a03,66985059ff08abc91b78325b,APPROVED,Not Applicable,2025-12-12T20:04:55.361000Z,2025-12-12T20:20:03.633000Z,2025-12-13T10:57:00.746000Z,2025-12-12T20:20:03.978819Z,909.0,CCPXUCJH,575,43,Female,White,United States,United States,United States,English,DATA_EXPIRED,DATA_EXPIRED,N/A,N/A,N/A,N/A,N/A,N/A,N/A,N/A,Pass,Pass,Pass,Pass,N/A,N/A,N/A,N/A,N/A,N/A
693c75330101410f8eb66747,665cdbb9278577e5acd6dafd,APPROVED,Not Applicable,2025-12-12T20:04:09.599000Z,2025-12-12T20:15:10.711000Z,2025-12-13T10:57:01.136000Z,2025-12-12T20:15:11.029854Z,662.0,CCPXUCJH,1409,62,Male,White,United States,United States,United States,English,No,Full-Time,Pass,Pass,Pass,Pass,Pass,Pass,Pass,Pass,Pass,Pass,Pass,Pass,N/A,Pass,N/A,Pass,Pass,Pass
693c75fb5d2f83222f27b066,680cd9ba4cb84b390a880c30,APPROVED,Not Applicable,2025-12-12T20:07:28.569000Z,2025-12-12T20:19:37.977000Z,2025-12-13T10:57:01.554000Z,2025-12-12T20:19:38.325915Z,730.0,CCPXUCJH,578,71,Female,White,United States,United States,United States,English,No,Part-Time,Pass,Pass,Pass,Pass,Pass,Pass,Pass,Pass,N/A,Pass,Pass,Pass,N/A,Pass,N/A,Pass,Pass,Pass
693c76085f1e165bdffaf63d,67018d436b1fa744dfee9df0,APPROVED,Not Applicable,2025-12-12T20:07:57.019000Z,2025-12-12T20:16:11.790000Z,2025-12-13T10:57:02Z,2025-12-12T20:16:12.136738Z,495.0,CCPXUCJH,1163,67,Male,White,United Kingdom,United States,United Kingdom,English,No,"Not in paid work (e.g. homemaker', 'retired or disabled)",Pass,Pass,N/A,Pass,Pass,Pass,N/A,Pass,Pass,Pass,N/A,Pass,Pass,Pass,N/A,Pass,Pass,Pass
693c76369a4ba907fe58634d,67839a9f3657ad5351a92bb6,APPROVED,Not Applicable,2025-12-12T20:10:53.399000Z,2025-12-12T20:30:15.302000Z,2025-12-13T10:57:02.417000Z,2025-12-12T20:30:15.813936Z,1162.0,CCPXUCJH,1948,40,Female,White,United States,United States,United States,English,No,Full-Time,Pass,Pass,Pass,Pass,Pass,Pass,Pass,Pass,Pass,Pass,Pass,Pass,Pass,Pass,Pass,Pass,Pass,Pass
693c764b12235bf7eedf93eb,665a2cdd103e514a43e3d5fc,APPROVED,Not Applicable,2025-12-12T20:08:49.717000Z,2025-12-12T20:23:40.966000Z,2025-12-13T10:57:02.827000Z,2025-12-12T20:23:41.322763Z,892.0,CCPXUCJH,1560,41,Female,White,United States,United States,United States,English,DATA_EXPIRED,DATA_EXPIRED,Pass,Pass,Pass,Pass,Pass,Pass,Pass,Pass,Pass,Pass,Pass,Pass,Pass,Pass,N/A,Pass,Pass,Pass
693c76b50f44cb4ad453b309,67e90eccc1592e147e1e88b0,APPROVED,Not Applicable,2025-12-12T20:14:47.986000Z,2025-12-12T20:34:28.003000Z,2025-12-13T10:57:03.218000Z,2025-12-12T20:34:28.621639Z,1181.0,CCPXUCJH,1934,38,Male,DATA_EXPIRED,United States,United States,United States,English,DATA_EXPIRED,DATA_EXPIRED,Pass,Pass,Pass,Pass,Pass,Pass,Pass,Pass,Pass,Pass,Pass,Pass,Pass,Pass,Pass,Pass,Pass,Pass
693c76e3fe04855d8092d547,65d587429ae199f8fb3d2af9,APPROVED,Not Applicable,2025-12-12T20:12:10.213000Z,2025-12-12T20:20:50.617000Z,2025-12-13T10:57:03.616000Z,2025-12-12T20:20:50.968837Z,521.0,CCPXUCJH,1010,30,Female,White,United States,United States,United States,English,DATA_EXPIRED,DATA_EXPIRED,Pass,Pass,Pass,Pass,Pass,Pass,Pass,Pass,Pass,Pass,Pass,Pass,Pass,Pass,Pass,Pass,Pass,Pass
693c771053f7000dc0b6e23e,5e9dc87fa311c01108463305,APPROVED,Not Applicable,2025-12-12T20:12:06.029000Z,2025-12-12T20:21:44.746000Z,2025-12-13T10:57:04.027000Z,2025-12-12T20:21:45.226360Z,579.0,CCPXUCJH,1586,39,Male,White,United States,United States,United States,English,Yes,Full-Time,Pass,Pass,Pass,Pass,Pass,Pass,N/A,N/A,Pass,Pass,Pass,Pass,N/A,Pass,N/A,Pass,Pass,Pass
693c774bf939cd253aec6617,672ede539bd39a8deecc501d,APPROVED,Not Applicable,2025-12-12T20:14:10.652000Z,2025-12-12T20:25:45.341000Z,2025-12-13T10:57:04.422000Z,2025-12-12T20:25:45.720519Z,695.0,CCPXUCJH,1900,34,Male,Mixed,United States,United States,United States,English,Yes,Full-Time,Pass,Pass,Pass,Pass,Pass,Pass,Pass,Pass,Pass,Pass,Pass,Pass,Pass,Pass,N/A,Pass,Pass,Pass
693c777fd45f3fdea33a2e16,665773e884cedbe2cba4794e,APPROVED,Not Applicable,2025-12-12T20:13:57.081000Z,2025-12-12T20:24:45.817000Z,2025-12-13T10:57:04.875000Z,2025-12-12T20:24:46.176269Z,649.0,CCPXUCJH,316,36,Female,White,United States,United States,United States,English,Yes,"Not in paid work (e.g. homemaker', 'retired or disabled)",Pass,Pass,Pass,Pass,Pass,Pass,Pass,Pass,Pass,Pass,Pass,Pass,Pass,Pass,N/A,Pass,Pass,Pass
693c77825be2b133054e9d47,5ecd78784dc5af0d97078c8b,APPROVED,Not Applicable,2025-12-12T20:13:57.989000Z,2025-12-12T20:24:16.530000Z,2025-12-13T10:57:05.276000Z,2025-12-12T20:24:16.888158Z,619.0,CCPXUCJH,1665,64,Female,Mixed,United States,United States,United States,DATA_EXPIRED,No,Full-Time,Pass,Pass,Pass,Pass,Pass,Pass,Pass,Pass,Pass,Pass,Pass,Pass,Pass,Pass,N/A,Pass,Pass,Pass
693c77da3d641b6523b40d2b,66310bce1a0c0e0801d40dd6,APPROVED,Not Applicable,2025-12-12T20:15:28.829000Z,2025-12-12T20:29:59.694000Z,2025-12-13T10:57:05.671000Z,2025-12-12T20:30:00.068868Z,871.0,CCPXUCJH,1136,41,Female,Other,Mexico,United States,Mexico,Spanish,No,Part-Time,Pass,Pass,N/A,Pass,Pass,Pass,Pass,Pass,Pass,Pass,Pass,Pass,Pass,Pass,N/A,Pass,Pass,Pass
693c782c2cd1d1b852a81000,68c9adf3ce921224388f11f1,APPROVED,Not Applicable,2025-12-12T20:21:39.145000Z,2025-12-12T20:37:03.425000Z,2025-12-13T10:57:06.062000Z,2025-12-12T20:37:03.751653Z,925.0,CCPXUCJH,986,32,Female,Asian,China,United States,DATA_EXPIRED,Chinese,No,Full-Time,Pass,Pass,Pass,Pass,Pass,Pass,Pass,Pass,Pass,Pass,Pass,Pass,N/A,Pass,N/A,Pass,Pass,Pass
693c7857d41cb29202f19668,678c51c4f4998df7a4eeaa3d,APPROVED,Not Applicable,2025-12-12T20:17:32.508000Z,2025-12-12T20:27:42.493000Z,2025-12-13T10:57:06.448000Z,2025-12-12T20:27:42.853853Z,610.0,CCPXUCJH,608,31,Male,White,United States,United States,United States,English,Yes,Full-Time,N/A,Pass,N/A,Pass,Pass,Pass,Pass,N/A,Pass,Pass,Pass,Pass,N/A,Pass,N/A,Pass,Pass,Pass
693c78cf7625bf489614fef4,62d5d3fe0a7091a9b0586480,APPROVED,Not Applicable,2025-12-12T20:19:27.502000Z,2025-12-12T20:34:08.007000Z,2025-12-13T10:57:06.859000Z,2025-12-12T20:34:08.350041Z,881.0,CCPXUCJH,286,55,Female,White,United States,United States,United States,English,No,"Not in paid work (e.g. homemaker', 'retired or disabled)",Pass,Pass,Pass,Pass,Pass,Pass,Pass,Pass,Pass,Pass,Pass,Pass,N/A,Pass,N/A,Pass,Pass,Pass
693c79e9f9543a6765079ea3,69156cb681f0e747e992b388,APPROVED,Not Applicable,2025-12-12T20:24:14.453000Z,2025-12-12T20:36:29.627000Z,2025-12-13T10:57:07.283000Z,2025-12-12T20:36:29.978417Z,736.0,CCPXUCJH,203,24,Female,White,United States,United States,United States,English,No,Full-Time,Pass,Pass,N/A,Pass,Pass,Pass,Pass,Pass,Pass,Pass,Pass,Pass,N/A,Pass,N/A,Pass,Pass,Pass
693c7a08764be3c3b94d9082,6932f8200cc88ea0570aabba,APPROVED,Not Applicable,2025-12-12T20:24:47.247000Z,2025-12-12T20:34:39.520000Z,2025-12-13T10:57:07.708000Z,2025-12-13T00:21:31.131390Z,593.0,CCPXUCJH,115,33,Male,Asian,Philippines,United States,Philippines,English,No,Full-Time,Pass,Pass,Pass,Pass,Pass,Pass,Pass,Pass,Pass,Pass,Pass,Pass,Pass,Pass,N/A,Pass,Pass,Pass
693c7bdf9b6c2b781438f39e,67f972620fdbfde234aa54ef,APPROVED,Not Applicable,2025-12-12T20:32:36.179000Z,2025-12-12T20:43:43.119000Z,2025-12-13T10:57:08.123000Z,2025-12-12T20:43:43.689573Z,667.0,CCPXUCJH,829,55,Female,White,United States,United States,United States,English,No,Part-Time,Pass,Pass,Pass,Pass,Pass,Pass,Pass,Pass,Pass,Pass,Pass,Pass,Pass,Pass,N/A,Pass,Pass,Pass
693c7c0bb8a782f95caedcff,6845fad63da7756677508375,APPROVED,Not Applicable,2025-12-12T20:33:45.756000Z,2025-12-12T20:48:27.472000Z,2025-12-13T10:57:08.557000Z,2025-12-12T20:48:27.801240Z,882.0,CCPXUCJH,627,55,Female,Black,United States,United States,United States,English,DATA_EXPIRED,Part-Time,Pass,Pass,Pass,Pass,N/A,Pass,Pass,Pass,Pass,Pass,Pass,Pass,Pass,Pass,N/A,Pass,Pass,Pass
693c7c19eb4c6d1f402c076c,662f8a3bc02a7f164555439a,APPROVED,Not Applicable,2025-12-12T20:33:36.754000Z,2025-12-12T20:51:05.550000Z,2025-12-13T10:57:08.973000Z,2025-12-12T20:51:05.989013Z,1049.0,CCPXUCJH,1255,61,Female,White,United States,United States,United States,English,DATA_EXPIRED,DATA_EXPIRED,Pass,Pass,Pass,Pass,Pass,Pass,Pass,N/A,Pass,Pass,Pass,Pass,N/A,Pass,N/A,Pass,Pass,Pass
693c7c82a5e04c8715d1735f,6639ebf807878b4110374f02,APPROVED,Not Applicable,2025-12-12T20:35:19.103000Z,2025-12-12T20:46:09.666000Z,2025-12-13T10:54:30.154000Z,2025-12-12T20:46:10.034757Z,651.0,CCPXUCJH,621,24,Female,White,United States,United States,United States,English,No,"Not in paid work (e.g. homemaker', 'retired or disabled)",Pass,Pass,Pass,Pass,Pass,Pass,Pass,Pass,Pass,Pass,Pass,Pass,Pass,Pass,N/A,Pass,Pass,Pass
693c7cf6aebc8a1b98916edf,65ea3ad7b77c607619e7def6,APPROVED,Not Applicable,2025-12-12T20:37:16.219000Z,2025-12-12T20:57:33.457000Z,2025-12-13T10:54:30.541000Z,2025-12-12T20:57:33.783821Z,1218.0,CCPXUCJH,988,57,Female,White,United States,United States,United States,English,No,Unemployed (and job seeking),Pass,Pass,N/A,Pass,Pass,Pass,Pass,N/A,Pass,Pass,Pass,Pass,Pass,Pass,Pass,Pass,Pass,Pass
693c7d6441a601c926b54c6c,65e77b8084a26a1e221bd436,APPROVED,Not Applicable,2025-12-12T20:39:05.384000Z,2025-12-12T20:50:59.321000Z,2025-12-13T10:54:30.949000Z,2025-12-12T20:50:59.668146Z,714.0,CCPXUCJH,1188,31,Female,Black,United States,United States,United States,English,No,"Not in paid work (e.g. homemaker', 'retired or disabled)",Pass,Pass,Pass,Pass,Pass,Pass,Pass,Pass,Pass,Pass,Pass,Pass,Pass,Pass,N/A,Pass,Pass,Pass
693c7dedb3d855358a6761ed,5a82032017ef350001706e9a,APPROVED,Not Applicable,2025-12-12T20:41:22.793000Z,2025-12-12T20:58:29.212000Z,2025-12-13T10:54:31.864000Z,2025-12-12T20:58:29.589834Z,1027.0,CCPXUCJH,1790,26,Male,White,United States,United States,United States,English,No,Other,Pass,Pass,Pass,Pass,Pass,Pass,Pass,Pass,Pass,Pass,Pass,Pass,Pass,Pass,N/A,Pass,Pass,Pass
693c7e84248cb7e44dac3fd6,677249ee3a4f08a288a1f9fc,APPROVED,Not Applicable,2025-12-12T20:43:52.508000Z,2025-12-12T20:53:30.642000Z,2025-12-13T10:54:32.238000Z,2025-12-12T20:53:30.984417Z,579.0,CCPXUCJH,576,31,Female,Asian,India,United States,India,Hindi,No,Full-Time,Pass,Pass,Pass,Pass,Pass,Pass,Pass,Pass,Pass,Pass,Pass,Pass,Pass,Pass,N/A,Pass,Pass,Pass
693c7ea46f1bcda7b11d7fee,670181df01d5807d3bca5093,APPROVED,Not Applicable,2025-12-12T20:44:25.006000Z,2025-12-12T20:54:25.857000Z,2025-12-13T10:54:32.619000Z,2025-12-12T20:54:26.179874Z,601.0,CCPXUCJH,1795,33,Female,Mixed,United States,United States,United States,English,Yes,Full-Time,Pass,Pass,N/A,Pass,Pass,N/A,Pass,N/A,Pass,Pass,N/A,Pass,N/A,Pass,Pass,Pass,Pass,Pass
693c7eaaf7b85ea276190e0b,67ddd4f85ab870ffd90cc888,APPROVED,Not Applicable,2025-12-12T20:44:34.337000Z,2025-12-12T20:55:37.098000Z,2025-12-13T10:54:32.985000Z,2025-12-12T20:55:37.516897Z,663.0,CCPXUCJH,1349,51,Male,White,United States,United States,United States,English,DATA_EXPIRED,DATA_EXPIRED,Pass,Pass,Pass,Pass,Pass,Pass,Pass,Pass,Pass,Pass,Pass,Pass,Pass,Pass,N/A,Pass,Pass,Pass
693c7eecdc12dfc44f76b9ab,68bb75e3f99a5ad10b5c965a,APPROVED,Not Applicable,2025-12-12T20:45:41.381000Z,2025-12-12T21:06:29.586000Z,2025-12-13T10:54:33.350000Z,2025-12-12T21:06:29.972173Z,1249.0,CCPXUCJH,375,51,Female,Asian,Korea,United States,Korea,Korean,No,Part-Time,Pass,Pass,Pass,Pass,Pass,Pass,Pass,N/A,Pass,Pass,Pass,Pass,Pass,Pass,N/A,Pass,Pass,Pass
693c7f26c05ea031c80eb535,5eb9be30dc83fb0e9107d418,APPROVED,Not Applicable,2025-12-12T20:46:38.374000Z,2025-12-12T20:57:55.910000Z,2025-12-13T10:54:33.713000Z,2025-12-12T20:57:56.254923Z,678.0,CCPXUCJH,1980,30,Male,White,United States,United States,United States,English,No,Unemployed (and job seeking),Pass,Pass,Pass,Pass,Pass,Pass,Pass,Pass,Pass,Pass,Pass,Pass,Pass,Pass,N/A,Pass,Pass,Pass
693c7fac8c061ef3d5d54ff3,683667d92d0bfb2cf3f5c7a6,APPROVED,Not Applicable,2025-12-12T20:50:48.178000Z,2025-12-12T21:20:42.834000Z,2025-12-13T10:54:34.066000Z,2025-12-12T21:20:43.168873Z,1795.0,CCPXUCJH,820,26,Female,White,United States,United States,United States,English,Yes,Part-Time,Pass,Pass,Pass,Pass,Pass,Pass,Pass,Pass,Pass,Pass,Pass,Pass,Pass,Pass,Pass,Pass,Pass,Pass
693c7fc786cd39895232d83b,65f684e029d7c63f3338aed7,APPROVED,Not Applicable,2025-12-12T20:49:17.643000Z,2025-12-12T20:59:55.919000Z,2025-12-13T10:54:34.434000Z,2025-12-13T02:10:15.476699Z,639.0,CCPXUCJH,776,51,Female,White,United States,United States,United States,English,No,Full-Time,Pass,Pass,Pass,Pass,Pass,Pass,Pass,Pass,Pass,Pass,Pass,Pass,N/A,Pass,N/A,Pass,Pass,Pass
693c810c638f4626676672cb,66298145eb6880569bc344b6,APPROVED,Not Applicable,2025-12-12T20:54:42.142000Z,2025-12-12T21:03:41.722000Z,2025-12-13T10:54:34.797000Z,2025-12-12T21:03:42.067302Z,540.0,CCPXUCJH,1282,50,Female,White,United States,United States,United States,English,DATA_EXPIRED,DATA_EXPIRED,Pass,Pass,Pass,Pass,Pass,Pass,Pass,Pass,Pass,Pass,Pass,Pass,Pass,Pass,N/A,Pass,Pass,Pass
693c824de63dc5d03ca26f44,5d89109e91ce580015b93bb5,APPROVED,Not Applicable,2025-12-12T21:00:07.194000Z,2025-12-12T21:22:58.204000Z,2025-12-13T10:54:35.168000Z,2025-12-12T21:22:58.565133Z,1372.0,CCPXUCJH,620,35,Male,White,Canada,United States,United States,English,DATA_EXPIRED,DATA_EXPIRED,Pass,Pass,Pass,Pass,Pass,Pass,Pass,Pass,Pass,Pass,N/A,Pass,N/A,Pass,N/A,Pass,Pass,Pass
693c83602e4ecb817328a09b,662d56e5cc343fb58134d622,APPROVED,Not Applicable,2025-12-12T21:04:35.597000Z,2025-12-12T21:19:45.228000Z,2025-12-13T10:54:35.533000Z,2025-12-12T21:19:45.604752Z,910.0,CCPXUCJH,497,53,Female,White,Germany,United States,United States,German,No,DATA_EXPIRED,N/A,Pass,N/A,Pass,Pass,Pass,Pass,N/A,Pass,Pass,Pass,Pass,Pass,Pass,Pass,Pass,Pass,Pass
693c843a3912c9159683fcba,66e5ab0828cf6046bd8f1df1,APPROVED,Not Applicable,2025-12-12T21:08:14.779000Z,2025-12-12T21:18:12.716000Z,2025-12-13T10:54:35.879000Z,2025-12-12T21:18:13.045987Z,598.0,CCPXUCJH,379,32,Female,White,United States,United States,United States,English,No,Full-Time,Pass,Pass,Pass,Pass,Pass,Pass,Pass,Pass,Pass,Pass,Pass,Pass,Pass,Pass,N/A,Pass,Pass,Pass
693c852b54b803e7d3ddc6fd,676c9d1a76e650632accd4f7,APPROVED,Not Applicable,2025-12-12T21:12:16.733000Z,2025-12-12T21:23:10.885000Z,2025-12-13T10:54:36.225000Z,2025-12-12T21:23:11.215175Z,655.0,CCPXUCJH,942,61,Female,White,United States,United States,United States,English,No,Other,Pass,Pass,Pass,Pass,Pass,Pass,Pass,Pass,Pass,Pass,Pass,Pass,N/A,Pass,N/A,Pass,Pass,Pass
693c861fdbab49e62fa42585,67dd9d7cb2b6bc83e7981f45,APPROVED,Not Applicable,2025-12-12T21:16:15.580000Z,2025-12-12T21:32:41.698000Z,2025-12-13T10:54:36.582000Z,2025-12-12T21:32:42.032702Z,987.0,CCPXUCJH,1207,41,Male,White,United States,United States,United States,English,DATA_EXPIRED,DATA_EXPIRED,Pass,Pass,Pass,Pass,Pass,Pass,Pass,Pass,Pass,Pass,Pass,Pass,Pass,Pass,Pass,Pass,Pass,Pass
693c865e81d54ee72af75ac9,67f067f743c72104040dc225,APPROVED,Not Applicable,2025-12-12T21:17:26.443000Z,2025-12-12T21:39:15.426000Z,2025-12-13T10:54:36.942000Z,2025-12-12T21:39:15.770067Z,1309.0,CCPXUCJH,1955,58,Female,White,United States,United States,United States,English,DATA_EXPIRED,DATA_EXPIRED,Pass,Pass,N/A,Pass,Pass,N/A,Pass,N/A,Pass,Pass,Pass,Pass,Pass,Pass,N/A,Pass,Pass,Pass
693c8660eb41143c0b72409f,5e68a509d40a4914619d2171,APPROVED,Not Applicable,2025-12-12T21:17:25.199000Z,2025-12-12T21:29:57.067000Z,2025-12-13T10:54:37.296000Z,2025-12-12T21:29:57.420292Z,752.0,CCPXUCJH,578,39,Female,White,United States,United States,United States,English,No,Full-Time,Pass,Pass,N/A,Pass,Pass,Pass,Pass,N/A,Pass,Pass,Pass,Pass,Pass,Pass,N/A,Pass,Pass,Pass
693c8669d2e592758081e916,67ab899c0e7db664870e939e,APPROVED,Not Applicable,2025-12-12T21:17:34.363000Z,2025-12-12T21:28:16.022000Z,2025-12-13T10:54:37.667000Z,2025-12-12T21:28:16.383666Z,642.0,CCPXUCJH,313,26,Female,White,United States,United States,United States,English,DATA_EXPIRED,DATA_EXPIRED,Pass,Pass,Pass,Pass,Pass,Pass,Pass,N/A,Pass,Pass,Pass,Pass,Pass,Pass,N/A,Pass,Pass,Pass
693c8698b7117fdcb14b5a23,6543e26907b8e35facc1afe9,APPROVED,Not Applicable,2025-12-12T21:18:16.927000Z,2025-12-12T21:40:45.399000Z,2025-12-13T10:54:38.011000Z,2025-12-12T21:40:45.770796Z,1349.0,CCPXUCJH,195,56,Female,White,United States,United States,United States,English,No,"Not in paid work (e.g. homemaker', 'retired or disabled)",Pass,Pass,Pass,Pass,Pass,Pass,Pass,Pass,Pass,Pass,Pass,Pass,Pass,Pass,N/A,Pass,Pass,Pass
693c86dc9d5394ddc63b31cc,6787084af5abb0aa321e6b08,APPROVED,Not Applicable,2025-12-12T21:19:28.747000Z,2025-12-12T21:30:52.872000Z,2025-12-13T10:54:38.369000Z,2025-12-12T21:30:53.205575Z,685.0,CCPXUCJH,1127,52,Male,White,United States,United States,United States,English,No,Other,N/A,Pass,N/A,Pass,N/A,Pass,Pass,N/A,Pass,Pass,Pass,Pass,N/A,Pass,N/A,Pass,Pass,Pass
693c871baebc8a1b98917008,662c1b87d84d0f2111bb3a56,APPROVED,Not Applicable,2025-12-12T21:20:32.790000Z,2025-12-12T21:39:03Z,2025-12-13T10:54:38.741000Z,2025-12-12T23:56:50.707335Z,1111.0,CCPXUCJH,1336,38,Female,White,United States,United States,United States,English,No,Part-Time,Pass,Pass,N/A,Pass,Pass,Pass,Pass,Pass,N/A,Pass,Pass,N/A,Pass,Pass,Pass,Pass,Pass,Pass
693c8756a89906ce0fef7779,67e467ad6bd6407f4c60fb77,APPROVED,Not Applicable,2025-12-12T21:21:31.104000Z,2025-12-12T21:32:48.671000Z,2025-12-13T10:54:39.089000Z,2025-12-12T21:32:49.042859Z,678.0,CCPXUCJH,383,51,Female,White,Belgium,United States,United States,English,No,Unemployed (and job seeking),Pass,Pass,Pass,Pass,Pass,Pass,Pass,Pass,Pass,Pass,Pass,Pass,Pass,Pass,N/A,Pass,Pass,Pass
693c8846741f42bd3376b9a9,672ceecd4b982fd2123fa32f,APPROVED,Not Applicable,2025-12-12T21:25:26.731000Z,2025-12-12T21:44:42.179000Z,2025-12-13T10:54:39.468000Z,2025-12-12T21:44:42.579409Z,1156.0,CCPXUCJH,1489,37,Male,DATA_EXPIRED,United States,United States,United States,English,DATA_EXPIRED,DATA_EXPIRED,N/A,Pass,N/A,Pass,N/A,Pass,Pass,N/A,Pass,Pass,N/A,Pass,N/A,Pass,N/A,Pass,Pass,Pass
693c884785cb9a2f6f693d77,5f4ae7cb6b68b56c2acb12c8,APPROVED,Not Applicable,2025-12-12T21:25:31.691000Z,2025-12-12T21:39:36Z,2025-12-13T10:54:39.809000Z,2025-12-12T21:39:36.361179Z,845.0,CCPXUCJH,1646,45,Female,White,United States,United States,United States,English,No,Full-Time,Pass,Pass,Pass,Pass,Pass,Pass,Pass,Pass,Pass,Pass,Pass,Pass,Pass,Pass,Pass,Pass,Pass,Pass
693c888df0a8b880c575db97,674cca92742faa4642a6e9c7,APPROVED,Not Applicable,2025-12-12T21:26:43.789000Z,2025-12-12T21:41:12.262000Z,2025-12-13T10:54:40.159000Z,2025-12-12T21:41:12.608757Z,869.0,CCPXUCJH,1221,54,Female,White,United States,United States,United States,English,No,"Not in paid work (e.g. homemaker', 'retired or disabled)",N/A,Pass,N/A,Pass,Pass,Pass,Pass,Pass,Pass,N/A,Pass,Pass,N/A,Pass,N/A,Pass,Pass,N/A
693c89394ad0f16a937d4395,676c6d4ab88f95b3e9342f6f,APPROVED,Not Applicable,2025-12-12T21:29:38.492000Z,2025-12-12T21:39:37.813000Z,2025-12-13T10:54:40.529000Z,2025-12-12T21:39:38.165888Z,600.0,CCPXUCJH,753,66,Female,White,United States,United States,United States,English,No,Other,Pass,Pass,Pass,Pass,Pass,Pass,Pass,Pass,Pass,Pass,Pass,Pass,Pass,Pass,Pass,Pass,Pass,Pass
693c89d8cd99dbe6bceb6d74,67e0863f736da524dbe7ac66,APPROVED,Not Applicable,2025-12-12T21:32:08.198000Z,2025-12-12T21:49:22.310000Z,2025-12-13T10:54:40.898000Z,2025-12-12T21:49:22.662082Z,1035.0,CCPXUCJH,934,50,Male,Other,United States,United States,United States,English,DATA_EXPIRED,DATA_EXPIRED,N/A,N/A,N/A,Pass,Pass,Pass,N/A,Pass,Pass,Pass,Pass,Pass,Pass,Pass,N/A,Pass,Pass,Pass
693c8a44ef5ede04282ef089,6566391df297b5d5a039e4e5,APPROVED,Not Applicable,2025-12-12T21:34:01.771000Z,2025-12-12T21:47:04.723000Z,2025-12-13T10:54:41.308000Z,2025-12-12T21:47:05.056139Z,783.0,CCPXUCJH,1303,47,Female,Asian,Philippines,United States,United States,English,No,Other,N/A,Pass,N/A,Pass,N/A,N/A,Pass,N/A,Pass,Pass,Pass,Pass,Pass,Pass,N/A,Pass,Pass,Pass
693c8a4f8ea793ccc019ba39,673524b724aa3fd784892e49,APPROVED,Not Applicable,2025-12-12T21:34:11.522000Z,2025-12-12T21:47:22.890000Z,2025-12-13T10:54:41.657000Z,2025-12-12T21:47:23.232338Z,792.0,CCPXUCJH,959,58,Female,White,United States,United States,United States,English,No,Part-Time,N/A,Pass,Pass,Pass,Pass,Pass,Pass,Pass,Pass,Pass,Pass,Pass,N/A,Pass,N/A,Pass,Pass,Pass
693c8ab71617b5f511ab9067,6500a6309a82e5f2bda12731,APPROVED,Not Applicable,2025-12-12T21:35:54.554000Z,2025-12-12T21:45:28.283000Z,2025-12-13T10:54:42.011000Z,2025-12-12T21:45:28.637214Z,574.0,CCPXUCJH,466,30,Female,White,Slovenia,United States,Slovenia,Slovenian,No,Other,Pass,Pass,Pass,Pass,Pass,Pass,Pass,Pass,Pass,Pass,Pass,Pass,Pass,Pass,N/A,Pass,Pass,Pass
693c8ad4dc62ba4c8601dc99,678ab12125df34825c7aed6f,APPROVED,Not Applicable,2025-12-12T21:36:25.167000Z,2025-12-12T21:45:31.915000Z,2025-12-13T10:54:42.399000Z,2025-12-12T21:45:32.247300Z,547.0,CCPXUCJH,126,21,Female,White,United States,United States,United States,English,DATA_EXPIRED,Full-Time,Pass,Pass,Pass,N/A,N/A,Pass,Pass,Pass,Pass,Pass,Pass,Pass,Pass,Pass,N/A,Pass,Pass,Pass
693c8b9a0d3bf164670095e6,66956d856f7176e8bb907fcc,APPROVED,Not Applicable,2025-12-12T21:39:46.461000Z,2025-12-12T21:51:05.672000Z,2025-12-13T10:54:42.758000Z,2025-12-12T21:51:05.991499Z,680.0,CCPXUCJH,636,39,Male,White,United States,United States,United States,English,No,Full-Time,Pass,Pass,Pass,Pass,Pass,N/A,Pass,N/A,Pass,Pass,Pass,Pass,Pass,Pass,N/A,Pass,Pass,Pass
693c8bef8c87b06d678965ca,6644d7bf5f60f4789126db0d,APPROVED,Not Applicable,2025-12-12T21:41:09.295000Z,2025-12-12T21:51:53.294000Z,2025-12-13T10:54:43.122000Z,2025-12-12T21:51:53.637018Z,644.0,CCPXUCJH,110,36,Male,DATA_EXPIRED,United States,United States,United States,English,No,Part-Time,Pass,Pass,Pass,Pass,Pass,Pass,Pass,Pass,Pass,Pass,Pass,Pass,Pass,Pass,Pass,Pass,Pass,Pass
693c8bfc87caed3c587a6e08,691248ae869389d0f017a135,APPROVED,Not Applicable,2025-12-12T21:41:19.691000Z,2025-12-12T21:51:39.325000Z,2025-12-13T10:54:43.476000Z,2025-12-12T21:51:39.651564Z,620.0,CCPXUCJH,197,33,Female,White,United States,United States,DATA_EXPIRED,English,No,Full-Time,Pass,Pass,Pass,Pass,Pass,Pass,N/A,Pass,Pass,Pass,Pass,Pass,Pass,Pass,N/A,Pass,Pass,Pass
693c8c0af205e6fbd2ba1af0,6008bb26b4bbfe568fa29d80,APPROVED,Not Applicable,2025-12-12T21:41:35.709000Z,2025-12-12T21:54:35.109000Z,2025-12-13T10:54:43.831000Z,2025-12-12T21:54:35.468871Z,780.0,CCPXUCJH,704,27,Male,Asian,Philippines,United States,United States,English,No,Unemployed (and job seeking),N/A,N/A,N/A,N/A,N/A,N/A,N/A,N/A,N/A,N/A,N/A,N/A,N/A,N/A,N/A,N/A,N/A,N/A
693c8c121c138f131ae15be4,668335c061a6ee98717d3ffa,APPROVED,Not Applicable,2025-12-12T21:41:41.562000Z,2025-12-12T22:06:06.235000Z,2025-12-13T10:54:44.172000Z,2025-12-12T22:06:06.607329Z,1465.0,CCPXUCJH,1364,34,Male,Other,United States,United States,United States,Spanish,DATA_EXPIRED,Full-Time,Pass,Pass,Pass,Pass,Pass,Pass,Pass,Pass,Pass,Pass,Pass,Pass,Pass,Pass,N/A,Pass,Pass,Pass
693c8c593d09cf9a8605193f,5e31c4596ef37a1ab34f4454,APPROVED,Not Applicable,2025-12-12T21:42:53.151000Z,2025-12-12T21:52:49.831000Z,2025-12-13T10:54:44.502000Z,2025-12-12T21:52:50.163077Z,597.0,CCPXUCJH,1022,54,Female,White,United States,United States,United States,English,No,"Not in paid work (e.g. homemaker', 'retired or disabled)",N/A,Pass,Pass,Pass,Pass,Pass,Pass,Pass,Pass,Pass,Pass,Pass,Pass,Pass,N/A,Pass,Pass,Pass
693c8ca4549922787b494b15,66fe2b2e6b5cc7c51cb9760e,APPROVED,Not Applicable,2025-12-12T21:44:08.036000Z,2025-12-12T21:57:05.377000Z,2025-12-13T10:54:44.834000Z,2025-12-12T21:57:05.695707Z,778.0,CCPXUCJH,501,29,Female,White,United States,United States,United States,English,No,Part-Time,Pass,Pass,Pass,Pass,Pass,Pass,Pass,Pass,Pass,Pass,N/A,Pass,N/A,Pass,N/A,Pass,Pass,Pass
693c8d37b34e281345a3c815,60f1faa39def9e1f15734734,APPROVED,Not Applicable,2025-12-12T21:46:34.246000Z,2025-12-12T21:57:12.799000Z,2025-12-13T10:54:45.188000Z,2025-12-12T21:57:13.160552Z,639.0,CCPXUCJH,1611,26,Male,White,United States,United States,United States,English,No,Unemployed (and job seeking),Pass,Pass,N/A,Pass,Pass,Pass,Pass,N/A,Pass,Pass,Pass,Pass,Pass,Pass,N/A,Pass,Pass,Pass
693c8d6606ffd41b28354646,66dad383980bc872c801ed55,APPROVED,Not Applicable,2025-12-12T21:47:22.915000Z,2025-12-12T22:02:04.243000Z,2025-12-13T10:54:45.724000Z,2025-12-12T22:02:04.632432Z,882.0,CCPXUCJH,409,54,Female,White,Germany,United States,United States,English,No,Part-Time,Pass,Pass,Pass,Pass,Pass,Pass,Pass,Pass,Pass,Pass,N/A,N/A,Pass,Pass,N/A,Pass,Pass,Pass
693c8e2a1dd68eb089c866d9,660c77dde93bf0750a18a235,APPROVED,Not Applicable,2025-12-12T21:50:46.169000Z,2025-12-12T22:03:55.662000Z,2025-12-13T10:54:46.052000Z,2025-12-12T22:03:55.988661Z,790.0,CCPXUCJH,1800,56,Male,White,United States,United States,United States,English,DATA_EXPIRED,DATA_EXPIRED,Pass,Pass,Pass,Pass,Pass,Pass,Pass,Pass,Pass,Pass,Pass,Pass,Pass,Pass,N/A,Pass,Pass,Pass
693c8e312b645a31b86caee5,677c01af998cc4cb005028ad,APPROVED,Not Applicable,2025-12-12T21:50:49.249000Z,2025-12-12T22:03:35.779000Z,2025-12-13T10:54:46.407000Z,2025-12-12T22:03:36.324484Z,767.0,CCPXUCJH,612,52,Female,White,United States,United States,United States,English,No,"Not in paid work (e.g. homemaker', 'retired or disabled)",Pass,Pass,N/A,Pass,Pass,N/A,N/A,N/A,Pass,Pass,Pass,Pass,Pass,Pass,N/A,Pass,Pass,Pass
693c8facd578bff29f66946b,6696fd1fb46668008566a9bd,APPROVED,Not Applicable,2025-12-12T21:57:06.014000Z,2025-12-12T22:12:31.854000Z,2025-12-13T10:54:46.768000Z,2025-12-12T22:12:32.223274Z,926.0,CCPXUCJH,1371,34,Male,White,United States,United States,United States,English,DATA_EXPIRED,DATA_EXPIRED,Pass,Pass,Pass,Pass,Pass,Pass,Pass,Pass,Pass,Pass,Pass,Pass,Pass,Pass,N/A,Pass,Pass,Pass
693c8fb87d511f7499e2b3e4,6744d43e7b1bcfda7d89f402,APPROVED,Not Applicable,2025-12-12T21:57:16.667000Z,2025-12-12T22:10:44.314000Z,2025-12-13T10:54:47.127000Z,2025-12-12T22:10:44.645279Z,808.0,CCPXUCJH,922,27,Female,White,United States,United States,United States,English,No,Full-Time,Pass,Pass,Pass,Pass,Pass,Pass,Pass,Pass,Pass,Pass,Pass,Pass,Pass,Pass,N/A,Pass,Pass,Pass
693c9088dbab49e62fa42abf,6115116af136776366f387f1,APPROVED,Not Applicable,2025-12-12T22:00:46.844000Z,2025-12-12T22:22:57.815000Z,2025-12-13T10:54:47.459000Z,2025-12-12T22:22:58.215949Z,1331.0,CCPXUCJH,204,28,Female,White,United States,United States,United States,English,No,Full-Time,Pass,Pass,Pass,Pass,N/A,Pass,Pass,N/A,Pass,Pass,Pass,Pass,Pass,Pass,N/A,Pass,Pass,Pass
693c90b523877ba409587242,654a8c7f29438b574d5b9fee,APPROVED,Not Applicable,2025-12-12T22:01:25.884000Z,2025-12-12T22:10:01.132000Z,2025-12-13T10:54:48.833000Z,2025-12-12T22:10:01.519587Z,516.0,CCPXUCJH,1621,45,Female,White,United States,United States,United States,English,No,Full-Time,Pass,Pass,Pass,Pass,Pass,Pass,Pass,Pass,Pass,Pass,Pass,Pass,Pass,Pass,N/A,Pass,Pass,Pass
693c91dcb17f7b28b49a889a,611dd070c87e8eef203770d9,APPROVED,Not Applicable,2025-12-12T22:07:46.704000Z,2025-12-12T22:20:23.579000Z,2025-12-13T10:54:49.200000Z,2025-12-12T22:20:24.715124Z,757.0,CCPXUCJH,1604,48,Male,White,United States,United States,United States,English,DATA_EXPIRED,DATA_EXPIRED,N/A,Pass,Pass,Pass,Pass,Pass,Pass,Pass,Pass,Pass,N/A,Pass,Pass,Pass,Pass,Pass,Pass,Pass
693c920273a7111ab31ad1cc,6774ba2b35bfe170ef2d7c87,APPROVED,Not Applicable,2025-12-12T22:07:05.194000Z,2025-12-12T22:17:59.018000Z,2025-12-13T10:54:49.547000Z,2025-12-12T22:17:59.355998Z,654.0,CCPXUCJH,1708,34,Female,White,United States,United States,United States,English,DATA_EXPIRED,DATA_EXPIRED,N/A,Pass,N/A,Pass,N/A,Pass,Pass,N/A,Pass,Pass,Pass,Pass,N/A,N/A,N/A,N/A,Pass,Pass
693c92448e88d4e496f996e7,66b2499852ad11f580d4d546,APPROVED,Not Applicable,2025-12-12T22:08:09.414000Z,2025-12-12T22:19:16.504000Z,2025-12-13T10:54:49.904000Z,2025-12-12T22:19:16.838129Z,668.0,CCPXUCJH,1165,42,Female,White,United States,United States,United States,English,No,Full-Time,Pass,Pass,Pass,Pass,Pass,Pass,Pass,Pass,Pass,Pass,Pass,Pass,Pass,Pass,Pass,Pass,Pass,Pass
693c928467f2ecc2dd01dda0,66ba819cd72c840e39108978,APPROVED,Not Applicable,2025-12-12T22:16:04.149000Z,2025-12-12T22:41:01.224000Z,2025-12-13T10:54:50.225000Z,2025-12-12T22:41:01.617741Z,1498.0,CCPXUCJH,1637,47,Male,White,United States,United States,United States,English,DATA_EXPIRED,DATA_EXPIRED,Pass,Pass,N/A,Pass,N/A,Pass,Pass,N/A,Pass,Pass,Pass,Pass,N/A,Pass,N/A,Pass,Pass,Pass
693c9293b8c5c50e888db9c7,6726f38cd14d8ba8644f2bcf,APPROVED,Not Applicable,2025-12-12T22:09:30.364000Z,2025-12-12T22:28:14.594000Z,2025-12-13T10:54:50.574000Z,2025-12-12T22:28:14.961453Z,1125.0,CCPXUCJH,1929,48,Female,White,United States,United States,United States,English,DATA_EXPIRED,DATA_EXPIRED,Pass,Pass,Pass,Pass,Pass,Pass,Pass,Pass,Pass,N/A,Pass,Pass,Pass,Pass,N/A,Pass,Pass,Pass
693c92b0ddf91bcf6bef77b5,67a9db9b102662b0c9bb12fa,APPROVED,Not Applicable,2025-12-12T22:10:00.732000Z,2025-12-12T22:22:28.558000Z,2025-12-13T10:54:50.942000Z,2025-12-12T22:22:28.886301Z,748.0,CCPXUCJH,1876,58,Male,White,United States,United States,United States,English,DATA_EXPIRED,Full-Time,Pass,Pass,Pass,Pass,Pass,Pass,Pass,Pass,Pass,Pass,Pass,Pass,Pass,Pass,N/A,Pass,Pass,Pass
693c93068f1c50f06a27b825,5d618a9955fc54000164673f,APPROVED,Not Applicable,2025-12-12T22:11:24.079000Z,2025-12-12T22:22:03.325000Z,2025-12-13T10:54:51.298000Z,2025-12-12T22:22:03.687231Z,640.0,CCPXUCJH,1311,50,Male,White,United States,United States,United States,English,No,Full-Time,Pass,Pass,Pass,Pass,Pass,Pass,Pass,Pass,Pass,Pass,Pass,Pass,Pass,Pass,N/A,Pass,Pass,Pass
693c934e939fd2f9ae1e9148,666601cef955d69a64aa5e8f,APPROVED,Not Applicable,2025-12-12T22:12:35.172000Z,2025-12-12T22:24:30.695000Z,2025-12-13T10:54:51.619000Z,2025-12-12T22:24:31.019110Z,716.0,CCPXUCJH,513,38,Female,Asian,India,United States,India,Tamil,No,Unemployed (and job seeking),Pass,Pass,N/A,Pass,Pass,Pass,Pass,Pass,Pass,Pass,Pass,Pass,N/A,Pass,N/A,Pass,Pass,Pass
693c93885d2f83222f27bca7,66661be09338a8410ddd5d02,APPROVED,Not Applicable,2025-12-12T22:13:33.021000Z,2025-12-12T22:26:07.275000Z,2025-12-13T10:54:51.945000Z,2025-12-12T22:26:07.630000Z,755.0,CCPXUCJH,277,32,Female,White,United States,United States,United States,English,No,DATA_EXPIRED,Pass,Pass,N/A,Pass,Pass,Pass,Pass,N/A,Pass,Pass,Pass,Pass,N/A,Pass,N/A,Pass,Pass,Pass
693c939e8c3ea4e9f76add4c,6685ac588e11bf25e72e6a07,APPROVED,Not Applicable,2025-12-12T22:13:55.064000Z,2025-12-12T22:30:18.726000Z,2025-12-13T10:54:52.296000Z,2025-12-12T22:30:19.071296Z,984.0,CCPXUCJH,157,23,Female,White,United States,United States,United States,English,DATA_EXPIRED,DATA_EXPIRED,N/A,Pass,N/A,Pass,Pass,Pass,Pass,N/A,Pass,Pass,Pass,Pass,Pass,Pass,N/A,Pass,Pass,N/A
693c93a7b242bbfd435c9fe6,661c5ee0d0e14a2e13e40374,APPROVED,Not Applicable,2025-12-12T22:14:16.657000Z,2025-12-12T22:29:14.809000Z,2025-12-13T10:54:52.630000Z,2025-12-12T22:29:15.146249Z,899.0,CCPXUCJH,1337,35,Female,Other,Mexico,United States,United States,Spanish,DATA_EXPIRED,DATA_EXPIRED,Pass,Pass,Pass,Pass,Pass,Pass,Pass,Pass,Pass,Pass,Pass,Pass,Pass,Pass,N/A,Pass,Pass,Pass
693c93cdabb5150d6d7a715b,63ff42f43ac64246de575895,APPROVED,Not Applicable,2025-12-12T22:14:43.420000Z,2025-12-12T22:26:33.152000Z,2025-12-13T10:54:52.971000Z,2025-12-12T22:26:33.490787Z,710.0,CCPXUCJH,749,48,Female,White,United States,United States,United States,English,No,Unemployed (and job seeking),N/A,Pass,N/A,Pass,Pass,N/A,Pass,N/A,Pass,Pass,Pass,Pass,Pass,Pass,N/A,N/A,Pass,Pass
693c94009b6c2b781438f663,62829edce9ca74f3938f3cc9,APPROVED,Not Applicable,2025-12-12T22:15:32.086000Z,2025-12-12T22:26:11.291000Z,2025-12-13T10:54:53.301000Z,2025-12-12T22:26:11.633954Z,640.0,CCPXUCJH,1536,33,Female,White,United States,United States,United States,English,No,"Not in paid work (e.g. homemaker', 'retired or disabled)",Pass,Pass,N/A,Pass,Pass,Pass,Pass,N/A,Pass,Pass,Pass,Pass,N/A,Pass,N/A,Pass,Pass,Pass
693c9410b035fe69b6c6ba20,6716966a7bd8ab08201a752b,APPROVED,Not Applicable,2025-12-12T22:15:49.507000Z,2025-12-12T22:27:40.207000Z,2025-12-13T10:54:53.706000Z,2025-12-12T22:27:40.547912Z,711.0,CCPXUCJH,1125,46,Female,White,United States,United States,United States,English,No,Other,Pass,Pass,Pass,Pass,Pass,Pass,Pass,Pass,Pass,Pass,Pass,Pass,N/A,Pass,N/A,Pass,Pass,Pass
693c94275bd7e61cce896821,691cc00ec7079e22e626ebbe,APPROVED,Not Applicable,2025-12-12T22:16:12.908000Z,2025-12-12T22:26:03.053000Z,2025-12-13T10:54:54.041000Z,2025-12-12T22:26:03.388620Z,591.0,CCPXUCJH,64,26,Male,Mixed,United States,United States,DATA_EXPIRED,English,No,Unemployed (and job seeking),Pass,Pass,Pass,Pass,Pass,Pass,Pass,Pass,Pass,Pass,Pass,Pass,Pass,Pass,N/A,Pass,Pass,Pass
693c94e77fc435d78cac405f,664d46ad7cc1780eecfd0c24,APPROVED,Not Applicable,2025-12-12T22:19:23.556000Z,2025-12-12T22:28:47.759000Z,2025-12-13T10:54:54.380000Z,2025-12-12T22:28:48.122469Z,565.0,CCPXUCJH,1716,26,Male,Other,Mexico,United States,Mexico,Spanish,No,Full-Time,Pass,Pass,Pass,Pass,Pass,Pass,N/A,Pass,Pass,Pass,Pass,Pass,Pass,Pass,N/A,Pass,Pass,Pass
693c95074cce01ca7621b967,664b556302986cf5ccd650f4,APPROVED,Not Applicable,2025-12-12T22:19:55.774000Z,2025-12-12T22:31:15.991000Z,2025-12-13T10:54:54.823000Z,2025-12-12T22:31:16.624548Z,681.0,CCPXUCJH,622,28,Male,Asian,United States,United States,United States,English,No,Full-Time,Pass,Pass,Pass,Pass,Pass,Pass,Pass,Pass,Pass,Pass,Pass,Pass,Pass,Pass,N/A,Pass,Pass,Pass
693c957298378b3fd7a421bd,66e190148f9148e423a22d87,APPROVED,Not Applicable,2025-12-12T22:21:48.151000Z,2025-12-12T22:35:54.844000Z,2025-12-13T10:54:55.144000Z,2025-12-12T22:35:55.188523Z,847.0,CCPXUCJH,316,42,Female,White,United States,United States,United States,English,No,Full-Time,N/A,Pass,N/A,Pass,Pass,N/A,Pass,N/A,Pass,N/A,N/A,Pass,N/A,Pass,N/A,Pass,N/A,N/A
693c95b0d2e592758081ea70,60015f803919e70009ef8dc5,APPROVED,Not Applicable,2025-12-12T22:22:44.446000Z,2025-12-12T22:30:07.665000Z,2025-12-13T10:54:55.468000Z,2025-12-12T22:30:07.999063Z,444.0,CCPXUCJH,944,30,Male,White,United States,United States,United States,English,No,Unemployed (and job seeking),Pass,Pass,Pass,Pass,Pass,Pass,Pass,Pass,Pass,Pass,Pass,Pass,Pass,Pass,N/A,Pass,Pass,Pass
693c95fc8c061ef3d5d552ee,6583287e9845b219549fb80b,APPROVED,Not Applicable,2025-12-12T22:24:01.913000Z,2025-12-12T22:39:06.849000Z,2025-12-13T10:54:55.782000Z,2025-12-12T22:39:07.217751Z,905.0,CCPXUCJH,1815,70,Male,Asian,United States,United States,United States,English,DATA_EXPIRED,DATA_EXPIRED,Pass,Pass,Pass,Pass,Pass,N/A,Pass,Pass,Pass,Pass,Pass,Pass,Pass,Pass,N/A,Pass,Pass,Pass
693c960fd325037f04a3c903,66465d688e90512d006edc84,APPROVED,Not Applicable,2025-12-12T22:24:20.648000Z,2025-12-12T22:37:38.491000Z,2025-12-13T10:54:56.111000Z,2025-12-12T22:37:38.837440Z,798.0,CCPXUCJH,526,31,Female,White,United States,United States,United States,English,No,"Not in paid work (e.g. homemaker', 'retired or disabled)",Pass,Pass,N/A,Pass,Pass,Pass,Pass,Pass,Pass,N/A,Pass,Pass,N/A,Pass,N/A,Pass,Pass,Pass
693c963d7377b084c6d34261,5bacc09b709f60000104352f,APPROVED,Not Applicable,2025-12-12T22:25:04.584000Z,2025-12-12T22:33:55.728000Z,2025-12-13T10:54:56.438000Z,2025-12-12T22:33:56.085916Z,532.0,CCPXUCJH,438,30,Male,Other,Mexico,United States,Mexico,Spanish,No,Full-Time,Pass,Pass,Pass,Pass,Pass,Pass,Pass,Pass,Pass,Pass,Pass,Pass,Pass,Pass,N/A,Pass,Pass,Pass
693c9707573516aa7adaeda1,67577f7256966a1682182626,APPROVED,Not Applicable,2025-12-12T22:33:27.238000Z,2025-12-12T22:51:15.146000Z,2025-12-13T10:54:56.777000Z,2025-12-12T22:51:15.476515Z,1068.0,CCPXUCJH,618,60,Female,Black,United States,United States,United States,English,No,Part-Time,Pass,Pass,N/A,Pass,N/A,Pass,N/A,Pass,Pass,Pass,Pass,Pass,Pass,Pass,N/A,Pass,Pass,Pass
693c9727742a7313d5458f5c,660cdcff6d4bcd542a22f24e,APPROVED,Not Applicable,2025-12-12T22:29:09.756000Z,2025-12-12T22:39:56.146000Z,2025-12-13T10:54:57.123000Z,2025-12-12T22:39:56.492719Z,647.0,CCPXUCJH,1346,32,Male,White,United States,United States,United States,English,DATA_EXPIRED,DATA_EXPIRED,Pass,Pass,Pass,Pass,Pass,Pass,Pass,N/A,Pass,Pass,Pass,Pass,Pass,Pass,N/A,Pass,Pass,Pass
693c982403f98791d7ada812,654a5d641901737cf9ddc7dc,APPROVED,Not Applicable,2025-12-12T22:33:13.800000Z,2025-12-12T22:51:18.453000Z,2025-12-13T10:54:57.440000Z,2025-12-12T22:51:18.795439Z,1085.0,CCPXUCJH,1513,35,Female,Mixed,United States,United States,United States,English,DATA_EXPIRED,Other,Pass,Pass,Pass,Pass,Pass,Pass,Pass,Pass,Pass,Pass,Pass,Pass,Pass,Pass,N/A,Pass,Pass,Pass
693c98c525d638d18e7a78cc,6697f5425b965a8e85012f54,APPROVED,Not Applicable,2025-12-12T22:35:53.279000Z,2025-12-12T22:49:24.957000Z,2025-12-13T10:54:57.747000Z,2025-12-12T22:49:25.295276Z,812.0,CCPXUCJH,1591,50,Male,White,United States,United States,United States,English,No,Full-Time,Pass,Pass,Pass,Pass,Pass,Pass,Pass,Pass,Pass,Pass,Pass,Pass,Pass,Pass,N/A,Pass,Pass,Pass
693c98edeb1297c6bac71e48,6679d012158715ae2d03a3f7,APPROVED,Not Applicable,2025-12-12T22:36:34.078000Z,2025-12-12T22:51:15.677000Z,2025-12-13T10:54:58.083000Z,2025-12-12T22:51:16.019316Z,882.0,CCPXUCJH,1624,80,Female,White,United States,United States,United States,English,No,"Not in paid work (e.g. homemaker', 'retired or disabled)",Pass,Pass,Pass,Pass,Pass,Pass,Pass,Pass,Pass,Pass,Pass,Pass,Pass,Pass,Pass,Pass,Pass,Pass
693c9905bf9e0935bfa25024,5ff7ee108c6cb45141fe8c61,APPROVED,Not Applicable,2025-12-12T22:36:57.226000Z,2025-12-12T22:48:11.122000Z,2025-12-13T10:54:58.394000Z,2025-12-12T22:48:11.465051Z,674.0,CCPXUCJH,1233,49,Female,White,Canada,United States,United States,English,Yes,Part-Time,Pass,Pass,Pass,Pass,Pass,Pass,Pass,Pass,Pass,Pass,Pass,Pass,Pass,Pass,N/A,Pass,Pass,Pass
693c992b6055c82293f75cc9,66d9edfb2b46f520118ea289,APPROVED,Not Applicable,2025-12-12T22:37:38.994000Z,2025-12-12T22:49:59.153000Z,2025-12-13T10:54:58.692000Z,2025-12-12T22:49:59.485782Z,741.0,CCPXUCJH,1620,46,Female,White,United States,United States,United States,English,DATA_EXPIRED,DATA_EXPIRED,Pass,Pass,N/A,Pass,Pass,Pass,Pass,N/A,Pass,Pass,Pass,Pass,N/A,Pass,N/A,Pass,Pass,Pass
693c994b2300ec6765bbec1b,6580563ab7a54f1d93ec09f3,APPROVED,Not Applicable,2025-12-12T22:38:08.824000Z,2025-12-12T23:00:16.100000Z,2025-12-13T10:54:59.019000Z,2025-12-12T23:00:16.467700Z,1328.0,CCPXUCJH,1112,33,Female,Mixed,United States,United States,United States,English,DATA_EXPIRED,DATA_EXPIRED,Pass,Pass,Pass,Pass,Pass,N/A,Pass,Pass,Pass,N/A,Pass,Pass,N/A,Pass,Pass,N/A,Pass,Pass
693c999202475e48634cb8fb,66294cab168fcf0983e95f42,APPROVED,Not Applicable,2025-12-12T22:39:17.750000Z,2025-12-12T22:51:50.846000Z,2025-12-13T10:54:59.342000Z,2025-12-12T22:51:51.194810Z,754.0,CCPXUCJH,1080,56,Female,White,United States,United States,United States,English,No,"Not in paid work (e.g. homemaker', 'retired or disabled)",Pass,Pass,Pass,Pass,Pass,Pass,Pass,Pass,Pass,Pass,Pass,Pass,Pass,Pass,N/A,Pass,Pass,Pass
693c9a2d22578e5b82a026f7,5e3360a4499e7932901951cb,APPROVED,Not Applicable,2025-12-12T22:41:54.202000Z,2025-12-12T22:51:42.816000Z,2025-12-13T10:54:59.663000Z,2025-12-12T22:51:43.172340Z,589.0,CCPXUCJH,1075,39,Male,White,United States,United States,United States,English,No,"Not in paid work (e.g. homemaker', 'retired or disabled)",Pass,Pass,Pass,Pass,Pass,Pass,Pass,Pass,Pass,Pass,Pass,Pass,Pass,Pass,N/A,Pass,Pass,Pass
693c9ab5b7f37fa6e3b54821,68852bb3841485125559a020,APPROVED,Not Applicable,2025-12-12T22:44:18.292000Z,2025-12-12T23:03:15.295000Z,2025-12-13T10:54:59.996000Z,2025-12-12T23:03:15.650210Z,1138.0,CCPXUCJH,1518,28,Male,Black,United States,United States,United States,English,Yes,Part-Time,Pass,Pass,Pass,Pass,Pass,Pass,Pass,Pass,Pass,Pass,Pass,Pass,N/A,Pass,N/A,Pass,Pass,Pass
693c9b0df81ad18085b66b09,66c49506c24e39d11f5d89fc,APPROVED,Not Applicable,2025-12-12T22:45:37.279000Z,2025-12-12T22:55:53.530000Z,2025-12-13T10:55:00.335000Z,2025-12-12T22:55:53.878964Z,617.0,CCPXUCJH,1756,38,Female,White,United States,United States,United States,English,No,Full-Time,Pass,Pass,Pass,Pass,Pass,Pass,Pass,N/A,Pass,Pass,Pass,Pass,Pass,Pass,N/A,Pass,Pass,Pass
693c9b9aa634b66245df983d,6638068d9ab49383d1fe00ae,APPROVED,Not Applicable,2025-12-12T22:48:01.716000Z,2025-12-12T23:06:54.250000Z,2025-12-13T10:55:00.663000Z,2025-12-12T23:06:54.589416Z,1133.0,CCPXUCJH,1969,42,Female,Black,United States,United States,United States,English,No,Other,Pass,Pass,N/A,Pass,Pass,Pass,Pass,Pass,Pass,Pass,Pass,Pass,Pass,Pass,N/A,Pass,Pass,Pass
693c9ba4812a1941d97b9e2d,6568ead5dfb561c3ba7850a4,APPROVED,Not Applicable,2025-12-12T22:48:08.878000Z,2025-12-12T22:57:27.233000Z,2025-12-13T10:55:00.995000Z,2025-12-12T22:57:27.579592Z,559.0,CCPXUCJH,1694,45,Female,White,United States,United States,United States,English,No,Full-Time,Pass,Pass,Pass,Pass,Pass,Pass,Pass,Pass,Pass,Pass,Pass,Pass,Pass,Pass,N/A,Pass,Pass,Pass
693c9bb6f205e6fbd2ba1c2d,655fdd950e4ff12b601483a6,APPROVED,Not Applicable,2025-12-12T22:48:27.604000Z,2025-12-12T22:56:41.239000Z,2025-12-13T10:55:01.332000Z,2025-12-12T22:56:41.572810Z,494.0,CCPXUCJH,1372,31,Female,Asian,Taiwan,United States,United States,English,DATA_EXPIRED,DATA_EXPIRED,Pass,Pass,Pass,Pass,Pass,Pass,Pass,Pass,Pass,Pass,Pass,Pass,Pass,Pass,N/A,Pass,Pass,Pass
693c9bc245971c6cf9b745e0,571178ec3d47e80011635b88,APPROVED,Not Applicable,2025-12-12T22:48:44.312000Z,2025-12-12T22:56:34.694000Z,2025-12-13T10:55:01.668000Z,2025-12-12T22:56:35.052320Z,471.0,CCPXUCJH,1942,61,Male,White,United States,United States,United States,English,No,Full-Time,Pass,Pass,Pass,Pass,Pass,Pass,Pass,Pass,Pass,Pass,Pass,Pass,Pass,Pass,N/A,Pass,Pass,Pass
693c9c2925b39cd9f09684d3,6754246c81ce61cb6ffe887f,APPROVED,Not Applicable,2025-12-12T22:50:24.593000Z,2025-12-12T23:11:28.440000Z,2025-12-13T10:55:01.996000Z,2025-12-12T23:11:28.780757Z,1264.0,CCPXUCJH,995,45,Female,White,United States,United States,United States,English,DATA_EXPIRED,DATA_EXPIRED,Pass,Pass,Pass,Pass,Pass,Pass,N/A,N/A,Pass,Pass,Pass,Pass,Pass,Pass,N/A,Pass,Pass,Pass
693c9ccb28f20d01a6303b05,671ebf7776922e1fe2259938,APPROVED,Not Applicable,2025-12-12T22:53:03.396000Z,2025-12-12T23:04:27.653000Z,2025-12-13T10:55:02.339000Z,2025-12-12T23:04:27.990626Z,685.0,CCPXUCJH,1144,42,Female,White,United States,United States,United States,English,No,Full-Time,Pass,Pass,Pass,Pass,Pass,Pass,Pass,Pass,Pass,Pass,Pass,Pass,Pass,Pass,N/A,Pass,Pass,Pass
693c9d5520cf9794f504b9b5,67352889b3b5e7bc6bb4981b,APPROVED,Not Applicable,2025-12-12T22:55:37.909000Z,2025-12-12T23:14:03.410000Z,2025-12-13T10:55:02.661000Z,2025-12-12T23:14:03.748016Z,1106.0,CCPXUCJH,1528,83,Male,White,United States,United States,United States,English,No,"Not in paid work (e.g. homemaker', 'retired or disabled)",N/A,Pass,N/A,Pass,Pass,Pass,Pass,N/A,Pass,Pass,N/A,Pass,N/A,Pass,Pass,Pass,Pass,N/A
693c9d5e1ef4637c069eaa5b,63e56525a8fb39289dbe8f26,APPROVED,Not Applicable,2025-12-12T22:55:29.836000Z,2025-12-12T23:07:51.358000Z,2025-12-13T10:55:02.974000Z,2025-12-12T23:07:51.797251Z,742.0,CCPXUCJH,1953,38,Male,White,United States,United States,United States,English,DATA_EXPIRED,DATA_EXPIRED,Pass,Pass,Pass,Pass,Pass,Pass,Pass,Pass,Pass,Pass,Pass,Pass,Pass,Pass,Pass,Pass,Pass,Pass
693c9d642b9a7bb62e30550e,671a49f097ed9a0a68519d16,APPROVED,Not Applicable,2025-12-12T23:01:24.109000Z,2025-12-12T23:14:18.275000Z,2025-12-13T10:55:03.893000Z,2025-12-12T23:14:18.612971Z,775.0,CCPXUCJH,2000,46,Female,Black,United States,United States,United States,English,No,Unemployed (and job seeking),Pass,Pass,Pass,Pass,Pass,Pass,Pass,Pass,Pass,Pass,Pass,Pass,Pass,Pass,N/A,Pass,Pass,Pass
693c9dc420b324d461b29de1,691752dae4acdec500565976,APPROVED,Not Applicable,2025-12-12T22:57:14.967000Z,2025-12-12T23:12:34.431000Z,2025-12-13T10:55:04.235000Z,2025-12-12T23:12:34.771058Z,920.0,CCPXUCJH,304,47,Male,White,United States,United States,United States,English,No,"Not in paid work (e.g. homemaker', 'retired or disabled)",N/A,Pass,Pass,Pass,N/A,Pass,Pass,N/A,Pass,Pass,Pass,Pass,N/A,Pass,N/A,Pass,Pass,Pass
693c9de5f3cec6b261e5e633,669d46e4f0740074dc39e491,APPROVED,Not Applicable,2025-12-12T22:57:46.057000Z,2025-12-12T23:09:26.859000Z,2025-12-13T10:55:04.571000Z,2025-12-12T23:09:27.275683Z,701.0,CCPXUCJH,1188,51,Female,White,United States,United States,United States,English,No,Full-Time,N/A,N/A,N/A,Pass,N/A,N/A,N/A,N/A,Pass,Pass,Pass,N/A,N/A,Pass,N/A,Pass,Pass,N/A
693c9e98f939cd253aec6ad6,67206083e8af4cf14439ac21,APPROVED,Not Applicable,2025-12-12T23:01:39.277000Z,2025-12-12T23:11:43.812000Z,2025-12-13T10:55:04.908000Z,2025-12-12T23:11:44.160761Z,605.0,CCPXUCJH,1666,35,Male,Other,United States,United States,United States,Spanish,No,Full-Time,Pass,N/A,Pass,Pass,Pass,Pass,Pass,Pass,Pass,Pass,Pass,Pass,Pass,Pass,N/A,Pass,Pass,Pass
693c9e9ae3d901a9ded3e66b,6632c5d854799acad3f37450,APPROVED,Not Applicable,2025-12-12T23:00:47.602000Z,2025-12-12T23:10:50.002000Z,2025-12-13T10:55:05.263000Z,2025-12-12T23:10:50.375975Z,603.0,CCPXUCJH,1571,54,Male,White,United Kingdom,United States,United Kingdom,English,No,Full-Time,Pass,Pass,Pass,Pass,Pass,Pass,Pass,Pass,Pass,Pass,Pass,Pass,N/A,Pass,N/A,Pass,Pass,Pass
693c9ee3e6c00642bd87b8c2,5e6687c2666c4a40886ebc43,APPROVED,Not Applicable,2025-12-12T23:02:08.816000Z,2025-12-12T23:18:53.762000Z,2025-12-13T10:55:05.598000Z,2025-12-12T23:18:54.092919Z,1005.0,CCPXUCJH,844,51,Female,White,United States,United States,United States,English,Yes,Full-Time,N/A,Pass,Pass,Pass,Pass,Pass,Pass,N/A,Pass,Pass,N/A,Pass,Pass,Pass,Pass,Pass,Pass,Pass
693c9f0c306a15918bac9467,5ff238852178d171f9c973b7,APPROVED,Not Applicable,2025-12-12T23:03:31.096000Z,2025-12-12T23:18:38.833000Z,2025-12-13T10:55:05.896000Z,2025-12-12T23:18:39.335487Z,908.0,CCPXUCJH,255,28,DATA_EXPIRED,Asian,United States,United States,United States,DATA_EXPIRED,DATA_EXPIRED,DATA_EXPIRED,Pass,Pass,Pass,Pass,Pass,Pass,Pass,Pass,Pass,Pass,Pass,Pass,Pass,Pass,Pass,Pass,Pass,Pass
693c9f11ad37b614531f0027,67ca78ca7413c0e71f97c9ba,APPROVED,Not Applicable,2025-12-12T23:02:46.077000Z,2025-12-12T23:11:34.858000Z,2025-12-13T10:55:06.750000Z,2025-12-12T23:11:35.210417Z,529.0,CCPXUCJH,1592,34,Male,Other,United States,United States,United States,English,No,Full-Time,Pass,Pass,Pass,Pass,Pass,Pass,Pass,Pass,Pass,Pass,Pass,Pass,Pass,Pass,N/A,Pass,Pass,Pass
693c9f5bf6dbda564f0e9ee6,664d3306a354afdb587d4550,APPROVED,Not Applicable,2025-12-12T23:03:58.255000Z,2025-12-12T23:11:07.133000Z,2025-12-13T10:55:07.073000Z,2025-12-12T23:11:07.495073Z,429.0,CCPXUCJH,1645,58,Female,White,United States,United States,United States,English,DATA_EXPIRED,DATA_EXPIRED,Pass,Pass,Pass,Pass,Pass,Pass,Pass,Pass,Pass,Pass,Pass,Pass,Pass,Pass,N/A,Pass,Pass,Pass
693c9f941da14fd640398046,670d2af9c00f086b201e9f70,APPROVED,Not Applicable,2025-12-12T23:04:57.580000Z,2025-12-12T23:22:36.375000Z,2025-12-13T10:55:07.393000Z,2025-12-12T23:22:36.731391Z,1059.0,CCPXUCJH,1953,65,Female,White,United States,United States,United States,English,No,Part-Time,N/A,Pass,N/A,Pass,N/A,Pass,Pass,N/A,Pass,N/A,N/A,N/A,N/A,Pass,Pass,Pass,Pass,Pass
693c9faf34883d53def81617,661067b66f034aab3e964215,APPROVED,Not Applicable,2025-12-12T23:05:23.680000Z,2025-12-12T23:34:36.166000Z,2025-12-13T10:55:07.706000Z,2025-12-12T23:34:36.498020Z,1753.0,CCPXUCJH,1602,50,Female,Other,United States,United States,United States,English,No,"Not in paid work (e.g. homemaker', 'retired or disabled)",N/A,Pass,N/A,Pass,N/A,N/A,N/A,N/A,Pass,Pass,Pass,N/A,N/A,Pass,N/A,Pass,Pass,N/A
693ca08d0f44cb4ad453b7bb,66520f31e4b5df0b6b365ed3,APPROVED,Not Applicable,2025-12-12T23:09:05.657000Z,2025-12-12T23:26:41.832000Z,2025-12-13T10:55:08.030000Z,2025-12-12T23:26:42.341244Z,1057.0,CCPXUCJH,1551,48,Female,Asian,United States,United States,United States,English,No,Full-Time,N/A,Pass,N/A,Pass,Pass,Pass,Pass,N/A,Pass,N/A,N/A,N/A,N/A,Pass,N/A,Pass,Pass,Pass
693ca0e11d41305e9e284aea,676edb8ebfddac82b8e23c49,APPROVED,Not Applicable,2025-12-12T23:10:29.399000Z,2025-12-12T23:21:08.684000Z,2025-12-13T10:55:08.345000Z,2025-12-12T23:21:09.029908Z,640.0,CCPXUCJH,1320,30,Female,White,United States,United States,United States,English,No,Part-Time,Pass,Pass,Pass,Pass,N/A,Pass,Pass,Pass,Pass,Pass,Pass,Pass,Pass,Pass,N/A,Pass,Pass,Pass
693ca1220b7db9ca467c4cdb,65763705270241e5da3da60c,APPROVED,Not Applicable,2025-12-12T23:11:35.660000Z,2025-12-12T23:25:46.232000Z,2025-12-13T10:55:08.668000Z,2025-12-12T23:25:46.600400Z,851.0,CCPXUCJH,1943,42,Female,White,United States,United States,United States,English,No,Part-Time,Pass,Pass,Pass,N/A,Pass,Pass,Pass,Pass,Pass,Pass,Pass,N/A,Pass,Pass,Pass,Pass,Pass,Pass
693ca157acf5c87b5339ccb7,5e1ba7e1085a1c3dd2db39fc,APPROVED,Not Applicable,2025-12-12T23:12:29.853000Z,2025-12-12T23:22:24.247000Z,2025-12-13T10:55:08.982000Z,2025-12-12T23:22:24.576407Z,595.0,CCPXUCJH,987,33,Female,White,United States,United States,United States,English,Yes,Full-Time,Pass,Pass,Pass,Pass,Pass,Pass,Pass,Pass,Pass,Pass,Pass,Pass,Pass,Pass,N/A,Pass,Pass,N/A
693ca15d51c022064f2475cd,671877457b87685e1d42f63c,APPROVED,Not Applicable,2025-12-12T23:12:32.774000Z,2025-12-12T23:25:31.759000Z,2025-12-13T10:55:09.297000Z,2025-12-12T23:25:32.140507Z,779.0,CCPXUCJH,1311,45,Female,Black,United States,United States,United States,English,No,Other,Pass,Pass,N/A,Pass,Pass,Pass,Pass,N/A,Pass,Pass,Pass,Pass,Pass,Pass,N/A,Pass,Pass,Pass
693ca17bdbb9f28aab679eab,66be5fde262694b5262482b1,APPROVED,Not Applicable,2025-12-12T23:13:10.129000Z,2025-12-12T23:22:52.375000Z,2025-12-13T10:55:09.619000Z,2025-12-12T23:22:52.711025Z,583.0,CCPXUCJH,1889,53,Female,White,United States,United States,United States,English,No,Unemployed (and job seeking),Pass,Pass,Pass,N/A,Pass,Pass,Pass,Pass,Pass,Pass,Pass,Pass,Pass,Pass,Pass,Pass,Pass,Pass
693ca17fd8e6b2eabf38a3be,6645755c72f71662e832dfb8,APPROVED,Not Applicable,2025-12-12T23:13:07.176000Z,2025-12-12T23:24:16.917000Z,2025-12-13T10:55:09.939000Z,2025-12-12T23:24:17.272612Z,670.0,CCPXUCJH,514,30,Female,White,United States,United States,United States,English,No,Unemployed (and job seeking),N/A,Pass,N/A,Pass,Pass,Pass,Pass,N/A,Pass,Pass,Pass,Pass,Pass,Pass,N/A,Pass,Pass,Pass
693ca1868c87b06d678966d5,60fd588771ae861f9244f93d,APPROVED,Not Applicable,2025-12-12T23:13:18.477000Z,2025-12-12T23:26:25.261000Z,2025-12-13T10:55:10.279000Z,2025-12-12T23:26:25.592100Z,787.0,CCPXUCJH,1097,66,Female,White,United States,United States,United States,English,No,"Not in paid work (e.g. homemaker', 'retired or disabled)",N/A,Pass,Pass,Pass,Pass,Pass,Pass,Pass,Pass,N/A,Pass,Pass,N/A,Pass,Pass,Pass,N/A,N/A
693ca1d75ea2f37d9696dab6,5f596d05be96271c16fe1106,APPROVED,Not Applicable,2025-12-12T23:14:38.915000Z,2025-12-12T23:24:54.858000Z,2025-12-13T10:55:10.599000Z,2025-12-12T23:24:55.197137Z,616.0,CCPXUCJH,218,48,Female,Black,United States,United States,United States,English,No,Full-Time,Pass,Pass,Pass,Pass,Pass,Pass,Pass,Pass,Pass,Pass,N/A,Pass,Pass,Pass,N/A,Pass,Pass,Pass
693ca22607e211a38e1ea54a,5cbb9a4b96211700015d0e2b,APPROVED,Not Applicable,2025-12-12T23:15:53.437000Z,2025-12-12T23:21:50.035000Z,2025-12-13T10:55:11.690000Z,2025-12-12T23:21:50.376520Z,357.0,CCPXUCJH,816,38,Male,White,United States,United States,United States,English,DATA_EXPIRED,DATA_EXPIRED,Pass,Pass,Pass,Pass,Pass,Pass,Pass,Pass,Pass,Pass,Pass,Pass,Pass,Pass,N/A,Pass,Pass,Pass
693ca29931253915a57a1c94,691dced9f97f5138c31d2ab8,APPROVED,Not Applicable,2025-12-12T23:17:49.580000Z,2025-12-12T23:31:14.539000Z,2025-12-13T10:55:13.032000Z,2025-12-12T23:31:14.892755Z,805.0,CCPXUCJH,65,23,Male,White,United States,United States,DATA_EXPIRED,English,No,Full-Time,Pass,Pass,Pass,Pass,Pass,Pass,Pass,Pass,Pass,Pass,Pass,Pass,Pass,Pass,N/A,Pass,Pass,Pass
693ca31ea7bf944394b8ed4f,662949c833c1030e15fc33af,APPROVED,Not Applicable,2025-12-12T23:20:07.239000Z,2025-12-12T23:30:17.033000Z,2025-12-13T10:55:13.494000Z,2025-12-12T23:30:17.390022Z,610.0,CCPXUCJH,1495,51,Female,White,United States,United States,United States,English,No,Full-Time,Pass,Pass,Pass,Pass,Pass,Pass,Pass,Pass,Pass,Pass,Pass,Pass,Pass,Pass,N/A,Pass,Pass,Pass
693ca33ad7ec9920aeab96c2,65f0d043187d80bcda1997c6,APPROVED,Not Applicable,2025-12-12T23:21:23.316000Z,2025-12-12T23:34:00.873000Z,2025-12-13T10:55:14.355000Z,2025-12-12T23:34:01.222111Z,758.0,CCPXUCJH,703,32,Female,White,Nicaragua,United States,Nicaragua,Spanish,DATA_EXPIRED,DATA_EXPIRED,Pass,Pass,Pass,Pass,Pass,Pass,Pass,Pass,Pass,Pass,Pass,Pass,N/A,Pass,N/A,Pass,Pass,Pass
693ca34b681708f7b113231f,676c45d92368330a2c254895,APPROVED,Not Applicable,2025-12-12T23:20:47.995000Z,2025-12-12T23:31:54.648000Z,2025-12-13T10:55:14.676000Z,2025-12-12T23:31:55.014960Z,667.0,CCPXUCJH,1658,33,Female,Asian,United States,United States,United States,English,DATA_EXPIRED,DATA_EXPIRED,Pass,Pass,Pass,Pass,Pass,Pass,Pass,Pass,Pass,Pass,Pass,Pass,Pass,Pass,N/A,Pass,Pass,Pass
693ca35e22578e5b82a027c9,664124a221f88b6a260a3df3,APPROVED,Not Applicable,2025-12-12T23:21:07.744000Z,2025-12-12T23:33:49.585000Z,2025-12-13T10:55:15.010000Z,2025-12-12T23:33:49.934739Z,762.0,CCPXUCJH,1173,49,Male,White,United States,United States,United States,English,No,Other,N/A,Pass,N/A,Pass,Pass,Pass,Pass,N/A,Pass,Pass,N/A,Pass,N/A,Pass,Pass,Pass,Pass,Pass
693ca388686796d986f5bfa9,67cb9bcd58ae4c2c3291f3bf,APPROVED,Not Applicable,2025-12-12T23:21:52.242000Z,2025-12-12T23:34:14.147000Z,2025-12-13T10:55:15.339000Z,2025-12-12T23:34:14.526277Z,742.0,CCPXUCJH,551,59,Female,Black,United States,United States,United States,English,No,"Not in paid work (e.g. homemaker', 'retired or disabled)",Pass,Pass,Pass,Pass,Pass,N/A,Pass,N/A,Pass,Pass,Pass,Pass,N/A,Pass,N/A,Pass,Pass,Pass
693ca39c7f571ad08aae3e78,66c37a08436b5a1851123557,APPROVED,Not Applicable,2025-12-12T23:22:12.487000Z,2025-12-12T23:31:33.603000Z,2025-12-13T10:55:15.656000Z,2025-12-12T23:31:33.972458Z,562.0,CCPXUCJH,316,55,Female,White,United Kingdom,United States,United States,English,No,"Not in paid work (e.g. homemaker', 'retired or disabled)",Pass,Pass,Pass,Pass,Pass,Pass,Pass,Pass,Pass,Pass,Pass,Pass,Pass,Pass,N/A,Pass,Pass,Pass
693ca3a88c87b06d678966f7,611945fc6980c74d56ebaa43,APPROVED,Not Applicable,2025-12-12T23:22:21.837000Z,2025-12-12T23:34:30.289000Z,2025-12-13T10:55:15.976000Z,2025-12-12T23:34:30.608186Z,729.0,CCPXUCJH,733,28,Female,White,United States,United States,United States,English,No,Full-Time,N/A,Pass,N/A,Pass,Pass,N/A,N/A,N/A,Pass,Pass,Pass,Pass,N/A,Pass,N/A,Pass,Pass,N/A
693ca4665d1129dfddae661a,6615d2264e4143b2a0c983d6,APPROVED,Not Applicable,2025-12-12T23:25:31.146000Z,2025-12-12T23:37:55.798000Z,2025-12-13T10:55:16.296000Z,2025-12-12T23:37:56.149841Z,745.0,CCPXUCJH,1480,54,Female,White,United States,United States,United States,English,No,Other,Pass,Pass,Pass,Pass,Pass,Pass,Pass,Pass,Pass,Pass,Pass,Pass,Pass,Pass,N/A,Pass,Pass,Pass
693ca48dbe3dc9d83effc4c2,6679ed3623ba9780099483c0,APPROVED,Not Applicable,2025-12-12T23:26:10.972000Z,2025-12-12T23:39:03.362000Z,2025-12-13T10:55:16.629000Z,2025-12-12T23:39:03.703338Z,773.0,CCPXUCJH,443,69,Female,White,United States,United States,United States,English,DATA_EXPIRED,DATA_EXPIRED,Pass,Pass,Pass,Pass,Pass,Pass,Pass,Pass,Pass,Pass,Pass,Pass,N/A,Pass,N/A,Pass,Pass,Pass
693ca49e2157f2d21648a580,68379f3fafa634a21d761586,APPROVED,Not Applicable,2025-12-12T23:26:40.681000Z,2025-12-12T23:45:00.551000Z,2025-12-13T10:55:16.948000Z,2025-12-12T23:45:00.890056Z,1100.0,CCPXUCJH,1506,27,Male,White,United States,United States,United States,English,No,Full-Time,Pass,Pass,Pass,Pass,Pass,Pass,Pass,Pass,Pass,Pass,Pass,Pass,Pass,Pass,N/A,Pass,Pass,Pass
693ca4b19281871fac4c222b,673db17d5d5612c8cfd7e7b9,APPROVED,Not Applicable,2025-12-12T23:26:48.206000Z,2025-12-12T23:42:01.093000Z,2025-12-13T10:55:17.287000Z,2025-12-12T23:42:01.435187Z,913.0,CCPXUCJH,345,47,Female,White,United States,United States,United States,English,No,"Not in paid work (e.g. homemaker', 'retired or disabled)",Pass,Pass,N/A,Pass,Pass,Pass,N/A,Pass,Pass,Pass,Pass,N/A,Pass,Pass,Pass,Pass,Pass,N/A
693ca4b7a3fb662f7edadb2f,6108193d19ecf066ec729083,APPROVED,Not Applicable,2025-12-12T23:26:52.860000Z,2025-12-12T23:42:06.630000Z,2025-12-13T10:55:17.600000Z,2025-12-12T23:42:06.974108Z,914.0,CCPXUCJH,110,38,Female,White,United States,United States,United States,English,No,Full-Time,N/A,Pass,Pass,Pass,Pass,Pass,Pass,Pass,Pass,Pass,Pass,Pass,Pass,Pass,N/A,Pass,Pass,Pass
693ca4feb22126468bb8ef0d,665922cc624996d90589447a,APPROVED,Not Applicable,2025-12-12T23:28:02.586000Z,2025-12-12T23:40:36.362000Z,2025-12-13T10:55:17.932000Z,2025-12-12T23:40:36.823378Z,754.0,CCPXUCJH,1517,36,Female,White,United States,United States,United States,English,No,Full-Time,Pass,Pass,N/A,N/A,N/A,Pass,N/A,N/A,Pass,Pass,N/A,Pass,Pass,Pass,N/A,Pass,Pass,Pass
693ca55d2cd9b8394fddddf0,662e86c0ca96b47a056ccd7b,APPROVED,Not Applicable,2025-12-12T23:29:39.225000Z,2025-12-12T23:39:50.860000Z,2025-12-13T10:55:18.251000Z,2025-12-12T23:39:51.230664Z,612.0,CCPXUCJH,1216,66,Female,White,United States,United States,United States,English,No,Part-Time,Pass,Pass,Pass,Pass,Pass,Pass,Pass,Pass,Pass,Pass,Pass,Pass,Pass,Pass,N/A,Pass,Pass,Pass
693ca566c7a214827da42893,6553953daddeb31f9794b59c,APPROVED,Not Applicable,2025-12-12T23:29:48.153000Z,2025-12-12T23:39:55.335000Z,2025-12-13T10:55:18.567000Z,2025-12-12T23:39:55.673537Z,608.0,CCPXUCJH,448,42,Female,Mixed,Germany,United States,United States,English,Yes,Part-Time,N/A,Pass,N/A,Pass,Pass,Pass,Pass,Pass,Pass,Pass,Pass,Pass,Pass,Pass,N/A,Pass,Pass,Pass
693ca584d83d2a16564bcf7d,673692b20c987b50040128fc,APPROVED,Not Applicable,2025-12-12T23:30:16.510000Z,2025-12-12T23:43:54.254000Z,2025-12-13T10:55:18.895000Z,2025-12-12T23:43:54.572921Z,818.0,CCPXUCJH,1158,25,Male,White,United States,United States,United States,English,Yes,Part-Time,Pass,Pass,Pass,Pass,Pass,Pass,Pass,Pass,Pass,Pass,Pass,N/A,Pass,Pass,Pass,Pass,Pass,Pass
693ca5cd0f2eb39adc23173f,60fe095a27a19c4dc0eb5e0e,APPROVED,Not Applicable,2025-12-12T23:31:32.038000Z,2025-12-12T23:39:19.114000Z,2025-12-13T10:55:19.234000Z,2025-12-12T23:39:19.558375Z,468.0,CCPXUCJH,1680,35,Female,White,Belarus,United States,Belarus,Russian,Yes,"Not in paid work (e.g. homemaker', 'retired or disabled)",Pass,Pass,Pass,Pass,Pass,Pass,Pass,Pass,Pass,Pass,Pass,Pass,Pass,Pass,N/A,Pass,Pass,Pass
693ca6057fc435d78cac41da,660da7d2c59a62056d87c9b8,APPROVED,Not Applicable,2025-12-12T23:32:26.726000Z,2025-12-12T23:42:31.093000Z,2025-12-13T10:55:19.558000Z,2025-12-12T23:42:31.426771Z,605.0,CCPXUCJH,1248,45,Female,White,United States,United States,United States,English,Yes,Other,Pass,Pass,Pass,Pass,Pass,Pass,Pass,Pass,Pass,Pass,Pass,Pass,Pass,Pass,N/A,Pass,Pass,Pass
693ca62de209fc36fc679ccc,66d916af0cf8c145a0aa3220,APPROVED,Not Applicable,2025-12-12T23:33:06.042000Z,2025-12-12T23:47:18.485000Z,2025-12-13T10:55:19.873000Z,2025-12-12T23:47:18.903563Z,853.0,CCPXUCJH,905,27,Male,White,United States,United States,United States,English,No,Unemployed (and job seeking),N/A,Pass,N/A,Pass,Pass,Pass,Pass,N/A,Pass,N/A,Pass,Pass,N/A,Pass,N/A,Pass,Pass,Pass
693ca64a1f65885192339923,646d380eee9fe3fcc1d147f2,APPROVED,Not Applicable,2025-12-12T23:33:33.919000Z,2025-12-12T23:40:45.503000Z,2025-12-13T10:55:20.198000Z,2025-12-12T23:40:45.896421Z,432.0,CCPXUCJH,1296,25,Male,White,United States,United States,United States,English,No,Unemployed (and job seeking),Pass,N/A,Pass,Pass,Pass,Pass,Pass,Pass,Pass,Pass,Pass,Pass,Pass,Pass,N/A,Pass,Pass,N/A
693ca6d2814bbbc5e2f5c018,6462217d7bd09447661ed6a4,APPROVED,Not Applicable,2025-12-12T23:36:25.335000Z,2025-12-12T23:49:13.560000Z,2025-12-13T10:55:20.518000Z,2025-12-12T23:49:13.921904Z,769.0,CCPXUCJH,1057,37,Male,White,United States,United States,United States,English,No,Part-Time,Pass,Pass,Pass,Pass,Pass,Pass,Pass,Pass,Pass,Pass,Pass,Pass,Pass,Pass,Pass,Pass,Pass,Pass
693ca70c07c845b75884026d,64137d0dfe71cf6624348d27,APPROVED,Not Applicable,2025-12-12T23:36:50.489000Z,2025-12-12T23:52:35.046000Z,2025-12-13T10:55:20.837000Z,2025-12-12T23:52:35.403635Z,945.0,CCPXUCJH,1722,67,Female,White,United States,United States,United States,English,No,Part-Time,Pass,N/A,N/A,Pass,Pass,Pass,Pass,N/A,Pass,N/A,N/A,Pass,N/A,Pass,N/A,Pass,Pass,N/A
693ca755d3a74dabf66cb088,6732a429118814387a90a02f,APPROVED,Not Applicable,2025-12-12T23:38:04.263000Z,2025-12-12T23:51:35.151000Z,2025-12-13T10:55:21.180000Z,2025-12-12T23:51:35.494947Z,811.0,CCPXUCJH,729,56,Male,White,United States,United States,United States,English,No,Full-Time,N/A,Pass,Pass,N/A,N/A,Pass,Pass,N/A,Pass,Pass,Pass,Pass,Pass,Pass,N/A,Pass,Pass,Pass
693ca76ba89906ce0fef7a7b,67644050f9258796cab737f2,APPROVED,Not Applicable,2025-12-12T23:38:25.304000Z,2025-12-12T23:50:34.835000Z,2025-12-13T10:55:21.511000Z,2025-12-12T23:50:35.170268Z,730.0,CCPXUCJH,341,58,Female,White,United States,United States,United States,English,No,DATA_EXPIRED,Pass,Pass,Pass,Pass,Pass,Pass,Pass,Pass,Pass,Pass,Pass,Pass,Pass,Pass,N/A,Pass,Pass,Pass
693ca7b23c668ac6ce784e5f,66c7e6e05a6d60e4278bfda7,APPROVED,Not Applicable,2025-12-12T23:39:33.678000Z,2025-12-12T23:48:53.974000Z,2025-12-13T10:55:21.830000Z,2025-12-12T23:48:54.318749Z,561.0,CCPXUCJH,1144,24,Female,White,United States,United States,United States,English,DATA_EXPIRED,DATA_EXPIRED,Pass,Pass,Pass,Pass,Pass,Pass,Pass,Pass,Pass,Pass,Pass,Pass,Pass,Pass,N/A,Pass,Pass,Pass
693ca7d4820571ba9ea8bcee,60d22e68bb03e1da436b8b7c,APPROVED,Not Applicable,2025-12-12T23:40:11.413000Z,2025-12-12T23:53:05.397000Z,2025-12-13T10:55:22.157000Z,2025-12-12T23:53:05.755559Z,774.0,CCPXUCJH,1229,51,Female,White,United States,United States,United States,English,DATA_EXPIRED,DATA_EXPIRED,Pass,Pass,Pass,Pass,Pass,Pass,Pass,Pass,Pass,Pass,Pass,Pass,Pass,Pass,Pass,Pass,Pass,Pass
693ca7f0f452dc9ac1206ec7,63ced898ebd3ce898ec80299,APPROVED,Not Applicable,2025-12-12T23:40:36.835000Z,2025-12-12T23:54:15.347000Z,2025-12-13T10:55:22.509000Z,2025-12-12T23:54:15.685695Z,819.0,CCPXUCJH,1320,21,Prefer not to say,Asian,Vietnam,United States,Vietnam,Vietnamese,Yes,Part-Time,Pass,Pass,Pass,Pass,Pass,Pass,Pass,Pass,Pass,Pass,Pass,Pass,Pass,Pass,N/A,Pass,Pass,Pass
693ca81d3104b851f21322cd,6637f53e203e2f5f706d70ec,APPROVED,Not Applicable,2025-12-12T23:41:22.156000Z,2025-12-12T23:49:36.270000Z,2025-12-13T10:55:23.462000Z,2025-12-12T23:49:36.601860Z,495.0,CCPXUCJH,1414,35,Male,White,United States,United States,United States,English,DATA_EXPIRED,DATA_EXPIRED,Pass,Pass,Pass,Pass,Pass,Pass,Pass,Pass,Pass,Pass,Pass,Pass,Pass,Pass,N/A,Pass,Pass,Pass
693ca8774c93b7eee7338caf,67d94f701307ac0887c44909,APPROVED,Not Applicable,2025-12-12T23:51:05.823000Z,2025-12-13T00:10:30.412000Z,2025-12-13T10:55:23.784000Z,2025-12-13T00:10:30.756958Z,1165.0,CCPXUCJH,1224,30,Male,White,United States,United States,United States,English,DATA_EXPIRED,DATA_EXPIRED,Pass,Pass,Pass,Pass,Pass,Pass,Pass,N/A,Pass,Pass,Pass,Pass,Pass,Pass,N/A,Pass,Pass,N/A
693ca8c52157f2d21648a5db,5d9e7982996ad300179048fa,APPROVED,Not Applicable,2025-12-12T23:45:13.740000Z,2025-12-12T23:58:49.832000Z,2025-12-13T10:55:24.112000Z,2025-12-12T23:58:50.175088Z,817.0,CCPXUCJH,777,37,Female,DATA_EXPIRED,United States,United States,Mexico,English,No,Full-Time,N/A,Pass,Pass,Pass,Pass,Pass,Pass,Pass,Pass,Pass,Pass,N/A,Pass,Pass,N/A,Pass,Pass,Pass
693ca8e94adac5a8a40142c1,667d6ce5fae797e861628ed2,APPROVED,Not Applicable,2025-12-12T23:44:45.964000Z,2025-12-12T23:54:52.158000Z,2025-12-13T10:55:24.431000Z,2025-12-12T23:54:52.495123Z,607.0,CCPXUCJH,988,27,Female,Mixed,United States,United States,United States,English,DATA_EXPIRED,DATA_EXPIRED,Pass,Pass,Pass,Pass,Pass,Pass,Pass,Pass,Pass,Pass,Pass,N/A,Pass,Pass,N/A,Pass,Pass,Pass
693ca8f3ce25521167450408,5d9b7c7efaa2860364b16476,APPROVED,Not Applicable,2025-12-12T23:44:54.307000Z,2025-12-12T23:56:00.187000Z,2025-12-13T10:55:24.757000Z,2025-12-12T23:56:00.528967Z,666.0,CCPXUCJH,1586,36,Male,White,United States,United States,United States,English,No,Full-Time,Pass,Pass,N/A,Pass,Pass,Pass,Pass,N/A,Pass,Pass,Pass,Pass,Pass,Pass,N/A,Pass,Pass,Pass
693ca95d02d00179f3b5b196,664b700b38e720bf4c02dfd7,APPROVED,Not Applicable,2025-12-12T23:46:42.636000Z,2025-12-12T23:55:53.356000Z,2025-12-13T10:55:25.095000Z,2025-12-12T23:55:53.696705Z,551.0,CCPXUCJH,1500,38,Female,White,United States,United States,United States,English,DATA_EXPIRED,DATA_EXPIRED,Pass,Pass,Pass,Pass,Pass,Pass,Pass,Pass,Pass,Pass,Pass,Pass,Pass,Pass,N/A,Pass,Pass,Pass
693ca9f3dcb520abebaa934f,66198f45c36ffa489c2e903b,APPROVED,Not Applicable,2025-12-12T23:49:12.277000Z,2025-12-13T00:03:58.793000Z,2025-12-13T10:55:25.457000Z,2025-12-13T00:04:30.512773Z,887.0,CCPXUCJH,272,32,Female,Mixed,United States,United States,United States,English,Yes,Full-Time,Pass,Pass,Pass,Pass,Pass,Pass,Pass,Pass,Pass,Pass,Pass,Pass,Pass,Pass,Pass,Pass,Pass,Pass
693caa04a634b66245df999c,662ed97e23a6d55bb855adae,APPROVED,Not Applicable,2025-12-12T23:50:26.350000Z,2025-12-13T00:05:56.320000Z,2025-12-13T10:55:25.806000Z,2025-12-13T00:05:56.681641Z,930.0,CCPXUCJH,1624,34,Male,Asian,Philippines,United States,Philippines,Tagalog-Filipino,No,Unemployed (and job seeking),Pass,Pass,Pass,Pass,Pass,Pass,Pass,Pass,Pass,N/A,Pass,Pass,Pass,Pass,N/A,Pass,Pass,Pass
693caa544e32003e6d703507,60fdf6b3117c2aeb33f2dd99,APPROVED,Not Applicable,2025-12-12T23:50:48.118000Z,2025-12-13T00:09:12.204000Z,2025-12-13T10:55:26.131000Z,2025-12-13T00:09:12.538201Z,1105.0,CCPXUCJH,1271,27,Female,White,United States,United States,United States,English,DATA_EXPIRED,DATA_EXPIRED,Pass,Pass,N/A,Pass,Pass,Pass,N/A,Pass,Pass,Pass,Pass,Pass,Pass,Pass,N/A,Pass,Pass,Pass
693caaba442f7e0dc6236b78,66c0e61e88d109a1324701f3,APPROVED,Not Applicable,2025-12-12T23:52:30.987000Z,2025-12-13T00:04:03.538000Z,2025-12-13T10:55:26.472000Z,2025-12-13T00:04:03.950421Z,693.0,CCPXUCJH,552,38,Female,White,United States,United States,United States,English,No,DATA_EXPIRED,N/A,Pass,Pass,Pass,Pass,Pass,Pass,Pass,N/A,N/A,Pass,Pass,N/A,Pass,N/A,Pass,Pass,Pass
693caad583a1fe7be9e1aa2a,66371cc4de71aac65b5f1980,APPROVED,Not Applicable,2025-12-12T23:53:07.089000Z,2025-12-13T00:04:33.886000Z,2025-12-13T10:55:26.807000Z,2025-12-13T00:04:34.293290Z,687.0,CCPXUCJH,1605,42,Female,White,United States,United States,United States,English,No,Part-Time,Pass,Pass,Pass,Pass,N/A,Pass,N/A,N/A,Pass,Pass,Pass,Pass,Pass,Pass,N/A,Pass,Pass,Pass
693caaf6a2b54d0aec589aca,691e246aacdd6da848319345,APPROVED,Not Applicable,2025-12-12T23:53:31.813000Z,2025-12-13T00:00:28.658000Z,2025-12-13T10:55:27.137000Z,2025-12-13T00:00:29.014787Z,417.0,CCPXUCJH,51,32,Male,White,United States,United States,DATA_EXPIRED,English,No,Full-Time,Pass,Pass,Pass,Pass,Pass,Pass,Pass,Pass,N/A,Pass,Pass,Pass,Pass,Pass,N/A,Pass,Pass,Pass
693cab11090d2f50a4ffc951,66ddf1fdcc5c581ffea00af4,APPROVED,Not Applicable,2025-12-12T23:53:59.533000Z,2025-12-13T00:02:14.785000Z,2025-12-13T10:55:27.497000Z,2025-12-13T00:02:15.147216Z,496.0,CCPXUCJH,994,36,Male,White,United States,United States,United States,English,No,Full-Time,Pass,Pass,Pass,Pass,Pass,Pass,Pass,Pass,Pass,Pass,Pass,Pass,Pass,Pass,N/A,Pass,Pass,Pass
693cab1b4658c2eef792e2ba,671bfaa7d312fef1ab1d7fa0,APPROVED,Not Applicable,2025-12-12T23:54:09.921000Z,2025-12-13T00:08:07.657000Z,2025-12-13T10:55:27.819000Z,2025-12-13T00:08:08.000687Z,838.0,CCPXUCJH,1754,50,Female,Black,United States,United States,United States,English,No,Full-Time,Pass,Pass,Pass,Pass,Pass,Pass,Pass,Pass,Pass,Pass,Pass,Pass,Pass,Pass,N/A,Pass,Pass,Pass
693cab253104b851f2132327,664671b9d20e4b68c8b78770,APPROVED,Not Applicable,2025-12-12T23:54:17.469000Z,2025-12-13T00:04:37.856000Z,2025-12-13T10:55:28.143000Z,2025-12-13T00:04:38.222555Z,621.0,CCPXUCJH,522,30,Female,Asian,United States,United States,United States,English,No,DATA_EXPIRED,Pass,Pass,Pass,Pass,Pass,Pass,Pass,Pass,Pass,Pass,Pass,Pass,Pass,Pass,N/A,Pass,Pass,Pass
693cab50fc649fe63c075779,66045663fbc92e11eb7e557c,APPROVED,Not Applicable,2025-12-12T23:55:00.379000Z,2025-12-13T00:04:34.676000Z,2025-12-13T10:55:28.494000Z,2025-12-13T00:04:35.064540Z,575.0,CCPXUCJH,1803,51,Female,White,United States,United States,United States,English,No,Part-Time,Pass,Pass,Pass,Pass,Pass,Pass,Pass,Pass,Pass,Pass,Pass,Pass,Pass,Pass,N/A,Pass,Pass,Pass
693cab69b6b0e3db193d9724,66293f9169949f4ac196a2c4,APPROVED,Not Applicable,2025-12-12T23:55:33.692000Z,2025-12-13T00:12:13.818000Z,2025-12-13T10:55:28.834000Z,2025-12-13T00:12:14.175164Z,1001.0,CCPXUCJH,163,49,Female,White,United States,United States,United States,English,No,Unemployed (and job seeking),Pass,Pass,N/A,Pass,Pass,Pass,Pass,N/A,Pass,Pass,Pass,Pass,N/A,Pass,Pass,Pass,Pass,Pass
693cab75b8c5c50e888dbb9d,68cdd1f9acf6b2542a73e563,APPROVED,Not Applicable,2025-12-12T23:55:40.342000Z,2025-12-13T00:13:08.194000Z,2025-12-13T10:55:29.169000Z,2025-12-13T00:13:08.523786Z,1048.0,CCPXUCJH,224,43,Female,Asian,Japan,United States,Japan,Japanese,No,Other,Pass,Pass,Pass,Pass,Pass,Pass,Pass,Pass,Pass,Pass,Pass,Pass,N/A,Pass,N/A,Pass,Pass,Pass
693cab92559ad67f94ba24d9,667e27322e43770fb9f2bb8c,APPROVED,Not Applicable,2025-12-12T23:58:05.181000Z,2025-12-13T00:07:01.424000Z,2025-12-13T10:55:29.494000Z,2025-12-13T00:07:01.794382Z,537.0,CCPXUCJH,1389,29,Female,White,United States,United States,United States,English,No,Part-Time,Pass,Pass,Pass,Pass,Pass,Pass,Pass,Pass,Pass,Pass,Pass,Pass,Pass,Pass,N/A,Pass,Pass,Pass
693cabe3d3a74dabf66cb0f1,66c54542fde51396756cb576,APPROVED,Not Applicable,2025-12-12T23:57:29.244000Z,2025-12-13T00:09:03.448000Z,2025-12-13T10:55:29.826000Z,2025-12-13T00:09:03.787260Z,695.0,CCPXUCJH,583,54,Female,White,United States,United States,United States,English,DATA_EXPIRED,DATA_EXPIRED,Pass,Pass,Pass,Pass,Pass,Pass,Pass,Pass,Pass,Pass,Pass,Pass,Pass,Pass,N/A,Pass,Pass,Pass
693cabfb02d00179f3b5b1db,66b6e70b2a7cebe3d1c15dc0,APPROVED,Not Applicable,2025-12-12T23:57:53.194000Z,2025-12-13T00:09:41.206000Z,2025-12-13T10:55:30.143000Z,2025-12-13T00:09:42.343021Z,709.0,CCPXUCJH,550,37,Male,White,United States,United States,United States,English,No,Full-Time,Pass,Pass,Pass,Pass,Pass,Pass,Pass,Pass,Pass,Pass,Pass,Pass,N/A,Pass,N/A,Pass,Pass,Pass
693cac42e6efc61aab71e56f,67342c07d23b6cf0da5a030c,APPROVED,Not Applicable,2025-12-12T23:59:04.938000Z,2025-12-13T00:08:55.019000Z,2025-12-13T10:55:30.458000Z,2025-12-13T00:08:55.358277Z,591.0,CCPXUCJH,960,35,Male,White,United States,United States,United States,English,No,Full-Time,Pass,Pass,N/A,Pass,Pass,Pass,Pass,Pass,Pass,Pass,Pass,Pass,Pass,Pass,N/A,Pass,Pass,Pass
693cac6995e2eeebf6aee760,6717f0ac88d9f27d9b79af31,APPROVED,Not Applicable,2025-12-12T23:59:40.732000Z,2025-12-13T00:08:36.089000Z,2025-12-13T10:55:30.770000Z,2025-12-13T00:08:36.448116Z,536.0,CCPXUCJH,1030,50,Female,White,United States,United States,United States,English,No,Full-Time,Pass,Pass,N/A,Pass,Pass,Pass,Pass,Pass,Pass,Pass,Pass,Pass,N/A,Pass,N/A,Pass,Pass,Pass
693cacaedced644500be9601,6632d4093ebf44b7fb54bd8b,APPROVED,Not Applicable,2025-12-13T00:00:49.288000Z,2025-12-13T00:06:09.387000Z,2025-12-13T10:55:31.128000Z,2025-12-13T00:06:09.749689Z,321.0,CCPXUCJH,1602,57,Female,White,Israel,United States,United States,English,No,"Not in paid work (e.g. homemaker', 'retired or disabled)",Pass,Pass,N/A,Pass,Pass,Pass,Pass,Pass,Pass,Pass,Pass,Pass,Pass,Pass,N/A,Pass,Pass,Pass
693cace3dbb9f28aab679fcf,66efa54508a57ab4d42cab20,APPROVED,Not Applicable,2025-12-13T00:01:48.141000Z,2025-12-13T00:13:19.342000Z,2025-12-13T10:55:31.442000Z,2025-12-13T00:13:19.701946Z,692.0,CCPXUCJH,363,31,Female,White,United States,United States,United States,English,No,Unemployed (and job seeking),Pass,Pass,Pass,Pass,Pass,Pass,Pass,Pass,Pass,Pass,Pass,Pass,Pass,Pass,N/A,Pass,Pass,Pass
693cadaa46baa0070078416a,6746659a4a38c50b80da4c63,APPROVED,Not Applicable,2025-12-13T00:05:07.077000Z,2025-12-13T00:16:13.309000Z,2025-12-13T10:55:31.753000Z,2025-12-13T00:16:13.663750Z,667.0,CCPXUCJH,222,34,Male,Mixed,United States,United States,United States,English,DATA_EXPIRED,DATA_EXPIRED,Pass,Pass,N/A,Pass,Pass,Pass,Pass,Pass,Pass,N/A,Pass,Pass,N/A,Pass,N/A,Pass,Pass,Pass
693cae60b5e461d3c95687ab,655fa1d61a31921e732c6447,APPROVED,Not Applicable,2025-12-13T00:08:04.953000Z,2025-12-13T00:18:13.340000Z,2025-12-13T10:55:32.085000Z,2025-12-13T00:18:13.741407Z,609.0,CCPXUCJH,1227,22,Female,Asian,United States,United States,United States,English,Yes,"Not in paid work (e.g. homemaker', 'retired or disabled)",Pass,Pass,Pass,Pass,Pass,Pass,Pass,Pass,Pass,Pass,Pass,Pass,Pass,Pass,N/A,Pass,Pass,Pass
693cae8e10d419179adac267,6598fe3a39833e045566f441,APPROVED,Not Applicable,2025-12-13T00:08:49.064000Z,2025-12-13T00:19:10.766000Z,2025-12-13T10:55:32.405000Z,2025-12-13T00:19:11.152421Z,622.0,CCPXUCJH,1745,37,Female,White,United States,United States,United States,English,DATA_EXPIRED,Full-Time,Pass,Pass,N/A,Pass,Pass,Pass,N/A,N/A,Pass,Pass,Pass,Pass,Pass,Pass,N/A,Pass,Pass,Pass
693caec3bbc07881722cc215,671c1da7ddd9c375e013b082,APPROVED,Not Applicable,2025-12-13T00:09:42.260000Z,2025-12-13T00:28:38.524000Z,2025-12-13T10:55:32.729000Z,2025-12-13T00:28:38.914304Z,1137.0,CCPXUCJH,1608,32,Female,White,United States,United States,United States,English,No,Full-Time,N/A,Pass,Pass,Pass,Pass,Pass,Pass,Pass,Pass,Pass,Pass,Pass,Pass,Pass,Pass,Pass,Pass,Pass
693caed23b9f08744cbd96a7,678e1a303a8e378f3e02cdf3,APPROVED,Not Applicable,2025-12-13T00:09:58.739000Z,2025-12-13T00:20:31.963000Z,2025-12-13T10:55:33.055000Z,2025-12-13T00:20:32.531448Z,634.0,CCPXUCJH,1708,25,Female,White,United States,United States,United States,English,DATA_EXPIRED,Full-Time,Pass,Pass,Pass,Pass,Pass,Pass,Pass,Pass,Pass,Pass,Pass,Pass,Pass,Pass,N/A,Pass,Pass,Pass
693caee91696bb81f9495238,6736485fd762ccba28f44a81,APPROVED,Not Applicable,2025-12-13T00:10:22.288000Z,2025-12-13T00:17:57.534000Z,2025-12-13T10:55:33.386000Z,2025-12-13T00:17:57.881867Z,456.0,CCPXUCJH,564,26,Female,White,United States,United States,United States,English,No,Part-Time,Pass,Pass,Pass,Pass,Pass,Pass,Pass,Pass,Pass,Pass,Pass,Pass,Pass,Pass,N/A,Pass,Pass,Pass
693caf70eaf67b4bb4f00bd7,65541efa783e903e66e37122,APPROVED,Not Applicable,2025-12-13T00:12:52.480000Z,2025-12-13T00:30:53.281000Z,2025-12-13T10:55:33.709000Z,2025-12-13T00:30:53.856317Z,1081.0,CCPXUCJH,75,65,Female,Black,United States,United States,United States,English,No,"Not in paid work (e.g. homemaker', 'retired or disabled)",N/A,Pass,N/A,Pass,Pass,Pass,Pass,Pass,Pass,Pass,Pass,N/A,N/A,Pass,N/A,Pass,Pass,Pass
693cb01287caed3c587a78c3,6283dfc2f6449b4dea57a4e5,APPROVED,Not Applicable,2025-12-13T00:15:21.371000Z,2025-12-13T00:28:07.628000Z,2025-12-13T10:55:34.042000Z,2025-12-13T00:28:07.960672Z,767.0,CCPXUCJH,823,39,Male,White,United States,United States,United States,English,No,Other,N/A,N/A,N/A,Pass,N/A,Pass,Pass,N/A,Pass,N/A,Pass,Pass,N/A,Pass,N/A,Pass,Pass,Pass
693cb042f6dbda564f0e9fbb,66aebc2458180fbfae675464,APPROVED,Not Applicable,2025-12-13T00:16:10.302000Z,2025-12-13T00:32:01.978000Z,2025-12-13T10:55:34.371000Z,2025-12-13T00:32:02.321826Z,952.0,CCPXUCJH,1738,48,Male,Other,United States,United States,United States,English,Yes,Unemployed (and job seeking),Pass,Pass,Pass,Pass,Pass,Pass,Pass,Pass,Pass,Pass,Pass,Pass,Pass,Pass,N/A,Pass,Pass,Pass
693cb089dfa032ce2cf11595,66699f85a69c5a20e26d0446,APPROVED,Not Applicable,2025-12-13T00:17:41.871000Z,2025-12-13T00:37:01.029000Z,2025-12-13T10:55:34.716000Z,2025-12-13T00:37:01.352704Z,1160.0,CCPXUCJH,1916,43,Male,White,United States,United States,United States,English,DATA_EXPIRED,DATA_EXPIRED,Pass,Pass,Pass,Pass,Pass,Pass,Pass,Pass,Pass,Pass,Pass,Pass,Pass,Pass,N/A,Pass,Pass,Pass
693cb08cad37b614531f0189,6706d002bb8720b5daad439f,APPROVED,Not Applicable,2025-12-13T00:17:23.657000Z,2025-12-13T00:27:26.279000Z,2025-12-13T10:55:35.028000Z,2025-12-13T00:27:26.597222Z,603.0,CCPXUCJH,74,31,Female,White,United States,United States,United States,English,No,Full-Time,N/A,Pass,N/A,Pass,Pass,Pass,Pass,Pass,Pass,Pass,Pass,Pass,Pass,Pass,N/A,Pass,Pass,Pass
693cb0cb22db278f72e70e24,6530fed5b3281d288757fca9,APPROVED,Not Applicable,2025-12-13T00:18:24.776000Z,2025-12-13T00:31:28.871000Z,2025-12-13T10:55:35.363000Z,2025-12-13T00:31:29.255566Z,785.0,CCPXUCJH,1540,29,Female,White,United States,United States,United States,English,DATA_EXPIRED,DATA_EXPIRED,N/A,Pass,N/A,Pass,Pass,Pass,N/A,Pass,Pass,Pass,Pass,Pass,N/A,Pass,N/A,Pass,Pass,Pass
693cb0f03c668ac6ce785332,5d58471ffe8768001a31d33a,APPROVED,Not Applicable,2025-12-13T00:19:00.987000Z,2025-12-13T00:29:33.113000Z,2025-12-13T10:55:35.688000Z,2025-12-13T00:29:33.498694Z,633.0,CCPXUCJH,1358,55,Female,White,United States,United States,United States,English,DATA_EXPIRED,DATA_EXPIRED,Pass,Pass,Pass,Pass,Pass,Pass,Pass,Pass,Pass,Pass,Pass,Pass,Pass,Pass,N/A,Pass,Pass,Pass
693cb1152422a7473104c6df,62a74daa695f792361470dd1,APPROVED,Not Applicable,2025-12-13T00:19:38.028000Z,2025-12-13T00:36:47.793000Z,2025-12-13T10:55:36.001000Z,2025-12-13T00:36:48.124163Z,1030.0,CCPXUCJH,1508,32,Male,Other,Ecuador,United States,United States,English,Yes,Full-Time,Pass,Pass,Pass,Pass,Pass,N/A,Pass,Pass,Pass,Pass,Pass,Pass,Pass,Pass,N/A,Pass,Pass,Pass
693cb24266685fd5ec98e80f,655f94a8e52c55fdec3da167,APPROVED,Not Applicable,2025-12-13T00:24:38.865000Z,2025-12-13T00:32:34.036000Z,2025-12-13T10:55:36.321000Z,2025-12-13T00:32:34.436771Z,476.0,CCPXUCJH,471,40,Female,Asian,United States,United States,United States,English,DATA_EXPIRED,DATA_EXPIRED,Pass,Pass,Pass,Pass,Pass,Pass,Pass,Pass,Pass,Pass,Pass,Pass,Pass,Pass,N/A,Pass,Pass,Pass
693cb2738c982f5237231da5,67dda74a3edfea472c7838bd,APPROVED,Not Applicable,2025-12-13T00:25:32.823000Z,2025-12-13T00:40:56.390000Z,2025-12-13T10:55:36.647000Z,2025-12-13T00:40:56.721614Z,924.0,CCPXUCJH,1273,54,Male,White,United States,United States,United States,English,No,Full-Time,N/A,N/A,N/A,Pass,Pass,Pass,N/A,N/A,Pass,Pass,Pass,Pass,Pass,Pass,N/A,Pass,Pass,Pass
693cb2a21bab115b7cda08c9,6681e05e37692ab271e02312,APPROVED,Not Applicable,2025-12-13T00:26:14.847000Z,2025-12-13T00:36:33.537000Z,2025-12-13T10:55:36.964000Z,2025-12-13T00:36:34.028823Z,619.0,CCPXUCJH,764,53,Female,White,United States,United States,United States,English,No,"Not in paid work (e.g. homemaker', 'retired or disabled)",Pass,Pass,Pass,Pass,Pass,Pass,Pass,Pass,Pass,Pass,Pass,Pass,N/A,Pass,N/A,Pass,Pass,Pass
693cb2a3a7a8d9cdd97fc47e,67a70cc6d537c72bc20ddfaf,APPROVED,Not Applicable,2025-12-13T00:27:09.987000Z,2025-12-13T00:39:07.464000Z,2025-12-13T10:55:37.285000Z,2025-12-13T00:39:07.822151Z,718.0,CCPXUCJH,854,24,Male,White,United States,United States,United States,English,No,Unemployed (and job seeking),Pass,Pass,Pass,Pass,Pass,Pass,Pass,Pass,Pass,Pass,Pass,Pass,Pass,Pass,N/A,Pass,Pass,Pass
693cb48e69616d8c6b572d66,677b03282a32bc17e223ca06,APPROVED,Not Applicable,2025-12-13T00:34:27.619000Z,2025-12-13T00:49:26.634000Z,2025-12-13T10:55:37.601000Z,2025-12-13T00:49:26.967316Z,900.0,CCPXUCJH,1372,70,Female,White,United States,United States,United States,English,No,Part-Time,N/A,Pass,N/A,Pass,Pass,Pass,Pass,Pass,Pass,Pass,Pass,Pass,Pass,Pass,N/A,Pass,Pass,Pass
693cb4f735aff2779cc86d53,68f162dee751e800eaf375ac,APPROVED,Not Applicable,2025-12-13T00:36:11.397000Z,2025-12-13T00:45:58.442000Z,2025-12-13T10:55:37.917000Z,2025-12-13T00:45:58.795591Z,588.0,CCPXUCJH,437,33,Female,Asian,Taiwan,United States,United States,Chinese,No,"Not in paid work (e.g. homemaker', 'retired or disabled)",Pass,Pass,Pass,Pass,Pass,Pass,Pass,Pass,Pass,Pass,Pass,Pass,Pass,Pass,N/A,Pass,Pass,Pass
693cb5be8aa2468d5aef04e4,67d098fc823ae75b808b84bb,APPROVED,Not Applicable,2025-12-13T00:39:32.504000Z,2025-12-13T00:50:38.180000Z,2025-12-13T10:55:38.230000Z,2025-12-13T00:50:38.525947Z,666.0,CCPXUCJH,797,63,Female,White,United States,United States,United States,English,No,"Not in paid work (e.g. homemaker', 'retired or disabled)",Pass,Pass,Pass,Pass,Pass,Pass,Pass,Pass,Pass,Pass,Pass,Pass,Pass,Pass,N/A,Pass,Pass,Pass
693cb5f3eafc283c18bd3caf,65c10d00ae3f026034946adb,APPROVED,Not Applicable,2025-12-13T00:40:28.121000Z,2025-12-13T00:53:55.219000Z,2025-12-13T10:55:38.545000Z,2025-12-13T00:53:55.565919Z,808.0,CCPXUCJH,1349,67,Female,White,United States,United States,United States,English,Yes,"Not in paid work (e.g. homemaker', 'retired or disabled)",Pass,Pass,Pass,Pass,Pass,Pass,Pass,Pass,Pass,Pass,Pass,Pass,Pass,Pass,N/A,Pass,Pass,Pass
693cb6a6e3d901a9ded3ec16,5e9e3474861e20000a318a01,APPROVED,Not Applicable,2025-12-13T00:44:54.863000Z,2025-12-13T01:07:45.999000Z,2025-12-13T10:55:38.857000Z,2025-12-13T01:07:46.364257Z,1372.0,CCPXUCJH,1769,31,Female,White,United States,United States,United States,English,DATA_EXPIRED,Full-Time,Pass,Pass,Pass,Pass,Pass,Pass,Pass,Pass,Pass,Pass,Pass,Pass,Pass,Pass,Pass,Pass,Pass,Pass
693cb6c4eafc283c18bd3cc8,662940dea9a111e5c424f984,APPROVED,Not Applicable,2025-12-13T00:44:01.165000Z,2025-12-13T00:52:12.636000Z,2025-12-13T10:55:39.173000Z,2025-12-13T00:52:12.965952Z,492.0,CCPXUCJH,571,29,Male,White,United States,United States,United States,English,No,Full-Time,Pass,Pass,Pass,Pass,Pass,Pass,Pass,Pass,Pass,Pass,Pass,Pass,Pass,Pass,N/A,Pass,Pass,Pass
693cb6f19759914042a8064b,6750e0068ca44f6ecff8b70d,APPROVED,Not Applicable,2025-12-13T00:44:39.482000Z,2025-12-13T00:59:56.427000Z,2025-12-13T10:55:39.508000Z,2025-12-13T00:59:56.757241Z,917.0,CCPXUCJH,824,38,Female,White,United States,United States,United States,English,No,Full-Time,Pass,Pass,Pass,Pass,Pass,Pass,Pass,Pass,Pass,Pass,Pass,Pass,Pass,Pass,N/A,Pass,Pass,Pass
693cb6fd82a43dc38b8dc57e,674cf37224bda3c152954bc3,APPROVED,Not Applicable,2025-12-13T00:44:50.455000Z,2025-12-13T00:59:39.236000Z,2025-12-13T10:55:39.837000Z,2025-12-13T00:59:39.639245Z,889.0,CCPXUCJH,352,74,Female,White,United States,United States,United States,English,No,"Not in paid work (e.g. homemaker', 'retired or disabled)",Pass,Pass,Pass,Pass,Pass,Pass,Pass,Pass,Pass,Pass,Pass,Pass,Pass,Pass,N/A,Pass,Pass,Pass
693cb70a22db278f72e71188,6660f30d9cab7604513cf59b,APPROVED,Not Applicable,2025-12-13T00:45:01.421000Z,2025-12-13T00:59:56.178000Z,2025-12-13T10:55:40.146000Z,2025-12-13T00:59:56.538716Z,895.0,CCPXUCJH,1715,55,Female,White,United States,United States,United States,English,DATA_EXPIRED,DATA_EXPIRED,N/A,Pass,N/A,Pass,Pass,Pass,N/A,N/A,Pass,N/A,Pass,N/A,N/A,Pass,N/A,Pass,Pass,Pass
693cb789d0fae0fa5e7fa65c,663a5c27da2d5c4350225119,APPROVED,Not Applicable,2025-12-13T00:47:10.556000Z,2025-12-13T00:56:46.752000Z,2025-12-13T10:55:40.454000Z,2025-12-13T00:56:47.107120Z,577.0,CCPXUCJH,455,32,Female,White,United States,United States,United States,English,No,Full-Time,Pass,Pass,Pass,Pass,Pass,Pass,Pass,Pass,Pass,Pass,Pass,Pass,Pass,Pass,N/A,Pass,Pass,Pass
693cb82fd28f80cc272eb458,5c4f94452090bd0001c43b93,APPROVED,Not Applicable,2025-12-13T00:49:58.263000Z,2025-12-13T00:57:22.771000Z,2025-12-13T10:55:40.753000Z,2025-12-13T00:57:23.104316Z,445.0,CCPXUCJH,319,48,Male,White,United States,United States,United States,English,DATA_EXPIRED,DATA_EXPIRED,Pass,Pass,Pass,Pass,Pass,Pass,Pass,Pass,Pass,Pass,Pass,Pass,Pass,Pass,N/A,Pass,Pass,Pass
693cb886814bbbc5e2f5c17a,652809036a4ca0c161cda6e7,APPROVED,Not Applicable,2025-12-13T00:51:25.337000Z,2025-12-13T01:05:54.324000Z,2025-12-13T10:55:41.048000Z,2025-12-13T01:05:54.697551Z,869.0,CCPXUCJH,1603,56,Female,White,United States,United States,United States,English,No,Full-Time,Pass,Pass,N/A,Pass,Pass,Pass,N/A,N/A,Pass,Pass,Pass,Pass,Pass,Pass,N/A,Pass,Pass,Pass
693cb8acf6dbda564f0ea081,65cbb49693940ca0627dbc8d,APPROVED,Not Applicable,2025-12-13T00:52:01.916000Z,2025-12-13T01:05:56.298000Z,2025-12-13T10:55:41.371000Z,2025-12-13T01:05:56.653231Z,835.0,CCPXUCJH,790,50,Female,Asian,Philippines,United States,Philippines,English,No,Full-Time,Pass,Pass,Pass,Pass,Pass,Pass,Pass,Pass,Pass,Pass,Pass,Pass,Pass,Pass,N/A,Pass,Pass,Pass
693cb8c520cf9794f504bbd0,66744faaf566bdef7376dbe2,APPROVED,Not Applicable,2025-12-13T00:52:28.871000Z,2025-12-13T01:02:37.974000Z,2025-12-13T10:55:41.684000Z,2025-12-13T01:02:38.326698Z,610.0,CCPXUCJH,232,33,Male,White,United States,United States,United States,English,DATA_EXPIRED,DATA_EXPIRED,Pass,Pass,Pass,Pass,Pass,Pass,Pass,Pass,Pass,Pass,Pass,Pass,Pass,Pass,N/A,Pass,Pass,Pass
693cb8f07cf81528e4568c17,663c1925ab9d8b179a23180e,APPROVED,Not Applicable,2025-12-13T00:53:12.362000Z,2025-12-13T01:07:24.717000Z,2025-12-13T10:55:41.997000Z,2025-12-13T01:07:25.064308Z,853.0,CCPXUCJH,1351,30,Female,White,United States,United States,United States,English,DATA_EXPIRED,Part-Time,Pass,Pass,Pass,Pass,Pass,Pass,N/A,N/A,Pass,Pass,Pass,Pass,Pass,Pass,N/A,Pass,Pass,Pass
693cb96521d8da3404a254e6,5eac4d104476b027d56dab0f,APPROVED,Not Applicable,2025-12-13T00:55:05.221000Z,2025-12-13T01:04:35.172000Z,2025-12-13T10:55:42.319000Z,2025-12-13T01:04:35.499422Z,570.0,CCPXUCJH,706,25,Female,White,United States,United States,United States,English,DATA_EXPIRED,DATA_EXPIRED,Pass,Pass,Pass,Pass,Pass,Pass,Pass,Pass,Pass,Pass,Pass,Pass,Pass,Pass,Pass,Pass,Pass,Pass
693cb9fe3d09cf9a86052696,69260c4b906d9de7bf60ad13,APPROVED,Not Applicable,2025-12-13T00:57:38.292000Z,2025-12-13T01:10:33.903000Z,2025-12-13T10:55:42.624000Z,2025-12-13T01:10:34.253111Z,776.0,CCPXUCJH,55,42,Female,White,United States,United States,DATA_EXPIRED,English,No,Full-Time,Pass,Pass,Pass,Pass,N/A,Pass,Pass,Pass,Pass,Pass,Pass,Pass,Pass,Pass,N/A,Pass,Pass,Pass
693cbaf67e4e8bc19ebf716f,60fce0fcf9abe7218c789734,APPROVED,Not Applicable,2025-12-13T01:01:48.456000Z,2025-12-13T01:15:54.254000Z,2025-12-13T10:55:42.963000Z,2025-12-13T01:15:54.724637Z,846.0,CCPXUCJH,1705,44,Female,White,United States,United States,United States,English,DATA_EXPIRED,Full-Time,N/A,Pass,N/A,Pass,Pass,Pass,Pass,Pass,Pass,N/A,N/A,Pass,N/A,Pass,N/A,Pass,Pass,N/A
693c4eddd173b14fef88bd16,67463480327b48a3f1380669,RETURNED,Not Applicable,2025-12-12T17:20:33.624000Z,,,,,,1747,CONSENT_REVOKED,CONSENT_REVOKED,CONSENT_REVOKED,CONSENT_REVOKED,CONSENT_REVOKED,CONSENT_REVOKED,CONSENT_REVOKED,CONSENT_REVOKED,CONSENT_REVOKED,N/A,N/A,N/A,N/A,N/A,N/A,N/A,N/A,N/A,N/A,N/A,N/A,N/A,N/A,N/A,N/A,N/A,N/A
693c4f0aca287f4225265d87,5d114b7a90c5a6001bcb9cc4,RETURNED,Not Applicable,2025-12-12T17:21:38.195000Z,,,,,,1169,CONSENT_REVOKED,CONSENT_REVOKED,CONSENT_REVOKED,CONSENT_REVOKED,CONSENT_REVOKED,CONSENT_REVOKED,CONSENT_REVOKED,CONSENT_REVOKED,CONSENT_REVOKED,N/A,N/A,N/A,N/A,N/A,N/A,N/A,N/A,N/A,N/A,N/A,N/A,N/A,N/A,N/A,N/A,N/A,N/A
693c50948eb97302b4d451f3,67c772bba14f4251549f67ac,RETURNED,Not Applicable,2025-12-12T17:27:55.804000Z,,,,,,1170,CONSENT_REVOKED,CONSENT_REVOKED,CONSENT_REVOKED,CONSENT_REVOKED,CONSENT_REVOKED,CONSENT_REVOKED,CONSENT_REVOKED,CONSENT_REVOKED,CONSENT_REVOKED,N/A,N/A,N/A,N/A,N/A,N/A,N/A,N/A,N/A,N/A,N/A,N/A,N/A,N/A,N/A,N/A,N/A,N/A
693c50f532a476bcc0d40b61,66674f83d34ba401f9d816f6,RETURNED,Not Applicable,2025-12-12T17:29:34.964000Z,,,,,,1023,CONSENT_REVOKED,CONSENT_REVOKED,CONSENT_REVOKED,CONSENT_REVOKED,CONSENT_REVOKED,CONSENT_REVOKED,CONSENT_REVOKED,CONSENT_REVOKED,CONSENT_REVOKED,N/A,N/A,N/A,N/A,N/A,N/A,N/A,N/A,N/A,N/A,N/A,N/A,N/A,N/A,N/A,N/A,N/A,N/A
693c52558bfd757f29c308f4,66ecf649cbc71dbfff238e2a,RETURNED,Not Applicable,2025-12-12T17:35:20.730000Z,,,,,,679,CONSENT_REVOKED,CONSENT_REVOKED,CONSENT_REVOKED,CONSENT_REVOKED,CONSENT_REVOKED,CONSENT_REVOKED,CONSENT_REVOKED,CONSENT_REVOKED,CONSENT_REVOKED,N/A,N/A,N/A,N/A,N/A,N/A,N/A,N/A,N/A,N/A,N/A,N/A,N/A,N/A,N/A,N/A,N/A,N/A
693c55cffc8b5e2f46a76f81,657db19ca4e2e63c2eb7296f,RETURNED,Not Applicable,2025-12-12T17:50:16.110000Z,,,,,,1454,CONSENT_REVOKED,CONSENT_REVOKED,CONSENT_REVOKED,CONSENT_REVOKED,CONSENT_REVOKED,CONSENT_REVOKED,CONSENT_REVOKED,CONSENT_REVOKED,CONSENT_REVOKED,N/A,N/A,N/A,N/A,N/A,N/A,N/A,N/A,N/A,N/A,N/A,N/A,N/A,N/A,N/A,N/A,N/A,N/A
693c55f461dfbb24d403cac3,661148570d4e4428249eba3e,RETURNED,Not Applicable,2025-12-12T17:50:54.609000Z,,,,,,758,CONSENT_REVOKED,CONSENT_REVOKED,CONSENT_REVOKED,CONSENT_REVOKED,CONSENT_REVOKED,CONSENT_REVOKED,CONSENT_REVOKED,CONSENT_REVOKED,CONSENT_REVOKED,N/A,N/A,N/A,N/A,N/A,N/A,N/A,N/A,N/A,N/A,N/A,N/A,N/A,N/A,N/A,N/A,N/A,N/A
693c5816987d4f0ebf880ef3,674a0511306f35a4aa99b9cd,RETURNED,Not Applicable,2025-12-12T18:05:42.710000Z,,,,,,1566,CONSENT_REVOKED,CONSENT_REVOKED,CONSENT_REVOKED,CONSENT_REVOKED,CONSENT_REVOKED,CONSENT_REVOKED,CONSENT_REVOKED,CONSENT_REVOKED,CONSENT_REVOKED,N/A,N/A,N/A,N/A,N/A,N/A,N/A,N/A,N/A,N/A,N/A,N/A,N/A,N/A,N/A,N/A,N/A,N/A
693c59029afbcd22b69c3a05,65fd19896d58d64c0d8cbc3c,TIMED-OUT,Not Applicable,2025-12-12T18:03:49.497000Z,,,,158857.0,,1910,44,Male,Asian,Singapore,United States,Singapore,English,No,Full-Time,N/A,N/A,N/A,N/A,N/A,N/A,N/A,N/A,N/A,N/A,N/A,N/A,N/A,N/A,N/A,N/A,N/A,N/A
693c59e6145030d0e810ee1e,62a8c0c093226bb856654f11,RETURNED,Not Applicable,2025-12-12T18:07:40.286000Z,,,,,,1832,CONSENT_REVOKED,CONSENT_REVOKED,CONSENT_REVOKED,CONSENT_REVOKED,CONSENT_REVOKED,CONSENT_REVOKED,CONSENT_REVOKED,CONSENT_REVOKED,CONSENT_REVOKED,N/A,N/A,N/A,N/A,N/A,N/A,N/A,N/A,N/A,N/A,N/A,N/A,N/A,N/A,N/A,N/A,N/A,N/A
693c5a5eff6a12f039b47614,68b15013c20781db32cb7ece,RETURNED,Not Applicable,2025-12-12T18:09:37.656000Z,2025-12-12T18:21:06.864000Z,,2025-12-12T18:21:07.282000Z,,CCPXUCJH,654,CONSENT_REVOKED,CONSENT_REVOKED,CONSENT_REVOKED,CONSENT_REVOKED,CONSENT_REVOKED,CONSENT_REVOKED,CONSENT_REVOKED,CONSENT_REVOKED,CONSENT_REVOKED,Pass,Pass,Pass,Pass,Pass,Pass,Pass,Pass,Pass,Pass,Pass,Pass,Pass,Pass,N/A,Pass,Pass,Pass
693c5d6f3684a0ecd6e2eb74,67ffe7ee37d3872d3a58e34c,RETURNED,Not Applicable,2025-12-12T18:25:19.671000Z,,,,,,1697,CONSENT_REVOKED,CONSENT_REVOKED,CONSENT_REVOKED,CONSENT_REVOKED,CONSENT_REVOKED,CONSENT_REVOKED,CONSENT_REVOKED,CONSENT_REVOKED,CONSENT_REVOKED,N/A,N/A,N/A,N/A,N/A,N/A,N/A,N/A,N/A,N/A,N/A,N/A,N/A,N/A,N/A,N/A,N/A,N/A
693c5d7c07250db7ac915611,6780099a3882d9a086755003,TIMED-OUT,Not Applicable,2025-12-12T18:23:21.512000Z,,,,157685.0,,813,58,Female,White,United Kingdom,United States,United Kingdom,English,No,Other,N/A,N/A,N/A,N/A,N/A,N/A,N/A,N/A,N/A,N/A,N/A,N/A,N/A,N/A,N/A,N/A,N/A,N/A
693c5d7fd8b4f2aa19ac9bac,5d029dce2e09e800191a12ec,RETURNED,Not Applicable,2025-12-12T18:22:59.601000Z,,,,,,1835,CONSENT_REVOKED,CONSENT_REVOKED,CONSENT_REVOKED,CONSENT_REVOKED,CONSENT_REVOKED,CONSENT_REVOKED,CONSENT_REVOKED,CONSENT_REVOKED,CONSENT_REVOKED,N/A,N/A,N/A,N/A,N/A,N/A,N/A,N/A,N/A,N/A,N/A,N/A,N/A,N/A,N/A,N/A,N/A,N/A
693c5dca240ff2d1d7e26603,5f3a94e729c8456caba57036,RETURNED,Not Applicable,2025-12-12T18:26:30.411000Z,,,,,,1717,CONSENT_REVOKED,CONSENT_REVOKED,CONSENT_REVOKED,CONSENT_REVOKED,CONSENT_REVOKED,CONSENT_REVOKED,CONSENT_REVOKED,CONSENT_REVOKED,CONSENT_REVOKED,N/A,N/A,N/A,N/A,N/A,N/A,N/A,N/A,N/A,N/A,N/A,N/A,N/A,N/A,N/A,N/A,N/A,N/A
693c5e1e35aff2779cc85562,66cb4f58e9880a1fcf7bf516,RETURNED,Not Applicable,2025-12-12T18:25:42.217000Z,,,,,,765,CONSENT_REVOKED,CONSENT_REVOKED,CONSENT_REVOKED,CONSENT_REVOKED,CONSENT_REVOKED,CONSENT_REVOKED,CONSENT_REVOKED,CONSENT_REVOKED,CONSENT_REVOKED,N/A,N/A,N/A,N/A,N/A,N/A,N/A,N/A,N/A,N/A,N/A,N/A,N/A,N/A,N/A,N/A,N/A,N/A
693c5ea41696bb81f9493e1b,67be4c756ba3a15a47e60356,RETURNED,Not Applicable,2025-12-12T18:28:03.281000Z,,,,,,1782,CONSENT_REVOKED,CONSENT_REVOKED,CONSENT_REVOKED,CONSENT_REVOKED,CONSENT_REVOKED,CONSENT_REVOKED,CONSENT_REVOKED,CONSENT_REVOKED,CONSENT_REVOKED,N/A,N/A,N/A,N/A,N/A,N/A,N/A,N/A,N/A,N/A,N/A,N/A,N/A,N/A,N/A,N/A,N/A,N/A
693c608a4af0d51915f4bb5b,5f358e731ac47958a6253a1d,RETURNED,Not Applicable,2025-12-12T18:35:57.700000Z,,,,,,1593,CONSENT_REVOKED,CONSENT_REVOKED,CONSENT_REVOKED,CONSENT_REVOKED,CONSENT_REVOKED,CONSENT_REVOKED,CONSENT_REVOKED,CONSENT_REVOKED,CONSENT_REVOKED,N/A,N/A,N/A,N/A,N/A,N/A,N/A,N/A,N/A,N/A,N/A,N/A,N/A,N/A,N/A,N/A,N/A,N/A
693c619b61dfbb24d403cbcf,6737e1bf889b60aa5f9ec0be,RETURNED,Not Applicable,2025-12-12T18:51:00.020000Z,,,,,,1186,CONSENT_REVOKED,CONSENT_REVOKED,CONSENT_REVOKED,CONSENT_REVOKED,CONSENT_REVOKED,CONSENT_REVOKED,CONSENT_REVOKED,CONSENT_REVOKED,CONSENT_REVOKED,N/A,N/A,N/A,N/A,N/A,N/A,N/A,N/A,N/A,N/A,N/A,N/A,N/A,N/A,N/A,N/A,N/A,N/A
693c62c8a5e04c8715d16981,663cb982130f1384c9988214,RETURNED,Not Applicable,2025-12-12T18:45:34.874000Z,,,,,,1013,CONSENT_REVOKED,CONSENT_REVOKED,CONSENT_REVOKED,CONSENT_REVOKED,CONSENT_REVOKED,CONSENT_REVOKED,CONSENT_REVOKED,CONSENT_REVOKED,CONSENT_REVOKED,N/A,N/A,N/A,N/A,N/A,N/A,N/A,N/A,N/A,N/A,N/A,N/A,N/A,N/A,N/A,N/A,N/A,N/A
693c63998d9cd0b419d60278,5c5605954831db0001620d14,RETURNED,Not Applicable,2025-12-12T18:49:06.358000Z,,,,,,111,CONSENT_REVOKED,CONSENT_REVOKED,CONSENT_REVOKED,CONSENT_REVOKED,CONSENT_REVOKED,CONSENT_REVOKED,CONSENT_REVOKED,CONSENT_REVOKED,CONSENT_REVOKED,N/A,N/A,N/A,N/A,N/A,N/A,N/A,N/A,N/A,N/A,N/A,N/A,N/A,N/A,N/A,N/A,N/A,N/A
693c63ff5670c508c3c714d4,6914df1f7e1a1cc02c9b27b2,RETURNED,Not Applicable,2025-12-12T18:50:44.100000Z,,,,,,145,CONSENT_REVOKED,CONSENT_REVOKED,CONSENT_REVOKED,CONSENT_REVOKED,CONSENT_REVOKED,CONSENT_REVOKED,CONSENT_REVOKED,CONSENT_REVOKED,CONSENT_REVOKED,N/A,N/A,N/A,N/A,N/A,N/A,N/A,N/A,N/A,N/A,N/A,N/A,N/A,N/A,N/A,N/A,N/A,N/A
693c6643fcf8101481fee1f6,63c2fa5b78993a3a14e5e1c3,RETURNED,Not Applicable,2025-12-12T19:02:46.785000Z,,,,,,776,CONSENT_REVOKED,CONSENT_REVOKED,CONSENT_REVOKED,CONSENT_REVOKED,CONSENT_REVOKED,CONSENT_REVOKED,CONSENT_REVOKED,CONSENT_REVOKED,CONSENT_REVOKED,N/A,N/A,N/A,N/A,N/A,N/A,N/A,N/A,N/A,N/A,N/A,N/A,N/A,N/A,N/A,N/A,N/A,N/A
693c67d8442f7e0dc6235a91,66ca77e04c688133c0d0acef,RETURNED,Not Applicable,2025-12-12T19:07:10.095000Z,,,,,,430,CONSENT_REVOKED,CONSENT_REVOKED,CONSENT_REVOKED,CONSENT_REVOKED,CONSENT_REVOKED,CONSENT_REVOKED,CONSENT_REVOKED,CONSENT_REVOKED,CONSENT_REVOKED,N/A,N/A,N/A,N/A,N/A,N/A,N/A,N/A,N/A,N/A,N/A,N/A,N/A,N/A,N/A,N/A,N/A,N/A
693c6b850ac76711e88d47b0,677317a5e11a1e2ab07f415e,RETURNED,Not Applicable,2025-12-12T19:22:52.178000Z,,,,,,59,CONSENT_REVOKED,CONSENT_REVOKED,CONSENT_REVOKED,CONSENT_REVOKED,CONSENT_REVOKED,CONSENT_REVOKED,CONSENT_REVOKED,CONSENT_REVOKED,CONSENT_REVOKED,N/A,N/A,N/A,N/A,N/A,N/A,N/A,N/A,N/A,N/A,N/A,N/A,N/A,N/A,N/A,N/A,N/A,N/A
693c6d74feb4af65795325f0,65f9e9e91c916b2d5a3d300f,RETURNED,Not Applicable,2025-12-12T19:31:05.521000Z,,,,,,1308,CONSENT_REVOKED,CONSENT_REVOKED,CONSENT_REVOKED,CONSENT_REVOKED,CONSENT_REVOKED,CONSENT_REVOKED,CONSENT_REVOKED,CONSENT_REVOKED,CONSENT_REVOKED,N/A,N/A,N/A,N/A,N/A,N/A,N/A,N/A,N/A,N/A,N/A,N/A,N/A,N/A,N/A,N/A,N/A,N/A
693c7774dba15b50a00241f9,610300c9a25ce7cd4ea0f0dd,RETURNED,Not Applicable,2025-12-12T20:13:48.954000Z,,,,,,524,CONSENT_REVOKED,CONSENT_REVOKED,CONSENT_REVOKED,CONSENT_REVOKED,CONSENT_REVOKED,CONSENT_REVOKED,CONSENT_REVOKED,CONSENT_REVOKED,CONSENT_REVOKED,N/A,N/A,N/A,N/A,N/A,N/A,N/A,N/A,N/A,N/A,N/A,N/A,N/A,N/A,N/A,N/A,N/A,N/A
693c77f0de5816f3ae269a5f,666883e7cd549b6798159085,RETURNED,Not Applicable,2025-12-12T20:16:07.021000Z,,,,,,1893,CONSENT_REVOKED,CONSENT_REVOKED,CONSENT_REVOKED,CONSENT_REVOKED,CONSENT_REVOKED,CONSENT_REVOKED,CONSENT_REVOKED,CONSENT_REVOKED,CONSENT_REVOKED,N/A,N/A,N/A,N/A,N/A,N/A,N/A,N/A,N/A,N/A,N/A,N/A,N/A,N/A,N/A,N/A,N/A,N/A
693c782c0912e228da97cd06,664b9ce660fb9376b55d0ca0,RETURNED,Not Applicable,2025-12-12T20:16:49.905000Z,,,,,,1557,CONSENT_REVOKED,CONSENT_REVOKED,CONSENT_REVOKED,CONSENT_REVOKED,CONSENT_REVOKED,CONSENT_REVOKED,CONSENT_REVOKED,CONSENT_REVOKED,CONSENT_REVOKED,N/A,N/A,N/A,N/A,N/A,N/A,N/A,N/A,N/A,N/A,N/A,N/A,N/A,N/A,N/A,N/A,N/A,N/A
693c79d87510d19aabb59f9e,60182dbd804fd3028b601888,RETURNED,Not Applicable,2025-12-12T20:23:55.672000Z,,,,,,1943,CONSENT_REVOKED,CONSENT_REVOKED,CONSENT_REVOKED,CONSENT_REVOKED,CONSENT_REVOKED,CONSENT_REVOKED,CONSENT_REVOKED,CONSENT_REVOKED,CONSENT_REVOKED,N/A,N/A,N/A,N/A,N/A,N/A,N/A,N/A,N/A,N/A,N/A,N/A,N/A,N/A,N/A,N/A,N/A,N/A
693c7bff4a25dbd7634e9d9a,66dbe0d85afada72ecb65638,TIMED-OUT,Not Applicable,2025-12-12T20:33:08.175000Z,,,,149898.0,,1310,40,Female,White,United States,United States,United States,English,Yes,Full-Time,N/A,N/A,N/A,N/A,N/A,N/A,N/A,N/A,N/A,N/A,N/A,N/A,N/A,N/A,N/A,N/A,N/A,N/A
693c7dd77e4e8bc19ebf605e,651eb3bc379e71c4df3b95a7,RETURNED,Not Applicable,2025-12-12T20:40:59.654000Z,,,,,,1777,CONSENT_REVOKED,CONSENT_REVOKED,CONSENT_REVOKED,CONSENT_REVOKED,CONSENT_REVOKED,CONSENT_REVOKED,CONSENT_REVOKED,CONSENT_REVOKED,CONSENT_REVOKED,N/A,N/A,N/A,N/A,N/A,N/A,N/A,N/A,N/A,N/A,N/A,N/A,N/A,N/A,N/A,N/A,N/A,N/A
693c7e3b5d41b5927ea02196,66ec8e51c2ec44bb3de26c8f,RETURNED,Not Applicable,2025-12-12T20:42:38.605000Z,,,,,,477,CONSENT_REVOKED,CONSENT_REVOKED,CONSENT_REVOKED,CONSENT_REVOKED,CONSENT_REVOKED,CONSENT_REVOKED,CONSENT_REVOKED,CONSENT_REVOKED,CONSENT_REVOKED,N/A,N/A,N/A,N/A,N/A,N/A,N/A,N/A,N/A,N/A,N/A,N/A,N/A,N/A,N/A,N/A,N/A,N/A
693c8059fabafc0e0907a05c,66721482085d16a4f7982735,RETURNED,Not Applicable,,,,,,,467,CONSENT_REVOKED,CONSENT_REVOKED,CONSENT_REVOKED,CONSENT_REVOKED,CONSENT_REVOKED,CONSENT_REVOKED,CONSENT_REVOKED,CONSENT_REVOKED,CONSENT_REVOKED,N/A,N/A,N/A,N/A,N/A,N/A,N/A,N/A,N/A,N/A,N/A,N/A,N/A,N/A,N/A,N/A,N/A,N/A
693c81100a325d9c4c7c77c0,65e537f5dbc347495ce3c059,RETURNED,Not Applicable,2025-12-12T20:54:44.719000Z,,,,,,1917,CONSENT_REVOKED,CONSENT_REVOKED,CONSENT_REVOKED,CONSENT_REVOKED,CONSENT_REVOKED,CONSENT_REVOKED,CONSENT_REVOKED,CONSENT_REVOKED,CONSENT_REVOKED,N/A,N/A,N/A,N/A,N/A,N/A,N/A,N/A,N/A,N/A,N/A,N/A,N/A,N/A,N/A,N/A,N/A,N/A
693c81535d2f83222f27b67a,675758f40df8b09c8aa98ad0,RETURNED,Not Applicable,2025-12-12T20:55:52.607000Z,,,,,,994,CONSENT_REVOKED,CONSENT_REVOKED,CONSENT_REVOKED,CONSENT_REVOKED,CONSENT_REVOKED,CONSENT_REVOKED,CONSENT_REVOKED,CONSENT_REVOKED,CONSENT_REVOKED,N/A,N/A,N/A,N/A,N/A,N/A,N/A,N/A,N/A,N/A,N/A,N/A,N/A,N/A,N/A,N/A,N/A,N/A
693c8425d325037f04a3c380,66ad0622a01f2abd9a388052,RETURNED,Not Applicable,2025-12-12T21:07:56.654000Z,,,,,,575,CONSENT_REVOKED,CONSENT_REVOKED,CONSENT_REVOKED,CONSENT_REVOKED,CONSENT_REVOKED,CONSENT_REVOKED,CONSENT_REVOKED,CONSENT_REVOKED,CONSENT_REVOKED,N/A,N/A,N/A,N/A,N/A,N/A,N/A,N/A,N/A,N/A,N/A,N/A,N/A,N/A,N/A,N/A,N/A,N/A
693c86fb306a15918bac8dca,6695567cc7f44b2c663bfc80,RETURNED,Not Applicable,2025-12-12T21:19:58.616000Z,,,,,,544,CONSENT_REVOKED,CONSENT_REVOKED,CONSENT_REVOKED,CONSENT_REVOKED,CONSENT_REVOKED,CONSENT_REVOKED,CONSENT_REVOKED,CONSENT_REVOKED,CONSENT_REVOKED,N/A,N/A,N/A,N/A,N/A,N/A,N/A,N/A,N/A,N/A,N/A,N/A,N/A,N/A,N/A,N/A,N/A,N/A
693c8929248cb7e44dac40fb,66ec435b31d35555dcea2f87,TIMED-OUT,Not Applicable,2025-12-12T21:29:21.295000Z,,,,146526.0,,1416,40,Male,White,United States,United States,United States,English,DATA_EXPIRED,Full-Time,N/A,N/A,N/A,N/A,N/A,N/A,N/A,N/A,N/A,N/A,N/A,N/A,N/A,N/A,N/A,N/A,N/A,N/A
693c8e22a75229d2f9f6faa7,5f83aa68ed5575548c117363,RETURNED,Not Applicable,2025-12-12T21:50:29.808000Z,,,,,,1914,CONSENT_REVOKED,CONSENT_REVOKED,CONSENT_REVOKED,CONSENT_REVOKED,CONSENT_REVOKED,CONSENT_REVOKED,CONSENT_REVOKED,CONSENT_REVOKED,CONSENT_REVOKED,N/A,N/A,N/A,N/A,N/A,N/A,N/A,N/A,N/A,N/A,N/A,N/A,N/A,N/A,N/A,N/A,N/A,N/A
693c8e24f681aee9375b74b6,67ad400f3989d013fbbdc466,RETURNED,Not Applicable,2025-12-12T21:50:32.100000Z,,,,,,1841,CONSENT_REVOKED,CONSENT_REVOKED,CONSENT_REVOKED,CONSENT_REVOKED,CONSENT_REVOKED,CONSENT_REVOKED,CONSENT_REVOKED,CONSENT_REVOKED,CONSENT_REVOKED,N/A,N/A,N/A,N/A,N/A,N/A,N/A,N/A,N/A,N/A,N/A,N/A,N/A,N/A,N/A,N/A,N/A,N/A
693c9647ad37b614531eff44,67293caa51ad7e5f7c2153c9,RETURNED,Not Applicable,2025-12-12T22:26:52.628000Z,,,,,,1083,CONSENT_REVOKED,CONSENT_REVOKED,CONSENT_REVOKED,CONSENT_REVOKED,CONSENT_REVOKED,CONSENT_REVOKED,CONSENT_REVOKED,CONSENT_REVOKED,CONSENT_REVOKED,N/A,N/A,N/A,N/A,N/A,N/A,N/A,N/A,N/A,N/A,N/A,N/A,N/A,N/A,N/A,N/A,N/A,N/A
693c9b2ebefc488eac27b525,633f63a85f73534dbcfa5ae5,RETURNED,Not Applicable,2025-12-12T22:46:10.811000Z,,,,,,968,CONSENT_REVOKED,CONSENT_REVOKED,CONSENT_REVOKED,CONSENT_REVOKED,CONSENT_REVOKED,CONSENT_REVOKED,CONSENT_REVOKED,CONSENT_REVOKED,CONSENT_REVOKED,N/A,N/A,N/A,N/A,N/A,N/A,N/A,N/A,N/A,N/A,N/A,N/A,N/A,N/A,N/A,N/A,N/A,N/A
693c9d62939fd2f9ae1e9286,675d9d043beb7d0077f15274,RETURNED,Not Applicable,2025-12-12T22:55:40.313000Z,,,,,,1044,CONSENT_REVOKED,CONSENT_REVOKED,CONSENT_REVOKED,CONSENT_REVOKED,CONSENT_REVOKED,CONSENT_REVOKED,CONSENT_REVOKED,CONSENT_REVOKED,CONSENT_REVOKED,N/A,N/A,N/A,N/A,N/A,N/A,N/A,N/A,N/A,N/A,N/A,N/A,N/A,N/A,N/A,N/A,N/A,N/A
693c9ef7119a842ddda7838e,62ed3b25068457fa24a6a44e,RETURNED,Not Applicable,2025-12-12T23:02:19.372000Z,,,,,,262,CONSENT_REVOKED,CONSENT_REVOKED,CONSENT_REVOKED,CONSENT_REVOKED,CONSENT_REVOKED,CONSENT_REVOKED,CONSENT_REVOKED,CONSENT_REVOKED,CONSENT_REVOKED,N/A,N/A,N/A,N/A,N/A,N/A,N/A,N/A,N/A,N/A,N/A,N/A,N/A,N/A,N/A,N/A,N/A,N/A
693c9f9771ad4284ef2f4daa,65f3b9b0a622d1c75930b1df,RETURNED,Not Applicable,2025-12-12T23:15:00.026000Z,,,,,,1923,CONSENT_REVOKED,CONSENT_REVOKED,CONSENT_REVOKED,CONSENT_REVOKED,CONSENT_REVOKED,CONSENT_REVOKED,CONSENT_REVOKED,CONSENT_REVOKED,CONSENT_REVOKED,N/A,N/A,N/A,N/A,N/A,N/A,N/A,N/A,N/A,N/A,N/A,N/A,N/A,N/A,N/A,N/A,N/A,N/A
693ca09e75cd4e90202c300f,6643cbd6903cfc9bd5d0be09,RETURNED,Not Applicable,2025-12-12T23:09:21.543000Z,,,,,,1653,CONSENT_REVOKED,CONSENT_REVOKED,CONSENT_REVOKED,CONSENT_REVOKED,CONSENT_REVOKED,CONSENT_REVOKED,CONSENT_REVOKED,CONSENT_REVOKED,CONSENT_REVOKED,N/A,N/A,N/A,N/A,N/A,N/A,N/A,N/A,N/A,N/A,N/A,N/A,N/A,N/A,N/A,N/A,N/A,N/A
693ca1e2fabafc0e0907a47e,67dfd2986014ad9eaa886f26,RETURNED,Not Applicable,2025-12-12T23:17:05.467000Z,,,,,,1055,CONSENT_REVOKED,CONSENT_REVOKED,CONSENT_REVOKED,CONSENT_REVOKED,CONSENT_REVOKED,CONSENT_REVOKED,CONSENT_REVOKED,CONSENT_REVOKED,CONSENT_REVOKED,N/A,N/A,N/A,N/A,N/A,N/A,N/A,N/A,N/A,N/A,N/A,N/A,N/A,N/A,N/A,N/A,N/A,N/A
693ca206749f11876eeb30d7,662fbb8321837cccce72a3c1,RETURNED,Not Applicable,2025-12-12T23:15:25.274000Z,,,,,,1414,CONSENT_REVOKED,CONSENT_REVOKED,CONSENT_REVOKED,CONSENT_REVOKED,CONSENT_REVOKED,CONSENT_REVOKED,CONSENT_REVOKED,CONSENT_REVOKED,CONSENT_REVOKED,N/A,N/A,N/A,N/A,N/A,N/A,N/A,N/A,N/A,N/A,N/A,N/A,N/A,N/A,N/A,N/A,N/A,N/A
693ca25c397cc2e3cfd4f7ff,673a7cd25357222f0e712b62,RETURNED,Not Applicable,2025-12-12T23:16:48.561000Z,,,,,,934,CONSENT_REVOKED,CONSENT_REVOKED,CONSENT_REVOKED,CONSENT_REVOKED,CONSENT_REVOKED,CONSENT_REVOKED,CONSENT_REVOKED,CONSENT_REVOKED,CONSENT_REVOKED,N/A,N/A,N/A,N/A,N/A,N/A,N/A,N/A,N/A,N/A,N/A,N/A,N/A,N/A,N/A,N/A,N/A,N/A
693ca3fdbbc07881722cc009,67e065974c85fbeb5f9f43be,RETURNED,Not Applicable,,,,,,,1326,CONSENT_REVOKED,CONSENT_REVOKED,CONSENT_REVOKED,CONSENT_REVOKED,CONSENT_REVOKED,CONSENT_REVOKED,CONSENT_REVOKED,CONSENT_REVOKED,CONSENT_REVOKED,N/A,N/A,N/A,N/A,N/A,N/A,N/A,N/A,N/A,N/A,N/A,N/A,N/A,N/A,N/A,N/A,N/A,N/A
693ca82c78e3f939ff3c6db3,60bb04ed35e61c70030abac3,RETURNED,Not Applicable,2025-12-12T23:41:37.364000Z,,,,,,1799,CONSENT_REVOKED,CONSENT_REVOKED,CONSENT_REVOKED,CONSENT_REVOKED,CONSENT_REVOKED,CONSENT_REVOKED,CONSENT_REVOKED,CONSENT_REVOKED,CONSENT_REVOKED,N/A,N/A,N/A,N/A,N/A,N/A,N/A,N/A,N/A,N/A,N/A,N/A,N/A,N/A,N/A,N/A,N/A,N/A
693cab3fbe9d0e8dc0b72205,6078163f1e585e4f71e3b879,RETURNED,Not Applicable,2025-12-12T23:54:43.157000Z,,,,,,1993,CONSENT_REVOKED,CONSENT_REVOKED,CONSENT_REVOKED,CONSENT_REVOKED,CONSENT_REVOKED,CONSENT_REVOKED,CONSENT_REVOKED,CONSENT_REVOKED,CONSENT_REVOKED,N/A,N/A,N/A,N/A,N/A,N/A,N/A,N/A,N/A,N/A,N/A,N/A,N/A,N/A,N/A,N/A,N/A,N/A
693cabc0e63dc5d03ca272f2,66ea541ae4dd69eb463e6d59,RETURNED,Not Applicable,2025-12-12T23:56:53.379000Z,,,,,,457,CONSENT_REVOKED,CONSENT_REVOKED,CONSENT_REVOKED,CONSENT_REVOKED,CONSENT_REVOKED,CONSENT_REVOKED,CONSENT_REVOKED,CONSENT_REVOKED,CONSENT_REVOKED,N/A,N/A,N/A,N/A,N/A,N/A,N/A,N/A,N/A,N/A,N/A,N/A,N/A,N/A,N/A,N/A,N/A,N/A
693caed632d6b8eed16ae227,66babf8c3ca3ba306251e432,RETURNED,Not Applicable,2025-12-13T00:10:08.167000Z,,,,,,1134,CONSENT_REVOKED,CONSENT_REVOKED,CONSENT_REVOKED,CONSENT_REVOKED,CONSENT_REVOKED,CONSENT_REVOKED,CONSENT_REVOKED,CONSENT_REVOKED,CONSENT_REVOKED,N/A,N/A,N/A,N/A,N/A,N/A,N/A,N/A,N/A,N/A,N/A,N/A,N/A,N/A,N/A,N/A,N/A,N/A
693caf50119a842ddda785d6,67dc8ad530b342275638eaa6,TIMED-OUT,Not Applicable,2025-12-13T00:12:12.523000Z,,,,136755.0,,157,29,Male,White,United States,United States,United States,English,No,Full-Time,Pass,Pass,N/A,Pass,Pass,Pass,Pass,Pass,Pass,N/A,Pass,Pass,N/A,Pass,N/A,Pass,Pass,Pass
693cb44274215449e65692c0,66515fd539f7b5b6cff2dd8d,RETURNED,Not Applicable,2025-12-13T00:33:26.039000Z,,,,,,843,CONSENT_REVOKED,CONSENT_REVOKED,CONSENT_REVOKED,CONSENT_REVOKED,CONSENT_REVOKED,CONSENT_REVOKED,CONSENT_REVOKED,CONSENT_REVOKED,CONSENT_REVOKED,N/A,N/A,N/A,N/A,N/A,N/A,N/A,N/A,N/A,N/A,N/A,N/A,N/A,N/A,N/A,N/A,N/A,N/A
693cb764e5ae8b09a84bd60f,678fae0185832a6eb332af06,RETURNED,Not Applicable,2025-12-13T00:46:31.511000Z,2025-12-13T00:58:44.484000Z,,2025-12-13T00:58:44.807000Z,,CCPXUCJH,982,CONSENT_REVOKED,CONSENT_REVOKED,CONSENT_REVOKED,CONSENT_REVOKED,CONSENT_REVOKED,CONSENT_REVOKED,CONSENT_REVOKED,CONSENT_REVOKED,CONSENT_REVOKED,N/A,Pass,N/A,Pass,Pass,Pass,N/A,Pass,Pass,Pass,Pass,Pass,Pass,Pass,N/A,Pass,N/A,N/A
