StartDate,EndDate,Status,IPAddress,Progress,Duration (in seconds),Finished,RecordedDate,ResponseId,RecipientLastName,RecipientFirstName,RecipientEmail,ExternalReference,LocationLatitude,LocationLongitude,DistributionChannel,UserLanguage,Q_RecaptchaScore,free_consent,attention_check,quiz phase instruc,Q133,Q1.1,Q1.2,Q1.3,Q1.4,Q1.5,Q1000,Q135,Q2.1,Q2.2,Q2.3,Q2.4,Q2.5,Q136,Q3.1,Q3.2,Q3.3,Q3.4,Q3.5,"instructions_1 ",hidden_Q1_matrix_1,hidden_Q1_matrix_2,hidden_Q1_matrix_3,hidden_Q1_matrix_4,hidden_Q1_matrix_5,6_stim_seen,6_judgement_matrix_x1,6_judgement_matrix_x2,6_judgement_matrix_x3,6_judgement_matrix_x4,6_judgement_matrix_x5,6_difficulty_1,7_stim_seen,7_judgement_matrix_x1,7_judgement_matrix_x2,7_judgement_matrix_x3,7_judgement_matrix_x4,7_judgement_matrix_x5,7_difficulty_1,8_stim_seen,8_judgement_matrix_x1,8_judgement_matrix_x2,8_judgement_matrix_x3,8_judgement_matrix_x4,8_judgement_matrix_x5,8_difficulty_1,9_stim_seen,9_judgement_matrix_x1,9_judgement_matrix_x2,9_judgement_matrix_x3,9_judgement_matrix_x4,9_judgement_matrix_x5,9_difficulty_1,10_stim_seen,10_judgement_matrix_x1,10_judgement_matrix_x2,10_judgement_matrix_x3,10_judgement_matrix_x4,10_judgement_matrix_x5,10_difficulty_1,21_stim_seen,21_judgement_matrix_x1,21_judgement_matrix_x2,21_judgement_matrix_x3,21_judgement_matrix_x4,21_judgement_matrix_x5,21_difficulty_1,22_stim_seen,22_judgement_matrix_x1,22_judgement_matrix_x2,22_judgement_matrix_x3,22_judgement_matrix_x4,22_judgement_matrix_x5,22_difficulty_1,23_stim_seen,23_judgement_matrix_x1,23_judgement_matrix_x2,23_judgement_matrix_x3,23_judgement_matrix_x4,23_judgement_matrix_x5,23_difficulty_1,24_stim_seen,24_judgement_matrix_x1,24_judgement_matrix_x2,24_judgement_matrix_x3,24_judgement_matrix_x4,24_judgement_matrix_x5,24_difficulty_1,25_stim_seen,25_judgement_matrix_x1,25_judgement_matrix_x2,25_judgement_matrix_x3,25_judgement_matrix_x4,25_judgement_matrix_x5,25_difficulty_1,26_stim_seen,26_judgement_matrix_x1,26_judgement_matrix_x2,26_judgement_matrix_x3,26_judgement_matrix_x4,26_judgement_matrix_x5,26_difficulty_1,28_stim_seen,28_judgement_matrix_x1,28_judgement_matrix_x2,28_judgement_matrix_x3,28_judgement_matrix_x4,28_judgement_matrix_x5,28_difficulty_1,30_stim_seen,30_judgement_matrix_x1,30_judgement_matrix_x2,30_judgement_matrix_x3,30_judgement_matrix_x4,30_judgement_matrix_x5,30_difficulty_1,32_stim_seen,32_judgement_matrix_x1,32_judgement_matrix_x2,32_judgement_matrix_x3,32_judgement_matrix_x4,32_judgement_matrix_x5,32_difficulty_1,34_stim_seen,34_judgement_matrix_x1,34_judgement_matrix_x2,34_judgement_matrix_x3,34_judgement_matrix_x4,34_judgement_matrix_x5,34_difficulty_1,36_stim_seen,36_judgement_matrix_x1,36_judgement_matrix_x2,36_judgement_matrix_x3,36_judgement_matrix_x4,36_judgement_matrix_x5,36_difficulty_1,38_stim_seen,38_judgement_matrix_x1,38_judgement_matrix_x2,38_judgement_matrix_x3,38_judgement_matrix_x4,38_judgement_matrix_x5,38_difficulty_1,40_stim_seen,40_judgement_matrix_x1,40_judgement_matrix_x2,40_judgement_matrix_x3,40_judgement_matrix_x4,40_judgement_matrix_x5,40_difficulty_1,42_stim_seen,42_judgement_matrix_x1,42_judgement_matrix_x2,42_judgement_matrix_x3,42_judgement_matrix_x4,42_judgement_matrix_x5,42_difficulty_1,44_stim_seen,44_judgement_matrix_x1,44_judgement_matrix_x2,44_judgement_matrix_x3,44_judgement_matrix_x4,44_judgement_matrix_x5,44_difficulty_1,used_calculator ,thanks,SC0,PROLIFIC_PID,QuizPhaseCondition,Quiz2Limit,Quiz3Limit,Q1.1,Q1.2,Q1.3,Q1.4,Q1.5,Qtest,Q2.1,Q2.2,Q2.3,Q2.4,Q2.5,Q3.1,Q3.2,Q3.3,Q3.4,Q3.5,TimeOnQuestion1.1,TimeOnQuestion1.2,TimeOnQuestion1.3,TimeOnQuestion1.4,TimeOnQuestion1.5,TimeOnQuestion2.1,TimeOnQuestion2.2,TimeOnQuestion2.3,TimeOnQuestion2.4,TimeOnQuestion2.5,TimeOnQuestion3.1,TimeOnQuestion3.2,TimeOnQuestion3.3,TimeOnQuestion3.4,TimeOnQuestion3.5,TimeOnQuestion1000,Answer1.1,Answer1.2,Answer1.3,Answer1.4,Answer1.5,Answer2.1,Answer2.2,Answer2.3,Answer2.4,Answer2.5,Answer3.1,Answer3.2,Answer3.3,Answer3.4,Answer3.5,Answer1000
Start Date,End Date,Response Type,IP Address,Progress,Duration (in seconds),Finished,Recorded Date,Response ID,Recipient Last Name,Recipient First Name,Recipient Email,External Data Reference,Location Latitude,Location Longitude,Distribution Channel,User Language,Q_RecaptchaScore,"We invite you to participate in a scientific experiment. Participation requires that you give your informed consent. 

Before proceeding, please consider the following information:


The survey will take about 10 minutes to complete.

There are no risks involved in this study.

 
You will be paid for your participation at the posted rate (provided that you complete the whole study).

Your individual privacy will be maintained in all published and written data resulting from the study.

 
Participation in this research study is voluntary. You may choose not to participate.


By ticking the box below, and proceeding to the study task you certify that you have read this form, and agreed to participate in accordance with the above conditions.","Imagine you are playing video games with a friend and at some point your friend says:
“I don’t want to play this game anymore! To make sure that you read the instructions, please write the three following words ‘I pay attention’ in the box below. I really dislike this game, it’s the most overrated game ever.”
Do you agree with your friend?","This is the Quiz phase, in which you will complete three short quizzes. In each quiz, you will be presented with five or six numerical questions and asked to try to provide the correct answers. 

For each quiz, you will be told how much time you have to answer the questions. Please read the instructions carefully.


Your compensation does not depend on whether you get the questions right or wrong, or on how fast you answer. 

The task is to find the correct answer on your own, without the aid of any calculation tools (including writing it down, please stick to mental calculations).","Quiz 1: 



For this quiz, you will have 40 seconds to answer each question.

Once you click submit, your answer and response-time will be saved and you will advance straight away to the next question. If after 40 seconds you have not submitted an answer, you will automatically proceed to the next question. A message will pop up when you 20 seconds left, and when you have 5 seconds left.



As a reminder, please stick to mental calculations; your compensation does not depend on your performance.



As soon as you proceed to the next page, your time for the first question will start.",390 + 431,3719 + 1187,128 + 86 + 716,870000 + 1500000,89630 + 2739 + 18 + 188,9372894 + 33 + 297 + 55 + 170027,"Quiz 2: 



For this quiz, you will have [Field-Quiz2Limit] seconds to answer each question.

Once you click submit, your answer and response-time will be saved and you will advance straight away to the next question. If after [Field-Quiz2Limit] seconds you have not submitted an answer, you will automatically proceed to the next question. A message will pop up when you have five seconds left.



As a reminder, please stick to mental calculations; your compensation does not depend on your performance.



As soon as you proceed to the next page, your time for the first question will start.",340 + 491 =,3219 + 3588,324 + 99 + 515 =,790000 + 2700000 =,79820 + 2817 + 12 + 298,"Quiz 3: 



For this quiz, you will have [Field-Quiz3Limit] seconds to answer each question.

Once you click submit, your answer and response-time will be saved and you will advance straight away to the next question. If after [Field-Quiz3Limit] seconds seconds you have not submitted an answer, you will automatically proceed to the next question. A message will pop up when you have five seconds left.



As a reminder, please stick to mental calculations; your compensation does not depend on your performance.



As soon as you proceed to the next page, your time for the first question will start.",270 + 363 =,4137 + 2378,214 + 78 + 618,920000 + 1900000 =,88520 + 1648 + 29 +169 =,"A few weeks ago, some participants completed several numerical quizzes under varying time limits (either 40 seconds or 20 seconds) similar to the quizzes you have just done.



They were instructed to only use mental calculation, and they were also monitored in-person, so you can be sure that they did not use any other calculation tools, including pen and paper. We marked their accuracy.



Your task today will be to guess, for five of these participants, which questions they answered correctly in the first quiz where they had a 40 second time limit. To help you, for each participant we will tell you one question that they got right or wrong in another quiz and the time limit for this question.",hidden - 390 + 431,hidden - 3719 + 1187,hidden - 128 + 86 + 716,hidden - 870000 + 1500000,hidden - 89630 + 2739 + 18 + 188,2.1_right_slow - stim_seen,"Participant [Field-5] had a [Field-6] second time limit to answer the following question, and we recorded that they got it [Field-3]:

[Field-2] [Field-4]



According to you, which of the questions below was Participant [Field-5] able to answer correctly within a 40 second time limit? - 2.1_right_slow - 390 + 431","Participant [Field-5] had a [Field-6] second time limit to answer the following question, and we recorded that they got it [Field-3]:

[Field-2] [Field-4]



According to you, which of the questions below was Participant [Field-5] able to answer correctly within a 40 second time limit? - 2.1_right_slow - 3719 + 1187","Participant [Field-5] had a [Field-6] second time limit to answer the following question, and we recorded that they got it [Field-3]:

[Field-2] [Field-4]



According to you, which of the questions below was Participant [Field-5] able to answer correctly within a 40 second time limit? - 2.1_right_slow - 128 + 86 + 716","Participant [Field-5] had a [Field-6] second time limit to answer the following question, and we recorded that they got it [Field-3]:

[Field-2] [Field-4]



According to you, which of the questions below was Participant [Field-5] able to answer correctly within a 40 second time limit? - 2.1_right_slow - 870000 + 1500000","Participant [Field-5] had a [Field-6] second time limit to answer the following question, and we recorded that they got it [Field-3]:

[Field-2] [Field-4]



According to you, which of the questions below was Participant [Field-5] able to answer correctly within a 40 second time limit? - 2.1_right_slow - 89630 + 2739 + 18 + 188","Out of 100 participants, how many do you think got

[Field-2] right within a [Field-6] second time limit? - 2.1_right_slow - 1",2.2_right_slow - stim_seen,"Participant [Field-5] had a [Field-6] second time limit to answer the following question, and we recorded that they got it [Field-3]:

[Field-2] [Field-4]



According to you, which of the questions below was Participant [Field-5] able to answer correctly within a 40 second time limit? - 2.2_right_slow - 390 + 431","Participant [Field-5] had a [Field-6] second time limit to answer the following question, and we recorded that they got it [Field-3]:

[Field-2] [Field-4]



According to you, which of the questions below was Participant [Field-5] able to answer correctly within a 40 second time limit? - 2.2_right_slow - 3719 + 1187","Participant [Field-5] had a [Field-6] second time limit to answer the following question, and we recorded that they got it [Field-3]:

[Field-2] [Field-4]



According to you, which of the questions below was Participant [Field-5] able to answer correctly within a 40 second time limit? - 2.2_right_slow - 128 + 86 + 716","Participant [Field-5] had a [Field-6] second time limit to answer the following question, and we recorded that they got it [Field-3]:

[Field-2] [Field-4]



According to you, which of the questions below was Participant [Field-5] able to answer correctly within a 40 second time limit? - 2.2_right_slow - 870000 + 1500000","Participant [Field-5] had a [Field-6] second time limit to answer the following question, and we recorded that they got it [Field-3]:

[Field-2] [Field-4]



According to you, which of the questions below was Participant [Field-5] able to answer correctly within a 40 second time limit? - 2.2_right_slow - 89630 + 2739 + 18 + 188","Out of 100 participants, how many do you think got

[Field-2] right within a [Field-6] second time limit? - 2.2_right_slow - 1",2.3_right_slow - stim_seen,"Participant [Field-5] had a [Field-6] second time limit to answer the following question, and we recorded that they got it [Field-3]:

[Field-2] [Field-4]



According to you, which of the questions below was Participant [Field-5] able to answer correctly within a 40 second time limit? - 2.3_right_slow - 390 + 431","Participant [Field-5] had a [Field-6] second time limit to answer the following question, and we recorded that they got it [Field-3]:

[Field-2] [Field-4]



According to you, which of the questions below was Participant [Field-5] able to answer correctly within a 40 second time limit? - 2.3_right_slow - 3719 + 1187","Participant [Field-5] had a [Field-6] second time limit to answer the following question, and we recorded that they got it [Field-3]:

[Field-2] [Field-4]



According to you, which of the questions below was Participant [Field-5] able to answer correctly within a 40 second time limit? - 2.3_right_slow - 128 + 86 + 716","Participant [Field-5] had a [Field-6] second time limit to answer the following question, and we recorded that they got it [Field-3]:

[Field-2] [Field-4]



According to you, which of the questions below was Participant [Field-5] able to answer correctly within a 40 second time limit? - 2.3_right_slow - 870000 + 1500000","Participant [Field-5] had a [Field-6] second time limit to answer the following question, and we recorded that they got it [Field-3]:

[Field-2] [Field-4]



According to you, which of the questions below was Participant [Field-5] able to answer correctly within a 40 second time limit? - 2.3_right_slow - 89630 + 2739 + 18 + 188","Out of 100 participants, how many do you think got

[Field-2] right within a [Field-6] second time limit? - 2.3_right_slow - 1",2.4_right_slow - stim_seen,"Participant [Field-5] had a [Field-6] second time limit to answer the following question, and we recorded that they got it [Field-3]:

[Field-2] [Field-4]



According to you, which of the questions below was Participant [Field-5] able to answer correctly within a 40 second time limit? - 2.4_right_slow - 390 + 431","Participant [Field-5] had a [Field-6] second time limit to answer the following question, and we recorded that they got it [Field-3]:

[Field-2] [Field-4]



According to you, which of the questions below was Participant [Field-5] able to answer correctly within a 40 second time limit? - 2.4_right_slow - 3719 + 1187","Participant [Field-5] had a [Field-6] second time limit to answer the following question, and we recorded that they got it [Field-3]:

[Field-2] [Field-4]



According to you, which of the questions below was Participant [Field-5] able to answer correctly within a 40 second time limit? - 2.4_right_slow - 128 + 86 + 716","Participant [Field-5] had a [Field-6] second time limit to answer the following question, and we recorded that they got it [Field-3]:

[Field-2] [Field-4]



According to you, which of the questions below was Participant [Field-5] able to answer correctly within a 40 second time limit? - 2.4_right_slow - 870000 + 1500000","Participant [Field-5] had a [Field-6] second time limit to answer the following question, and we recorded that they got it [Field-3]:

[Field-2] [Field-4]



According to you, which of the questions below was Participant [Field-5] able to answer correctly within a 40 second time limit? - 2.4_right_slow - 89630 + 2739 + 18 + 188","Out of 100 participants, how many do you think got

[Field-2] right within a [Field-6] second time limit? - 2.4_right_slow - 1",2.5_right_slow - stim_seen,"Participant [Field-5] had a [Field-6] second time limit to answer the following question, and we recorded that they got it [Field-3]:

[Field-2] [Field-4]



According to you, which of the questions below was Participant [Field-5] able to answer correctly within a 40 second time limit? - 2.5_right_slow - 390 + 431","Participant [Field-5] had a [Field-6] second time limit to answer the following question, and we recorded that they got it [Field-3]:

[Field-2] [Field-4]



According to you, which of the questions below was Participant [Field-5] able to answer correctly within a 40 second time limit? - 2.5_right_slow - 3719 + 1187","Participant [Field-5] had a [Field-6] second time limit to answer the following question, and we recorded that they got it [Field-3]:

[Field-2] [Field-4]



According to you, which of the questions below was Participant [Field-5] able to answer correctly within a 40 second time limit? - 2.5_right_slow - 128 + 86 + 716","Participant [Field-5] had a [Field-6] second time limit to answer the following question, and we recorded that they got it [Field-3]:

[Field-2] [Field-4]



According to you, which of the questions below was Participant [Field-5] able to answer correctly within a 40 second time limit? - 2.5_right_slow - 870000 + 1500000","Participant [Field-5] had a [Field-6] second time limit to answer the following question, and we recorded that they got it [Field-3]:

[Field-2] [Field-4]



According to you, which of the questions below was Participant [Field-5] able to answer correctly within a 40 second time limit? - 2.5_right_slow - 89630 + 2739 + 18 + 188","Out of 100 participants, how many do you think got

[Field-2] right within a [Field-6] second time limit? - 2.5_right_slow - 1",2.1_wrong_slow - stim_seen,"Participant [Field-5] had a [Field-6] second time limit to answer the following question, and we recorded that they got it [Field-3]:

[Field-2] [Field-4]



According to you, which of the questions below was Participant [Field-5] able to answer correctly within a 40 second time limit? - 2.1_wrong_slow - 390 + 431","Participant [Field-5] had a [Field-6] second time limit to answer the following question, and we recorded that they got it [Field-3]:

[Field-2] [Field-4]



According to you, which of the questions below was Participant [Field-5] able to answer correctly within a 40 second time limit? - 2.1_wrong_slow - 3719 + 1187","Participant [Field-5] had a [Field-6] second time limit to answer the following question, and we recorded that they got it [Field-3]:

[Field-2] [Field-4]



According to you, which of the questions below was Participant [Field-5] able to answer correctly within a 40 second time limit? - 2.1_wrong_slow - 128 + 86 + 716","Participant [Field-5] had a [Field-6] second time limit to answer the following question, and we recorded that they got it [Field-3]:

[Field-2] [Field-4]



According to you, which of the questions below was Participant [Field-5] able to answer correctly within a 40 second time limit? - 2.1_wrong_slow - 870000 + 1500000","Participant [Field-5] had a [Field-6] second time limit to answer the following question, and we recorded that they got it [Field-3]:

[Field-2] [Field-4]



According to you, which of the questions below was Participant [Field-5] able to answer correctly within a 40 second time limit? - 2.1_wrong_slow - 89630 + 2739 + 18 + 188","Out of 100 participants, how many do you think got

[Field-2] right within a [Field-6] second time limit? - 2.1_wrong_slow - 1",2.2_wrong_slow - stim_seen,"Participant [Field-5] had a [Field-6] second time limit to answer the following question, and we recorded that they got it [Field-3]:

[Field-2] [Field-4]



According to you, which of the questions below was Participant [Field-5] able to answer correctly within a 40 second time limit? - 2.2_wrong_slow - 390 + 431","Participant [Field-5] had a [Field-6] second time limit to answer the following question, and we recorded that they got it [Field-3]:

[Field-2] [Field-4]



According to you, which of the questions below was Participant [Field-5] able to answer correctly within a 40 second time limit? - 2.2_wrong_slow - 3719 + 1187","Participant [Field-5] had a [Field-6] second time limit to answer the following question, and we recorded that they got it [Field-3]:

[Field-2] [Field-4]



According to you, which of the questions below was Participant [Field-5] able to answer correctly within a 40 second time limit? - 2.2_wrong_slow - 128 + 86 + 716","Participant [Field-5] had a [Field-6] second time limit to answer the following question, and we recorded that they got it [Field-3]:

[Field-2] [Field-4]



According to you, which of the questions below was Participant [Field-5] able to answer correctly within a 40 second time limit? - 2.2_wrong_slow - 870000 + 1500000","Participant [Field-5] had a [Field-6] second time limit to answer the following question, and we recorded that they got it [Field-3]:

[Field-2] [Field-4]



According to you, which of the questions below was Participant [Field-5] able to answer correctly within a 40 second time limit? - 2.2_wrong_slow - 89630 + 2739 + 18 + 188","Out of 100 participants, how many do you think got

[Field-2] right within a [Field-6] second time limit? - 2.2_wrong_slow - 1",2.3_wrong_slow - stim_seen,"Participant [Field-5] had a [Field-6] second time limit to answer the following question, and we recorded that they got it [Field-3]:

[Field-2] [Field-4]



According to you, which of the questions below was Participant [Field-5] able to answer correctly within a 40 second time limit? - 2.3_wrong_slow - 390 + 431","Participant [Field-5] had a [Field-6] second time limit to answer the following question, and we recorded that they got it [Field-3]:

[Field-2] [Field-4]



According to you, which of the questions below was Participant [Field-5] able to answer correctly within a 40 second time limit? - 2.3_wrong_slow - 3719 + 1187","Participant [Field-5] had a [Field-6] second time limit to answer the following question, and we recorded that they got it [Field-3]:

[Field-2] [Field-4]



According to you, which of the questions below was Participant [Field-5] able to answer correctly within a 40 second time limit? - 2.3_wrong_slow - 128 + 86 + 716","Participant [Field-5] had a [Field-6] second time limit to answer the following question, and we recorded that they got it [Field-3]:

[Field-2] [Field-4]



According to you, which of the questions below was Participant [Field-5] able to answer correctly within a 40 second time limit? - 2.3_wrong_slow - 870000 + 1500000","Participant [Field-5] had a [Field-6] second time limit to answer the following question, and we recorded that they got it [Field-3]:

[Field-2] [Field-4]



According to you, which of the questions below was Participant [Field-5] able to answer correctly within a 40 second time limit? - 2.3_wrong_slow - 89630 + 2739 + 18 + 188","Out of 100 participants, how many do you think got

[Field-2] right within a [Field-6] second time limit? - 2.3_wrong_slow - 1",2.4_wrong_slow - stim_seen,"Participant [Field-5] had a [Field-6] second time limit to answer the following question, and we recorded that they got it [Field-3]:

[Field-2] [Field-4]



According to you, which of the questions below was Participant [Field-5] able to answer correctly within a 40 second time limit? - 2.4_wrong_slow - 390 + 431","Participant [Field-5] had a [Field-6] second time limit to answer the following question, and we recorded that they got it [Field-3]:

[Field-2] [Field-4]



According to you, which of the questions below was Participant [Field-5] able to answer correctly within a 40 second time limit? - 2.4_wrong_slow - 3719 + 1187","Participant [Field-5] had a [Field-6] second time limit to answer the following question, and we recorded that they got it [Field-3]:

[Field-2] [Field-4]



According to you, which of the questions below was Participant [Field-5] able to answer correctly within a 40 second time limit? - 2.4_wrong_slow - 128 + 86 + 716","Participant [Field-5] had a [Field-6] second time limit to answer the following question, and we recorded that they got it [Field-3]:

[Field-2] [Field-4]



According to you, which of the questions below was Participant [Field-5] able to answer correctly within a 40 second time limit? - 2.4_wrong_slow - 870000 + 1500000","Participant [Field-5] had a [Field-6] second time limit to answer the following question, and we recorded that they got it [Field-3]:

[Field-2] [Field-4]



According to you, which of the questions below was Participant [Field-5] able to answer correctly within a 40 second time limit? - 2.4_wrong_slow - 89630 + 2739 + 18 + 188","Out of 100 participants, how many do you think got

[Field-2] right within a [Field-6] second time limit? - 2.4_wrong_slow - 1",2.5_wrong_slow - stim_seen,"Participant [Field-5] had a [Field-6] second time limit to answer the following question, and we recorded that they got it [Field-3]:

[Field-2] [Field-4]



According to you, which of the questions below was Participant [Field-5] able to answer correctly within a 40 second time limit? - 2.5_wrong_slow - 390 + 431","Participant [Field-5] had a [Field-6] second time limit to answer the following question, and we recorded that they got it [Field-3]:

[Field-2] [Field-4]



According to you, which of the questions below was Participant [Field-5] able to answer correctly within a 40 second time limit? - 2.5_wrong_slow - 3719 + 1187","Participant [Field-5] had a [Field-6] second time limit to answer the following question, and we recorded that they got it [Field-3]:

[Field-2] [Field-4]



According to you, which of the questions below was Participant [Field-5] able to answer correctly within a 40 second time limit? - 2.5_wrong_slow - 128 + 86 + 716","Participant [Field-5] had a [Field-6] second time limit to answer the following question, and we recorded that they got it [Field-3]:

[Field-2] [Field-4]



According to you, which of the questions below was Participant [Field-5] able to answer correctly within a 40 second time limit? - 2.5_wrong_slow - 870000 + 1500000","Participant [Field-5] had a [Field-6] second time limit to answer the following question, and we recorded that they got it [Field-3]:

[Field-2] [Field-4]



According to you, which of the questions below was Participant [Field-5] able to answer correctly within a 40 second time limit? - 2.5_wrong_slow - 89630 + 2739 + 18 + 188","Out of 100 participants, how many do you think got

[Field-2] right within a [Field-6] second time limit? - 2.5_wrong_slow - 1",2.1_right_fast - stim_seen,"Participant [Field-5] had a [Field-6] second time limit to answer the following question, and we recorded that they got it [Field-3]:

[Field-2] [Field-4]



According to you, which of the questions below was Participant [Field-5] able to answer correctly within a 40 second time limit? - 2.1_right_fast - 390 + 431","Participant [Field-5] had a [Field-6] second time limit to answer the following question, and we recorded that they got it [Field-3]:

[Field-2] [Field-4]



According to you, which of the questions below was Participant [Field-5] able to answer correctly within a 40 second time limit? - 2.1_right_fast - 3719 + 1187","Participant [Field-5] had a [Field-6] second time limit to answer the following question, and we recorded that they got it [Field-3]:

[Field-2] [Field-4]



According to you, which of the questions below was Participant [Field-5] able to answer correctly within a 40 second time limit? - 2.1_right_fast - 128 + 86 + 716","Participant [Field-5] had a [Field-6] second time limit to answer the following question, and we recorded that they got it [Field-3]:

[Field-2] [Field-4]



According to you, which of the questions below was Participant [Field-5] able to answer correctly within a 40 second time limit? - 2.1_right_fast - 870000 + 1500000","Participant [Field-5] had a [Field-6] second time limit to answer the following question, and we recorded that they got it [Field-3]:

[Field-2] [Field-4]



According to you, which of the questions below was Participant [Field-5] able to answer correctly within a 40 second time limit? - 2.1_right_fast - 89630 + 2739 + 18 + 188","Out of 100 participants, how many do you think got

[Field-2] right within a [Field-6] second time limit? - 2.1_right_fast - 1",2.2_right_fast - stim_seen,"Participant [Field-5] had a [Field-6] second time limit to answer the following question, and we recorded that they got it [Field-3]:

[Field-2] [Field-4]



According to you, which of the questions below was Participant [Field-5] able to answer correctly within a 40 second time limit? - 2.2_right_fast - 390 + 431","Participant [Field-5] had a [Field-6] second time limit to answer the following question, and we recorded that they got it [Field-3]:

[Field-2] [Field-4]



According to you, which of the questions below was Participant [Field-5] able to answer correctly within a 40 second time limit? - 2.2_right_fast - 3719 + 1187","Participant [Field-5] had a [Field-6] second time limit to answer the following question, and we recorded that they got it [Field-3]:

[Field-2] [Field-4]



According to you, which of the questions below was Participant [Field-5] able to answer correctly within a 40 second time limit? - 2.2_right_fast - 128 + 86 + 716","Participant [Field-5] had a [Field-6] second time limit to answer the following question, and we recorded that they got it [Field-3]:

[Field-2] [Field-4]



According to you, which of the questions below was Participant [Field-5] able to answer correctly within a 40 second time limit? - 2.2_right_fast - 870000 + 1500000","Participant [Field-5] had a [Field-6] second time limit to answer the following question, and we recorded that they got it [Field-3]:

[Field-2] [Field-4]



According to you, which of the questions below was Participant [Field-5] able to answer correctly within a 40 second time limit? - 2.2_right_fast - 89630 + 2739 + 18 + 188","Out of 100 participants, how many do you think got

[Field-2] right within a [Field-6] second time limit? - 2.2_right_fast - 1",2.3_right_fast - stim_seen,"Participant [Field-5] had a [Field-6] second time limit to answer the following question, and we recorded that they got it [Field-3]:

[Field-2] [Field-4]



According to you, which of the questions below was Participant [Field-5] able to answer correctly within a 40 second time limit? - 2.3_right_fast - 390 + 431","Participant [Field-5] had a [Field-6] second time limit to answer the following question, and we recorded that they got it [Field-3]:

[Field-2] [Field-4]



According to you, which of the questions below was Participant [Field-5] able to answer correctly within a 40 second time limit? - 2.3_right_fast - 3719 + 1187","Participant [Field-5] had a [Field-6] second time limit to answer the following question, and we recorded that they got it [Field-3]:

[Field-2] [Field-4]



According to you, which of the questions below was Participant [Field-5] able to answer correctly within a 40 second time limit? - 2.3_right_fast - 128 + 86 + 716","Participant [Field-5] had a [Field-6] second time limit to answer the following question, and we recorded that they got it [Field-3]:

[Field-2] [Field-4]



According to you, which of the questions below was Participant [Field-5] able to answer correctly within a 40 second time limit? - 2.3_right_fast - 870000 + 1500000","Participant [Field-5] had a [Field-6] second time limit to answer the following question, and we recorded that they got it [Field-3]:

[Field-2] [Field-4]



According to you, which of the questions below was Participant [Field-5] able to answer correctly within a 40 second time limit? - 2.3_right_fast - 89630 + 2739 + 18 + 188","Out of 100 participants, how many do you think got

[Field-2] right within a [Field-6] second time limit? - 2.3_right_fast - 1",2.4_right_fast - stim_seen,"Participant [Field-5] had a [Field-6] second time limit to answer the following question, and we recorded that they got it [Field-3]:

[Field-2] [Field-4]



According to you, which of the questions below was Participant [Field-5] able to answer correctly within a 40 second time limit? - 2.4_right_fast - 390 + 431","Participant [Field-5] had a [Field-6] second time limit to answer the following question, and we recorded that they got it [Field-3]:

[Field-2] [Field-4]



According to you, which of the questions below was Participant [Field-5] able to answer correctly within a 40 second time limit? - 2.4_right_fast - 3719 + 1187","Participant [Field-5] had a [Field-6] second time limit to answer the following question, and we recorded that they got it [Field-3]:

[Field-2] [Field-4]



According to you, which of the questions below was Participant [Field-5] able to answer correctly within a 40 second time limit? - 2.4_right_fast - 128 + 86 + 716","Participant [Field-5] had a [Field-6] second time limit to answer the following question, and we recorded that they got it [Field-3]:

[Field-2] [Field-4]



According to you, which of the questions below was Participant [Field-5] able to answer correctly within a 40 second time limit? - 2.4_right_fast - 870000 + 1500000","Participant [Field-5] had a [Field-6] second time limit to answer the following question, and we recorded that they got it [Field-3]:

[Field-2] [Field-4]



According to you, which of the questions below was Participant [Field-5] able to answer correctly within a 40 second time limit? - 2.4_right_fast - 89630 + 2739 + 18 + 188","Out of 100 participants, how many do you think got

[Field-2] right within a [Field-6] second time limit? - 2.4_right_fast - 1",2.5_right_fast - stim_seen,"Participant [Field-5] had a [Field-6] second time limit to answer the following question, and we recorded that they got it [Field-3]:

[Field-2] [Field-4]



According to you, which of the questions below was Participant [Field-5] able to answer correctly within a 40 second time limit? - 2.5_right_fast - 390 + 431","Participant [Field-5] had a [Field-6] second time limit to answer the following question, and we recorded that they got it [Field-3]:

[Field-2] [Field-4]



According to you, which of the questions below was Participant [Field-5] able to answer correctly within a 40 second time limit? - 2.5_right_fast - 3719 + 1187","Participant [Field-5] had a [Field-6] second time limit to answer the following question, and we recorded that they got it [Field-3]:

[Field-2] [Field-4]



According to you, which of the questions below was Participant [Field-5] able to answer correctly within a 40 second time limit? - 2.5_right_fast - 128 + 86 + 716","Participant [Field-5] had a [Field-6] second time limit to answer the following question, and we recorded that they got it [Field-3]:

[Field-2] [Field-4]



According to you, which of the questions below was Participant [Field-5] able to answer correctly within a 40 second time limit? - 2.5_right_fast - 870000 + 1500000","Participant [Field-5] had a [Field-6] second time limit to answer the following question, and we recorded that they got it [Field-3]:

[Field-2] [Field-4]



According to you, which of the questions below was Participant [Field-5] able to answer correctly within a 40 second time limit? - 2.5_right_fast - 89630 + 2739 + 18 + 188","Out of 100 participants, how many do you think got

[Field-2] right within a [Field-6] second time limit? - 2.5_right_fast - 1",2.1_wrong_fast - stim_seen,"Participant [Field-5] had a [Field-6] second time limit to answer the following question, and we recorded that they got it [Field-3]:

[Field-2] [Field-4]



According to you, which of the questions below was Participant [Field-5] able to answer correctly within a 40 second time limit? - 2.1_wrong_fast - 390 + 431","Participant [Field-5] had a [Field-6] second time limit to answer the following question, and we recorded that they got it [Field-3]:

[Field-2] [Field-4]



According to you, which of the questions below was Participant [Field-5] able to answer correctly within a 40 second time limit? - 2.1_wrong_fast - 3719 + 1187","Participant [Field-5] had a [Field-6] second time limit to answer the following question, and we recorded that they got it [Field-3]:

[Field-2] [Field-4]



According to you, which of the questions below was Participant [Field-5] able to answer correctly within a 40 second time limit? - 2.1_wrong_fast - 128 + 86 + 716","Participant [Field-5] had a [Field-6] second time limit to answer the following question, and we recorded that they got it [Field-3]:

[Field-2] [Field-4]



According to you, which of the questions below was Participant [Field-5] able to answer correctly within a 40 second time limit? - 2.1_wrong_fast - 870000 + 1500000","Participant [Field-5] had a [Field-6] second time limit to answer the following question, and we recorded that they got it [Field-3]:

[Field-2] [Field-4]



According to you, which of the questions below was Participant [Field-5] able to answer correctly within a 40 second time limit? - 2.1_wrong_fast - 89630 + 2739 + 18 + 188","Out of 100 participants, how many do you think got

[Field-2] right within a [Field-6] second time limit? - 2.1_wrong_fast - 1",2.2_wrong_fast - stim_seen,"Participant [Field-5] had a [Field-6] second time limit to answer the following question, and we recorded that they got it [Field-3]:

[Field-2] [Field-4]



According to you, which of the questions below was Participant [Field-5] able to answer correctly within a 40 second time limit? - 2.2_wrong_fast - 390 + 431","Participant [Field-5] had a [Field-6] second time limit to answer the following question, and we recorded that they got it [Field-3]:

[Field-2] [Field-4]



According to you, which of the questions below was Participant [Field-5] able to answer correctly within a 40 second time limit? - 2.2_wrong_fast - 3719 + 1187","Participant [Field-5] had a [Field-6] second time limit to answer the following question, and we recorded that they got it [Field-3]:

[Field-2] [Field-4]



According to you, which of the questions below was Participant [Field-5] able to answer correctly within a 40 second time limit? - 2.2_wrong_fast - 128 + 86 + 716","Participant [Field-5] had a [Field-6] second time limit to answer the following question, and we recorded that they got it [Field-3]:

[Field-2] [Field-4]



According to you, which of the questions below was Participant [Field-5] able to answer correctly within a 40 second time limit? - 2.2_wrong_fast - 870000 + 1500000","Participant [Field-5] had a [Field-6] second time limit to answer the following question, and we recorded that they got it [Field-3]:

[Field-2] [Field-4]



According to you, which of the questions below was Participant [Field-5] able to answer correctly within a 40 second time limit? - 2.2_wrong_fast - 89630 + 2739 + 18 + 188","Out of 100 participants, how many do you think got

[Field-2] right within a [Field-6] second time limit? - 2.2_wrong_fast - 1",2.3_wrong_fast - stim_seen,"Participant [Field-5] had a [Field-6] second time limit to answer the following question, and we recorded that they got it [Field-3]:

[Field-2] [Field-4]



According to you, which of the questions below was Participant [Field-5] able to answer correctly within a 40 second time limit? - 2.3_wrong_fast - 390 + 431","Participant [Field-5] had a [Field-6] second time limit to answer the following question, and we recorded that they got it [Field-3]:

[Field-2] [Field-4]



According to you, which of the questions below was Participant [Field-5] able to answer correctly within a 40 second time limit? - 2.3_wrong_fast - 3719 + 1187","Participant [Field-5] had a [Field-6] second time limit to answer the following question, and we recorded that they got it [Field-3]:

[Field-2] [Field-4]



According to you, which of the questions below was Participant [Field-5] able to answer correctly within a 40 second time limit? - 2.3_wrong_fast - 128 + 86 + 716","Participant [Field-5] had a [Field-6] second time limit to answer the following question, and we recorded that they got it [Field-3]:

[Field-2] [Field-4]



According to you, which of the questions below was Participant [Field-5] able to answer correctly within a 40 second time limit? - 2.3_wrong_fast - 870000 + 1500000","Participant [Field-5] had a [Field-6] second time limit to answer the following question, and we recorded that they got it [Field-3]:

[Field-2] [Field-4]



According to you, which of the questions below was Participant [Field-5] able to answer correctly within a 40 second time limit? - 2.3_wrong_fast - 89630 + 2739 + 18 + 188","Out of 100 participants, how many do you think got

[Field-2] right within a [Field-6] second time limit? - 2.3_wrong_fast - 1",2.4_wrong_fast - stim_seen,"Participant [Field-5] had a [Field-6] second time limit to answer the following question, and we recorded that they got it [Field-3]:

[Field-2] [Field-4]



According to you, which of the questions below was Participant [Field-5] able to answer correctly within a 40 second time limit? - 2.4_wrong_fast - 390 + 431","Participant [Field-5] had a [Field-6] second time limit to answer the following question, and we recorded that they got it [Field-3]:

[Field-2] [Field-4]



According to you, which of the questions below was Participant [Field-5] able to answer correctly within a 40 second time limit? - 2.4_wrong_fast - 3719 + 1187","Participant [Field-5] had a [Field-6] second time limit to answer the following question, and we recorded that they got it [Field-3]:

[Field-2] [Field-4]



According to you, which of the questions below was Participant [Field-5] able to answer correctly within a 40 second time limit? - 2.4_wrong_fast - 128 + 86 + 716","Participant [Field-5] had a [Field-6] second time limit to answer the following question, and we recorded that they got it [Field-3]:

[Field-2] [Field-4]



According to you, which of the questions below was Participant [Field-5] able to answer correctly within a 40 second time limit? - 2.4_wrong_fast - 870000 + 1500000","Participant [Field-5] had a [Field-6] second time limit to answer the following question, and we recorded that they got it [Field-3]:

[Field-2] [Field-4]



According to you, which of the questions below was Participant [Field-5] able to answer correctly within a 40 second time limit? - 2.4_wrong_fast - 89630 + 2739 + 18 + 188","Out of 100 participants, how many do you think got

[Field-2] right within a [Field-6] second time limit? - 2.4_wrong_fast - 1",2.5_wrong_fast - stim_seen,"Participant [Field-5] had a [Field-6] second time limit to answer the following question, and we recorded that they got it [Field-3]:

[Field-2] [Field-4]



According to you, which of the questions below was Participant [Field-5] able to answer correctly within a 40 second time limit? - 2.5_wrong_fast - 390 + 431","Participant [Field-5] had a [Field-6] second time limit to answer the following question, and we recorded that they got it [Field-3]:

[Field-2] [Field-4]



According to you, which of the questions below was Participant [Field-5] able to answer correctly within a 40 second time limit? - 2.5_wrong_fast - 3719 + 1187","Participant [Field-5] had a [Field-6] second time limit to answer the following question, and we recorded that they got it [Field-3]:

[Field-2] [Field-4]



According to you, which of the questions below was Participant [Field-5] able to answer correctly within a 40 second time limit? - 2.5_wrong_fast - 128 + 86 + 716","Participant [Field-5] had a [Field-6] second time limit to answer the following question, and we recorded that they got it [Field-3]:

[Field-2] [Field-4]



According to you, which of the questions below was Participant [Field-5] able to answer correctly within a 40 second time limit? - 2.5_wrong_fast - 870000 + 1500000","Participant [Field-5] had a [Field-6] second time limit to answer the following question, and we recorded that they got it [Field-3]:

[Field-2] [Field-4]



According to you, which of the questions below was Participant [Field-5] able to answer correctly within a 40 second time limit? - 2.5_wrong_fast - 89630 + 2739 + 18 + 188","Out of 100 participants, how many do you think got

[Field-2] right within a [Field-6] second time limit? - 2.5_wrong_fast - 1","For the sake of good science, it is very important that we have data that truly reflects human abilities at mental calculation. 
If you used AI, a calculator, or even pen and paper to answer the numerical questions, please simply indicate below. 
We assure you that there will be no consequences for your answer, and you will still receive full compensation. Please be honest.","Thank you very much, you helped science today :) We are researchers interested in human psycholog...",Score,PROLIFIC_PID,QuizPhaseCondition,Quiz2Limit,Quiz3Limit,Q1.1,Q1.2,Q1.3,Q1.4,Q1.5,Qtest,Q2.1,Q2.2,Q2.3,Q2.4,Q2.5,Q3.1,Q3.2,Q3.3,Q3.4,Q3.5,TimeOnQuestion1.1,TimeOnQuestion1.2,TimeOnQuestion1.3,TimeOnQuestion1.4,TimeOnQuestion1.5,TimeOnQuestion2.1,TimeOnQuestion2.2,TimeOnQuestion2.3,TimeOnQuestion2.4,TimeOnQuestion2.5,TimeOnQuestion3.1,TimeOnQuestion3.2,TimeOnQuestion3.3,TimeOnQuestion3.4,TimeOnQuestion3.5,TimeOnQuestion1000,Answer1.1,Answer1.2,Answer1.3,Answer1.4,Answer1.5,Answer2.1,Answer2.2,Answer2.3,Answer2.4,Answer2.5,Answer3.1,Answer3.2,Answer3.3,Answer3.4,Answer3.5,Answer1000
"{""ImportId"":""startDate"",""timeZone"":""America/Denver""}","{""ImportId"":""endDate"",""timeZone"":""America/Denver""}","{""ImportId"":""status""}","{""ImportId"":""ipAddress""}","{""ImportId"":""progress""}","{""ImportId"":""duration""}","{""ImportId"":""finished""}","{""ImportId"":""recordedDate"",""timeZone"":""America/Denver""}","{""ImportId"":""_recordId""}","{""ImportId"":""recipientLastName""}","{""ImportId"":""recipientFirstName""}","{""ImportId"":""recipientEmail""}","{""ImportId"":""externalDataReference""}","{""ImportId"":""locationLatitude""}","{""ImportId"":""locationLongitude""}","{""ImportId"":""distributionChannel""}","{""ImportId"":""userLanguage""}","{""ImportId"":""Q_RecaptchaScore""}","{""ImportId"":""QID3""}","{""ImportId"":""QID5_TEXT""}","{""ImportId"":""QID108""}","{""ImportId"":""QID133""}","{""ImportId"":""QID93_TEXT""}","{""ImportId"":""QID97_TEXT""}","{""ImportId"":""QID99_TEXT""}","{""ImportId"":""QID106_TEXT""}","{""ImportId"":""QID104_TEXT""}","{""ImportId"":""QID124_TEXT""}","{""ImportId"":""QID135""}","{""ImportId"":""QID125_TEXT""}","{""ImportId"":""QID126_TEXT""}","{""ImportId"":""QID127_TEXT""}","{""ImportId"":""QID128_TEXT""}","{""ImportId"":""QID130_TEXT""}","{""ImportId"":""QID136""}","{""ImportId"":""QID137_TEXT""}","{""ImportId"":""QID138_TEXT""}","{""ImportId"":""QID139_TEXT""}","{""ImportId"":""QID140_TEXT""}","{""ImportId"":""QID141_TEXT""}","{""ImportId"":""QID112""}","{""ImportId"":""QID121_1""}","{""ImportId"":""QID121_2""}","{""ImportId"":""QID121_3""}","{""ImportId"":""QID121_4""}","{""ImportId"":""QID121_5""}","{""ImportId"":""6_QID144_TEXT""}","{""ImportId"":""6_QID116_x1""}","{""ImportId"":""6_QID116_x2""}","{""ImportId"":""6_QID116_x3""}","{""ImportId"":""6_QID116_x4""}","{""ImportId"":""6_QID116_x5""}","{""ImportId"":""6_QID120_1""}","{""ImportId"":""7_QID144_TEXT""}","{""ImportId"":""7_QID116_x1""}","{""ImportId"":""7_QID116_x2""}","{""ImportId"":""7_QID116_x3""}","{""ImportId"":""7_QID116_x4""}","{""ImportId"":""7_QID116_x5""}","{""ImportId"":""7_QID120_1""}","{""ImportId"":""8_QID144_TEXT""}","{""ImportId"":""8_QID116_x1""}","{""ImportId"":""8_QID116_x2""}","{""ImportId"":""8_QID116_x3""}","{""ImportId"":""8_QID116_x4""}","{""ImportId"":""8_QID116_x5""}","{""ImportId"":""8_QID120_1""}","{""ImportId"":""9_QID144_TEXT""}","{""ImportId"":""9_QID116_x1""}","{""ImportId"":""9_QID116_x2""}","{""ImportId"":""9_QID116_x3""}","{""ImportId"":""9_QID116_x4""}","{""ImportId"":""9_QID116_x5""}","{""ImportId"":""9_QID120_1""}","{""ImportId"":""10_QID144_TEXT""}","{""ImportId"":""10_QID116_x1""}","{""ImportId"":""10_QID116_x2""}","{""ImportId"":""10_QID116_x3""}","{""ImportId"":""10_QID116_x4""}","{""ImportId"":""10_QID116_x5""}","{""ImportId"":""10_QID120_1""}","{""ImportId"":""21_QID144_TEXT""}","{""ImportId"":""21_QID116_x1""}","{""ImportId"":""21_QID116_x2""}","{""ImportId"":""21_QID116_x3""}","{""ImportId"":""21_QID116_x4""}","{""ImportId"":""21_QID116_x5""}","{""ImportId"":""21_QID120_1""}","{""ImportId"":""22_QID144_TEXT""}","{""ImportId"":""22_QID116_x1""}","{""ImportId"":""22_QID116_x2""}","{""ImportId"":""22_QID116_x3""}","{""ImportId"":""22_QID116_x4""}","{""ImportId"":""22_QID116_x5""}","{""ImportId"":""22_QID120_1""}","{""ImportId"":""23_QID144_TEXT""}","{""ImportId"":""23_QID116_x1""}","{""ImportId"":""23_QID116_x2""}","{""ImportId"":""23_QID116_x3""}","{""ImportId"":""23_QID116_x4""}","{""ImportId"":""23_QID116_x5""}","{""ImportId"":""23_QID120_1""}","{""ImportId"":""24_QID144_TEXT""}","{""ImportId"":""24_QID116_x1""}","{""ImportId"":""24_QID116_x2""}","{""ImportId"":""24_QID116_x3""}","{""ImportId"":""24_QID116_x4""}","{""ImportId"":""24_QID116_x5""}","{""ImportId"":""24_QID120_1""}","{""ImportId"":""25_QID144_TEXT""}","{""ImportId"":""25_QID116_x1""}","{""ImportId"":""25_QID116_x2""}","{""ImportId"":""25_QID116_x3""}","{""ImportId"":""25_QID116_x4""}","{""ImportId"":""25_QID116_x5""}","{""ImportId"":""25_QID120_1""}","{""ImportId"":""26_QID144_TEXT""}","{""ImportId"":""26_QID116_x1""}","{""ImportId"":""26_QID116_x2""}","{""ImportId"":""26_QID116_x3""}","{""ImportId"":""26_QID116_x4""}","{""ImportId"":""26_QID116_x5""}","{""ImportId"":""26_QID120_1""}","{""ImportId"":""28_QID144_TEXT""}","{""ImportId"":""28_QID116_x1""}","{""ImportId"":""28_QID116_x2""}","{""ImportId"":""28_QID116_x3""}","{""ImportId"":""28_QID116_x4""}","{""ImportId"":""28_QID116_x5""}","{""ImportId"":""28_QID120_1""}","{""ImportId"":""30_QID144_TEXT""}","{""ImportId"":""30_QID116_x1""}","{""ImportId"":""30_QID116_x2""}","{""ImportId"":""30_QID116_x3""}","{""ImportId"":""30_QID116_x4""}","{""ImportId"":""30_QID116_x5""}","{""ImportId"":""30_QID120_1""}","{""ImportId"":""32_QID144_TEXT""}","{""ImportId"":""32_QID116_x1""}","{""ImportId"":""32_QID116_x2""}","{""ImportId"":""32_QID116_x3""}","{""ImportId"":""32_QID116_x4""}","{""ImportId"":""32_QID116_x5""}","{""ImportId"":""32_QID120_1""}","{""ImportId"":""34_QID144_TEXT""}","{""ImportId"":""34_QID116_x1""}","{""ImportId"":""34_QID116_x2""}","{""ImportId"":""34_QID116_x3""}","{""ImportId"":""34_QID116_x4""}","{""ImportId"":""34_QID116_x5""}","{""ImportId"":""34_QID120_1""}","{""ImportId"":""36_QID144_TEXT""}","{""ImportId"":""36_QID116_x1""}","{""ImportId"":""36_QID116_x2""}","{""ImportId"":""36_QID116_x3""}","{""ImportId"":""36_QID116_x4""}","{""ImportId"":""36_QID116_x5""}","{""ImportId"":""36_QID120_1""}","{""ImportId"":""38_QID144_TEXT""}","{""ImportId"":""38_QID116_x1""}","{""ImportId"":""38_QID116_x2""}","{""ImportId"":""38_QID116_x3""}","{""ImportId"":""38_QID116_x4""}","{""ImportId"":""38_QID116_x5""}","{""ImportId"":""38_QID120_1""}","{""ImportId"":""40_QID144_TEXT""}","{""ImportId"":""40_QID116_x1""}","{""ImportId"":""40_QID116_x2""}","{""ImportId"":""40_QID116_x3""}","{""ImportId"":""40_QID116_x4""}","{""ImportId"":""40_QID116_x5""}","{""ImportId"":""40_QID120_1""}","{""ImportId"":""42_QID144_TEXT""}","{""ImportId"":""42_QID116_x1""}","{""ImportId"":""42_QID116_x2""}","{""ImportId"":""42_QID116_x3""}","{""ImportId"":""42_QID116_x4""}","{""ImportId"":""42_QID116_x5""}","{""ImportId"":""42_QID120_1""}","{""ImportId"":""44_QID144_TEXT""}","{""ImportId"":""44_QID116_x1""}","{""ImportId"":""44_QID116_x2""}","{""ImportId"":""44_QID116_x3""}","{""ImportId"":""44_QID116_x4""}","{""ImportId"":""44_QID116_x5""}","{""ImportId"":""44_QID120_1""}","{""ImportId"":""QID114""}","{""ImportId"":""QID6_TEXT""}","{""ImportId"":""SC_ehBDTCVctdnz22a""}","{""ImportId"":""PROLIFIC_PID""}","{""ImportId"":""QuizPhaseCondition""}","{""ImportId"":""Quiz2Limit""}","{""ImportId"":""Quiz3Limit""}","{""ImportId"":""Q1.1""}","{""ImportId"":""Q1.2""}","{""ImportId"":""Q1.3""}","{""ImportId"":""Q1.4""}","{""ImportId"":""Q1.5""}","{""ImportId"":""Qtest""}","{""ImportId"":""Q2.1""}","{""ImportId"":""Q2.2""}","{""ImportId"":""Q2.3""}","{""ImportId"":""Q2.4""}","{""ImportId"":""Q2.5""}","{""ImportId"":""Q3.1""}","{""ImportId"":""Q3.2""}","{""ImportId"":""Q3.3""}","{""ImportId"":""Q3.4""}","{""ImportId"":""Q3.5""}","{""ImportId"":""TimeOnQuestion1.1""}","{""ImportId"":""TimeOnQuestion1.2""}","{""ImportId"":""TimeOnQuestion1.3""}","{""ImportId"":""TimeOnQuestion1.4""}","{""ImportId"":""TimeOnQuestion1.5""}","{""ImportId"":""TimeOnQuestion2.1""}","{""ImportId"":""TimeOnQuestion2.2""}","{""ImportId"":""TimeOnQuestion2.3""}","{""ImportId"":""TimeOnQuestion2.4""}","{""ImportId"":""TimeOnQuestion2.5""}","{""ImportId"":""TimeOnQuestion3.1""}","{""ImportId"":""TimeOnQuestion3.2""}","{""ImportId"":""TimeOnQuestion3.3""}","{""ImportId"":""TimeOnQuestion3.4""}","{""ImportId"":""TimeOnQuestion3.5""}","{""ImportId"":""TimeOnQuestion1000""}","{""ImportId"":""Answer1.1""}","{""ImportId"":""Answer1.2""}","{""ImportId"":""Answer1.3""}","{""ImportId"":""Answer1.4""}","{""ImportId"":""Answer1.5""}","{""ImportId"":""Answer2.1""}","{""ImportId"":""Answer2.2""}","{""ImportId"":""Answer2.3""}","{""ImportId"":""Answer2.4""}","{""ImportId"":""Answer2.5""}","{""ImportId"":""Answer3.1""}","{""ImportId"":""Answer3.2""}","{""ImportId"":""Answer3.3""}","{""ImportId"":""Answer3.4""}","{""ImportId"":""Answer3.5""}","{""ImportId"":""Answer1000""}"
2025-12-12 10:20:42,2025-12-12 10:30:16,0,50.46.246.22,100,573,1,2025-12-12 10:30:16,R_53dNGVkDdE1jrG4,,,,,47.6711,-122.1253,anonymous,EN,1,1,I pay attention,,,821,4906,930,2370000,92575,9543306,,831,6807,938,3490000,82947,,633,6515,910,2820000,90366,,,,,,,,,,,,,,,,,,,,,,,,,,,,,,,,,,,,1,1,1,1,1,16,,,,,,,,,0,0,1,1,0,32,,,,,,,,,1,1,1,0,0,51,,,,,,,,,,,,,,,,,,,,,,,,,,,,,,,,,,,,,,,,,,,,,,,,,,,1,1,1,1,0,38,,1,1,1,0,0,25,,,,,,,,,,,,,,,1,,15,693607ce95c6f9ca7d708da0,SlowFast,40,20,"""390 + 431 =","""3719 + 1187 =","""128 + 86 + 716 =","""870000 + 1500000 =<br>","""89630 + 2739 + 18 + 188 =","""9372894 + 33 + 297 + 55 + 170027 =","""340 + 491 =","""3219 + 3588 = ","""324 + 99 + 515 =","""790000 + 2700000 =","""79820 + 2817 + 12 + 298 = ","""270 + 363 =","""4137 + 2378 =","""214 + 78 + 618 =","""920000 + 1900000 =","""88520 + 1648 + 29 +169 =",9.98,9.80,13.66,14.91,15.20,18.82,9.23,7.28,22.56,14.12,5.47,7.43,8.77,10.29,10.83,17.77,821,4906,930,2370000,92575,831,6807,938,3490000,82947,633,6515,910,2820000,90366,9543306
2025-12-12 10:21:12,2025-12-12 10:30:45,0,75.224.57.130,100,573,1,2025-12-12 10:30:46,R_7XlUSdPDRFc1NXH,,,,,36.1262,-95.9408,anonymous,EN,1,1,I pay attention,,,821,4906,930,2300000,0,0,,831,6807,938,106000000,0,,633,0,0,0,555,,,,,,,,,,,,,,,1,1,1,1,0,50,,1,1,1,1,0,50,,,,,,,,,,,,,,,,,,,,,,,,,,,,,,,,,,,,,1,0,0,0,0,54,,0,0,0,0,0,38,,,,,,,,,1,1,1,1,0,40,,,,,,,,,,,,,,,,,,,,,,,,,,,,,,,,,,,,,,,,,,,,,,,,,,,,,,,,,0,,7,66293da691cec8862619b1dc,SlowFast,40,20,"""390 + 431 =","""3719 + 1187 =","""128 + 86 + 716 =","""870000 + 1500000 =<br>","""89630 + 2739 + 18 + 188 =","""9372894 + 33 + 297 + 55 + 170027 =","""340 + 491 =","""3219 + 3588 = ","""324 + 99 + 515 =","""790000 + 2700000 =","""79820 + 2817 + 12 + 298 = ","""270 + 363 =","""4137 + 2378 =","""214 + 78 + 618 =","""920000 + 1900000 =","""88520 + 1648 + 29 +169 =",10.01,20.30,22.21,27.10,40.00,10.38,16.15,21.06,26.86,40.00,10.27,20.00,20.00,20.00,5.47,40.00,821,4906,930,2300000,0,831,6807,938,106000000,0,633,0,0,0,555,0
2025-12-12 10:22:41,2025-12-12 10:34:10,0,172.59.96.132,100,688,1,2025-12-12 10:34:10,R_1c0kBzFH0O2a3O8,,,,,43.1166,-87.9904,anonymous,EN,1,1,I pay attention,,,821,2597,922,0,9180,948000,,831,6900,914,3150000,82100,,613,6501,920,0,89200,,,,,,,,,,,,,,,,,,,,,,1,1,1,1,0,80,,,,,,,,,,,,,,,,,,,,,,,1,1,1,0,0,85,,,,,,,,,,,,,,,,1,1,1,0,0,30,,1,1,1,1,0,90,,,,,,,,,,,,,,,,,,,,,,,1,1,1,0,0,20,,,,,,,,,,,,,,,,,,,,,,,,,,,,,,,,,,,,0,,2,6537fbfa80bf977dd6954d58,SlowFast,40,20,"""390 + 431 =","""3719 + 1187 =","""128 + 86 + 716 =","""870000 + 1500000 =<br>","""89630 + 2739 + 18 + 188 =","""9372894 + 33 + 297 + 55 + 170027 =","""340 + 491 =","""3219 + 3588 = ","""324 + 99 + 515 =","""790000 + 2700000 =","""79820 + 2817 + 12 + 298 = ","""270 + 363 =","""4137 + 2378 =","""214 + 78 + 618 =","""920000 + 1900000 =","""88520 + 1648 + 29 +169 =",18.96,9.89,24.63,40.00,38.06,18.59,15.80,13.72,20.65,30.40,13.48,14.37,12.41,20.00,19.00,28.33,821,2597,922,0,9180,831,6900,914,3150000,82100,613,6501,920,0,89200,948000
2025-12-12 10:25:11,2025-12-12 10:34:11,0,96.252.53.244,100,540,1,2025-12-12 10:34:12,R_1S6xaQpgRYlizFs,,,,,42.0834,-71.3967,anonymous,EN,1,1,I pay attention,,,821,5000,930,2030000,0,0,,831,6800,938,2150000,0,,633,6500,0,200000,10000,,,,,,,,1,1,1,1,0,88,,,,,,,,,,,,,,,,1,1,1,1,0,19,,,,,,,,,,,,,,,,,,,,,,,,,,,,,,,,,,,,,,,,,,,,,,,,,,,,,,,,,,1,1,1,1,0,59,,,,,,,,,,,,,,,,,,,,,,,1,0,0,0,0,25,,,,,,,,,,,,,,,,1,1,0,1,0,6,0,,5,67816ff917d513a66eaadd01,SlowFast,40,20,"""390 + 431 =","""3719 + 1187 =","""128 + 86 + 716 =","""870000 + 1500000 =<br>","""89630 + 2739 + 18 + 188 =","""9372894 + 33 + 297 + 55 + 170027 =","""340 + 491 =","""3219 + 3588 = ","""324 + 99 + 515 =","""790000 + 2700000 =","""79820 + 2817 + 12 + 298 = ","""270 + 363 =","""4137 + 2378 =","""214 + 78 + 618 =","""920000 + 1900000 =","""88520 + 1648 + 29 +169 =",10.63,11.03,30.09,35.41,40.00,9.41,13.67,15.06,26.82,40.00,10.37,9.73,20.00,9.82,14.34,40.00,821,5000,930,2030000,0,831,6800,938,2150000,0,633,6500,0,200000,10000,0
2025-12-12 10:23:09,2025-12-12 10:35:04,0,147.124.144.148,100,715,1,2025-12-12 10:35:04,R_1FsmlUpl8b7b1n6,,,,,42.2173,-73.8646,anonymous,EN,0.8999999761581421,1,I pay attention,,,832,4906,1000,2300000,9200,1234444,,831,7789,935,2500000,816666,,633,7515,1000,182000,90000,,,,,,,,,,,,,,,,,,,,,,1,1,1,1,0,82,,,,,,,,,,,,,,,,,,,,,,,,,,,,,,,,,,,,,,,,,,,,1,1,1,1,0,9,,,,,,,,,1,1,1,1,0,61,,1,1,1,1,1,60,,,,,,,,,,,,,,,,,,,,,,,1,1,1,1,0,20,,,,,,,,,,,,,,,,,,,,,,0,,3,67d1f6824f74bd16996512c0,FastSlow,20,40,"""390 + 431 =","""3719 + 1187 =","""128 + 86 + 716 =","""870000 + 1500000 =<br>","""89630 + 2739 + 18 + 188 =","""9372894 + 33 + 297 + 55 + 170027 =","""340 + 491 =","""3219 + 3588 = ","""324 + 99 + 515 =","""790000 + 2700000 =","""79820 + 2817 + 12 + 298 = ","""270 + 363 =","""4137 + 2378 =","""214 + 78 + 618 =","""920000 + 1900000 =","""88520 + 1648 + 29 +169 =",20.47,25.11,15.06,36.70,26.92,10.68,16.61,18.81,18.08,18.88,9.21,17.85,20.86,25.96,19.41,38.03,832,4906,1000,2300000,9200,831,7789,935,2500000,816666,633,7515,1000,182000,90000,1234444
2025-12-12 10:24:45,2025-12-12 10:36:26,0,172.56.211.151,100,701,1,2025-12-12 10:36:27,R_1CCDKOUV1KnVSyN,,,,,36.1502,-115.0336,anonymous,EN,1,1,"I pay attention ",,,821,0,0,0,0,0,,821,0,0,1600000,0,,0,0,0,0,0,,,,,,,,,,,,,,,,,,,,,,,,,,,,,1,0,1,1,0,76,,,,,,,,,,,,,,,,1,0,0,1,0,35,,,,,,,,,,,,,,,,1,0,0,1,0,15,,1,0,1,1,0,70,,,,,,,,,,,,,,,,1,0,1,1,0,76,,,,,,,,,,,,,,,,,,,,,,,,,,,,,,,,,,,,,,,,,,,0,,1,66ad1e08076381b48ffb7d79,SlowFast,40,20,"""390 + 431 =","""3719 + 1187 =","""128 + 86 + 716 =","""870000 + 1500000 =<br>","""89630 + 2739 + 18 + 188 =","""9372894 + 33 + 297 + 55 + 170027 =","""340 + 491 =","""3219 + 3588 = ","""324 + 99 + 515 =","""790000 + 2700000 =","""79820 + 2817 + 12 + 298 = ","""270 + 363 =","""4137 + 2378 =","""214 + 78 + 618 =","""920000 + 1900000 =","""88520 + 1648 + 29 +169 =",39.90,23.98,38.83,40.00,34.17,32.88,14.84,22.90,38.94,23.69,20.00,3.88,20.00,20.00,2.86,40.00,821,0,0,0,0,821,0,0,1600000,0,0,0,0,0,0,0
2025-12-12 10:22:33,2025-12-12 10:37:52,0,162.247.45.172,100,918,1,2025-12-12 10:37:52,R_1jmcpG6X4NnNbgZ,,,,,42.2808,-122.9047,anonymous,EN,1,1,"I pay attention ",,,821,0,0,0,0,0,,731,0,1000,0,0,,653,7300,1016,2100000,0,,,,,,,,1,1,1,1,0,60,,,,,,,,,,,,,,,,,,,,,,,,,,,,,,,,,,,,,1,1,0,1,0,37,,1,1,1,1,0,44,,,,,,,,,,,,,,,,,,,,,,,,,,,,,,1,1,1,1,0,25,,,,,,,,,,,,,,,,,,,,,,,1,1,1,1,0,23,,,,,,,,,,,,,,,,,,,,,,0,,1,5aa838354eecca0001de0a20,FastSlow,20,40,"""390 + 431 =","""3719 + 1187 =","""128 + 86 + 716 =","""870000 + 1500000 =<br>","""89630 + 2739 + 18 + 188 =","""9372894 + 33 + 297 + 55 + 170027 =","""340 + 491 =","""3219 + 3588 = ","""324 + 99 + 515 =","""790000 + 2700000 =","""79820 + 2817 + 12 + 298 = ","""270 + 363 =","""4137 + 2378 =","""214 + 78 + 618 =","""920000 + 1900000 =","""88520 + 1648 + 29 +169 =",14.04,40.00,40.00,40.00,40.00,16.62,20.00,12.10,20.00,20.00,28.74,20.07,18.65,36.77,40.00,40.00,821,0,0,0,0,731,0,1000,0,0,653,7300,1016,2100000,0,0
2025-12-12 10:28:04,2025-12-12 10:38:51,0,98.110.51.215,100,646,1,2025-12-12 10:38:51,R_7j7OltlMqfgURL9,,,,,40.2187,-74.7404,anonymous,EN,1,1,I pay attention,,,521,4908,930,2370000,0,0,,831,6807,938,3490000,0,,633,6515,910,2820000,0,,,,,,,,,,,,,,,,,,,,,,,,,,,,,,,,,,,,1,1,1,1,1,25,,,,,,,,,1,0,0,1,0,68,,,,,,,,,,,,,,,,1,1,0,0,0,19,,,,,,,,,,,,,,,,,,,,,,,1,1,1,1,0,56,,,,,,,,,0,0,0,0,0,62,,,,,,,,,,,,,,,,,,,,,,,,,,,,,0,,10,661c5d9450ded976adbd5b24,SlowFast,40,20,"""390 + 431 =","""3719 + 1187 =","""128 + 86 + 716 =","""870000 + 1500000 =<br>","""89630 + 2739 + 18 + 188 =","""9372894 + 33 + 297 + 55 + 170027 =","""340 + 491 =","""3219 + 3588 = ","""324 + 99 + 515 =","""790000 + 2700000 =","""79820 + 2817 + 12 + 298 = ","""270 + 363 =","""4137 + 2378 =","""214 + 78 + 618 =","""920000 + 1900000 =","""88520 + 1648 + 29 +169 =",10.32,36.72,15.56,19.13,40.00,10.41,33.94,18.21,15.80,40.00,15.60,19.76,19.45,12.50,20.00,40.00,521,4908,930,2370000,0,831,6807,938,3490000,0,633,6515,910,2820000,0,0
2025-12-12 10:37:55,2025-12-12 10:45:58,0,76.251.162.189,100,483,1,2025-12-12 10:45:58,R_6BoppmRYnRuVdcZ,,,,,30.4421,-97.6339,anonymous,EN,1,1,I pay attention,,,821,4906,903,1020000,11687,1150000,,431,6807,0,1060000,82254,,633,6583,905,1010000,90233,,,,,,,,,,,,,,,1,1,1,1,0,70,,1,1,1,1,1,60,,,,,,,,,,,,,,,,,,,,,,,,,,,,,,,,,,,,,,,,,,,,,,,,,,,1,1,1,1,1,80,,,,,,,,,,,,,,,,1,1,1,1,1,30,,,,,,,,,,,,,,,,,,,,,,,,,,,,,,,,,,,,,1,1,1,1,0,20,0,,4,5b7df1f09fcd3c00011904a4,FastSlow,20,40,"""390 + 431 =","""3719 + 1187 =","""128 + 86 + 716 =","""870000 + 1500000 =<br>","""89630 + 2739 + 18 + 188 =","""9372894 + 33 + 297 + 55 + 170027 =","""340 + 491 =","""3219 + 3588 = ","""324 + 99 + 515 =","""790000 + 2700000 =","""79820 + 2817 + 12 + 298 = ","""270 + 363 =","""4137 + 2378 =","""214 + 78 + 618 =","""920000 + 1900000 =","""88520 + 1648 + 29 +169 =",8.48,15.31,28.21,27.47,38.18,11.71,15.97,20.00,12.01,19.58,8.66,14.29,18.31,8.86,11.64,29.86,821,4906,903,1020000,11687,431,6807,0,1060000,82254,633,6583,905,1010000,90233,1150000
2025-12-12 10:40:45,2025-12-12 10:47:52,0,50.158.6.107,100,426,1,2025-12-12 10:47:52,R_6FInFGmoXUBahHz,,,,,36.115,-115.2165,anonymous,EN,1,1,I pay attention,,,821,4906,830,2370000,92587,10001938,,831,6807,938,3490000,82947,,633,0,910,2820000,0,,,,,,,,,,,,,,,,,,,,,,1,1,1,1,1,60,,,,,,,,,,,,,,,,,,,,,,,,,,,,,,1,0,0,1,0,34,,,,,,,,,,,,,,,,,,,,,,,,,,,,,,,,,,,,,,,,,,,,,,,,,,,,,,,,,,0,1,1,1,0,28,,1,0,1,1,0,34,,1,0,1,0,0,50,,,,,,,,0,,11,6672d841976c5e0961cc8883,SlowFast,40,20,"""390 + 431 =","""3719 + 1187 =","""128 + 86 + 716 =","""870000 + 1500000 =<br>","""89630 + 2739 + 18 + 188 =","""9372894 + 33 + 297 + 55 + 170027 =","""340 + 491 =","""3219 + 3588 = ","""324 + 99 + 515 =","""790000 + 2700000 =","""79820 + 2817 + 12 + 298 = ","""270 + 363 =","""4137 + 2378 =","""214 + 78 + 618 =","""920000 + 1900000 =","""88520 + 1648 + 29 +169 =",7.41,23.07,12.17,9.50,39.08,9.62,23.72,10.77,16.31,30.01,9.99,20.00,15.38,7.76,20.00,14.32,821,4906,830,2370000,92587,831,6807,938,3490000,82947,633,0,910,2820000,0,10001938
2025-12-12 10:37:08,2025-12-12 10:49:11,0,107.131.82.105,100,723,1,2025-12-12 10:49:11,R_3Hk2bLwEIqWD1ki,,,,,36.3227,-95.5976,anonymous,EN,1,1,I pay attention,,,821,4960,930,23000,9200,9472894,,831,6800,938,3490000,8220,,633,6515,900,2820000,90000,,,,,,,,,,,,,,,,,,,,,,,,,,,,,,,,,,,,,,,,,,,,,,,,,,1,0,1,0,0,40,,,,,,,,,1,1,1,0,0,40,,,,,,,,,,,,,,,,,,,,,,,,,,,,,,,,,,,,,1,1,1,1,1,20,,,,,,,,,,,,,,,,1,0,0,0,0,40,,,,,,,,,1,1,1,0,0,40,0,,8,6782b152b9f7ae9d753eebea,SlowFast,40,20,"""390 + 431 =","""3719 + 1187 =","""128 + 86 + 716 =","""870000 + 1500000 =<br>","""89630 + 2739 + 18 + 188 =","""9372894 + 33 + 297 + 55 + 170027 =","""340 + 491 =","""3219 + 3588 = ","""324 + 99 + 515 =","""790000 + 2700000 =","""79820 + 2817 + 12 + 298 = ","""270 + 363 =","""4137 + 2378 =","""214 + 78 + 618 =","""920000 + 1900000 =","""88520 + 1648 + 29 +169 =",13.69,37.86,32.91,38.34,38.95,17.05,37.94,22.75,19.33,36.26,17.87,14.74,18.84,15.47,17.71,36.48,821,4960,930,23000,9200,831,6800,938,3490000,8220,633,6515,900,2820000,90000,9472894
2025-12-12 10:45:01,2025-12-12 10:49:59,0,32.214.186.116,100,297,1,2025-12-12 10:50:00,R_6Y4bZlrvJjkSRAT,,,,,41.6583,-72.6624,anonymous,EN,1,1,I pay attention,,,821,4906,930,10200000,13850,5668896,,831,6807,807,108000000,88823,,633,6708,890,11100000,10087,,,,,,,,,,,,,,,,,,,,,,,,,,,,,,,,,,,,,,,,,,,,,,,,,,,,,,,,,,,,,,,,,,,,,,,1,1,1,1,0,50,,,,,,,,,,,,,,,,1,1,1,1,1,78,,,,,,,,,1,1,1,1,0,39,,,,,,,,,1,1,1,1,0,71,,,,,,,,,1,1,1,1,1,76,,,,,,,,0,,6,654180b5d949b32a76c3b5fe,SlowFast,40,20,"""390 + 431 =","""3719 + 1187 =","""128 + 86 + 716 =","""870000 + 1500000 =<br>","""89630 + 2739 + 18 + 188 =","""9372894 + 33 + 297 + 55 + 170027 =","""340 + 491 =","""3219 + 3588 = ","""324 + 99 + 515 =","""790000 + 2700000 =","""79820 + 2817 + 12 + 298 = ","""270 + 363 =","""4137 + 2378 =","""214 + 78 + 618 =","""920000 + 1900000 =","""88520 + 1648 + 29 +169 =",8.14,22.65,13.39,14.86,8.92,8.06,16.03,4.98,10.44,8.34,12.80,5.18,11.94,8.33,5.19,6.74,821,4906,930,10200000,13850,831,6807,807,108000000,88823,633,6708,890,11100000,10087,5668896
2025-12-12 10:39:32,2025-12-12 10:50:52,0,108.147.176.13,100,680,1,2025-12-12 10:50:53,R_55SiSznmNnmmLxz,,,,,38.6646,-90.5758,anonymous,EN,1,1,I pay attention,,,821,4906,930,2370000,0,0,,831,6807,938,3490000,10937,,633,6515,910,2820000,0,,,,,,,,,,,,,,,,,,,,,,1,1,1,1,1,40,,,,,,,,,,,,,,,,,,,,,,,1,0,0,1,0,54,,1,0,0,1,0,53,,,,,,,,,1,1,0,1,0,35,,,,,,,,,,,,,,,,,,,,,,,,,,,,,,,,,,,,,,,,,,,,1,0,0,1,0,30,,,,,,,,,,,,,,,,,,,,,,0,,12,68116e00179b99f42ab53257,SlowFast,40,20,"""390 + 431 =","""3719 + 1187 =","""128 + 86 + 716 =","""870000 + 1500000 =<br>","""89630 + 2739 + 18 + 188 =","""9372894 + 33 + 297 + 55 + 170027 =","""340 + 491 =","""3219 + 3588 = ","""324 + 99 + 515 =","""790000 + 2700000 =","""79820 + 2817 + 12 + 298 = ","""270 + 363 =","""4137 + 2378 =","""214 + 78 + 618 =","""920000 + 1900000 =","""88520 + 1648 + 29 +169 =",20.66,28.31,28.48,28.09,40.00,14.09,22.34,21.47,23.16,27.83,14.21,17.45,15.75,17.54,20.00,40.00,821,4906,930,2370000,0,831,6807,938,3490000,10937,633,6515,910,2820000,0,0
2025-12-12 10:39:55,2025-12-12 10:51:34,0,75.118.39.156,100,699,1,2025-12-12 10:51:35,R_6GpMz7GFiCoi6Ph,,,,,40.1104,-83.1131,anonymous,EN,1,1,"I pay attention ",,,821,4906,930,92795,0,0,,831,6807,938,2779000,0,,633,6415,910,2820000,89763,,,,,,,,,,,,,,,1,1,1,1,0,72,,1,1,1,1,0,73,,1,1,1,1,1,56,,,,,,,,,,,,,,,,1,0,1,0,0,71,,,,,,,,,,,,,,,,,,,,,,,,,,,,,,,,,,,,,,,,,,,,1,1,1,1,0,40,,,,,,,,,,,,,,,,,,,,,,,,,,,,,,,,,,,,,,,,,,,0,"It was fun, I'm good at mental math but the time deadline makes it much harder",9,672a4909b6dfbe6ba024ddeb,FastSlow,20,40,"""390 + 431 =","""3719 + 1187 =","""128 + 86 + 716 =","""870000 + 1500000 =<br>","""89630 + 2739 + 18 + 188 =","""9372894 + 33 + 297 + 55 + 170027 =","""340 + 491 =","""3219 + 3588 = ","""324 + 99 + 515 =","""790000 + 2700000 =","""79820 + 2817 + 12 + 298 = ","""270 + 363 =","""4137 + 2378 =","""214 + 78 + 618 =","""920000 + 1900000 =","""88520 + 1648 + 29 +169 =",5.80,16.40,14.68,6.83,40.00,5.70,10.32,11.92,16.29,20.00,6.07,7.83,7.28,15.48,21.45,40.00,821,4906,930,92795,0,831,6807,938,2779000,0,633,6415,910,2820000,89763,0
2025-12-12 10:40:22,2025-12-12 10:52:39,0,140.186.179.189,100,737,1,2025-12-12 10:52:40,R_3s7PwfMWTaztpnD,,,,,39.0289,-95.2086,anonymous,EN,1,1,I pay attention,,,821,4906,910,0,0,0,,831,0,0,0,0,,633,6515,0,2820000,0,,,,,,,,,,,,,,,,,,,,,,,,,,,,,,,,,,,,1,1,1,1,1,5,,,,,,,,,,,,,,,,,,,,,,,,,,,,,,1,1,0,1,0,5,,,,,,,,,,,,,,,,1,1,1,1,0,30,,,,,,,,,,,,,,,,0,0,0,0,0,70,,1,0,0,0,0,20,,,,,,,,,,,,,,,,,,,,,,0,,6,5c0595bb1a20110001e9f1e1,FastSlow,20,40,"""390 + 431 =","""3719 + 1187 =","""128 + 86 + 716 =","""870000 + 1500000 =<br>","""89630 + 2739 + 18 + 188 =","""9372894 + 33 + 297 + 55 + 170027 =","""340 + 491 =","""3219 + 3588 = ","""324 + 99 + 515 =","""790000 + 2700000 =","""79820 + 2817 + 12 + 298 = ","""270 + 363 =","""4137 + 2378 =","""214 + 78 + 618 =","""920000 + 1900000 =","""88520 + 1648 + 29 +169 =",15.06,26.39,37.80,40.00,40.00,11.87,20.00,20.00,20.00,20.00,13.31,26.95,40.00,25.89,40.00,40.00,821,4906,910,0,0,831,0,0,0,0,633,6515,0,2820000,0,0
2025-12-12 10:39:18,2025-12-12 10:53:10,0,67.6.190.6,100,832,1,2025-12-12 10:53:10,R_1hAN5AwJHL3v8rU,,,,,37.9364,-90.7879,anonymous,EN,1,1,I pay attention,,,821,4905,930,237000,92573,954303,,831,6807,938,0,0,,633,6515,910,2820000,90365,,,,,,,,,,,,,,,,,,,,,,,,,,,,,1,1,1,1,0,55,,,,,,,,,,,,,,,,,,,,,,,1,1,0,1,0,45,,,,,,,,,,,,,,,,,,,,,,,1,1,1,0,0,70,,1,1,1,1,0,65,,1,1,1,1,1,35,,,,,,,,,,,,,,,,,,,,,,,,,,,,,,,,,,,,,,,,,,,0,,9,65ea41d8c31c744b580de3ee,FastSlow,20,40,"""390 + 431 =","""3719 + 1187 =","""128 + 86 + 716 =","""870000 + 1500000 =<br>","""89630 + 2739 + 18 + 188 =","""9372894 + 33 + 297 + 55 + 170027 =","""340 + 491 =","""3219 + 3588 = ","""324 + 99 + 515 =","""790000 + 2700000 =","""79820 + 2817 + 12 + 298 = ","""270 + 363 =","""4137 + 2378 =","""214 + 78 + 618 =","""920000 + 1900000 =","""88520 + 1648 + 29 +169 =",15.59,18.05,22.66,30.14,31.18,14.45,11.81,13.49,20.00,20.00,10.49,11.86,13.14,18.70,17.85,39.59,821,4905,930,237000,92573,831,6807,938,0,0,633,6515,910,2820000,90365,954303
2025-12-12 10:40:41,2025-12-12 10:54:22,0,209.183.235.186,100,820,1,2025-12-12 10:54:22,R_5gHdkjlYOi6aVUx,,,,,39.0863,-77.1726,anonymous,EN,1,1,I pay attention,,,821,5006,930,2370000,0,0,,831,7007,938,3490000,0,,633,6515,910,0,0,,,,,,,,,,,,,,,,,,,,,,1,1,1,1,0,85,,,,,,,,,1,1,1,1,1,50,,,,,,,,,,,,,,,,,,,,,,,,,,,,,,1,1,1,1,0,50,,1,1,1,1,1,70,,,,,,,,,,,,,,,,,,,,,,,,,,,,,,,,,,,,,1,1,0,1,0,30,,,,,,,,,,,,,,,,,,,,,,0,"Thank you. ",9,6938b8bae3f68aa762420d64,SlowFast,40,20,"""390 + 431 =","""3719 + 1187 =","""128 + 86 + 716 =","""870000 + 1500000 =<br>","""89630 + 2739 + 18 + 188 =","""9372894 + 33 + 297 + 55 + 170027 =","""340 + 491 =","""3219 + 3588 = ","""324 + 99 + 515 =","""790000 + 2700000 =","""79820 + 2817 + 12 + 298 = ","""270 + 363 =","""4137 + 2378 =","""214 + 78 + 618 =","""920000 + 1900000 =","""88520 + 1648 + 29 +169 =",11.86,21.75,27.80,22.66,40.00,13.42,21.91,19.80,26.57,40.00,12.23,14.86,16.69,20.00,20.00,40.00,821,5006,930,2370000,0,831,7007,938,3490000,0,633,6515,910,0,0,0
2025-12-12 10:49:57,2025-12-12 10:56:32,0,65.127.75.121,100,394,1,2025-12-12 10:56:33,R_7ekQdiS0HqVymRH,,,,,40.6981,-111.9999,anonymous,EN,1,1,I pay attention,,,821,4906,930,2370000,92575,0,,831,6807,938,3490000,82947,,633,6515,910,2820000,90366,,,,,,,,,,,,,,,,,,,,,,,,,,,,,,,,,,,,,,,,,,,0,0,0,0,0,93,,,,,,,,,,,,,,,,,,,,,,,,,,,,,,,,,,,,,1,1,1,1,0,36,,,,,,,,,1,1,1,1,1,26,,1,1,1,1,1,70,,,,,,,,,,,,,,,,1,1,0,0,0,73,,,,,,,,,,,,,,,0,,15,650d9e7cc7ca0c04a4530515,SlowFast,40,20,"""390 + 431 =","""3719 + 1187 =","""128 + 86 + 716 =","""870000 + 1500000 =<br>","""89630 + 2739 + 18 + 188 =","""9372894 + 33 + 297 + 55 + 170027 =","""340 + 491 =","""3219 + 3588 = ","""324 + 99 + 515 =","""790000 + 2700000 =","""79820 + 2817 + 12 + 298 = ","""270 + 363 =","""4137 + 2378 =","""214 + 78 + 618 =","""920000 + 1900000 =","""88520 + 1648 + 29 +169 =",16.52,12.37,21.67,18.76,13.34,8.70,7.28,8.24,15.26,15.75,6.10,9.90,7.46,14.49,11.84,40.00,821,4906,930,2370000,92575,831,6807,938,3490000,82947,633,6515,910,2820000,90366,0
2025-12-12 10:46:41,2025-12-12 10:58:06,0,73.181.16.155,100,685,1,2025-12-12 10:58:06,R_3JzuZeQAXgt7goF,,,,,38.8503,-104.8567,anonymous,EN,1,1,"I pay attention ",,,821,4906,930,23700000,924766,1054305676,,831,0,0,3490000,0,,633,6515,911,2820000,90378,,,,,,,,1,1,0,1,0,63,,,,,,,,,,,,,,,,,,,,,,,,,,,,,,0,0,0,1,0,40,,,,,,,,,1,0,0,1,0,21,,1,0,0,0,0,57,,,,,,,,,,,,,,,,,,,,,,,,,,,,,,,,,,,,,1,1,1,1,1,4,,,,,,,,,,,,,,,,,,,,,,,,,,,,,,,,,,,,0,,8,60fdc72e09443e94b6697b62,FastSlow,20,40,"""390 + 431 =","""3719 + 1187 =","""128 + 86 + 716 =","""870000 + 1500000 =<br>","""89630 + 2739 + 18 + 188 =","""9372894 + 33 + 297 + 55 + 170027 =","""340 + 491 =","""3219 + 3588 = ","""324 + 99 + 515 =","""790000 + 2700000 =","""79820 + 2817 + 12 + 298 = ","""270 + 363 =","""4137 + 2378 =","""214 + 78 + 618 =","""920000 + 1900000 =","""88520 + 1648 + 29 +169 =",11.88,19.74,30.23,23.45,38.23,14.52,20.00,20.00,15.01,20.00,8.62,20.87,27.26,13.07,36.03,39.13,821,4906,930,23700000,924766,831,0,0,3490000,0,633,6515,911,2820000,90378,1054305676
2025-12-12 10:44:51,2025-12-12 10:58:25,0,97.171.130.99,100,814,1,2025-12-12 10:58:26,R_7iz2wQCSimdHEKY,,,,,40.6487,-111.9682,anonymous,EN,1,1,I pay attention,,,821,4906,930,1020000,0,0,,831,0,0,0,0,,633,7515,910,1110000,0,,,,,,,,,,,,,,,,,,,,,,,,,,,,,,,,,,,,1,1,1,1,1,1,,,,,,,,,,,,,,,,1,0,1,0,0,2,,,,,,,,,,,,,,,,,,,,,,,1,1,1,1,0,9,,1,1,1,1,0,10,,,,,,,,,1,1,1,1,1,6,,,,,,,,,,,,,,,,,,,,,,,,,,,,,,,,,,,,1,I apologize that used a pen and paper without realizing that this was against the rules for mental calculation. I did not use AI or calculator,6,67a536701deb6e6c96611481,FastSlow,20,40,"""390 + 431 =","""3719 + 1187 =","""128 + 86 + 716 =","""870000 + 1500000 =<br>","""89630 + 2739 + 18 + 188 =","""9372894 + 33 + 297 + 55 + 170027 =","""340 + 491 =","""3219 + 3588 = ","""324 + 99 + 515 =","""790000 + 2700000 =","""79820 + 2817 + 12 + 298 = ","""270 + 363 =","""4137 + 2378 =","""214 + 78 + 618 =","""920000 + 1900000 =","""88520 + 1648 + 29 +169 =",32.16,25.03,35.28,27.03,40.00,17.68,20.00,20.00,20.00,20.00,16.30,35.61,24.48,21.95,4.71,4.28,821,4906,930,1020000,0,831,0,0,0,0,633,7515,910,1110000,0,0
2025-12-12 10:48:31,2025-12-12 10:58:40,0,108.193.178.29,100,609,1,2025-12-12 10:58:41,R_7WNf6mTKGTIktvu,,,,,33.925,-83.7298,anonymous,EN,0.699999988079071,1,I pay attention,,,821,4906,930,2370000,0,0,,831,6807,938,3490000,82947,,633,6515,910,2820000,0,,,,,,,,,,,,,,,,,,,,,,,,,,,,,,,,,,,,,,,,,,,,,,,,,,,,,,,,,,,,,,,,1,1,0,0,0,75,,,,,,,,,1,1,1,1,0,45,,,,,,,,,,,,,,,,,,,,,,,1,1,1,1,1,20,,1,1,0,1,0,40,,,,,,,,,1,1,0,1,0,30,,,,,,,,,,,,,,,0,,13,6648b67329cd00b8b3d15961,SlowFast,40,20,"""390 + 431 =","""3719 + 1187 =","""128 + 86 + 716 =","""870000 + 1500000 =<br>","""89630 + 2739 + 18 + 188 =","""9372894 + 33 + 297 + 55 + 170027 =","""340 + 491 =","""3219 + 3588 = ","""324 + 99 + 515 =","""790000 + 2700000 =","""79820 + 2817 + 12 + 298 = ","""270 + 363 =","""4137 + 2378 =","""214 + 78 + 618 =","""920000 + 1900000 =","""88520 + 1648 + 29 +169 =",9.09,29.00,23.81,30.73,40.00,12.22,21.54,14.70,21.86,35.95,9.22,11.25,16.70,15.77,20.00,40.00,821,4906,930,2370000,0,831,6807,938,3490000,82947,633,6515,910,2820000,0,0
2025-12-12 10:50:15,2025-12-12 10:59:21,0,73.241.100.34,100,546,1,2025-12-12 10:59:22,R_6ssT7Y27XUA3791,,,,,37.245,-121.9541,anonymous,EN,1,1,I pay attention,,,821,4906,930,2370000,0,0,,831,6807,938,0,0,,633,6415,910,2820000,0,,,,,,,,,,,,,,,1,1,1,1,0,49,,,,,,,,,,,,,,,,,,,,,,,0,0,0,0,0,79,,,,,,,,,,,,,,,,,,,,,,,,,,,,,,,,,,,,,,,,,,,,,,,,,,,1,1,0,1,0,35,,1,1,1,1,1,2,,0,0,0,0,0,55,,,,,,,,,,,,,,,,,,,,,,,,,,,,,0,,10,677ad06ebf62b45f68bc3ed4,FastSlow,20,40,"""390 + 431 =","""3719 + 1187 =","""128 + 86 + 716 =","""870000 + 1500000 =<br>","""89630 + 2739 + 18 + 188 =","""9372894 + 33 + 297 + 55 + 170027 =","""340 + 491 =","""3219 + 3588 = ","""324 + 99 + 515 =","""790000 + 2700000 =","""79820 + 2817 + 12 + 298 = ","""270 + 363 =","""4137 + 2378 =","""214 + 78 + 618 =","""920000 + 1900000 =","""88520 + 1648 + 29 +169 =",5.64,12.67,22.03,20.74,40.00,7.95,16.88,8.11,20.00,20.00,8.04,14.17,17.87,25.20,40.00,40.00,821,4906,930,2370000,0,831,6807,938,0,0,633,6415,910,2820000,0,0
2025-12-12 10:52:47,2025-12-12 11:01:41,0,45.21.15.149,100,534,1,2025-12-12 11:01:42,R_7U7ilrMPjppNwop,,,,,29.7805,-95.5129,anonymous,EN,1,1,I pay attention,,,821,5056,930,230000,0,9543900,,831,6800,938,0,85436,,633,6605,940,2820000,0,,,,,,,,,,,,,,,,,,,,,,1,1,1,1,0,60,,1,0,0,1,0,38,,,,,,,,,,,,,,,,,,,,,,,,,,,,,,,,,,,,,1,0,1,1,0,17,,,,,,,,,,,,,,,,1,0,1,1,0,31,,,,,,,,,,,,,,,,,,,,,,,,,,,,,,,,,,,,,,,,,,,,1,0,1,1,0,49,0,,6,67a577bd526d53b904219c1d,FastSlow,20,40,"""390 + 431 =","""3719 + 1187 =","""128 + 86 + 716 =","""870000 + 1500000 =<br>","""89630 + 2739 + 18 + 188 =","""9372894 + 33 + 297 + 55 + 170027 =","""340 + 491 =","""3219 + 3588 = ","""324 + 99 + 515 =","""790000 + 2700000 =","""79820 + 2817 + 12 + 298 = ","""270 + 363 =","""4137 + 2378 =","""214 + 78 + 618 =","""920000 + 1900000 =","""88520 + 1648 + 29 +169 =",10.12,28.42,18.81,17.19,40.00,7.82,11.81,17.72,20.00,12.02,9.58,12.03,19.40,8.66,40.00,17.97,821,5056,930,230000,0,831,6800,938,0,85436,633,6605,940,2820000,0,9543900
2025-12-12 10:50:23,2025-12-12 11:02:06,0,172.59.37.217,100,702,1,2025-12-12 11:02:06,R_3tlG6mHiNoAY077,,,,,39.2009,-84.4878,anonymous,EN,1,1,"I pay attention ",,,821,0,0,1000000,0,1200000,,831,0,975,0,83999,,633,6514,905,220000,10000,,,,,,,,1,1,0,0,0,62,,1,1,1,0,0,29,,,,,,,,,,,,,,,,,,,,,,,,,,,,,,,,,,,,,,,,,,,,1,1,1,1,0,52,,,,,,,,,,,,,,,,,,,,,,,,,,,,,,,,,,,,,,,,,,,,,,,,,,,1,1,0,0,0,22,,,,,,,,,,,,,,,,1,1,1,1,0,40,0,,3,67018ddda66fca6195d1070f,FastSlow,20,40,"""390 + 431 =","""3719 + 1187 =","""128 + 86 + 716 =","""870000 + 1500000 =<br>","""89630 + 2739 + 18 + 188 =","""9372894 + 33 + 297 + 55 + 170027 =","""340 + 491 =","""3219 + 3588 = ","""324 + 99 + 515 =","""790000 + 2700000 =","""79820 + 2817 + 12 + 298 = ","""270 + 363 =","""4137 + 2378 =","""214 + 78 + 618 =","""920000 + 1900000 =","""88520 + 1648 + 29 +169 =",31.43,40.00,40.00,36.96,40.00,15.19,20.00,16.58,20.00,19.14,16.05,21.02,16.70,14.40,16.83,16.82,821,0,0,1000000,0,831,0,975,0,83999,633,6514,905,220000,10000,1200000
2025-12-12 10:52:51,2025-12-12 11:02:32,0,67.177.126.41,100,580,1,2025-12-12 11:02:32,R_3FLnpBuBkTo5mfJ,,,,,30.8019,-85.2281,anonymous,EN,1,1,"I pay attention ",,,821,6540,930,0,1245677,0,,831,0,938,3490000,0,,633,0,0,2820000,0,,,,,,,,,,,,,,,0,1,0,1,1,26,,,,,,,,,,,,,,,,,,,,,,,,,,,,,,,,,,,,,,,,,,,,1,0,0,1,1,16,,0,0,1,1,1,33,,,,,,,,,,,,,,,,,,,,,,,1,0,1,0,0,32,,,,,,,,,,,,,,,,,,,,,,,1,0,1,0,0,36,,,,,,,,,,,,,,,0,,7,678f46cd0f21903076471f34,SlowFast,40,20,"""390 + 431 =","""3719 + 1187 =","""128 + 86 + 716 =","""870000 + 1500000 =<br>","""89630 + 2739 + 18 + 188 =","""9372894 + 33 + 297 + 55 + 170027 =","""340 + 491 =","""3219 + 3588 = ","""324 + 99 + 515 =","""790000 + 2700000 =","""79820 + 2817 + 12 + 298 = ","""270 + 363 =","""4137 + 2378 =","""214 + 78 + 618 =","""920000 + 1900000 =","""88520 + 1648 + 29 +169 =",27.61,27.06,31.90,40.00,27.92,11.93,40.00,11.62,20.43,6.56,12.66,18.87,20.00,14.38,4.49,40.00,821,6540,930,0,1245677,831,0,938,3490000,0,633,0,0,2820000,0,0
2025-12-12 10:50:55,2025-12-12 11:02:58,0,140.141.220.51,100,722,1,2025-12-12 11:02:58,R_1TMhczgaYmMhlR3,,,,,40.9509,-90.3658,anonymous,EN,1,1,I pay attention,,,421,4806,930,0,0,0,,831,0,938,0,0,,0,0,0,0,0,,,,,,,,,,,,,,,1,1,1,1,0,40,,1,1,1,1,0,50,,,,,,,,,,,,,,,,1,0,0,0,0,70,,,,,,,,,,,,,,,,,,,,,,,,,,,,,,,,,,,,,,,,,,,,,,,,,,,1,1,1,1,0,30,,,,,,,,,,,,,,,,,,,,,,,,,,,,,,,,,,,,,1,0,0,0,0,10,0,,3,66c30398cfdcf65e1ef278bf,SlowFast,40,20,"""390 + 431 =","""3719 + 1187 =","""128 + 86 + 716 =","""870000 + 1500000 =<br>","""89630 + 2739 + 18 + 188 =","""9372894 + 33 + 297 + 55 + 170027 =","""340 + 491 =","""3219 + 3588 = ","""324 + 99 + 515 =","""790000 + 2700000 =","""79820 + 2817 + 12 + 298 = ","""270 + 363 =","""4137 + 2378 =","""214 + 78 + 618 =","""920000 + 1900000 =","""88520 + 1648 + 29 +169 =",16.74,30.07,22.32,40.00,40.00,31.76,40.00,25.37,40.00,40.00,20.00,20.00,20.00,20.00,20.00,40.00,421,4806,930,0,0,831,0,938,0,0,0,0,0,0,0,0
2025-12-12 10:51:37,2025-12-12 11:03:12,0,170.39.89.220,100,694,1,2025-12-12 11:03:12,R_17EWST34KGB76BH,,,,,30.8225,-97.5928,anonymous,EN,1,1,I pay attention,,,821,4907,921,2370000,0,10000000,,831,3800,0,34900000,83000,,633,6455,910,2820000,92000,,,,,,,,,,,,,,,,,,,,,,,,,,,,,,,,,,,,,,,,,,,,,,,,,,1,0,0,1,0,19,,,,,,,,,1,0,0,0,0,40,,,,,,,,,,,,,,,,,,,,,,,1,1,1,1,0,11,,,,,,,,,1,1,1,1,1,6,,,,,,,,,,,,,,,,,,,,,,,,,,,,,,1,0,0,1,0,4,0,,6,6610ca6d1c7fe8e3861d0de2,FastSlow,20,40,"""390 + 431 =","""3719 + 1187 =","""128 + 86 + 716 =","""870000 + 1500000 =<br>","""89630 + 2739 + 18 + 188 =","""9372894 + 33 + 297 + 55 + 170027 =","""340 + 491 =","""3219 + 3588 = ","""324 + 99 + 515 =","""790000 + 2700000 =","""79820 + 2817 + 12 + 298 = ","""270 + 363 =","""4137 + 2378 =","""214 + 78 + 618 =","""920000 + 1900000 =","""88520 + 1648 + 29 +169 =",16.91,22.30,36.91,32.89,40.00,11.13,18.95,20.00,19.76,11.55,9.54,18.33,22.33,18.60,12.75,25.39,821,4907,921,2370000,0,831,3800,0,34900000,83000,633,6455,910,2820000,92000,10000000
2025-12-12 10:52:26,2025-12-12 11:03:16,0,47.199.239.85,100,650,1,2025-12-12 11:03:17,R_5HTdcLQxowzyET0,,,,,28.0406,-82.3951,anonymous,EN,1,1,I pay attention,,,821,5216,1724,10200000,120605,0,,831,0,0,1600000,0,,633,6515,1020,11000000,164000,,,,,,,,,,,,,,,1,1,1,1,0,60,,,,,,,,,,,,,,,,1,1,1,1,1,20,,,,,,,,,,,,,,,,,,,,,,,,,,,,,,,,,,,,,,,,,,,,,,,,,,,,,,,,,,1,1,1,1,0,80,,1,1,1,1,1,15,,0,0,0,0,0,80,,,,,,,,,,,,,,,,,,,,,,,,,,,,,0,,4,6560d73f80824412a8a74260,FastSlow,20,40,"""390 + 431 =","""3719 + 1187 =","""128 + 86 + 716 =","""870000 + 1500000 =<br>","""89630 + 2739 + 18 + 188 =","""9372894 + 33 + 297 + 55 + 170027 =","""340 + 491 =","""3219 + 3588 = ","""324 + 99 + 515 =","""790000 + 2700000 =","""79820 + 2817 + 12 + 298 = ","""270 + 363 =","""4137 + 2378 =","""214 + 78 + 618 =","""920000 + 1900000 =","""88520 + 1648 + 29 +169 =",20.36,19.55,35.83,25.57,36.50,12.74,20.00,20.00,18.27,20.00,19.35,21.93,30.32,36.64,26.04,40.00,821,5216,1724,10200000,120605,831,0,0,1600000,0,633,6515,1020,11000000,164000,0
2025-12-12 10:52:06,2025-12-12 11:03:31,0,107.119.45.2,100,684,1,2025-12-12 11:03:31,R_5xLywGMsedvpqeG,,,,,38.6646,-90.5758,anonymous,EN,1,1,I pay attention,,,800,3850,934,1587000,91234,100345,,842,7018,915,2400000,82451,,0,7034,900,1992000,91023,,,,,,,,,,,,,,,1,1,0,1,0,28,,,,,,,,,,,,,,,,,,,,,,,,,,,,,,1,0,0,1,0,14,,,,,,,,,,,,,,,,,,,,,,,,,,,,,,0,0,0,1,0,17,,1,0,0,1,0,15,,,,,,,,,,,,,,,,,,,,,,,,,,,,,,,,,,,,,,,,,,,,1,0,0,1,0,27,0,,,662aa4644d318829d42496b7,SlowFast,40,20,"""390 + 431 =","""3719 + 1187 =","""128 + 86 + 716 =","""870000 + 1500000 =<br>","""89630 + 2739 + 18 + 188 =","""9372894 + 33 + 297 + 55 + 170027 =","""340 + 491 =","""3219 + 3588 = ","""324 + 99 + 515 =","""790000 + 2700000 =","""79820 + 2817 + 12 + 298 = ","""270 + 363 =","""4137 + 2378 =","""214 + 78 + 618 =","""920000 + 1900000 =","""88520 + 1648 + 29 +169 =",17.60,24.33,18.63,15.98,26.42,15.04,18.56,17.16,28.58,21.16,20.00,18.25,17.69,17.71,14.93,27.35,800,3850,934,1587000,91234,842,7018,915,2400000,82451,0,7034,900,1992000,91023,100345
2025-12-12 10:52:17,2025-12-12 11:03:35,0,173.59.114.161,100,678,1,2025-12-12 11:03:35,R_5fN62XZE6Cjnej4,,,,,40.0417,-75.021,anonymous,EN,1,1,i pay attention,,,821,4960,930,2270000,0,0,,831,0,992,349000,0,,633,6515,800,2820000,0,,,,,,,,1,0,1,1,0,90,,,,,,,,,,,,,,,,,,,,,,,1,1,1,1,0,20,,1,0,0,0,0,62,,,,,,,,,,,,,,,,,,,,,,,1,0,0,1,0,26,,,,,,,,,,,,,,,,,,,,,,,,,,,,,,,,,,,,,,,,,,,,,,,,,,,,,,,,,,1,0,1,0,0,77,,,,,,,,0,,6,5aa2dcf36219a30001f57b7e,FastSlow,20,40,"""390 + 431 =","""3719 + 1187 =","""128 + 86 + 716 =","""870000 + 1500000 =<br>","""89630 + 2739 + 18 + 188 =","""9372894 + 33 + 297 + 55 + 170027 =","""340 + 491 =","""3219 + 3588 = ","""324 + 99 + 515 =","""790000 + 2700000 =","""79820 + 2817 + 12 + 298 = ","""270 + 363 =","""4137 + 2378 =","""214 + 78 + 618 =","""920000 + 1900000 =","""88520 + 1648 + 29 +169 =",23.33,39.22,28.13,36.89,40.00,8.57,20.00,18.22,17.01,20.00,19.02,19.66,17.35,21.75,40.00,40.00,821,4960,930,2270000,0,831,0,992,349000,0,633,6515,800,2820000,0,0
2025-12-12 10:38:05,2025-12-12 11:03:44,0,75.196.111.60,100,1539,1,2025-12-12 11:03:45,R_6jUtast6VbtoBPM,,,,,42.1495,-88.0221,anonymous,EN,1,1,I pay attention,,,821,4906,930,2370000,0,0,,831,6807,938,3490000,0,,633,6514,910,2820000,0,,,,,,,,,,,,,,,,,,,,,,1,1,1,1,1,25,,,,,,,,,,,,,,,,,,,,,,,,,,,,,,,,,,,,,,,,,,,,,,,,,,,1,1,1,1,0,40,,,,,,,,,1,1,1,1,0,30,,,,,,,,,1,1,1,1,1,8,,,,,,,,,,,,,,,,1,0,0,0,0,30,,,,,,,,,,,,,,,0,,11,6914e0900c27e175798f4983,SlowFast,40,20,"""390 + 431 =","""3719 + 1187 =","""128 + 86 + 716 =","""870000 + 1500000 =<br>","""89630 + 2739 + 18 + 188 =","""9372894 + 33 + 297 + 55 + 170027 =","""340 + 491 =","""3219 + 3588 = ","""324 + 99 + 515 =","""790000 + 2700000 =","""79820 + 2817 + 12 + 298 = ","""270 + 363 =","""4137 + 2378 =","""214 + 78 + 618 =","""920000 + 1900000 =","""88520 + 1648 + 29 +169 =",18.27,20.60,16.53,31.78,40.00,13.95,17.59,30.40,29.37,40.00,16.14,13.99,17.34,16.01,20.00,40.00,821,4906,930,2370000,0,831,6807,938,3490000,0,633,6514,910,2820000,0,0
2025-12-12 10:51:58,2025-12-12 11:03:51,0,172.56.69.0,100,712,1,2025-12-12 11:03:51,R_5EH63sJS3CyaZTO,,,,,33.7153,-84.3312,anonymous,EN,0.8999999761581421,1,I pay attention,,,821,4906,930,0,0,0,,831,6807,938,0,0,,633,0,0,0,0,,,,,,,,1,1,0,0,0,29,,,,,,,,,,,,,,,,,,,,,,,,,,,,,,,,,,,,,,,,,,,,,,,,,,,,,,,,,,,,,,,,,1,1,0,0,0,21,,,,,,,,,,,,,,,,,,,,,,,,,,,,,,1,0,0,0,0,50,,,,,,,,,,,,,,,,1,1,0,0,0,9,,1,0,0,0,0,0,0,,7,6728c6de354d8cf555f41110,FastSlow,20,40,"""390 + 431 =","""3719 + 1187 =","""128 + 86 + 716 =","""870000 + 1500000 =<br>","""89630 + 2739 + 18 + 188 =","""9372894 + 33 + 297 + 55 + 170027 =","""340 + 491 =","""3219 + 3588 = ","""324 + 99 + 515 =","""790000 + 2700000 =","""79820 + 2817 + 12 + 298 = ","""270 + 363 =","""4137 + 2378 =","""214 + 78 + 618 =","""920000 + 1900000 =","""88520 + 1648 + 29 +169 =",15.67,19.58,16.93,40.00,40.00,10.95,17.43,17.41,20.00,20.00,17.66,40.00,40.00,40.00,40.00,40.00,821,4906,930,0,0,831,6807,938,0,0,633,0,0,0,0,0
2025-12-12 10:53:25,2025-12-12 11:04:01,0,104.56.170.96,100,636,1,2025-12-12 11:04:02,R_6pWtMqXGgSwo8BC,,,,,32.6227,-97.1479,anonymous,EN,1,1,I pay attention,,,821,4906,930,0,92575,9543306,,831,6807,938,3490000,82947,,633,0,910,0,0,,,,,,,,,,,,,,,,,,,,,,,,,,,,,,,,,,,,,,,,,,,0,1,0,1,1,74,,,,,,,,,,,,,,,,,,,,,,,,,,,,,,1,1,1,0,0,81,,1,0,1,1,0,69,,,,,,,,,,,,,,,,1,1,0,0,1,72,,0,0,0,0,1,76,,,,,,,,,,,,,,,,,,,,,,,,,,,,,0,,11,679143553bf737e54b3c9bf4,SlowFast,40,20,"""390 + 431 =","""3719 + 1187 =","""128 + 86 + 716 =","""870000 + 1500000 =<br>","""89630 + 2739 + 18 + 188 =","""9372894 + 33 + 297 + 55 + 170027 =","""340 + 491 =","""3219 + 3588 = ","""324 + 99 + 515 =","""790000 + 2700000 =","""79820 + 2817 + 12 + 298 = ","""270 + 363 =","""4137 + 2378 =","""214 + 78 + 618 =","""920000 + 1900000 =","""88520 + 1648 + 29 +169 =",18.54,18.79,19.63,40.00,4.99,15.74,18.91,15.58,31.86,24.56,11.05,20.00,15.65,20.00,20.00,36.44,821,4906,930,0,92575,831,6807,938,3490000,82947,633,0,910,0,0,9543306
2025-12-12 10:55:08,2025-12-12 11:05:14,0,174.219.234.128,100,605,1,2025-12-12 11:05:14,R_1OqL0P5ltfev3Ou,,,,,38.9522,-77.0253,anonymous,EN,1,1,I pay attention,,,821,4906,0,2370000,0,0,,831,6807,940,3490000,0,,633,0,0,2820000,0,,,,,,,,,,,,,,,,,,,,,,,,,,,,,,,,,,,,1,1,1,1,1,8,,,,,,,,,,,,,,,,,,,,,,,,,,,,,,,,,,,,,1,1,1,1,0,20,,1,1,1,1,0,21,,,,,,,,,1,1,1,1,0,61,,,,,,,,,,,,,,,,,,,,,,,1,0,0,1,0,16,,,,,,,,,,,,,,,0,,8,5ec7e8a712268326deae8d87,SlowFast,40,20,"""390 + 431 =","""3719 + 1187 =","""128 + 86 + 716 =","""870000 + 1500000 =<br>","""89630 + 2739 + 18 + 188 =","""9372894 + 33 + 297 + 55 + 170027 =","""340 + 491 =","""3219 + 3588 = ","""324 + 99 + 515 =","""790000 + 2700000 =","""79820 + 2817 + 12 + 298 = ","""270 + 363 =","""4137 + 2378 =","""214 + 78 + 618 =","""920000 + 1900000 =","""88520 + 1648 + 29 +169 =",14.41,30.78,40.00,17.78,40.00,12.89,27.77,31.48,20.09,40.00,13.67,20.00,20.00,11.54,20.00,40.00,821,4906,0,2370000,0,831,6807,940,3490000,0,633,0,0,2820000,0,0
2025-12-12 10:55:18,2025-12-12 11:05:16,0,76.157.164.64,100,597,1,2025-12-12 11:05:16,R_6ziHHFctaQsBIF6,,,,,41.839,-87.7892,anonymous,EN,1,1,I pay attention,,,821,4906,930,10200000,91565,9787676,,831,6807,938,3490000,83847,,633,6565,910,2820000,90567,,,,,,,,,,,,,,,,,,,,,,1,1,1,1,0,60,,,,,,,,,,,,,,,,,,,,,,,,,,,,,,1,1,1,1,0,19,,1,1,0,0,0,50,,,,,,,,,,,,,,,,,,,,,,,,,,,,,,1,1,1,1,0,25,,,,,,,,,,,,,,,,,,,,,,,,,,,,,,,,,,,,,1,1,1,1,0,5,0,,10,66fdadbaa3ff5e732278ad0e,SlowFast,40,20,"""390 + 431 =","""3719 + 1187 =","""128 + 86 + 716 =","""870000 + 1500000 =<br>","""89630 + 2739 + 18 + 188 =","""9372894 + 33 + 297 + 55 + 170027 =","""340 + 491 =","""3219 + 3588 = ","""324 + 99 + 515 =","""790000 + 2700000 =","""79820 + 2817 + 12 + 298 = ","""270 + 363 =","""4137 + 2378 =","""214 + 78 + 618 =","""920000 + 1900000 =","""88520 + 1648 + 29 +169 =",7.42,18.01,13.36,13.96,36.12,5.91,9.25,9.07,21.59,25.58,4.81,11.79,10.43,13.52,13.32,17.46,821,4906,930,10200000,91565,831,6807,938,3490000,83847,633,6565,910,2820000,90567,9787676
2025-12-12 10:54:45,2025-12-12 11:05:59,0,174.49.197.18,100,673,1,2025-12-12 11:06:06,R_1ha8BaHvYDC9ywm,,,,,40.3368,-75.8744,anonymous,EN,1,1,I pay attention,,,821,4906,1000,0,0,2500000,,0,6750,938,3490000,0,,633,6500,928,2820000,92000,,,,,,,,1,1,1,1,0,95,,1,1,1,1,0,85,,,,,,,,,,,,,,,,,,,,,,,0,0,1,1,0,85,,,,,,,,,,,,,,,,,,,,,,,1,1,1,1,0,75,,,,,,,,,,,,,,,,,,,,,,,,,,,,,,,,,,,,,,,,,,,,,,,,,,,,,,,,,,1,1,1,1,0,85,,,,,,,,0,,6,67858bcf2e9aa77b0e98dbb7,FastSlow,20,40,"""390 + 431 =","""3719 + 1187 =","""128 + 86 + 716 =","""870000 + 1500000 =<br>","""89630 + 2739 + 18 + 188 =","""9372894 + 33 + 297 + 55 + 170027 =","""340 + 491 =","""3219 + 3588 = ","""324 + 99 + 515 =","""790000 + 2700000 =","""79820 + 2817 + 12 + 298 = ","""270 + 363 =","""4137 + 2378 =","""214 + 78 + 618 =","""920000 + 1900000 =","""88520 + 1648 + 29 +169 =",17.07,27.24,33.59,40.00,40.00,19.12,18.05,17.74,16.91,20.00,20.55,17.00,19.24,12.97,27.09,30.59,821,4906,1000,0,0,0,6750,938,3490000,0,633,6500,928,2820000,92000,2500000
2025-12-12 10:55:38,2025-12-12 11:06:16,0,107.127.21.133,100,637,1,2025-12-12 11:06:17,R_1GcBQgpemlWM8uu,,,,,33.4532,-112.0748,anonymous,EN,1,1,I pay attention,,,821,3901,930,2370000,0,957539,,831,6854,0,3490000,0,,633,6615,923,2820000,91354,,,,,,,,,,,,,,,,,,,,,,,,,,,,,1,1,0,1,0,68,,,,,,,,,0,0,0,1,0,14,,,,,,,,,,,,,,,,,,,,,,,,,,,,,,1,0,0,1,0,14,,,,,,,,,,,,,,,,1,1,0,1,0,35,,,,,,,,,,,,,,,,,,,,,,,,,,,,,,,,,,,,,0,0,0,1,0,4,0,,7,67731108dbba1f283636d0e6,FastSlow,20,40,"""390 + 431 =","""3719 + 1187 =","""128 + 86 + 716 =","""870000 + 1500000 =<br>","""89630 + 2739 + 18 + 188 =","""9372894 + 33 + 297 + 55 + 170027 =","""340 + 491 =","""3219 + 3588 = ","""324 + 99 + 515 =","""790000 + 2700000 =","""79820 + 2817 + 12 + 298 = ","""270 + 363 =","""4137 + 2378 =","""214 + 78 + 618 =","""920000 + 1900000 =","""88520 + 1648 + 29 +169 =",18.56,30.47,23.61,30.60,40.00,12.76,17.85,20.00,17.82,20.00,15.79,37.35,11.50,24.36,19.88,37.51,821,3901,930,2370000,0,831,6854,0,3490000,0,633,6615,923,2820000,91354,957539
2025-12-12 10:38:05,2025-12-12 11:06:49,0,71.76.80.236,100,1723,1,2025-12-12 11:06:49,R_7PUnxsnakbIL3Ew,,,,,35.0892,-80.8194,anonymous,EN,1,1,I pay attention,,,821,4806,930,2370000,0,0,,831,6806,938,3490000,0,,633,6515,90366,0,0,,,,,,,,,,,,,,,,,,,,,,,,,,,,,,,,,,,,1,1,1,1,1,60,,,,,,,,,,,,,,,,,,,,,,,1,1,1,0,0,80,,1,1,1,1,0,30,,,,,,,,,,,,,,,,,,,,,,,,,,,,,,1,1,1,1,1,30,,,,,,,,,,,,,,,,,,,,,,,,,,,,,,1,1,1,1,0,30,0,n/a,8,66be4c98197a6d1a726134d4,SlowFast,40,20,"""390 + 431 =","""3719 + 1187 =","""128 + 86 + 716 =","""870000 + 1500000 =<br>","""89630 + 2739 + 18 + 188 =","""9372894 + 33 + 297 + 55 + 170027 =","""340 + 491 =","""3219 + 3588 = ","""324 + 99 + 515 =","""790000 + 2700000 =","""79820 + 2817 + 12 + 298 = ","""270 + 363 =","""4137 + 2378 =","""214 + 78 + 618 =","""920000 + 1900000 =","""88520 + 1648 + 29 +169 =",23.13,26.89,22.58,30.96,40.00,24.49,22.54,38.59,26.80,40.00,12.46,17.54,5.46,20.00,20.00,40.00,821,4806,930,2370000,0,831,6806,938,3490000,0,633,6515,90366,0,0,0
2025-12-12 10:51:16,2025-12-12 11:07:01,0,192.33.24.192,100,944,1,2025-12-12 11:07:01,R_1pMUWYQftMtUNsS,,,,,32.7797,-96.8022,anonymous,EN,1,1,I pay attention,,,821,0,930,2370000,0,0,,831,6807,938,1060000,0,,633,6515,0,282000,0,,,,,,,,,,,,,,,,,,,,,,1,1,1,1,0,33,,,,,,,,,,,,,,,,,,,,,,,1,0,0,1,0,29,,,,,,,,,,,,,,,,,,,,,,,,,,,,,,,,,,,,,1,1,0,1,0,19,,,,,,,,,,,,,,,,1,0,0,1,0,36,,,,,,,,,,,,,,,,,,,,,,,1,1,0,1,0,9,0,"This was very interesting and I found myself trying to visualize an abacus to help.  I don't think it did.  Stressful!  I am very good at math on paper, but apparently not in my head.",8,6122f332c9f0e8bb1209dc7d,SlowFast,40,20,"""390 + 431 =","""3719 + 1187 =","""128 + 86 + 716 =","""870000 + 1500000 =<br>","""89630 + 2739 + 18 + 188 =","""9372894 + 33 + 297 + 55 + 170027 =","""340 + 491 =","""3219 + 3588 = ","""324 + 99 + 515 =","""790000 + 2700000 =","""79820 + 2817 + 12 + 298 = ","""270 + 363 =","""4137 + 2378 =","""214 + 78 + 618 =","""920000 + 1900000 =","""88520 + 1648 + 29 +169 =",15.54,40.00,29.89,29.32,40.00,21.93,30.85,21.98,24.54,40.00,12.42,15.91,20.00,12.88,20.00,40.00,821,0,930,2370000,0,831,6807,938,1060000,0,633,6515,0,282000,0,0
2025-12-12 10:44:53,2025-12-12 11:07:04,0,107.123.5.70,100,1330,1,2025-12-12 11:07:04,R_64w38aU0U3hZuZg,,,,,39.7914,-86.2675,anonymous,EN,1,1,"I pay attention ",,,821,4906,0,0,0,0,,831,0,0,0,0,,633,6515,910,0,0,,,,,,,,,,,,,,,1,1,1,1,0,74,,1,1,1,1,0,88,,,,,,,,,1,1,1,1,1,74,,,,,,,,,,,,,,,,,,,,,,,,,,,,,,,,,,,,,,,,,,,,1,1,1,1,0,21,,,,,,,,,,,,,,,,,,,,,,,,,,,,,,1,0,1,0,0,23,,,,,,,,,,,,,,,,,,,,,,0,,6,666253e8c992de971c27b622,FastSlow,20,40,"""390 + 431 =","""3719 + 1187 =","""128 + 86 + 716 =","""870000 + 1500000 =<br>","""89630 + 2739 + 18 + 188 =","""9372894 + 33 + 297 + 55 + 170027 =","""340 + 491 =","""3219 + 3588 = ","""324 + 99 + 515 =","""790000 + 2700000 =","""79820 + 2817 + 12 + 298 = ","""270 + 363 =","""4137 + 2378 =","""214 + 78 + 618 =","""920000 + 1900000 =","""88520 + 1648 + 29 +169 =",12.51,33.84,40.00,40.00,40.00,14.12,20.00,20.00,20.00,20.00,12.78,28.81,37.49,40.00,40.00,40.00,821,4906,0,0,0,831,0,0,0,0,633,6515,910,0,0,0
2025-12-12 10:58:49,2025-12-12 11:07:16,0,71.255.49.174,100,507,1,2025-12-12 11:07:17,R_50fQtftRmMFRodz,,,,,40.6214,-73.9705,anonymous,EN,1,1,I pay attention,,,821,4906,930,2370000,0,0,,831,6807,938,3490000,0,,633,6515,900,2820000,90026,,,,,,,,,,,,,,,1,1,1,1,0,85,,,,,,,,,,,,,,,,,,,,,,,,,,,,,,,,,,,,,,,,,,,,,,,,,,,1,1,1,1,0,20,,,,,,,,,1,1,1,1,0,70,,,,,,,,,,,,,,,,,,,,,,,,,,,,,,,,,,,,,1,1,0,1,0,41,,,,,,,,,1,1,1,1,0,10,0,,11,671bbd54132abb33bed4a541,FastSlow,20,40,"""390 + 431 =","""3719 + 1187 =","""128 + 86 + 716 =","""870000 + 1500000 =<br>","""89630 + 2739 + 18 + 188 =","""9372894 + 33 + 297 + 55 + 170027 =","""340 + 491 =","""3219 + 3588 = ","""324 + 99 + 515 =","""790000 + 2700000 =","""79820 + 2817 + 12 + 298 = ","""270 + 363 =","""4137 + 2378 =","""214 + 78 + 618 =","""920000 + 1900000 =","""88520 + 1648 + 29 +169 =",6.54,15.20,14.26,25.94,40.00,4.96,9.55,16.31,17.62,20.00,10.00,6.85,22.81,17.20,30.99,40.00,821,4906,930,2370000,0,831,6807,938,3490000,0,633,6515,900,2820000,90026,0
2025-12-12 10:56:20,2025-12-12 11:07:40,0,98.193.113.232,100,680,1,2025-12-12 11:07:41,R_6Vl3Le8ZCYlmW2n,,,,,42.3546,-89.0435,anonymous,EN,1,1,"I pay attention ",,,821,4908,0,1020000,10000,27900000,,731,6807,958,3490000,90000,,533,6415,0,2020000,90000,,,,,,,,,,,,,,,1,1,1,1,0,80,,1,1,1,1,0,70,,,,,,,,,1,1,1,1,0,40,,1,1,0,0,0,80,,,,,,,,,,,,,,,,,,,,,,,,,,,,,,,,,,,,,,,,,,,,,,,,,,,,,,,,,,1,1,1,1,1,20,,,,,,,,,,,,,,,,,,,,,,,,,,,,,,,,,,,,0,,3,67ad00ff0c1efab54a3a8c53,SlowFast,40,20,"""390 + 431 =","""3719 + 1187 =","""128 + 86 + 716 =","""870000 + 1500000 =<br>","""89630 + 2739 + 18 + 188 =","""9372894 + 33 + 297 + 55 + 170027 =","""340 + 491 =","""3219 + 3588 = ","""324 + 99 + 515 =","""790000 + 2700000 =","""79820 + 2817 + 12 + 298 = ","""270 + 363 =","""4137 + 2378 =","""214 + 78 + 618 =","""920000 + 1900000 =","""88520 + 1648 + 29 +169 =",12.53,27.64,40.00,38.74,35.95,13.77,19.94,34.24,18.16,18.81,18.74,15.19,20.00,14.33,15.34,30.20,821,4908,0,1020000,10000,731,6807,958,3490000,90000,533,6415,0,2020000,90000,27900000
2025-12-12 10:53:43,2025-12-12 11:07:41,0,23.28.32.3,100,837,1,2025-12-12 11:07:41,R_5mNOpjDxKqPTODv,,,,,41.3147,-75.7911,anonymous,EN,1,1,I pay attention,,,821,4797,890,10000000,9463,155896,,831,8715,0,1900000,0,,633,6505,916,10800000,9956,,,,,,,,1,1,0,1,0,76,,,,,,,,,,,,,,,,,,,,,,,1,1,1,1,1,41,,,,,,,,,,,,,,,,,,,,,,,,,,,,,,1,1,0,0,0,43,,,,,,,,,,,,,,,,,,,,,,,1,0,1,1,0,49,,,,,,,,,,,,,,,,,,,,,,,,,,,,,,1,1,0,0,0,34,,,,,,,,0,,3,673658d3f472f26f74885fe7,FastSlow,20,40,"""390 + 431 =","""3719 + 1187 =","""128 + 86 + 716 =","""870000 + 1500000 =<br>","""89630 + 2739 + 18 + 188 =","""9372894 + 33 + 297 + 55 + 170027 =","""340 + 491 =","""3219 + 3588 = ","""324 + 99 + 515 =","""790000 + 2700000 =","""79820 + 2817 + 12 + 298 = ","""270 + 363 =","""4137 + 2378 =","""214 + 78 + 618 =","""920000 + 1900000 =","""88520 + 1648 + 29 +169 =",20.55,24.14,28.31,33.11,29.95,18.22,5.77,20.00,19.66,20.00,17.99,22.55,19.75,25.71,24.78,32.55,821,4797,890,10000000,9463,831,8715,0,1900000,0,633,6505,916,10800000,9956,155896
2025-12-12 10:58:49,2025-12-12 11:07:54,0,99.6.207.68,100,544,1,2025-12-12 11:07:54,R_6YLiESCsFOc49N9,,,,,34.4993,-84.9373,anonymous,EN,1,1,I pay attention,,,821,5006,930,23700000,9694,0,,831,0,938,3690000,0,,633,7515,910,2820000,90256,,,,,,,,,,,,,,,,,,,,,,,,,,,,,,,,,,,,1,1,1,1,1,18,,,,,,,,,,,,,,,,1,1,0,1,0,60,,,,,,,,,,,,,,,,1,1,1,1,0,71,,,,,,,,,,,,,,,,1,1,1,1,0,41,,,,,,,,,,,,,,,,,,,,,,,1,1,1,1,0,37,,,,,,,,,,,,,,,0,,7,6727af89081bd9f0e0d0973d,FastSlow,20,40,"""390 + 431 =","""3719 + 1187 =","""128 + 86 + 716 =","""870000 + 1500000 =<br>","""89630 + 2739 + 18 + 188 =","""9372894 + 33 + 297 + 55 + 170027 =","""340 + 491 =","""3219 + 3588 = ","""324 + 99 + 515 =","""790000 + 2700000 =","""79820 + 2817 + 12 + 298 = ","""270 + 363 =","""4137 + 2378 =","""214 + 78 + 618 =","""920000 + 1900000 =","""88520 + 1648 + 29 +169 =",11.34,20.45,9.70,29.66,36.37,6.30,20.00,12.37,18.12,20.00,13.54,18.29,20.52,22.87,25.23,40.00,821,5006,930,23700000,9694,831,0,938,3690000,0,633,7515,910,2820000,90256,0
2025-12-12 10:54:11,2025-12-12 11:08:22,0,154.17.152.34,100,851,1,2025-12-12 11:08:23,R_1wU0Y6M34gwCSdQ,,,,,39.0469,-77.4903,anonymous,EN,1,1,I pay attention,,,821,4906,920,1020000,100000,158753906,,831,6807,0,1060000,0,,633,0,0,1010000,0,,,,,,,,,,,,,,,1,1,1,1,0,38,,,,,,,,,1,0,0,1,0,71,,,,,,,,,,,,,,,,,,,,,,,,,,,,,,,,,,,,,,,,,,,,,,,,,,,1,1,1,1,0,31,,,,,,,,,,,,,,,,,,,,,,,,,,,,,,,,,,,,,,,,,,,,1,0,0,0,0,74,,1,1,0,1,0,7,0,,5,67e1cbba03e8e106c4823742,SlowFast,40,20,"""390 + 431 =","""3719 + 1187 =","""128 + 86 + 716 =","""870000 + 1500000 =<br>","""89630 + 2739 + 18 + 188 =","""9372894 + 33 + 297 + 55 + 170027 =","""340 + 491 =","""3219 + 3588 = ","""324 + 99 + 515 =","""790000 + 2700000 =","""79820 + 2817 + 12 + 298 = ","""270 + 363 =","""4137 + 2378 =","""214 + 78 + 618 =","""920000 + 1900000 =","""88520 + 1648 + 29 +169 =",13.93,32.41,26.39,22.40,34.40,15.52,20.88,40.00,17.37,40.00,13.25,20.00,20.00,16.38,20.00,27.24,821,4906,920,1020000,100000,831,6807,0,1060000,0,633,0,0,1010000,0,158753906
2025-12-12 11:01:52,2025-12-12 11:08:32,0,74.131.69.75,100,399,1,2025-12-12 11:08:32,R_7tGbS3gbatb0uCg,,,,,38.3078,-85.7359,anonymous,EN,1,1,I pay attention,,,821,5200,930,2900000,95622,9500000,,838,6200,924,3500000,940000,,633,6800,870,2800000,100000,,,,,,,,,,,,,,,,,,,,,,,,,,,,,1,1,0,1,0,40,,,,,,,,,,,,,,,,1,1,0,0,0,32,,0,0,0,0,0,40,,,,,,,,,,,,,,,,,,,,,,,1,1,0,0,0,20,,,,,,,,,,,,,,,,,,,,,,,,,,,,,,0,0,0,0,0,42,,,,,,,,,,,,,,,,,,,,,,0,,3,66585ecc44201efc39f333bc,FastSlow,20,40,"""390 + 431 =","""3719 + 1187 =","""128 + 86 + 716 =","""870000 + 1500000 =<br>","""89630 + 2739 + 18 + 188 =","""9372894 + 33 + 297 + 55 + 170027 =","""340 + 491 =","""3219 + 3588 = ","""324 + 99 + 515 =","""790000 + 2700000 =","""79820 + 2817 + 12 + 298 = ","""270 + 363 =","""4137 + 2378 =","""214 + 78 + 618 =","""920000 + 1900000 =","""88520 + 1648 + 29 +169 =",13.39,11.12,29.48,18.22,22.00,14.69,5.97,7.94,7.53,11.97,10.90,6.03,12.37,15.28,12.54,22.94,821,5200,930,2900000,95622,838,6200,924,3500000,940000,633,6800,870,2800000,100000,9500000
2025-12-12 11:00:22,2025-12-12 11:10:32,0,66.229.187.191,100,609,1,2025-12-12 11:10:33,R_7zScJtmg87nNKsQ,,,,,26.6642,-80.1732,anonymous,EN,1,1,I pay attention,,,821,4906,950,2370000,0,0,,831,6807,938,34900000,0,,606,6515,0,28200000,0,,,,,,,,,,,,,,,,,,,,,,,,,,,,,,,,,,,,1,1,1,1,1,4,,0,0,0,1,0,60,,,,,,,,,,,,,,,,,,,,,,,,,,,,,,,,,,,,,1,1,1,1,0,28,,1,1,1,1,1,14,,,,,,,,,,,,,,,,,,,,,,,,,,,,,,,,,,,,,1,0,0,1,0,40,,,,,,,,0,,7,66fc681e947d5e7b1267b9bd,SlowFast,40,20,"""390 + 431 =","""3719 + 1187 =","""128 + 86 + 716 =","""870000 + 1500000 =<br>","""89630 + 2739 + 18 + 188 =","""9372894 + 33 + 297 + 55 + 170027 =","""340 + 491 =","""3219 + 3588 = ","""324 + 99 + 515 =","""790000 + 2700000 =","""79820 + 2817 + 12 + 298 = ","""270 + 363 =","""4137 + 2378 =","""214 + 78 + 618 =","""920000 + 1900000 =","""88520 + 1648 + 29 +169 =",9.59,27.73,28.28,38.43,40.00,10.34,32.10,34.61,29.05,3.04,9.69,18.57,20.00,16.56,4.61,40.00,821,4906,950,2370000,0,831,6807,938,34900000,0,606,6515,0,28200000,0,0
2025-12-12 11:03:49,2025-12-12 11:10:48,0,67.190.107.30,100,418,1,2025-12-12 11:10:48,R_65ep0AIcofzPK4F,,,,,39.872,-105.0405,anonymous,EN,1,1,i pay attention,,,821,4906,930,2370000,92575,9543306,,831,6807,938,3490000,82947,,633,6515,910,2820000,90366,,,,,,,,,,,,,,,1,1,1,0,0,19,,1,1,1,0,0,15,,,,,,,,,,,,,,,,0,0,0,0,0,21,,,,,,,,,,,,,,,,,,,,,,,,,,,,,,1,0,1,0,0,26,,,,,,,,,,,,,,,,,,,,,,,,,,,,,,,,,,,,,,,,,,,,,,,,,,,,,,,,,,1,0,0,0,0,32,0,,15,60fccbcc1254e074f17d5565,SlowFast,40,20,"""390 + 431 =","""3719 + 1187 =","""128 + 86 + 716 =","""870000 + 1500000 =<br>","""89630 + 2739 + 18 + 188 =","""9372894 + 33 + 297 + 55 + 170027 =","""340 + 491 =","""3219 + 3588 = ","""324 + 99 + 515 =","""790000 + 2700000 =","""79820 + 2817 + 12 + 298 = ","""270 + 363 =","""4137 + 2378 =","""214 + 78 + 618 =","""920000 + 1900000 =","""88520 + 1648 + 29 +169 =",21.96,9.70,9.40,21.34,15.67,6.36,8.57,7.78,17.27,17.24,6.81,10.52,11.98,19.04,14.64,24.63,821,4906,930,2370000,92575,831,6807,938,3490000,82947,633,6515,910,2820000,90366,9543306
2025-12-12 10:53:35,2025-12-12 11:11:23,0,149.52.123.24,100,1068,1,2025-12-12 11:11:23,R_6GemOLNa3BxhZkt,,,,,37.751,-97.822,anonymous,EN,1,1,I pay attention,,,821,4906,936,2370000,96528200,0,,831,0,938,0,0,,633,6515,910,1110000,90366,,,,,,,,,,,,,,,,,,,,,,1,1,1,1,0,70,,,,,,,,,,,,,,,,0,0,0,0,0,80,,1,0,1,0,0,55,,,,,,,,,,,,,,,,,,,,,,,,,,,,,,,,,,,,,1,1,1,1,0,50,,,,,,,,,1,1,1,1,1,45,,,,,,,,,,,,,,,,,,,,,,,,,,,,,,,,,,,,0,,9,675ce427f72ea526d6083376,FastSlow,20,40,"""390 + 431 =","""3719 + 1187 =","""128 + 86 + 716 =","""870000 + 1500000 =<br>","""89630 + 2739 + 18 + 188 =","""9372894 + 33 + 297 + 55 + 170027 =","""340 + 491 =","""3219 + 3588 = ","""324 + 99 + 515 =","""790000 + 2700000 =","""79820 + 2817 + 12 + 298 = ","""270 + 363 =","""4137 + 2378 =","""214 + 78 + 618 =","""920000 + 1900000 =","""88520 + 1648 + 29 +169 =",16.35,32.55,17.55,27.48,19.73,13.81,20.00,18.56,20.00,20.00,11.75,16.91,17.05,23.62,32.57,40.00,821,4906,936,2370000,96528200,831,0,938,0,0,633,6515,910,1110000,90366,0
2025-12-12 10:51:21,2025-12-12 11:11:53,0,96.87.142.213,100,1232,1,2025-12-12 11:11:54,R_6rZndUWU7hKPrCr,,,,,45.0058,-93.4193,anonymous,EN,1,1,I pay attention,,,821,4906,930,2370000,92575,9543306,,831,6807,938,3490000,82943,,633,0,910,2820000,90366,,,,,,,,,,,,,,,1,1,1,1,1,61,,,,,,,,,,,,,,,,,,,,,,,,,,,,,,,,,,,,,,,,,,,,0,0,0,0,0,65,,,,,,,,,,,,,,,,1,1,1,1,1,83,,,,,,,,,,,,,,,,1,1,1,1,1,40,,,,,,,,,,,,,,,,,,,,,,,0,0,0,0,0,95,,,,,,,,1,,13,67460cbb61e0f43f89d299dd,SlowFast,40,20,"""390 + 431 =","""3719 + 1187 =","""128 + 86 + 716 =","""870000 + 1500000 =<br>","""89630 + 2739 + 18 + 188 =","""9372894 + 33 + 297 + 55 + 170027 =","""340 + 491 =","""3219 + 3588 = ","""324 + 99 + 515 =","""790000 + 2700000 =","""79820 + 2817 + 12 + 298 = ","""270 + 363 =","""4137 + 2378 =","""214 + 78 + 618 =","""920000 + 1900000 =","""88520 + 1648 + 29 +169 =",7.19,10.78,15.88,13.65,20.66,9.88,17.63,21.50,25.30,34.80,6.57,20.00,12.26,13.42,18.33,27.53,821,4906,930,2370000,92575,831,6807,938,3490000,82943,633,0,910,2820000,90366,9543306
2025-12-12 10:56:59,2025-12-12 11:12:15,0,108.227.62.86,100,915,1,2025-12-12 11:12:16,R_5qx1ByyezWaRdS4,,,,,35.1841,-89.8588,anonymous,EN,1,1,I pay attention,,,821,0,930,2730000,92575,0,,831,6807,938,34900000,0,,633,6515,910,2820000,0,,,,,,,,1,1,0,1,0,66,,,,,,,,,,,,,,,,1,1,1,1,0,63,,,,,,,,,,,,,,,,1,0,0,1,0,50,,,,,,,,,1,0,0,0,0,61,,,,,,,,,,,,,,,,,,,,,,,,,,,,,,1,1,1,1,0,60,,,,,,,,,,,,,,,,,,,,,,,,,,,,,,,,,,,,,,,,,,,0,,10,66294f63f8c6d8b938395572,FastSlow,20,40,"""390 + 431 =","""3719 + 1187 =","""128 + 86 + 716 =","""870000 + 1500000 =<br>","""89630 + 2739 + 18 + 188 =","""9372894 + 33 + 297 + 55 + 170027 =","""340 + 491 =","""3219 + 3588 = ","""324 + 99 + 515 =","""790000 + 2700000 =","""79820 + 2817 + 12 + 298 = ","""270 + 363 =","""4137 + 2378 =","""214 + 78 + 618 =","""920000 + 1900000 =","""88520 + 1648 + 29 +169 =",10.73,40.00,31.31,23.53,28.83,8.17,10.67,11.06,16.98,20.00,9.11,18.73,21.27,18.10,40.00,40.00,821,0,930,2730000,92575,831,6807,938,34900000,0,633,6515,910,2820000,0,0
2025-12-12 10:52:09,2025-12-12 11:12:46,0,107.221.50.205,100,1236,1,2025-12-12 11:12:47,R_7otRbwBhRd0Cspz,,,,,25.4931,-80.4344,anonymous,EN,1,1,I pay attention,,,821,4990,900,100000,50000,0,,529,3808,938,9900000,0,,633,0,0,0,0,,,,,,,,,,,,,,,1,1,1,0,0,90,,1,1,1,0,1,71,,,,,,,,,1,1,1,1,1,82,,,,,,,,,,,,,,,,,,,,,,,1,1,1,0,0,10,,,,,,,,,,,,,,,,,,,,,,,,,,,,,,,,,,,,,,,,,,,,,,,,,,,,,,,,,,1,1,1,0,0,8,,,,,,,,,,,,,,,0,,3,63d475f2b52ddc6fbab9ce52,SlowFast,40,20,"""390 + 431 =","""3719 + 1187 =","""128 + 86 + 716 =","""870000 + 1500000 =<br>","""89630 + 2739 + 18 + 188 =","""9372894 + 33 + 297 + 55 + 170027 =","""340 + 491 =","""3219 + 3588 = ","""324 + 99 + 515 =","""790000 + 2700000 =","""79820 + 2817 + 12 + 298 = ","""270 + 363 =","""4137 + 2378 =","""214 + 78 + 618 =","""920000 + 1900000 =","""88520 + 1648 + 29 +169 =",13.02,31.50,33.09,36.84,29.38,23.64,27.50,19.56,29.39,40.00,14.74,20.00,20.00,20.00,20.00,40.00,821,4990,900,100000,50000,529,3808,938,9900000,0,633,0,0,0,0,0
2025-12-12 11:01:55,2025-12-12 11:12:48,0,73.21.187.139,100,653,1,2025-12-12 11:12:49,R_7lMaSuJZZVsbGN3,,,,,28.7739,-81.6463,anonymous,EN,1,1,I pay attention,,,821,4906,930,23700000,902945,11345385,,831,6807,938,34900000,82947,,633,6515,0,2120000,8956,,,,,,,,,,,,,,,,,,,,,,,,,,,,,1,1,1,1,0,76,,,,,,,,,,,,,,,,,,,,,,,,,,,,,,,,,,,,,1,1,1,1,0,17,,1,1,1,1,0,100,,1,1,1,1,0,41,,1,1,1,1,0,30,,,,,,,,,,,,,,,,,,,,,,,,,,,,,,,,,,,,,,,,,,,,,,,,,,0,,9,66999b706aa1ff4d31fa559a,SlowFast,40,20,"""390 + 431 =","""3719 + 1187 =","""128 + 86 + 716 =","""870000 + 1500000 =<br>","""89630 + 2739 + 18 + 188 =","""9372894 + 33 + 297 + 55 + 170027 =","""340 + 491 =","""3219 + 3588 = ","""324 + 99 + 515 =","""790000 + 2700000 =","""79820 + 2817 + 12 + 298 = ","""270 + 363 =","""4137 + 2378 =","""214 + 78 + 618 =","""920000 + 1900000 =","""88520 + 1648 + 29 +169 =",19.14,32.73,33.92,27.31,39.92,11.16,31.28,13.89,23.60,39.68,15.14,15.48,20.00,16.54,12.85,31.13,821,4906,930,23700000,902945,831,6807,938,34900000,82947,633,6515,0,2120000,8956,11345385
2025-12-12 11:02:44,2025-12-12 11:12:50,0,38.158.140.9,100,606,1,2025-12-12 11:12:51,R_1tEeKmY3FMG7OCs,,,,,27.5569,-99.4907,anonymous,EN,1,1,I pay attention,,,811,5006,940,2270000,0,9542921,,831,6807,838,0,0,,653,0,0,0,0,,,,,,,,,,,,,,,1,1,1,0,0,67,,1,1,1,0,0,71,,1,1,1,0,0,71,,1,1,1,0,0,89,,,,,,,,,,,,,,,,,,,,,,,,,,,,,,,,,,,,,,,,,,,,,,,,,,,,,,,,,,1,1,1,0,0,89,,,,,,,,,,,,,,,,,,,,,,,,,,,,,,,,,,,,,,,,,,,0,,2,664f69a84a5c11cd7be673de,SlowFast,40,20,"""390 + 431 =","""3719 + 1187 =","""128 + 86 + 716 =","""870000 + 1500000 =<br>","""89630 + 2739 + 18 + 188 =","""9372894 + 33 + 297 + 55 + 170027 =","""340 + 491 =","""3219 + 3588 = ","""324 + 99 + 515 =","""790000 + 2700000 =","""79820 + 2817 + 12 + 298 = ","""270 + 363 =","""4137 + 2378 =","""214 + 78 + 618 =","""920000 + 1900000 =","""88520 + 1648 + 29 +169 =",17.47,18.37,29.88,34.33,40.00,11.57,17.24,32.24,40.00,40.00,15.43,20.00,20.00,20.00,20.00,39.54,811,5006,940,2270000,0,831,6807,838,0,0,653,0,0,0,0,9542921
2025-12-12 11:05:24,2025-12-12 11:14:10,0,47.229.44.192,100,526,1,2025-12-12 11:14:10,R_5AXY5onfxeJAn1M,,,,,34.1413,-118.6599,anonymous,EN,1,1,I pay attention,,,821,4906,930,2370000,92577,0,,831,6807,938,3490000,0,,633,6515,910,2820000,90366,,,,,,,,,,,,,,,,,,,,,,1,1,1,1,1,91,,,,,,,,,,,,,,,,,,,,,,,,,,,,,,,,,,,,,,,,,,,,1,1,1,1,0,92,,1,1,1,1,1,100,,1,1,1,1,1,90,,,,,,,,,,,,,,,,,,,,,,,0,0,0,0,0,99,,,,,,,,,,,,,,,,,,,,,,,,,,,,,0,,13,67aa52dcb66d138fca70a211,FastSlow,20,40,"""390 + 431 =","""3719 + 1187 =","""128 + 86 + 716 =","""870000 + 1500000 =<br>","""89630 + 2739 + 18 + 188 =","""9372894 + 33 + 297 + 55 + 170027 =","""340 + 491 =","""3219 + 3588 = ","""324 + 99 + 515 =","""790000 + 2700000 =","""79820 + 2817 + 12 + 298 = ","""270 + 363 =","""4137 + 2378 =","""214 + 78 + 618 =","""920000 + 1900000 =","""88520 + 1648 + 29 +169 =",7.06,14.54,19.37,18.97,16.89,8.08,17.23,8.38,12.55,20.00,8.08,14.43,14.75,8.54,32.72,40.00,821,4906,930,2370000,92577,831,6807,938,3490000,0,633,6515,910,2820000,90366,0
2025-12-12 11:02:09,2025-12-12 11:14:12,0,138.199.42.179,100,722,1,2025-12-12 11:14:13,R_7siteqr23kBJ15M,,,,,41.8835,-87.6305,anonymous,EN,1,1,I pay attention,,,821,4906,930,2370000,92575,9543306,,831,6807,938,3490000,82947,,633,6515,910,1110000,90366,,,,,,,,1,1,0,0,0,66,,1,1,1,0,0,56,,,,,,,,,,,,,,,,,,,,,,,1,0,0,0,1,66,,1,1,0,0,0,51,,,,,,,,,,,,,,,,,,,,,,,,,,,,,,,,,,,,,,,,,,,,,,,,,,,,,,,,,,,,,,,,,,,,,,,,1,1,0,0,0,56,,,,,,,,,,,,,,,1,,14,663e5e89d602aa442c7b2845,SlowFast,40,20,"""390 + 431 =","""3719 + 1187 =","""128 + 86 + 716 =","""870000 + 1500000 =<br>","""89630 + 2739 + 18 + 188 =","""9372894 + 33 + 297 + 55 + 170027 =","""340 + 491 =","""3219 + 3588 = ","""324 + 99 + 515 =","""790000 + 2700000 =","""79820 + 2817 + 12 + 298 = ","""270 + 363 =","""4137 + 2378 =","""214 + 78 + 618 =","""920000 + 1900000 =","""88520 + 1648 + 29 +169 =",16.75,18.34,31.87,35.93,32.17,13.96,16.11,14.17,31.39,23.75,9.85,18.86,12.94,16.82,17.32,35.63,821,4906,930,2370000,92575,831,6807,938,3490000,82947,633,6515,910,1110000,90366,9543306
2025-12-12 11:02:10,2025-12-12 11:14:57,0,165.124.85.86,100,767,1,2025-12-12 11:14:58,R_59EIxIta1RjqUI9,,,,,42.055,-87.6951,anonymous,EN,1,1,I pay attention,,,821,4906,930,2370000,0,200000000,,831,6808,0,0,0,,633,6515,903,1020000,0,,,,,,,,1,1,1,1,0,30,,,,,,,,,,,,,,,,,,,,,,,,,,,,,,,,,,,,,,,,,,,,,,,,,,,,,,,,,,,,,,,,,1,1,0,1,0,30,,,,,,,,,1,1,1,1,1,10,,,,,,,,,,,,,,,,0,0,0,1,0,25,,,,,,,,,,,,,,,,,,,,,,,1,1,1,1,0,5,1,"I wrote down some multi-step calculations in the answer box (for example, if the question was 313 + 590 + 12 + 18, I would mentally add together 12+18 and write it in the answer box before mentally adding the next set). I wanted to let you know in case that counts as writing down so you could exclude my data.",7,66c364b625ec5355faac55d5,FastSlow,20,40,"""390 + 431 =","""3719 + 1187 =","""128 + 86 + 716 =","""870000 + 1500000 =<br>","""89630 + 2739 + 18 + 188 =","""9372894 + 33 + 297 + 55 + 170027 =","""340 + 491 =","""3219 + 3588 = ","""324 + 99 + 515 =","""790000 + 2700000 =","""79820 + 2817 + 12 + 298 = ","""270 + 363 =","""4137 + 2378 =","""214 + 78 + 618 =","""920000 + 1900000 =","""88520 + 1648 + 29 +169 =",16.84,32.16,29.24,35.68,40.00,12.04,18.61,20.00,20.00,20.00,9.94,23.46,21.81,15.93,40.00,7.06,821,4906,930,2370000,0,831,6808,0,0,0,633,6515,903,1020000,0,200000000
2025-12-12 11:06:48,2025-12-12 11:15:44,0,35.145.16.165,100,536,1,2025-12-12 11:15:45,R_5gii4i3vC1nsixT,,,,,28.5436,-81.3738,anonymous,EN,1,1,I pay attention,,,821,4906,930,2370000,914390,10923458,,831,6807,938,3490000,823421,,633,6515,10235,2820000,92560,,,,,,,,,,,,,,,,,,,,,,,,,,,,,,,,,,,,,,,,,,,0,0,0,1,0,36,,,,,,,,,1,1,0,1,0,37,,,,,,,,,1,1,0,1,0,8,,,,,,,,,1,1,1,1,0,25,,,,,,,,,,,,,,,,,,,,,,,,,,,,,,,,,,,,,,,,,,,,,,,,,,,1,1,0,1,0,8,0,,11,61094de0a1e19ace0ab9d34e,FastSlow,20,40,"""390 + 431 =","""3719 + 1187 =","""128 + 86 + 716 =","""870000 + 1500000 =<br>","""89630 + 2739 + 18 + 188 =","""9372894 + 33 + 297 + 55 + 170027 =","""340 + 491 =","""3219 + 3588 = ","""324 + 99 + 515 =","""790000 + 2700000 =","""79820 + 2817 + 12 + 298 = ","""270 + 363 =","""4137 + 2378 =","""214 + 78 + 618 =","""920000 + 1900000 =","""88520 + 1648 + 29 +169 =",17.85,27.58,16.03,30.43,23.40,13.97,17.06,17.73,11.59,12.82,13.24,18.40,19.57,12.83,19.50,20.32,821,4906,930,2370000,914390,831,6807,938,3490000,823421,633,6515,10235,2820000,92560,10923458
2025-12-12 10:56:20,2025-12-12 11:15:51,0,45.134.92.195,100,1170,1,2025-12-12 11:15:51,R_7IWC1UBRkz7LPl4,,,,,37.751,-97.822,anonymous,EN,1,1,I pay attention,,,821,0,930,10200000,0,92575,,831,6807,938,0,0,,653,0,910,0,0,,,,,,,,,,,,,,,,,,,,,,,,,,,,,,,,,,,,1,1,1,1,1,45,,,,,,,,,,,,,,,,1,1,0,1,0,35,,1,1,0,0,0,55,,,,,,,,,1,1,0,1,0,25,,,,,,,,,,,,,,,,,,,,,,,,,,,,,,0,1,0,1,0,25,,,,,,,,,,,,,,,,,,,,,,,,,,,,,0,,7,67f2b914d702155cbc0a3a2c,SlowFast,40,20,"""390 + 431 =","""3719 + 1187 =","""128 + 86 + 716 =","""870000 + 1500000 =<br>","""89630 + 2739 + 18 + 188 =","""9372894 + 33 + 297 + 55 + 170027 =","""340 + 491 =","""3219 + 3588 = ","""324 + 99 + 515 =","""790000 + 2700000 =","""79820 + 2817 + 12 + 298 = ","""270 + 363 =","""4137 + 2378 =","""214 + 78 + 618 =","""920000 + 1900000 =","""88520 + 1648 + 29 +169 =",17.46,40.00,28.02,22.10,40.00,18.60,29.29,28.35,40.00,40.00,18.19,20.00,18.97,20.00,20.00,10.45,821,0,930,10200000,0,831,6807,938,0,0,653,0,910,0,0,92575
2025-12-12 11:03:39,2025-12-12 11:17:10,0,66.181.115.150,100,810,1,2025-12-12 11:17:10,R_14uF2ZjdStZCpjW,,,,,44.8227,-68.8001,anonymous,EN,1,1,I pay attention,,,821,4906,830,10200000,0,0,,831,6807,938,0,0,,633,6515,910,2820000,0,,,,,,,,,,,,,,,,,,,,,,,,,,,,,,,,,,,,,,,,,,,,,,,,,,,,,,,,,,,,,,,,1,1,0,0,0,70,,,,,,,,,,,,,,,,,,,,,,,,,,,,,,,,,,,,,,,,,,,,1,0,0,0,0,60,,1,1,0,0,0,30,,1,0,0,1,0,20,,,,,,,,,1,0,0,0,0,20,0,,9,678fb27da761658c9c8f2bd5,FastSlow,20,40,"""390 + 431 =","""3719 + 1187 =","""128 + 86 + 716 =","""870000 + 1500000 =<br>","""89630 + 2739 + 18 + 188 =","""9372894 + 33 + 297 + 55 + 170027 =","""340 + 491 =","""3219 + 3588 = ","""324 + 99 + 515 =","""790000 + 2700000 =","""79820 + 2817 + 12 + 298 = ","""270 + 363 =","""4137 + 2378 =","""214 + 78 + 618 =","""920000 + 1900000 =","""88520 + 1648 + 29 +169 =",12.07,29.64,36.52,34.21,40.00,8.66,17.45,19.17,20.00,20.00,8.59,23.41,15.90,19.81,40.00,40.00,821,4906,830,10200000,0,831,6807,938,0,0,633,6515,910,2820000,0,0
2025-12-12 11:02:23,2025-12-12 11:17:51,0,104.61.189.24,100,928,1,2025-12-12 11:17:52,R_1CkO5tjUNGbpfC1,,,,,42.9778,-87.891,anonymous,EN,1,1,I pay attention,,,821,4906,0,0,0,100000000,,831,0,838,0,0,,633,6515,982,2820000,0,,,,,,,,,,,,,,,,,,,,,,,,,,,,,1,1,0,1,0,75,,,,,,,,,,,,,,,,1,0,0,0,0,60,,1,1,0,0,0,30,,,,,,,,,,,,,,,,,,,,,,,,,,,,,,,,,,,,,,,,,,,,,,,,,,,,,,,,,,,,,,,,,1,1,0,0,0,10,,,,,,,,,1,0,0,1,0,2,0,,6,672952039185e26840dba650,FastSlow,20,40,"""390 + 431 =","""3719 + 1187 =","""128 + 86 + 716 =","""870000 + 1500000 =<br>","""89630 + 2739 + 18 + 188 =","""9372894 + 33 + 297 + 55 + 170027 =","""340 + 491 =","""3219 + 3588 = ","""324 + 99 + 515 =","""790000 + 2700000 =","""79820 + 2817 + 12 + 298 = ","""270 + 363 =","""4137 + 2378 =","""214 + 78 + 618 =","""920000 + 1900000 =","""88520 + 1648 + 29 +169 =",19.92,30.11,40.00,40.00,40.00,18.57,20.00,18.07,20.00,20.00,27.65,23.45,36.54,27.30,40.00,32.47,821,4906,0,0,0,831,0,838,0,0,633,6515,982,2820000,0,100000000
2025-12-12 11:06:44,2025-12-12 11:18:31,0,47.199.122.79,100,706,1,2025-12-12 11:18:32,R_5dPP16BazcgrUNP,,,,,27.8171,-82.6268,anonymous,EN,1,1,I pay attention,,,821,4906,930,0,8,0,,831,6807,938,1060000,3127,,633,6515,292,0,198,,,,,,,,,,,,,,,,,,,,,,,,,,,,,,,,,,,,,,,,,,,,,,,,,,,,,,,,,,,,,,,,,,,,,,,,,,,,,,,,,,,,,1,1,1,1,0,34,,1,1,1,1,0,24,,,,,,,,,,,,,,,,1,1,0,0,0,56,,1,1,0,1,0,45,,,,,,,,,1,1,0,1,0,20,,,,,,,,0,,8,666bb3c2a3d285b44af2b25d,SlowFast,40,20,"""390 + 431 =","""3719 + 1187 =","""128 + 86 + 716 =","""870000 + 1500000 =<br>","""89630 + 2739 + 18 + 188 =","""9372894 + 33 + 297 + 55 + 170027 =","""340 + 491 =","""3219 + 3588 = ","""324 + 99 + 515 =","""790000 + 2700000 =","""79820 + 2817 + 12 + 298 = ","""270 + 363 =","""4137 + 2378 =","""214 + 78 + 618 =","""920000 + 1900000 =","""88520 + 1648 + 29 +169 =",18.58,23.94,22.61,40.00,30.50,12.13,23.37,29.97,35.78,36.92,11.12,14.17,15.94,16.60,16.90,40.00,821,4906,930,0,8,831,6807,938,1060000,3127,633,6515,292,0000,198,0
2025-12-12 11:09:53,2025-12-12 11:19:55,0,76.236.239.244,100,602,1,2025-12-12 11:19:55,R_3NkaFXhBJQem3A4,,,,,41.4453,-81.6991,anonymous,EN,0.8999999761581421,1,I pay attention,,,811,3906,987,23700000,91485,9600000,,731,3807,984,110000,81800,,533,6405,970,2800000,89000,,,,,,,,,,,,,,,,,,,,,,,,,,,,,,,,,,,,,,,,,,,,,,,,,,1,0,1,1,0,40,,,,,,,,,,,,,,,,0,0,0,1,0,35,,,,,,,,,,,,,,,,,,,,,,,1,1,1,1,0,45,,1,1,1,1,1,35,,,,,,,,,0,0,0,1,0,50,,,,,,,,,,,,,,,,,,,,,,0,,,664493c2f8a40a43beacc839,SlowFast,40,20,"""390 + 431 =","""3719 + 1187 =","""128 + 86 + 716 =","""870000 + 1500000 =<br>","""89630 + 2739 + 18 + 188 =","""9372894 + 33 + 297 + 55 + 170027 =","""340 + 491 =","""3219 + 3588 = ","""324 + 99 + 515 =","""790000 + 2700000 =","""79820 + 2817 + 12 + 298 = ","""270 + 363 =","""4137 + 2378 =","""214 + 78 + 618 =","""920000 + 1900000 =","""88520 + 1648 + 29 +169 =",14.80,27.89,28.83,31.65,35.06,9.23,21.46,23.28,29.86,28.82,6.88,18.90,11.06,17.94,10.60,28.90,811,3906,987,23700000,91485,731,3807,984,110000,81800,533,6405,970,2800000,89000,9600000
2025-12-12 11:09:39,2025-12-12 11:21:02,0,67.185.103.22,100,683,1,2025-12-12 11:21:02,R_6UQPJRPrJQFnO6Z,,,,,47.6784,-122.1857,anonymous,EN,1,1,I pay attention,,,821,4906,930,2370000,92575,9543306,,831,6807,938,0,0,,633,6515,910,2820000,90366,,,,,,,,,,,,,,,,,,,,,,1,1,1,1,0,70,,,,,,,,,,,,,,,,,,,,,,,,,,,,,,,,,,,,,,,,,,,,1,0,1,1,0,20,,1,1,1,1,0,80,,,,,,,,,,,,,,,,,,,,,,,,,,,,,,,,,,,,,,,,,,,,1,0,0,1,0,60,,,,,,,,,1,0,1,1,0,10,0,,13,68b15013c20781db32cb7ece,FastSlow,20,40,"""390 + 431 =","""3719 + 1187 =","""128 + 86 + 716 =","""870000 + 1500000 =<br>","""89630 + 2739 + 18 + 188 =","""9372894 + 33 + 297 + 55 + 170027 =","""340 + 491 =","""3219 + 3588 = ","""324 + 99 + 515 =","""790000 + 2700000 =","""79820 + 2817 + 12 + 298 = ","""270 + 363 =","""4137 + 2378 =","""214 + 78 + 618 =","""920000 + 1900000 =","""88520 + 1648 + 29 +169 =",13.76,20.70,27.26,22.38,23.37,8.52,12.03,12.91,20.00,20.00,7.46,15.71,14.01,10.55,18.85,35.00,821,4906,930,2370000,92575,831,6807,938,0,0,633,6515,910,2820000,90366,9543306
2025-12-12 11:09:44,2025-12-12 11:21:09,0,74.122.58.82,100,684,1,2025-12-12 11:21:10,R_6nVh5XaIOSZ40Cf,,,,,37.751,-97.822,anonymous,EN,0.800000011920929,1,I pay attention,,,821,4906,930,2470000,0,9543306,,831,6807,938,3490000,82947,,633,0,910,0,90366,,,,,,,,,,,,,,,,,,,,,,,,,,,,,,,,,,,,,,,,,,,,,,,,,,,,,,,,,,,,,,,,1,1,1,0,0,63,,1,1,1,1,0,12,,,,,,,,,1,1,1,1,0,86,,,,,,,,,,,,,,,,,,,,,,,,,,,,,,,,,,,,,1,1,1,0,0,50,,,,,,,,,1,1,1,1,0,29,0,good,11,6745d70e81491af24312f4dd,SlowFast,40,20,"""390 + 431 =","""3719 + 1187 =","""128 + 86 + 716 =","""870000 + 1500000 =<br>","""89630 + 2739 + 18 + 188 =","""9372894 + 33 + 297 + 55 + 170027 =","""340 + 491 =","""3219 + 3588 = ","""324 + 99 + 515 =","""790000 + 2700000 =","""79820 + 2817 + 12 + 298 = ","""270 + 363 =","""4137 + 2378 =","""214 + 78 + 618 =","""920000 + 1900000 =","""88520 + 1648 + 29 +169 =",14.67,23.64,21.02,31.71,40.00,13.81,26.49,12.38,30.15,23.02,12.16,20.00,11.50,20.00,13.32,27.29,821,4906,930,2470000,0,831,6807,938,3490000,82947,633,0,910,0,90366,9543306
2025-12-12 11:09:26,2025-12-12 11:22:19,0,99.50.143.213,100,773,1,2025-12-12 11:22:19,R_3BaIb1HSzekumVr,,,,,33.6748,-117.9089,anonymous,EN,1,1,I pay attention,,,821,4906,920,2370000,0,0,,831,6807,1037,3490000,0,,633,6415,0,2820000,0,,,,,,,,,,,,,,,1,1,1,1,0,60,,,,,,,,,,,,,,,,,,,,,,,,,,,,,,,,,,,,,,,,,,,,0,0,0,0,0,80,,,,,,,,,1,1,1,1,0,70,,,,,,,,,,,,,,,,1,1,1,1,0,70,,1,1,1,1,1,20,,,,,,,,,,,,,,,,,,,,,,,,,,,,,,,,,,,,0,,8,672a6f5fc7bda7ce7ce814a7,SlowFast,40,20,"""390 + 431 =","""3719 + 1187 =","""128 + 86 + 716 =","""870000 + 1500000 =<br>","""89630 + 2739 + 18 + 188 =","""9372894 + 33 + 297 + 55 + 170027 =","""340 + 491 =","""3219 + 3588 = ","""324 + 99 + 515 =","""790000 + 2700000 =","""79820 + 2817 + 12 + 298 = ","""270 + 363 =","""4137 + 2378 =","""214 + 78 + 618 =","""920000 + 1900000 =","""88520 + 1648 + 29 +169 =",11.02,19.10,35.32,20.59,40.00,10.85,26.05,29.34,17.27,40.00,9.29,13.51,20.00,13.17,20.00,40.00,821,4906,920,2370000,0,831,6807,1037,3490000,0,633,6415,0,2820000,0,0
2025-12-12 11:10:53,2025-12-12 11:22:31,0,108.92.247.22,100,698,1,2025-12-12 11:22:32,R_1lccfKNtzUpfJoO,,,,,29.8738,-95.5233,anonymous,EN,1,1,I pay attention,,,821,0,930,2370000,11875,0,,831,6807,938,0,0,,633,0,910,2820000,0,,,,,,,,,,,,,,,,,,,,,,,,,,,,,,,,,,,,,,,,,,,1,0,0,0,0,90,,1,1,1,1,0,12,,1,0,1,0,0,20,,,,,,,,,,,,,,,,,,,,,,,1,1,0,0,0,62,,,,,,,,,,,,,,,,1,1,1,1,1,11,,,,,,,,,,,,,,,,,,,,,,,,,,,,,,,,,,,,0,,9,665a234c97c127c4605a9be1,FastSlow,20,40,"""390 + 431 =","""3719 + 1187 =","""128 + 86 + 716 =","""870000 + 1500000 =<br>","""89630 + 2739 + 18 + 188 =","""9372894 + 33 + 297 + 55 + 170027 =","""340 + 491 =","""3219 + 3588 = ","""324 + 99 + 515 =","""790000 + 2700000 =","""79820 + 2817 + 12 + 298 = ","""270 + 363 =","""4137 + 2378 =","""214 + 78 + 618 =","""920000 + 1900000 =","""88520 + 1648 + 29 +169 =",17.45,40.00,30.12,30.98,30.25,12.23,18.26,17.09,20.00,20.00,15.16,40.00,15.96,26.75,40.00,40.00,821,0,930,2370000,11875,831,6807,938,0,0,633,0,910,2820000,0,0
2025-12-12 11:12:44,2025-12-12 11:22:48,0,23.188.200.16,100,604,1,2025-12-12 11:22:49,R_7qk9mr5s5Czd9Ve,,,,,37.6368,-77.7972,anonymous,EN,1,1,"I pay attention ",,,831,5445,930,100000,11000,100076,,0,7457,10567,199888,45788,,546,6578,856,234567,967899,,,,,,,,,,,,,,,1,1,1,1,1,77,,,,,,,,,,,,,,,,1,1,1,1,0,75,,,,,,,,,,,,,,,,,,,,,,,1,1,1,0,0,70,,1,1,0,1,0,64,,,,,,,,,,,,,,,,,,,,,,,,,,,,,,,,,,,,,1,1,1,0,0,40,,,,,,,,,,,,,,,,,,,,,,,,,,,,,0,,1,66d40e332be72e1fc3f10994,FastSlow,20,40,"""390 + 431 =","""3719 + 1187 =","""128 + 86 + 716 =","""870000 + 1500000 =<br>","""89630 + 2739 + 18 + 188 =","""9372894 + 33 + 297 + 55 + 170027 =","""340 + 491 =","""3219 + 3588 = ","""324 + 99 + 515 =","""790000 + 2700000 =","""79820 + 2817 + 12 + 298 = ","""270 + 363 =","""4137 + 2378 =","""214 + 78 + 618 =","""920000 + 1900000 =","""88520 + 1648 + 29 +169 =",27.29,21.10,9.02,22.72,9.35,20.00,13.22,14.97,14.66,19.18,30.25,17.03,23.02,15.98,20.01,10.01,831,5445,930,100000,11000,0,7457,10567,199888,45788,546,6578,856,234567,967899,100076
2025-12-12 11:07:41,2025-12-12 11:22:53,0,96.33.200.74,100,912,1,2025-12-12 11:22:53,R_6I4UlCqEuNaEkyt,,,,,35.6604,-83.9883,anonymous,EN,1,1,"I pay attention ",,,841,0,104,111000000,0,1000000000,,739,680781,928,106000,0,,633,11515,0,0,0,,,,,,,,1,1,1,1,0,84,,,,,,,,,,,,,,,,,,,,,,,,,,,,,,1,0,0,0,0,22,,,,,,,,,,,,,,,,,,,,,,,,,,,,,,,,,,,,,,,,,,,,1,1,1,1,0,71,,,,,,,,,,,,,,,,,,,,,,,,,,,,,,1,1,0,1,0,30,,,,,,,,,1,1,0,0,0,52,0,,1,671dda0e45e76f35ce05de62,SlowFast,40,20,"""390 + 431 =","""3719 + 1187 =","""128 + 86 + 716 =","""870000 + 1500000 =<br>","""89630 + 2739 + 18 + 188 =","""9372894 + 33 + 297 + 55 + 170027 =","""340 + 491 =","""3219 + 3588 = ","""324 + 99 + 515 =","""790000 + 2700000 =","""79820 + 2817 + 12 + 298 = ","""270 + 363 =","""4137 + 2378 =","""214 + 78 + 618 =","""920000 + 1900000 =","""88520 + 1648 + 29 +169 =",36.01,40.00,10.96,35.92,40.00,16.14,22.70,25.15,23.30,40.00,14.28,19.58,20.00,20.00,20.00,11.62,841,0,104,111000000,0,739,680781,928,106000,0,633,11515,0,0,0,1000000000
2025-12-12 11:15:17,2025-12-12 11:25:04,0,216.82.194.214,100,586,1,2025-12-12 11:25:04,R_5n5o5yijiSOpza1,,,,,33.0951,-96.8805,anonymous,EN,1,1,I pay attention,,,821,5106,938,102000000000,9288,950000,,831,6817,938,286000000,82344,,613,6505,850,199000,91066,,,,,,,,,,,,,,,,,,,,,,1,1,1,1,1,15,,,,,,,,,1,1,1,1,1,17,,0,0,0,0,0,65,,,,,,,,,,,,,,,,1,0,0,1,0,31,,,,,,,,,,,,,,,,,,,,,,,,,,,,,,,,,,,,,,,,,,,,,,,,,,,,,,,,,,1,1,0,1,0,22,,,,,,,,,,,,,,,0,,3,667041824bfac26003bcc3cd,SlowFast,40,20,"""390 + 431 =","""3719 + 1187 =","""128 + 86 + 716 =","""870000 + 1500000 =<br>","""89630 + 2739 + 18 + 188 =","""9372894 + 33 + 297 + 55 + 170027 =","""340 + 491 =","""3219 + 3588 = ","""324 + 99 + 515 =","""790000 + 2700000 =","""79820 + 2817 + 12 + 298 = ","""270 + 363 =","""4137 + 2378 =","""214 + 78 + 618 =","""920000 + 1900000 =","""88520 + 1648 + 29 +169 =",14.38,31.56,37.37,18.33,26.17,8.64,19.78,24.83,17.59,26.59,15.18,18.94,18.27,13.05,12.06,24.99,821,5106,938,102000000000,9288,831,6817,938,286000000,82344,613,6505,850,199000,91066,950000
2025-12-12 11:10:33,2025-12-12 11:27:32,0,100.40.114.183,100,1018,1,2025-12-12 11:27:33,R_3EyI5Lb3UeHPRqT,,,,,41.874,-71.3844,anonymous,EN,1,1,I pay attention,,,821,4906,930,2370000,0,5943306,,831,6807,938,3490000,0,,633,6515,1610,2820000,90366,,,,,,,,,,,,,,,,,,,,,,,,,,,,,,,,,,,,1,1,1,1,1,50,,,,,,,,,,,,,,,,,,,,,,,1,1,1,0,0,40,,,,,,,,,,,,,,,,,,,,,,,1,1,1,1,0,62,,,,,,,,,1,1,1,1,1,20,,0,0,0,0,0,45,,,,,,,,,,,,,,,,,,,,,,,,,,,,,0,,12,677454d2ffb9721d9469456a,FastSlow,20,40,"""390 + 431 =","""3719 + 1187 =","""128 + 86 + 716 =","""870000 + 1500000 =<br>","""89630 + 2739 + 18 + 188 =","""9372894 + 33 + 297 + 55 + 170027 =","""340 + 491 =","""3219 + 3588 = ","""324 + 99 + 515 =","""790000 + 2700000 =","""79820 + 2817 + 12 + 298 = ","""270 + 363 =","""4137 + 2378 =","""214 + 78 + 618 =","""920000 + 1900000 =","""88520 + 1648 + 29 +169 =",10.88,15.28,31.26,28.59,40.00,8.70,15.90,19.02,17.68,20.00,7.76,13.28,13.92,21.11,36.30,35.91,821,4906,930,2370000,0,831,6807,938,3490000,0,633,6515,1610,2820000,90366,5943306
2025-12-12 11:11:20,2025-12-12 11:28:32,0,107.138.85.184,100,1032,1,2025-12-12 11:28:33,R_6TSFa7ekslsmzT2,,,,,37.3505,-95.2568,anonymous,EN,1,1,I pay attention,,,821,4906,930,2370000,0,0,,831,0,938,0,0,,633,6505,910,2820000,0,,,,,,,,,,,,,,,,,,,,,,,,,,,,,1,1,1,1,0,23,,,,,,,,,,,,,,,,,,,,,,,,,,,,,,,,,,,,,,,,,,,,,,,,,,,,,,,,,,1,1,1,1,0,40,,,,,,,,,1,1,1,1,1,6,,,,,,,,,1,1,1,0,0,40,,,,,,,,,1,1,1,1,0,18,,,,,,,,0,,9,6929d6581f54fd39c4c59891,FastSlow,20,40,"""390 + 431 =","""3719 + 1187 =","""128 + 86 + 716 =","""870000 + 1500000 =<br>","""89630 + 2739 + 18 + 188 =","""9372894 + 33 + 297 + 55 + 170027 =","""340 + 491 =","""3219 + 3588 = ","""324 + 99 + 515 =","""790000 + 2700000 =","""79820 + 2817 + 12 + 298 = ","""270 + 363 =","""4137 + 2378 =","""214 + 78 + 618 =","""920000 + 1900000 =","""88520 + 1648 + 29 +169 =",21.12,32.79,24.22,38.97,40.00,16.33,20.00,15.47,20.00,20.00,16.98,23.09,32.52,30.39,40.00,40.00,821,4906,930,2370000,0,831,0,938,0,0,633,6505,910,2820000,0,0
2025-12-12 11:11:06,2025-12-12 11:28:36,0,216.163.85.162,100,1050,1,2025-12-12 11:28:37,R_6EgVWG7ZVN9SxYv,,,,,34.1483,-118.0016,anonymous,EN,0.800000011920929,1,I pay attention,,,821,0,930,0,0,0,,831,6807,938,0,0,,633,0,0,0,0,,,,,,,,1,1,0,1,0,65,,,,,,,,,,,,,,,,1,0,0,1,0,75,,,,,,,,,0,0,0,1,0,65,,,,,,,,,,,,,,,,,,,,,,,,,,,,,,,,,,,,,,,,,,,,,,,,,,,,,,,,,,,,,,,,,,,,,,,,,,,,,,,,,,,,,,1,0,0,1,0,40,,1,0,0,1,0,5,0,,6,5e98e245aa25c6120f522a40,SlowFast,40,20,"""390 + 431 =","""3719 + 1187 =","""128 + 86 + 716 =","""870000 + 1500000 =<br>","""89630 + 2739 + 18 + 188 =","""9372894 + 33 + 297 + 55 + 170027 =","""340 + 491 =","""3219 + 3588 = ","""324 + 99 + 515 =","""790000 + 2700000 =","""79820 + 2817 + 12 + 298 = ","""270 + 363 =","""4137 + 2378 =","""214 + 78 + 618 =","""920000 + 1900000 =","""88520 + 1648 + 29 +169 =",17.79,40.00,25.34,40.00,40.00,23.28,26.75,35.92,40.00,40.00,17.58,20.00,20.00,20.00,20.00,40.00,821,0,930,0,0,831,6807,938,0,0,633,0,0,0,0,0
2025-12-12 11:11:05,2025-12-12 11:28:39,0,209.143.15.129,100,1053,1,2025-12-12 11:28:40,R_5dKHyEdd2OtouPh,,,,,41.3878,-84.1416,anonymous,EN,1,1,I pay attention,,,821,4906,930,0,92504,0,,831,6807,938,3490000,82947,,633,0,6515,0,0,,,,,,,,,,,,,,,,,,,,,,,,,,,,,,,,,,,,,,,,,,,,,,,,,,,,,,,,,1,1,0,1,0,60,,,,,,,,,,,,,,,,,,,,,,,1,1,1,1,0,40,,,,,,,,,,,,,,,,1,1,1,1,1,30,,1,1,0,1,0,60,,,,,,,,,,,,,,,,1,1,0,1,0,50,,,,,,,,0,,9,67ba6209a0c1d8cdbc36fe90,SlowFast,40,20,"""390 + 431 =","""3719 + 1187 =","""128 + 86 + 716 =","""870000 + 1500000 =<br>","""89630 + 2739 + 18 + 188 =","""9372894 + 33 + 297 + 55 + 170027 =","""340 + 491 =","""3219 + 3588 = ","""324 + 99 + 515 =","""790000 + 2700000 =","""79820 + 2817 + 12 + 298 = ","""270 + 363 =","""4137 + 2378 =","""214 + 78 + 618 =","""920000 + 1900000 =","""88520 + 1648 + 29 +169 =",23.08,32.00,32.45,40.00,38.46,18.75,27.24,19.22,28.95,36.27,14.13,20.00,4.87,20.00,20.00,40.00,821,4906,930,0,92504,831,6807,938,3490000,82947,633,0,6515,0,0,0
2025-12-12 11:17:33,2025-12-12 11:29:25,0,108.4.243.142,100,712,1,2025-12-12 11:29:26,R_51aecLvw5Vpga6x,,,,,39.9357,-75.1832,anonymous,EN,1,1,I pay attention,,,821,4906,0,2370000,0,0,,831,6807,938,3490000,0,,633,6515,0,0,0,,,,,,,,,,,,,,,,,,,,,,,,,,,,,,,,,,,,,,,,,,,,,,,,,,,,,,,,,,,,,,,,1,1,0,0,0,39,,1,1,0,1,0,14,,,,,,,,,,,,,,,,,,,,,,,,,,,,,,,,,,,,,,,,,,,,1,1,1,0,0,3,,1,1,0,0,0,19,,,,,,,,,1,1,1,1,0,8,0,,9,65c10da7fa8fd299fde6c305,SlowFast,40,20,"""390 + 431 =","""3719 + 1187 =","""128 + 86 + 716 =","""870000 + 1500000 =<br>","""89630 + 2739 + 18 + 188 =","""9372894 + 33 + 297 + 55 + 170027 =","""340 + 491 =","""3219 + 3588 = ","""324 + 99 + 515 =","""790000 + 2700000 =","""79820 + 2817 + 12 + 298 = ","""270 + 363 =","""4137 + 2378 =","""214 + 78 + 618 =","""920000 + 1900000 =","""88520 + 1648 + 29 +169 =",20.75,34.78,40.00,29.95,40.00,17.99,18.92,31.73,38.10,40.00,14.98,15.66,20.00,20.00,20.00,40.00,821,4906,0,2370000,0,831,6807,938,3490000,0,633,6515,0,0,0,0
2025-12-12 11:15:21,2025-12-12 11:31:53,0,104.251.93.216,100,992,1,2025-12-12 11:31:54,R_62VezPvQik5OAQu,,,,,45.5496,-122.8293,anonymous,EN,1,1,I pay attention,,,821,4907,930,2370000,0,9543306,,831,6807,938,1060000,807656,,633,6515,910,1110000,0,,,,,,,,,,,,,,,,,,,,,,,,,,,,,,,,,,,,1,1,1,1,0,60,,0,0,0,1,0,60,,,,,,,,,,,,,,,,,,,,,,,,,,,,,,,,,,,,,,,,,,,,,,,,,,,0,1,0,1,0,29,,,,,,,,,,,,,,,,1,0,0,0,0,21,,0,1,1,0,0,42,,,,,,,,,,,,,,,0,,9,67e0658ecffaf739c0e39dc6,SlowFast,40,20,"""390 + 431 =","""3719 + 1187 =","""128 + 86 + 716 =","""870000 + 1500000 =<br>","""89630 + 2739 + 18 + 188 =","""9372894 + 33 + 297 + 55 + 170027 =","""340 + 491 =","""3219 + 3588 = ","""324 + 99 + 515 =","""790000 + 2700000 =","""79820 + 2817 + 12 + 298 = ","""270 + 363 =","""4137 + 2378 =","""214 + 78 + 618 =","""920000 + 1900000 =","""88520 + 1648 + 29 +169 =",9.98,14.89,10.91,16.68,40.00,10.39,15.79,12.00,16.11,13.79,8.05,11.23,11.76,14.30,20.00,32.69,821,4907,930,2370000,0,831,6807,938,1060000,807656,633,6515,910,1110000,0,9543306
2025-12-12 11:20:23,2025-12-12 11:32:28,0,174.220.241.136,100,724,1,2025-12-12 11:32:29,R_1PejbnyRtY4UaZ5,,,,,33.9481,-86.4728,anonymous,EN,1,1,I pay attention,,,821,4907,0,9200000,3200,938000,,413,6800,934,26100000,810078,,700,6500,0,290000000,90000,,,,,,,,1,0,1,1,0,70,,,,,,,,,1,1,0,1,0,43,,,,,,,,,,,,,,,,,,,,,,,1,0,1,1,0,50,,,,,,,,,,,,,,,,,,,,,,,,,,,,,,,,,,,,,1,1,1,1,0,26,,,,,,,,,,,,,,,,,,,,,,,1,0,1,1,0,45,,,,,,,,,,,,,,,,,,,,,,0,,1,65da8418470cd3b65bb2a415,SlowFast,40,20,"""390 + 431 =","""3719 + 1187 =","""128 + 86 + 716 =","""870000 + 1500000 =<br>","""89630 + 2739 + 18 + 188 =","""9372894 + 33 + 297 + 55 + 170027 =","""340 + 491 =","""3219 + 3588 = ","""324 + 99 + 515 =","""790000 + 2700000 =","""79820 + 2817 + 12 + 298 = ","""270 + 363 =","""4137 + 2378 =","""214 + 78 + 618 =","""920000 + 1900000 =","""88520 + 1648 + 29 +169 =",32.70,34.06,40.00,28.24,39.08,12.88,16.61,35.88,37.13,31.32,6.87,14.30,20.00,15.83,15.82,23.54,821,4907,0,9200000,3200,413,6800,934,26100000,810078,700,6500,0,290000000,90000,938000
2025-12-12 11:20:54,2025-12-12 11:32:33,0,75.115.227.13,100,699,1,2025-12-12 11:32:34,R_7qUM23dBiciYcyZ,,,,,27.7728,-82.6379,anonymous,EN,1,1,I pay attention,,,821,5006,930,102000000000,0,0,,0,6807,938,0,0,,633,7525,910,111000000000,0,,,,,,,,1,1,1,1,0,78,,,,,,,,,,,,,,,,,,,,,,,1,1,1,1,1,7,,,,,,,,,,,,,,,,,,,,,,,1,0,1,0,0,85,,,,,,,,,,,,,,,,,,,,,,,,,,,,,,,,,,,,,1,1,1,1,1,10,,,,,,,,,,,,,,,,,,,,,,,,,,,,,,1,1,1,1,0,10,0,,6,60fdca90f099eae5d18ad2ef,FastSlow,20,40,"""390 + 431 =","""3719 + 1187 =","""128 + 86 + 716 =","""870000 + 1500000 =<br>","""89630 + 2739 + 18 + 188 =","""9372894 + 33 + 297 + 55 + 170027 =","""340 + 491 =","""3219 + 3588 = ","""324 + 99 + 515 =","""790000 + 2700000 =","""79820 + 2817 + 12 + 298 = ","""270 + 363 =","""4137 + 2378 =","""214 + 78 + 618 =","""920000 + 1900000 =","""88520 + 1648 + 29 +169 =",9.66,15.92,14.97,20.98,40.00,20.00,19.98,16.31,20.00,20.00,10.16,30.28,15.87,13.00,40.00,40.00,821,5006,930,102000000000,0,0,6807,938,0,0,633,7525,910,111000000000,0,0
2025-12-12 11:21:34,2025-12-12 11:32:47,0,131.93.182.44,100,673,1,2025-12-12 11:32:47,R_1o0GciEWbGkPAdU,,,,,43.0334,-89.4512,anonymous,EN,1,1,I pay attention,,,821,4906,930,9370000,0,0,,831,6807,938,3490000,82947,,633,6515,1610,2820000,0,,,,,,,,,,,,,,,,,,,,,,,,,,,,,1,1,1,1,0,90,,1,1,1,1,1,9,,,,,,,,,,,,,,,,,,,,,,,,,,,,,,,,,,,,,,,,,,,,,,,,,,,1,1,1,1,0,40,,1,1,1,1,0,73,,,,,,,,,1,1,1,1,0,82,,,,,,,,,,,,,,,,,,,,,,,,,,,,,0,,11,66734cd5a99b7d4c18928ded,SlowFast,40,20,"""390 + 431 =","""3719 + 1187 =","""128 + 86 + 716 =","""870000 + 1500000 =<br>","""89630 + 2739 + 18 + 188 =","""9372894 + 33 + 297 + 55 + 170027 =","""340 + 491 =","""3219 + 3588 = ","""324 + 99 + 515 =","""790000 + 2700000 =","""79820 + 2817 + 12 + 298 = ","""270 + 363 =","""4137 + 2378 =","""214 + 78 + 618 =","""920000 + 1900000 =","""88520 + 1648 + 29 +169 =",16.00,21.16,25.53,23.82,40.00,12.09,14.88,16.48,18.81,38.54,12.02,13.31,18.03,18.13,20.00,40.00,821,4906,930,9370000,0,831,6807,938,3490000,82947,633,6515,1610,2820000,0,0
2025-12-12 11:25:50,2025-12-12 11:33:21,0,73.217.165.90,100,451,1,2025-12-12 11:33:22,R_5oHf9ReOgvEYkuZ,,,,,33.4724,-82.0889,anonymous,EN,1,1,I pay attention,,,821,4906,930,0,3587024,456758,,831,6807,75785,0,459382,,633,6515,4567,2820000,346655,,,,,,,,,,,,,,,1,1,1,1,0,37,,,,,,,,,1,0,1,1,0,31,,1,1,1,1,0,26,,,,,,,,,,,,,,,,,,,,,,,,,,,,,,,,,,,,,,,,,,,,,,,,,,,,,,,,,,,,,,,,,,,,,,,,1,1,1,1,0,34,,1,1,1,1,0,31,,,,,,,,,,,,,,,,,,,,,,0,,8,66cb4f58e9880a1fcf7bf516,FastSlow,20,40,"""390 + 431 =","""3719 + 1187 =","""128 + 86 + 716 =","""870000 + 1500000 =<br>","""89630 + 2739 + 18 + 188 =","""9372894 + 33 + 297 + 55 + 170027 =","""340 + 491 =","""3219 + 3588 = ","""324 + 99 + 515 =","""790000 + 2700000 =","""79820 + 2817 + 12 + 298 = ","""270 + 363 =","""4137 + 2378 =","""214 + 78 + 618 =","""920000 + 1900000 =","""88520 + 1648 + 29 +169 =",11.59,26.08,15.97,40.00,20.98,10.43,14.99,11.34,20.00,11.05,13.84,17.81,7.33,18.23,9.10,9.93,821,4906,930,0,3587024,831,6807,75785,0,459382,633,6515,4567,2820000,346655,456758
2025-12-12 11:14:40,2025-12-12 11:33:23,0,76.38.168.139,100,1123,1,2025-12-12 11:33:24,R_5cXOevOMXqUmqoH,,,,,42.7805,-73.7012,anonymous,EN,1,1,I pay attention,,,524,7200,826,120000000,100000,140000000,,688,8983,1000,45000000,129321,,533,3592,2831,3299992,294929,,,,,,,,,,,,,,,,,,,,,,,,,,,,,,,,,,,,1,1,1,0,1,8,,0,0,0,0,0,21,,,,,,,,,,,,,,,,,,,,,,,,,,,,,,1,0,1,0,0,23,,1,1,1,0,0,12,,,,,,,,,,,,,,,,,,,,,,,,,,,,,,,,,,,,,,,,,,,,1,0,1,0,0,3,,,,,,,,0,,,663c96417cf7568733cd1b96,FastSlow,20,40,"""390 + 431 =","""3719 + 1187 =","""128 + 86 + 716 =","""870000 + 1500000 =<br>","""89630 + 2739 + 18 + 188 =","""9372894 + 33 + 297 + 55 + 170027 =","""340 + 491 =","""3219 + 3588 = ","""324 + 99 + 515 =","""790000 + 2700000 =","""79820 + 2817 + 12 + 298 = ","""270 + 363 =","""4137 + 2378 =","""214 + 78 + 618 =","""920000 + 1900000 =","""88520 + 1648 + 29 +169 =",6.33,12.22,8.71,15.82,7.69,7.78,6.83,6.91,8.14,8.71,3.96,4.34,7.10,5.29,4.38,8.32,524,7200,826,120000000,100000,688,8983,1000,45000000,129321,533,3592,2831,3299992,294929,140000000
2025-12-12 11:22:34,2025-12-12 11:34:51,0,86.109.87.50,100,736,1,2025-12-12 11:34:51,R_7wHL4sy73huhMxH,,,,,34.9564,-81.9868,anonymous,EN,0.8999999761581421,1,I pay attention,,,821,4906,290,2370000,92575,9543306,,831,6807,938,3490000,82947,,633,6515,910,0,0,,,,,,,,,,,,,,,1,1,1,1,0,64,,,,,,,,,,,,,,,,1,1,1,1,1,90,,,,,,,,,,,,,,,,,,,,,,,,,,,,,,,,,,,,,,,,,,,,1,1,1,1,1,50,,1,1,1,1,1,57,,1,1,1,1,1,76,,,,,,,,,,,,,,,,,,,,,,,,,,,,,,,,,,,,,,,,,,,0,,12,6878cc2fb26170bbb45bfd45,SlowFast,40,20,"""390 + 431 =","""3719 + 1187 =","""128 + 86 + 716 =","""870000 + 1500000 =<br>","""89630 + 2739 + 18 + 188 =","""9372894 + 33 + 297 + 55 + 170027 =","""340 + 491 =","""3219 + 3588 = ","""324 + 99 + 515 =","""790000 + 2700000 =","""79820 + 2817 + 12 + 298 = ","""270 + 363 =","""4137 + 2378 =","""214 + 78 + 618 =","""920000 + 1900000 =","""88520 + 1648 + 29 +169 =",15.56,17.64,30.18,23.19,27.07,14.47,15.23,15.11,17.95,24.63,12.26,15.10,16.36,20.00,20.00,31.88,821,4906,290,2370000,92575,831,6807,938,3490000,82947,633,6515,910,0,0,9543306
2025-12-12 11:25:38,2025-12-12 11:35:25,0,172.59.120.129,100,587,1,2025-12-12 11:35:26,R_3SdzrzbtXR1Rh17,,,,,35.483,-97.5363,anonymous,EN,1,1,"I pay attention ",,,821,4916,930,2370000,0,0,,831,6807,938,3490000,0,,633,6555,910,2120000,385950,,,,,,,,,,,,,,,,,,,,,,,,,,,,,1,0,0,1,0,38,,1,1,1,1,1,34,,,,,,,,,,,,,,,,,,,,,,,,,,,,,,,,,,,,,,,,,,,,1,1,1,1,0,30,,,,,,,,,,,,,,,,1,1,1,1,1,15,,0,0,0,0,0,14,,,,,,,,,,,,,,,,,,,,,,,,,,,,,0,,9,67b795fcea3a1dba350ab9b4,SlowFast,40,20,"""390 + 431 =","""3719 + 1187 =","""128 + 86 + 716 =","""870000 + 1500000 =<br>","""89630 + 2739 + 18 + 188 =","""9372894 + 33 + 297 + 55 + 170027 =","""340 + 491 =","""3219 + 3588 = ","""324 + 99 + 515 =","""790000 + 2700000 =","""79820 + 2817 + 12 + 298 = ","""270 + 363 =","""4137 + 2378 =","""214 + 78 + 618 =","""920000 + 1900000 =","""88520 + 1648 + 29 +169 =",15.30,36.53,19.96,18.52,40.00,14.25,20.79,26.69,25.53,40.00,10.25,17.90,16.25,12.80,17.95,40.00,821,4916,930,2370000,0,831,6807,938,3490000,0,633,6555,910,2120000,385950,0
2025-12-12 11:20:15,2025-12-12 11:35:40,0,38.146.79.101,100,924,1,2025-12-12 11:35:40,R_6MM3UVAHOpI2aYF,,,,,32.0905,-96.471,anonymous,EN,1,1,I pay attention,,,821,4906,930,0,0,0,,0,0,938,0,0,,633,6515,910,2820000,90366,,,,,,,,,,,,,,,,,,,,,,,,,,,,,1,1,0,0,0,40,,,,,,,,,,,,,,,,,,,,,,,,,,,,,,,,,,,,,,,,,,,,,,,,,,,1,0,0,0,0,10,,,,,,,,,,,,,,,,,,,,,,,1,1,1,0,0,100,,1,0,1,0,0,20,,1,0,1,0,0,75,,,,,,,,,,,,,,,1,,9,67139f381fe62245c51da796,FastSlow,20,40,"""390 + 431 =","""3719 + 1187 =","""128 + 86 + 716 =","""870000 + 1500000 =<br>","""89630 + 2739 + 18 + 188 =","""9372894 + 33 + 297 + 55 + 170027 =","""340 + 491 =","""3219 + 3588 = ","""324 + 99 + 515 =","""790000 + 2700000 =","""79820 + 2817 + 12 + 298 = ","""270 + 363 =","""4137 + 2378 =","""214 + 78 + 618 =","""920000 + 1900000 =","""88520 + 1648 + 29 +169 =",26.59,16.86,36.53,40.00,40.00,20.00,20.00,16.67,20.00,20.00,15.43,18.91,17.58,25.67,37.58,40.00,821,4906,930,0,0,0,0,938,0,0,633,6515,910,2820000,90366,0
2025-12-12 11:13:26,2025-12-12 11:36:39,0,174.171.0.59,100,1392,1,2025-12-12 11:36:39,R_5s11SxHwB8MsvI6,,,,,29.8627,-95.5846,anonymous,EN,1,1,I pay attention,,,821,0,0,0,0,0,,831,0,0,1060000,0,,633,0,0,11100000,0,,,,,,,,1,1,1,1,0,100,,,,,,,,,,,,,,,,,,,,,,,,,,,,,,,,,,,,,,,,,,,,,,,,,,,,,,,,,,,,,,,,,,,,,,,,1,1,1,1,0,38,,,,,,,,,1,1,1,1,0,50,,1,1,1,1,1,100,,0,0,0,0,0,77,,,,,,,,,,,,,,,,,,,,,,,,,,,,,0,,3,66a7cfbe34912bdc644b6bf5,SlowFast,40,20,"""390 + 431 =","""3719 + 1187 =","""128 + 86 + 716 =","""870000 + 1500000 =<br>","""89630 + 2739 + 18 + 188 =","""9372894 + 33 + 297 + 55 + 170027 =","""340 + 491 =","""3219 + 3588 = ","""324 + 99 + 515 =","""790000 + 2700000 =","""79820 + 2817 + 12 + 298 = ","""270 + 363 =","""4137 + 2378 =","""214 + 78 + 618 =","""920000 + 1900000 =","""88520 + 1648 + 29 +169 =",35.05,40.00,40.00,40.00,40.00,26.30,40.00,40.00,21.04,40.00,14.36,20.00,20.00,18.87,20.00,40.00,821,0,0,0,0,831,0,0,1060000,0,633,0,0,11100000,0,0
2025-12-12 11:24:39,2025-12-12 11:36:57,0,68.33.206.173,100,738,1,2025-12-12 11:36:58,R_3eb0oeTgFf58I7b,,,,,37.5503,-77.3942,anonymous,EN,0.8999999761581421,1,I pay attention,,,821,4906,932,0,0,1642860,,831,6807,938,3600000,82937,,633,6515,0,2820000,0,,,,,,,,,,,,,,,,,,,,,,1,1,1,1,0,55,,,,,,,,,1,1,1,1,1,31,,,,,,,,,,,,,,,,,,,,,,,,,,,,,,1,1,1,1,0,25,,,,,,,,,,,,,,,,,,,,,,,,,,,,,,,,,,,,,1,1,1,1,0,65,,,,,,,,,,,,,,,,,,,,,,,1,1,1,1,0,24,0,,8,671725ffff36a50355a52513,SlowFast,40,20,"""390 + 431 =","""3719 + 1187 =","""128 + 86 + 716 =","""870000 + 1500000 =<br>","""89630 + 2739 + 18 + 188 =","""9372894 + 33 + 297 + 55 + 170027 =","""340 + 491 =","""3219 + 3588 = ","""324 + 99 + 515 =","""790000 + 2700000 =","""79820 + 2817 + 12 + 298 = ","""270 + 363 =","""4137 + 2378 =","""214 + 78 + 618 =","""920000 + 1900000 =","""88520 + 1648 + 29 +169 =",18.80,27.19,24.84,40.00,40.00,9.47,15.35,22.24,28.17,33.77,9.66,14.28,20.00,14.97,20.00,37.10,821,4906,932,0,0,831,6807,938,3600000,82937,633,6515,0,2820000,0,1642860
2025-12-12 11:14:40,2025-12-12 11:38:28,0,74.80.146.187,100,1427,1,2025-12-12 11:38:28,R_6o153c5E88eJ0ug,,,,,37.751,-97.822,anonymous,EN,1,1,I pay attention,,,821,4906,930,1020000,92575,0,,938,0,0,0,0,,633,6515,910,2820000,0,,,,,,,,,,,,,,,,,,,,,,1,1,1,1,0,74,,,,,,,,,1,1,1,1,0,82,,,,,,,,,1,1,1,1,1,79,,,,,,,,,,,,,,,,,,,,,,,,,,,,,,,,,,,,,,,,,,,,1,1,1,1,1,80,,,,,,,,,1,1,1,1,0,76,,,,,,,,,,,,,,,,,,,,,,,,,,,,,0,,8,67dec78617088acfae7e4475,FastSlow,20,40,"""390 + 431 =","""3719 + 1187 =","""128 + 86 + 716 =","""870000 + 1500000 =<br>","""89630 + 2739 + 18 + 188 =","""9372894 + 33 + 297 + 55 + 170027 =","""340 + 491 =","""3219 + 3588 = ","""324 + 99 + 515 =","""790000 + 2700000 =","""79820 + 2817 + 12 + 298 = ","""270 + 363 =","""4137 + 2378 =","""214 + 78 + 618 =","""920000 + 1900000 =","""88520 + 1648 + 29 +169 =",39.15,32.23,19.01,28.71,29.17,5.64,20.00,20.00,20.00,20.00,16.76,18.69,15.07,34.56,40.00,40.00,821,4906,930,1020000,92575,938,0,0,0,0,633,6515,910,2820000,0,0
2025-12-12 11:31:28,2025-12-12 11:38:56,0,140.228.177.172,100,447,1,2025-12-12 11:38:57,R_5Jf6ovYeo0BTApz,,,,,40.7842,-96.6461,anonymous,EN,1,1,I pay attention,,,821,4906,930,2370000,92575,9543306,,831,6807,941,0,82947,,633,6515,910,2820000,90366,,,,,,,,1,1,1,1,0,85,,,,,,,,,,,,,,,,1,1,1,1,0,85,,,,,,,,,,,,,,,,1,1,0,1,0,75,,,,,,,,,,,,,,,,,,,,,,,1,1,1,1,0,75,,,,,,,,,1,1,1,1,1,80,,,,,,,,,,,,,,,,,,,,,,,,,,,,,,,,,,,,,,,,,,,,,,,,,,0,,13,675a42d99110f59947a4f393,FastSlow,20,40,"""390 + 431 =","""3719 + 1187 =","""128 + 86 + 716 =","""870000 + 1500000 =<br>","""89630 + 2739 + 18 + 188 =","""9372894 + 33 + 297 + 55 + 170027 =","""340 + 491 =","""3219 + 3588 = ","""324 + 99 + 515 =","""790000 + 2700000 =","""79820 + 2817 + 12 + 298 = ","""270 + 363 =","""4137 + 2378 =","""214 + 78 + 618 =","""920000 + 1900000 =","""88520 + 1648 + 29 +169 =",16.02,10.31,18.23,18.97,23.58,9.95,13.11,10.47,20.00,15.94,7.29,12.39,9.77,14.05,21.71,35.67,821,4906,930,2370000,92575,831,6807,941,0,82947,633,6515,910,2820000,90366,9543306
2025-12-12 11:21:48,2025-12-12 11:39:24,0,174.161.181.115,100,1056,1,2025-12-12 11:39:25,R_5MrnZzS50AMr9OF,,,,,35.0514,-89.9265,anonymous,EN,1,1,"I pay attention ",,,821,4906,330,2370000,0,0,,831,0,938,0,0,,633,6515,910,2820000,100000,,,,,,,,,,,,,,,,,,,,,,1,1,1,1,0,60,,,,,,,,,,,,,,,,,,,,,,,1,0,0,1,0,55,,,,,,,,,1,0,0,1,0,75,,,,,,,,,1,0,0,1,0,72,,,,,,,,,,,,,,,,1,1,1,1,0,67,,,,,,,,,,,,,,,,,,,,,,,,,,,,,,,,,,,,,,,,,,,0,,9,67acd1abc7d32f21a3f7e58e,FastSlow,20,40,"""390 + 431 =","""3719 + 1187 =","""128 + 86 + 716 =","""870000 + 1500000 =<br>","""89630 + 2739 + 18 + 188 =","""9372894 + 33 + 297 + 55 + 170027 =","""340 + 491 =","""3219 + 3588 = ","""324 + 99 + 515 =","""790000 + 2700000 =","""79820 + 2817 + 12 + 298 = ","""270 + 363 =","""4137 + 2378 =","""214 + 78 + 618 =","""920000 + 1900000 =","""88520 + 1648 + 29 +169 =",11.82,27.58,20.87,37.83,40.00,10.26,20.00,19.05,20.00,20.00,12.76,18.61,24.24,19.12,15.92,40.00,821,4906,330,2370000,0,831,0,938,0,0,633,6515,910,2820000,100000,0
2025-12-12 11:26:50,2025-12-12 11:40:25,0,69.8.82.28,100,814,1,2025-12-12 11:40:25,R_6xKJOQYcUUg4Gcx,,,,,30.1024,-95.2297,anonymous,EN,1,1,I pay attention,,,821,0,930,0,0,0,,831,0,0,0,0,,633,6415,910,2820000,0,,,,,,,,,,,,,,,,,,,,,,1,1,1,1,0,65,,1,0,1,1,0,70,,1,1,1,1,1,10,,,,,,,,,,,,,,,,,,,,,,,,,,,,,,,,,,,,,,,,,,,,,,,,,,,,,,,,,,,,,,,,,,,,,,,,0,0,0,0,0,90,,,,,,,,,0,0,0,1,0,70,,,,,,,,,,,,,,,0,,6,666a11d046107a56965a98f5,FastSlow,20,40,"""390 + 431 =","""3719 + 1187 =","""128 + 86 + 716 =","""870000 + 1500000 =<br>","""89630 + 2739 + 18 + 188 =","""9372894 + 33 + 297 + 55 + 170027 =","""340 + 491 =","""3219 + 3588 = ","""324 + 99 + 515 =","""790000 + 2700000 =","""79820 + 2817 + 12 + 298 = ","""270 + 363 =","""4137 + 2378 =","""214 + 78 + 618 =","""920000 + 1900000 =","""88520 + 1648 + 29 +169 =",9.82,40.00,30.24,40.00,40.00,13.48,20.00,20.00,20.00,20.00,17.20,34.99,18.67,31.42,40.00,40.00,821,0,930,0,0,831,0,0,0,0,633,6415,910,2820000,0,0
2025-12-12 11:21:34,2025-12-12 11:41:47,0,97.228.89.97,100,1212,1,2025-12-12 11:41:48,R_5BXSJnfWCxyjUxe,,,,,36.0383,-115.1446,anonymous,EN,1,1,I pay attention,,,813,48150,900,230000,93200,1100050,,820,6800,949,110000000,94000,,650,6500,16000,12000000,0,,,,,,,,1,0,0,1,0,77,,,,,,,,,,,,,,,,1,0,0,1,0,85,,,,,,,,,,,,,,,,1,0,0,1,0,63,,1,0,0,1,0,31,,,,,,,,,,,,,,,,,,,,,,,1,1,1,1,0,78,,,,,,,,,,,,,,,,,,,,,,,,,,,,,,,,,,,,,,,,,,,,,,,,,,,,,,,,,0,how was this a psychological study? what were you testing???,,667bd5012a43ab2c51a565ce,SlowFast,40,20,"""390 + 431 =","""3719 + 1187 =","""128 + 86 + 716 =","""870000 + 1500000 =<br>","""89630 + 2739 + 18 + 188 =","""9372894 + 33 + 297 + 55 + 170027 =","""340 + 491 =","""3219 + 3588 = ","""324 + 99 + 515 =","""790000 + 2700000 =","""79820 + 2817 + 12 + 298 = ","""270 + 363 =","""4137 + 2378 =","""214 + 78 + 618 =","""920000 + 1900000 =","""88520 + 1648 + 29 +169 =",13.13,32.00,26.78,20.38,23.75,19.81,3.97,20.22,18.24,19.26,16.35,8.98,8.11,12.23,20.00,13.90,813,48150,900,230000,93200,820,6800,949,110000000,94000,650,6500,16000,12000000,0,1100050
2025-12-12 11:31:54,2025-12-12 11:42:28,0,71.193.184.57,100,634,1,2025-12-12 11:42:29,R_6ahOpUxOpbxsHFi,,,,,45.6073,-122.4147,anonymous,EN,0.6000000238418579,1,I pay attention,,,821,4906,930,2370000,0,0,,831,6807,938,3490000,82947,,633,6515,0,0,0,,,,,,,,,,,,,,,,,,,,,,1,1,1,1,0,15,,,,,,,,,,,,,,,,,,,,,,,,,,,,,,,,,,,,,,,,,,,,,,,,,,,,,,,,,,,,,,,,,,,,,,,,,,,,,,,1,1,1,1,1,3,,1,0,0,0,0,40,,,,,,,,,1,1,0,1,0,5,,1,0,0,0,0,20,,,,,,,,0,,11,67022b62378fdf9d7675d86d,SlowFast,40,20,"""390 + 431 =","""3719 + 1187 =","""128 + 86 + 716 =","""870000 + 1500000 =<br>","""89630 + 2739 + 18 + 188 =","""9372894 + 33 + 297 + 55 + 170027 =","""340 + 491 =","""3219 + 3588 = ","""324 + 99 + 515 =","""790000 + 2700000 =","""79820 + 2817 + 12 + 298 = ","""270 + 363 =","""4137 + 2378 =","""214 + 78 + 618 =","""920000 + 1900000 =","""88520 + 1648 + 29 +169 =",9.38,17.06,29.29,35.24,40.00,13.27,16.49,19.68,17.57,38.97,9.73,11.62,20.00,20.00,20.00,40.00,821,4906,930,2370000,0,831,6807,938,3490000,82947,633,6515,0,0,0,0
2025-12-12 11:25:36,2025-12-12 11:43:11,0,223.29.158.99,100,1055,1,2025-12-12 11:43:12,R_6b35veCJjZJk56V,,,,,37.751,-97.822,anonymous,EN,0.800000011920929,1,I pay attention,,,821,4896,930,2370000,0,9543300,,831,6807,938,3490000,82947,,633,0,910,0,0,,,,,,,,1,1,1,0,0,38,,,,,,,,,,,,,,,,1,1,1,0,0,40,,,,,,,,,,,,,,,,,,,,,,,,,,,,,,,,,,,,,,,,,,,,,,,,,,,1,1,1,0,0,39,,,,,,,,,,,,,,,,,,,,,,,,,,,,,,,,,,,,,,,,,,,,1,1,1,0,0,20,,1,1,1,0,0,40,0,,10,6740b01583cadef1afebeb9d,SlowFast,40,20,"""390 + 431 =","""3719 + 1187 =","""128 + 86 + 716 =","""870000 + 1500000 =<br>","""89630 + 2739 + 18 + 188 =","""9372894 + 33 + 297 + 55 + 170027 =","""340 + 491 =","""3219 + 3588 = ","""324 + 99 + 515 =","""790000 + 2700000 =","""79820 + 2817 + 12 + 298 = ","""270 + 363 =","""4137 + 2378 =","""214 + 78 + 618 =","""920000 + 1900000 =","""88520 + 1648 + 29 +169 =",9.75,15.83,12.13,23.64,40.00,14.66,25.34,20.24,27.39,33.99,15.58,20.00,19.35,20.00,20.00,38.29,821,4896,930,2370000,0,831,6807,938,3490000,82947,633,0,910,0,0,9543300
2025-12-12 11:37:03,2025-12-12 11:45:26,0,67.82.69.71,100,503,1,2025-12-12 11:45:27,R_6ds2ZbDrOsO30zk,,,,,40.6372,-73.9037,anonymous,EN,1,1,I pay attention,,,821,4906,930,2370000,0,0,,0,6797,838,3400000,0,,633,6598,940,2800000,89376,,,,,,,,1,1,1,0,0,19,,1,1,1,1,0,40,,1,1,1,0,0,30,,,,,,,,,,,,,,,,,,,,,,,,,,,,,,,,,,,,,,,,,,,,,,,,,,,,,,,,,,1,0,1,0,0,5,,,,,,,,,1,1,1,1,0,20,,,,,,,,,,,,,,,,,,,,,,,,,,,,,,,,,,,,,,,,,,,0,,5,663cca6f32da191e05406d21,FastSlow,20,40,"""390 + 431 =","""3719 + 1187 =","""128 + 86 + 716 =","""870000 + 1500000 =<br>","""89630 + 2739 + 18 + 188 =","""9372894 + 33 + 297 + 55 + 170027 =","""340 + 491 =","""3219 + 3588 = ","""324 + 99 + 515 =","""790000 + 2700000 =","""79820 + 2817 + 12 + 298 = ","""270 + 363 =","""4137 + 2378 =","""214 + 78 + 618 =","""920000 + 1900000 =","""88520 + 1648 + 29 +169 =",6.87,32.07,21.36,19.79,40.00,20.00,15.88,13.41,14.79,20.00,19.91,20.11,17.55,11.92,35.38,40.00,821,4906,930,2370000,0,0,6797,838,3400000,0,633,6598,940,2800000,89376,0
2025-12-12 11:35:54,2025-12-12 11:46:23,0,47.37.94.7,100,629,1,2025-12-12 11:46:24,R_1CoVBUR97TRkIjM,,,,,32.7507,-97.2095,anonymous,EN,1,1,I pay attention,,,830,4416,860,1020000,0,103677,,831,6707,440,102346,89320,,667,0,360,102000,0,,,,,,,,,,,,,,,1,0,0,1,0,5,,,,,,,,,,,,,,,,,,,,,,,,,,,,,,,,,,,,,,,,,,,,,,,,,,,,,,,,,,,,,,,,,,,,,,,,,,,,,,,1,0,0,1,0,15,,1,0,0,1,0,9,,,,,,,,,1,0,0,1,0,11,,,,,,,,,1,0,1,1,0,35,,,,,,,,0,,1,65de86c4043910f19026eff9,SlowFast,40,20,"""390 + 431 =","""3719 + 1187 =","""128 + 86 + 716 =","""870000 + 1500000 =<br>","""89630 + 2739 + 18 + 188 =","""9372894 + 33 + 297 + 55 + 170027 =","""340 + 491 =","""3219 + 3588 = ","""324 + 99 + 515 =","""790000 + 2700000 =","""79820 + 2817 + 12 + 298 = ","""270 + 363 =","""4137 + 2378 =","""214 + 78 + 618 =","""920000 + 1900000 =","""88520 + 1648 + 29 +169 =",31.24,32.72,25.89,26.39,40.00,29.87,28.36,17.90,24.61,26.20,19.02,20.00,18.45,15.09,20.00,31.10,830,4416,860,1020000,0,831,6707,440,102346,89320,667,0,360,102000,0,103677
2025-12-12 11:32:13,2025-12-12 11:46:52,0,99.50.209.88,100,878,1,2025-12-12 11:46:52,R_1I3CK2zRM2WKXRT,,,,,33.454,-84.1534,anonymous,EN,1,1,i pay attention,,,821,4906,930,2370000,0,9543306,,831,6807,0,0,0,,633,6515,910,28200000,90366,,,,,,,,,,,,,,,,,,,,,,0,1,0,1,0,77,,,,,,,,,1,1,0,1,0,50,,,,,,,,,,,,,,,,,,,,,,,,,,,,,,1,0,1,1,0,83,,1,0,1,1,0,70,,,,,,,,,1,1,1,1,1,97,,,,,,,,,,,,,,,,,,,,,,,,,,,,,,,,,,,,,,,,,,,,,,,,,,1,,10,66786fd4594ab649c244de43,FastSlow,20,40,"""390 + 431 =","""3719 + 1187 =","""128 + 86 + 716 =","""870000 + 1500000 =<br>","""89630 + 2739 + 18 + 188 =","""9372894 + 33 + 297 + 55 + 170027 =","""340 + 491 =","""3219 + 3588 = ","""324 + 99 + 515 =","""790000 + 2700000 =","""79820 + 2817 + 12 + 298 = ","""270 + 363 =","""4137 + 2378 =","""214 + 78 + 618 =","""920000 + 1900000 =","""88520 + 1648 + 29 +169 =",17.36,19.07,20.11,26.82,40.00,12.32,11.14,20.00,20.00,20.00,11.95,14.48,12.97,25.48,19.40,30.62,821,4906,930,2370000,0,831,6807,0,0,0,633,6515,910,28200000,90366,9543306
2025-12-12 11:37:34,2025-12-12 11:47:22,0,71.73.23.252,100,588,1,2025-12-12 11:47:22,R_6ZSifWsyQ3Tikbn,,,,,41.6868,-81.3399,anonymous,EN,1,1,I pay attention,,,821,4906,930,2370000,0,0,,831,6807,938,3490000,0,,633,6615,910,2820000,0,,,,,,,,,,,,,,,,,,,,,,1,1,1,1,1,50,,,,,,,,,1,1,1,1,1,40,,,,,,,,,,,,,,,,,,,,,,,1,1,0,0,0,50,,,,,,,,,,,,,,,,,,,,,,,,,,,,,,,,,,,,,,,,,,,,,,,,,,,,,,,,,,1,1,0,1,0,40,,,,,,,,,1,1,0,0,0,34,0,,11,5b9056617b384b0001d13167,SlowFast,40,20,"""390 + 431 =","""3719 + 1187 =","""128 + 86 + 716 =","""870000 + 1500000 =<br>","""89630 + 2739 + 18 + 188 =","""9372894 + 33 + 297 + 55 + 170027 =","""340 + 491 =","""3219 + 3588 = ","""324 + 99 + 515 =","""790000 + 2700000 =","""79820 + 2817 + 12 + 298 = ","""270 + 363 =","""4137 + 2378 =","""214 + 78 + 618 =","""920000 + 1900000 =","""88520 + 1648 + 29 +169 =",15.40,15.84,35.95,27.30,40.00,11.56,15.15,22.87,23.48,40.00,8.87,15.96,18.15,15.08,20.00,40.00,821,4906,930,2370000,0,831,6807,938,3490000,0,633,6615,910,2820000,0,0
2025-12-12 11:38:44,2025-12-12 11:48:13,0,170.205.177.23,100,569,1,2025-12-12 11:48:14,R_5Ocwzgg7jRjL26h,,,,,32.2838,-83.4721,anonymous,EN,1,1,I pay attention,,,821,4906,890,2370000,94347,0,,831,6807,938,3490000,0,,633,6515,900,2820000,90366,,,,,,,,,,,,,,,,,,,,,,,,,,,,,,,,,,,,,,,,,,,,,,,,,,0,0,0,0,0,12,,,,,,,,,,,,,,,,1,1,0,1,0,2,,,,,,,,,,,,,,,,,,,,,,,,,,,,,,,,,,,,,,,,,,,,1,0,0,0,0,4,,1,1,0,0,0,8,,1,0,0,0,0,20,,,,,,,,0,,11,63e548d24319702eba4fc949,FastSlow,20,40,"""390 + 431 =","""3719 + 1187 =","""128 + 86 + 716 =","""870000 + 1500000 =<br>","""89630 + 2739 + 18 + 188 =","""9372894 + 33 + 297 + 55 + 170027 =","""340 + 491 =","""3219 + 3588 = ","""324 + 99 + 515 =","""790000 + 2700000 =","""79820 + 2817 + 12 + 298 = ","""270 + 363 =","""4137 + 2378 =","""214 + 78 + 618 =","""920000 + 1900000 =","""88520 + 1648 + 29 +169 =",8.92,16.26,26.30,20.69,39.79,10.46,18.27,16.02,15.54,20.00,9.58,12.57,15.20,24.73,34.60,40.00,821,4906,890,2370000,94347,831,6807,938,3490000,0,633,6515,900,2820000,90366,0
2025-12-12 11:41:07,2025-12-12 11:49:11,0,68.106.226.87,100,484,1,2025-12-12 11:49:12,R_5jZYcJ1wKVqJRuc,,,,,33.6069,-112.2822,anonymous,EN,1,1,I pay attention,,,821,4906,930,2370000,92575,9543306,,831,6807,938,3490000,82947,,633,6515,910,2820000,0,,,,,,,,,,,,,,,,,,,,,,,,,,,,,1,1,1,1,1,90,,,,,,,,,,,,,,,,,,,,,,,,,,,,,,,,,,,,,1,1,0,1,0,35,,,,,,,,,,,,,,,,1,1,1,1,0,30,,,,,,,,,1,1,1,1,1,25,,,,,,,,,,,,,,,,1,1,1,1,0,30,,,,,,,,,,,,,,,0,,14,5f5071d436e91f1e5fcd660d,SlowFast,40,20,"""390 + 431 =","""3719 + 1187 =","""128 + 86 + 716 =","""870000 + 1500000 =<br>","""89630 + 2739 + 18 + 188 =","""9372894 + 33 + 297 + 55 + 170027 =","""340 + 491 =","""3219 + 3588 = ","""324 + 99 + 515 =","""790000 + 2700000 =","""79820 + 2817 + 12 + 298 = ","""270 + 363 =","""4137 + 2378 =","""214 + 78 + 618 =","""920000 + 1900000 =","""88520 + 1648 + 29 +169 =",14.06,13.28,12.10,17.34,26.86,8.49,13.59,8.33,17.63,29.26,12.65,13.36,19.54,13.15,20.00,31.95,821,4906,930,2370000,92575,831,6807,938,3490000,82947,633,6515,910,2820000,0,9543306
2025-12-12 11:34:54,2025-12-12 11:49:18,0,172.56.229.239,100,864,1,2025-12-12 11:49:19,R_6rBiqxeotAPVrvW,,,,,33.4543,-86.9114,anonymous,EN,1,1,I pay attention,,,1341,4906,1100,2370000,92570,3490000,,980,6780,0,1098,19870,,633,7619,848,240000,9704,,,,,,,,,,,,,,,,,,,,,,,,,,,,,,,,,,,,,,,,,,,,,,,,,,1,0,1,1,0,6,,1,0,0,0,0,30,,,,,,,,,,,,,,,,,,,,,,,1,0,1,1,0,11,,,,,,,,,1,1,1,0,0,80,,,,,,,,,,,,,,,,1,0,1,0,0,19,,,,,,,,,,,,,,,,,,,,,,0,,3,65e092624fd67570ea7e4c36,FastSlow,20,40,"""390 + 431 =","""3719 + 1187 =","""128 + 86 + 716 =","""870000 + 1500000 =<br>","""89630 + 2739 + 18 + 188 =","""9372894 + 33 + 297 + 55 + 170027 =","""340 + 491 =","""3219 + 3588 = ","""324 + 99 + 515 =","""790000 + 2700000 =","""79820 + 2817 + 12 + 298 = ","""270 + 363 =","""4137 + 2378 =","""214 + 78 + 618 =","""920000 + 1900000 =","""88520 + 1648 + 29 +169 =",31.81,22.98,9.35,27.61,26.61,12.19,8.75,20.00,5.34,19.71,18.83,17.55,23.94,12.90,23.79,22.44,1341,4906,1100,2370000,92570,980,6780,0,1098,19870,633,7619,848,240000,9704,3490000
2025-12-12 11:37:30,2025-12-12 11:49:39,0,138.43.161.99,100,728,1,2025-12-12 11:49:39,R_1gLvJ47MsBq3BKA,,,,,36.1048,-84.5972,anonymous,EN,1,1,I pay attention,,,821,5926,931,2300000,91322,9499272,,831,6807,938,2779000,81110,,633,6505,900,1010000,0,,,,,,,,1,1,0,0,0,48,,,,,,,,,,,,,,,,,,,,,,,1,1,1,1,1,1,,,,,,,,,,,,,,,,,,,,,,,,,,,,,,1,1,0,0,0,9,,,,,,,,,,,,,,,,,,,,,,,,,,,,,,,,,,,,,1,0,0,0,0,16,,,,,,,,,,,,,,,,1,1,1,0,0,3,,,,,,,,0,,5,64011cde71c318c6af604b63,SlowFast,40,20,"""390 + 431 =","""3719 + 1187 =","""128 + 86 + 716 =","""870000 + 1500000 =<br>","""89630 + 2739 + 18 + 188 =","""9372894 + 33 + 297 + 55 + 170027 =","""340 + 491 =","""3219 + 3588 = ","""324 + 99 + 515 =","""790000 + 2700000 =","""79820 + 2817 + 12 + 298 = ","""270 + 363 =","""4137 + 2378 =","""214 + 78 + 618 =","""920000 + 1900000 =","""88520 + 1648 + 29 +169 =",8.94,13.47,19.98,18.46,22.31,12.39,21.93,14.58,18.19,26.18,8.80,14.50,17.23,17.09,20.00,27.19,821,5926,931,2300000,91322,831,6807,938,2779000,81110,633,6505,900,1010000,0,9499272
2025-12-12 11:35:02,2025-12-12 11:50:19,0,208.108.81.46,100,916,1,2025-12-12 11:50:19,R_3d4fUxQyswD8sZk,,,,,41.3772,-82.0132,anonymous,EN,1,1,I pay attention,,,821,4906,930,2370000,92575,9543306,,831,6807,938,1060000,82947,,633,6515,910,19920000,90366,,,,,,,,,,,,,,,1,1,1,1,1,50,,1,1,1,1,1,50,,1,1,1,1,1,73,,,,,,,,,0,0,0,0,0,50,,,,,,,,,,,,,,,,,,,,,,,,,,,,,,,,,,,,,,,,,,,,,,,,,,,,,,,,,,,,,,,,,0,0,0,0,0,50,,,,,,,,,,,,,,,,,,,,,,,,,,,,,0,,13,66a276a145ba9b1f7698e4b2,SlowFast,40,20,"""390 + 431 =","""3719 + 1187 =","""128 + 86 + 716 =","""870000 + 1500000 =<br>","""89630 + 2739 + 18 + 188 =","""9372894 + 33 + 297 + 55 + 170027 =","""340 + 491 =","""3219 + 3588 = ","""324 + 99 + 515 =","""790000 + 2700000 =","""79820 + 2817 + 12 + 298 = ","""270 + 363 =","""4137 + 2378 =","""214 + 78 + 618 =","""920000 + 1900000 =","""88520 + 1648 + 29 +169 =",,,,,,,,,,,,,,14.59,,14.21,821,4906,930,2370000,92575,831,6807,938,1060000,82947,633,6515,910,19920000,90366,9543306
2025-12-12 11:29:15,2025-12-12 11:50:44,0,174.234.203.8,100,1289,1,2025-12-12 11:50:45,R_7dG0ytdPjRDNpqx,,,,,33.4889,-112.2173,anonymous,EN,1,1,I pay attention,,,821,6708,915,9200000,12200,9480000,,829,0,1015,27790000,9000,,643,6500,990,28200000,9492169,,,,,,,,,,,,,,,1,1,1,1,0,31,,1,1,1,1,1,9,,,,,,,,,,,,,,,,,,,,,,,,,,,,,,,,,,,,,0,1,1,0,0,24,,,,,,,,,1,1,1,1,1,32,,,,,,,,,,,,,,,,,,,,,,,,,,,,,,,,,,,,,,,,,,,,,,,,,,,,,,,,,,1,0,1,0,0,4,0,,1,66315ae414ac11ed5a57e464,FastSlow,20,40,"""390 + 431 =","""3719 + 1187 =","""128 + 86 + 716 =","""870000 + 1500000 =<br>","""89630 + 2739 + 18 + 188 =","""9372894 + 33 + 297 + 55 + 170027 =","""340 + 491 =","""3219 + 3588 = ","""324 + 99 + 515 =","""790000 + 2700000 =","""79820 + 2817 + 12 + 298 = ","""270 + 363 =","""4137 + 2378 =","""214 + 78 + 618 =","""920000 + 1900000 =","""88520 + 1648 + 29 +169 =",15.09,33.67,33.41,38.72,36.38,14.11,20.00,18.81,13.34,13.76,16.87,26.02,18.89,19.07,25.20,35.64,821,6708,915,9200000,12200,829,0,1015,27790000,9000,643,6500,990,28200000,9492169,9480000
2025-12-12 11:41:26,2025-12-12 11:51:33,0,172.56.220.126,100,606,1,2025-12-12 11:51:33,R_6Nf4Mpq0TBUCscJ,,,,,40.0149,-75.1439,anonymous,EN,1,1,I pay attention.,,,811,4986,934,12000000,0,0,,831,0,938,0,0,,633,6515,910,1992000,90366,,,,,,,,,,,,,,,,,,,,,,,,,,,,,,,,,,,,,,,,,,,,,,,,,,1,1,1,1,0,87,,,,,,,,,,,,,,,,,,,,,,,,,,,,,,,,,,,,,1,1,1,1,0,82,,1,1,1,1,1,81,,,,,,,,,0,0,1,1,0,91,,,,,,,,,,,,,,,,1,1,1,1,0,81,,,,,,,,1,,6,5af36fff59229a0001d1bd6a,FastSlow,20,40,"""390 + 431 =","""3719 + 1187 =","""128 + 86 + 716 =","""870000 + 1500000 =<br>","""89630 + 2739 + 18 + 188 =","""9372894 + 33 + 297 + 55 + 170027 =","""340 + 491 =","""3219 + 3588 = ","""324 + 99 + 515 =","""790000 + 2700000 =","""79820 + 2817 + 12 + 298 = ","""270 + 363 =","""4137 + 2378 =","""214 + 78 + 618 =","""920000 + 1900000 =","""88520 + 1648 + 29 +169 =",28.66,33.47,27.82,34.03,40.00,13.01,20.00,14.95,20.00,20.00,13.16,18.66,15.33,20.77,33.28,40.00,811,4986,934,12000000,0,831,0,938,0,0,633,6515,910,1992000,90366,0
2025-12-12 11:39:48,2025-12-12 11:51:56,0,68.32.198.124,100,728,1,2025-12-12 11:51:57,R_5G7laoHBMiei47f,,,,,42.2747,-83.3798,anonymous,EN,1,1,I pay attention,,,821,4906,930,0,0,0,,831,0,0,0,0,,633,6515,0,0,0,,,,,,,,1,1,1,1,0,65,,,,,,,,,,,,,,,,,,,,,,,,,,,,,,,,,,,,,,,,,,,,,,,,,,,,,,,,,,1,1,0,0,0,20,,,,,,,,,1,1,1,1,1,20,,,,,,,,,1,1,1,1,0,60,,,,,,,,,,,,,,,,1,0,0,0,0,40,,,,,,,,,,,,,,,,,,,,,,0,,6,68d47ceef9cefe423772219f,FastSlow,20,40,"""390 + 431 =","""3719 + 1187 =","""128 + 86 + 716 =","""870000 + 1500000 =<br>","""89630 + 2739 + 18 + 188 =","""9372894 + 33 + 297 + 55 + 170027 =","""340 + 491 =","""3219 + 3588 = ","""324 + 99 + 515 =","""790000 + 2700000 =","""79820 + 2817 + 12 + 298 = ","""270 + 363 =","""4137 + 2378 =","""214 + 78 + 618 =","""920000 + 1900000 =","""88520 + 1648 + 29 +169 =",12.57,22.19,36.13,40.00,40.00,8.78,20.00,20.00,20.00,20.00,12.80,20.14,40.00,40.00,40.00,40.00,821,4906,930,0,0,831,0,0,0,0,633,6515,0,0,0,0
2025-12-12 11:41:42,2025-12-12 11:52:01,0,38.254.36.138,100,619,1,2025-12-12 11:52:01,R_5TmxccKFp3Dx5fB,,,,,36.0758,-87.4,anonymous,EN,1,1,I pay attention,,,821,4096,930,2370000,0,0,,831,6807,938,0,0,,633,6515,910,2820000,90366,,,,,,,,1,1,1,1,0,85,,,,,,,,,,,,,,,,,,,,,,,,,,,,,,,,,,,,,,,,,,,,,,,,,,,,,,,,,,,,,,,,,,,,,,,,1,1,1,1,0,63,,,,,,,,,1,1,1,1,0,85,,,,,,,,,0,0,0,1,0,87,,,,,,,,,1,1,0,1,0,66,,,,,,,,,,,,,,,0,Funny how something simple as 20 seconds has me aghghghgggg’ing lol,11,67cb00c68ccef3da73b3cb06,FastSlow,20,40,"""390 + 431 =","""3719 + 1187 =","""128 + 86 + 716 =","""870000 + 1500000 =<br>","""89630 + 2739 + 18 + 188 =","""9372894 + 33 + 297 + 55 + 170027 =","""340 + 491 =","""3219 + 3588 = ","""324 + 99 + 515 =","""790000 + 2700000 =","""79820 + 2817 + 12 + 298 = ","""270 + 363 =","""4137 + 2378 =","""214 + 78 + 618 =","""920000 + 1900000 =","""88520 + 1648 + 29 +169 =",11.95,18.36,17.18,17.42,40.00,10.38,18.72,11.16,20.00,20.00,14.85,13.67,18.54,17.16,28.02,40.00,821,4096,930,2370000,0,831,6807,938,0,0,633,6515,910,2820000,90366,0
2025-12-12 11:39:15,2025-12-12 11:52:29,0,68.102.254.3,100,794,1,2025-12-12 11:52:29,R_3R9HQJv5FgmhCWJ,,,,,38.3746,-97.673,anonymous,EN,1,1,I pay attention,,,821,4926,964,23200000,12224,12300295,,831,6787,1038,10600000,0,,633,0,0,110000000,0,,,,,,,,,,,,,,,,,,,,,,,,,,,,,1,0,1,1,0,20,,,,,,,,,,,,,,,,1,0,0,1,0,25,,,,,,,,,,,,,,,,,,,,,,,,,,,,,,,,,,,,,,,,,,,,1,1,1,1,0,14,,1,1,1,1,1,1,,1,0,0,1,0,5,,,,,,,,,,,,,,,,,,,,,,,,,,,,,0,,3,617452347986aeaf4d2e5278,SlowFast,40,20,"""390 + 431 =","""3719 + 1187 =","""128 + 86 + 716 =","""870000 + 1500000 =<br>","""89630 + 2739 + 18 + 188 =","""9372894 + 33 + 297 + 55 + 170027 =","""340 + 491 =","""3219 + 3588 = ","""324 + 99 + 515 =","""790000 + 2700000 =","""79820 + 2817 + 12 + 298 = ","""270 + 363 =","""4137 + 2378 =","""214 + 78 + 618 =","""920000 + 1900000 =","""88520 + 1648 + 29 +169 =",28.00,18.86,33.08,34.32,38.05,21.35,21.91,38.20,37.03,40.00,19.25,20.00,20.00,10.48,20.00,32.71,821,4926,964,23200000,12224,831,6787,1038,10600000,0,633,0,0,110000000,0,12300295
2025-12-12 11:34:34,2025-12-12 11:52:56,0,154.7.225.125,100,1101,1,2025-12-12 11:52:56,R_3qldZUAkuTTH8Uy,,,,,39.0469,-77.4903,anonymous,EN,1,1,I pay attention,,,821,4906,930,237000,0,0,,8311,0,0,0,0,,633,6515,12875,1992000,934700,,,,,,,,,,,,,,,,,,,,,,,,,,,,,,,,,,,,1,1,1,0,0,36,,,,,,,,,,,,,,,,1,1,1,1,0,50,,,,,,,,,,,,,,,,,,,,,,,,,,,,,,1,1,1,1,0,70,,,,,,,,,,,,,,,,,,,,,,,,,,,,,,,,,,,,,1,0,1,1,0,20,,1,1,1,1,0,60,0,Good job,5,67e051d5736da524dbe7a0c1,FastSlow,20,40,"""390 + 431 =","""3719 + 1187 =","""128 + 86 + 716 =","""870000 + 1500000 =<br>","""89630 + 2739 + 18 + 188 =","""9372894 + 33 + 297 + 55 + 170027 =","""340 + 491 =","""3219 + 3588 = ","""324 + 99 + 515 =","""790000 + 2700000 =","""79820 + 2817 + 12 + 298 = ","""270 + 363 =","""4137 + 2378 =","""214 + 78 + 618 =","""920000 + 1900000 =","""88520 + 1648 + 29 +169 =",25.68,16.81,21.15,25.10,40.00,7.34,20.00,20.00,20.00,20.00,15.55,20.29,25.97,16.56,25.66,40.00,821,4906,930,237000,0,8311,0,0,0,0,633,6515,12875,1992000,934700,0
2025-12-12 11:44:07,2025-12-12 11:53:49,0,24.162.55.159,100,582,1,2025-12-12 11:53:50,R_1CPjWemBsnTJ3BX,,,,,30.5154,-97.6689,anonymous,EN,1,1,I pay attention,,,821,4900,1000,1000000000,11000,9500000,,832,6700,900,3000000,82000,,630,6500,799,2000000,10000,,,,,,,,0,0,0,0,0,15,,,,,,,,,,,,,,,,,,,,,,,,,,,,,,,,,,,,,0,0,0,0,0,3,,,,,,,,,,,,,,,,,,,,,,,,,,,,,,,,,,,,,,,,,,,,,,,,,,,,,,,,,,0,0,0,0,0,10,,,,,,,,,0,0,0,0,0,8,,0,0,0,0,0,4,,,,,,,,0,,1,669d8b26896ecc9457727c9f,SlowFast,40,20,"""390 + 431 =","""3719 + 1187 =","""128 + 86 + 716 =","""870000 + 1500000 =<br>","""89630 + 2739 + 18 + 188 =","""9372894 + 33 + 297 + 55 + 170027 =","""340 + 491 =","""3219 + 3588 = ","""324 + 99 + 515 =","""790000 + 2700000 =","""79820 + 2817 + 12 + 298 = ","""270 + 363 =","""4137 + 2378 =","""214 + 78 + 618 =","""920000 + 1900000 =","""88520 + 1648 + 29 +169 =",11.08,16.33,26.23,29.52,7.99,12.06,9.81,13.72,23.68,21.16,7.53,10.82,15.60,11.26,8.25,22.48,821,4900,1000,1000000000,11000,832,6700,900,3000000,82000,630,6500,799,2000000,10000,9500000
2025-12-12 11:41:33,2025-12-12 11:54:44,0,75.133.196.237,100,791,1,2025-12-12 11:54:45,R_5kV5sFpphDJd693,,,,,42.1908,-85.6313,anonymous,EN,1,1,I pay attention,,,821,4906,916,2370000,0,0,,831,6807,937,3490000,82947,,633,6515,0,0,0,,,,,,,,1,1,1,1,0,82,,,,,,,,,1,1,1,1,0,64,,,,,,,,,,,,,,,,,,,,,,,1,0,0,1,0,50,,,,,,,,,,,,,,,,,,,,,,,,,,,,,,1,1,1,1,0,20,,,,,,,,,,,,,,,,,,,,,,,,,,,,,,,,,,,,,1,0,0,1,0,19,,,,,,,,,,,,,,,0,,9,66be86562465d56fd953fba2,SlowFast,40,20,"""390 + 431 =","""3719 + 1187 =","""128 + 86 + 716 =","""870000 + 1500000 =<br>","""89630 + 2739 + 18 + 188 =","""9372894 + 33 + 297 + 55 + 170027 =","""340 + 491 =","""3219 + 3588 = ","""324 + 99 + 515 =","""790000 + 2700000 =","""79820 + 2817 + 12 + 298 = ","""270 + 363 =","""4137 + 2378 =","""214 + 78 + 618 =","""920000 + 1900000 =","""88520 + 1648 + 29 +169 =",16.83,33.04,31.67,23.06,40.00,7.81,20.36,20.93,17.86,35.12,16.25,15.08,20.00,20.00,20.00,40.00,821,4906,916,2370000,0,831,6807,937,3490000,82947,633,6515,0,0,0,0
2025-12-12 11:49:16,2025-12-12 11:54:53,0,71.14.22.134,100,337,1,2025-12-12 11:54:54,R_3RQ9o8BPzOLfIb2,,,,,32.5484,-85.4682,anonymous,EN,1,1,I pay attention,,,821,4906,930,2370000,0,0,,831,6807,938,3490000,82947,,633,6515,910,2820000,0,,,,,,,,,,,,,,,,,,,,,,,,,,,,,1,1,0,1,0,39,,,,,,,,,,,,,,,,1,0,0,1,0,63,,,,,,,,,,,,,,,,,,,,,,,,,,,,,,,,,,,,,,,,,,,,1,1,0,1,0,28,,,,,,,,,,,,,,,,,,,,,,,1,1,0,1,0,34,,1,1,0,1,0,67,,,,,,,,0,,13,60ff23ed41f1414de8b3856b,SlowFast,40,20,"""390 + 431 =","""3719 + 1187 =","""128 + 86 + 716 =","""870000 + 1500000 =<br>","""89630 + 2739 + 18 + 188 =","""9372894 + 33 + 297 + 55 + 170027 =","""340 + 491 =","""3219 + 3588 = ","""324 + 99 + 515 =","""790000 + 2700000 =","""79820 + 2817 + 12 + 298 = ","""270 + 363 =","""4137 + 2378 =","""214 + 78 + 618 =","""920000 + 1900000 =","""88520 + 1648 + 29 +169 =",7.75,17.00,9.30,17.51,40.00,5.00,9.78,9.61,12.76,39.77,7.90,6.88,15.68,7.02,3.49,5.22,821,4906,930,2370000,0,831,6807,938,3490000,82947,633,6515,910,2820000,0,0
2025-12-12 11:44:43,2025-12-12 11:55:00,0,96.242.186.161,100,616,1,2025-12-12 11:55:00,R_3FIfhoTOG4xTvwM,,,,,40.9129,-74.1627,anonymous,EN,1,1,I pay attention,,,821,6000,930,1020000,90000,937555,,831,6807,928,1060000,82000,,633,6532,988,0,89200,,,,,,,,,,,,,,,,,,,,,,,,,,,,,,,,,,,,,,,,,,,,,,,,,,,,,,,,,,,,,,,,,,,,,,,,,,,,,,1,1,1,1,0,20,,1,1,1,1,0,25,,1,1,1,1,0,15,,,,,,,,,1,1,1,1,0,0,,1,1,1,1,0,25,,,,,,,,,,,,,,,,,,,,,,,,,,,,,0,,5,6650ecda2657647b60a302eb,SlowFast,40,20,"""390 + 431 =","""3719 + 1187 =","""128 + 86 + 716 =","""870000 + 1500000 =<br>","""89630 + 2739 + 18 + 188 =","""9372894 + 33 + 297 + 55 + 170027 =","""340 + 491 =","""3219 + 3588 = ","""324 + 99 + 515 =","""790000 + 2700000 =","""79820 + 2817 + 12 + 298 = ","""270 + 363 =","""4137 + 2378 =","""214 + 78 + 618 =","""920000 + 1900000 =","""88520 + 1648 + 29 +169 =",17.31,36.18,25.99,25.43,26.94,15.88,26.36,27.34,19.66,30.54,18.28,19.48,15.87,20.00,16.20,36.94,821,6000,930,1020000,90000,831,6807,928,1060000,82000,633,6532,988,0,89200,937555
2025-12-12 11:40:30,2025-12-12 11:55:06,0,99.67.136.70,100,876,1,2025-12-12 11:55:07,R_1AeU2UswXFyf2SJ,,,,,42.9852,-83.6174,anonymous,EN,1,1,I pay attention,,,821,4096,910,2300000,92675,0,,831,6807,938,3490000,80947,,633,6515,910,2820000,0,,,,,,,,,,,,,,,1,1,0,0,0,76,,1,1,1,0,0,71,,,,,,,,,,,,,,,,1,1,0,0,0,98,,,,,,,,,,,,,,,,,,,,,,,,,,,,,,,,,,,,,,,,,,,,,,,,,,,,,,,,,,1,0,0,0,0,19,,1,0,0,0,0,75,,,,,,,,,,,,,,,,,,,,,,,,,,,,,0,I'm surprised I got as many right as I did! I assure you I did only mental calculations as I do that in my daily life anyway.,9,6657711e8946f4ed5f7a08a0,SlowFast,40,20,"""390 + 431 =","""3719 + 1187 =","""128 + 86 + 716 =","""870000 + 1500000 =<br>","""89630 + 2739 + 18 + 188 =","""9372894 + 33 + 297 + 55 + 170027 =","""340 + 491 =","""3219 + 3588 = ","""324 + 99 + 515 =","""790000 + 2700000 =","""79820 + 2817 + 12 + 298 = ","""270 + 363 =","""4137 + 2378 =","""214 + 78 + 618 =","""920000 + 1900000 =","""88520 + 1648 + 29 +169 =",23.62,30.17,27.38,31.99,28.80,16.44,30.29,25.13,36.78,35.14,12.73,19.57,19.80,18.74,20.00,40.00,821,4096,910,2300000,92675,831,6807,938,3490000,80947,633,6515,910,2820000,0,0
2025-12-12 11:43:36,2025-12-12 11:56:34,0,72.169.96.12,100,777,1,2025-12-12 11:56:34,R_1qX7P3vauibsWFo,,,,,41.8483,-87.6517,anonymous,EN,0.8999999761581421,1,I pay attention,,,821,0,930,10200000,0,0,,831,6087,0,0,0,,633,6515,910,2180000,882131,,,,,,,,,,,,,,,,,,,,,,,,,,,,,1,1,1,1,0,25,,,,,,,,,,,,,,,,,,,,,,,,,,,,,,1,1,1,0,0,10,,,,,,,,,,,,,,,,,,,,,,,,,,,,,,,,,,,,,,,,,,,,,,,,,,,1,1,1,0,0,11,,1,1,1,0,0,10,,,,,,,,,1,1,1,0,0,1,0,,6,6119bdc932d9ebe82ea581e1,FastSlow,20,40,"""390 + 431 =","""3719 + 1187 =","""128 + 86 + 716 =","""870000 + 1500000 =<br>","""89630 + 2739 + 18 + 188 =","""9372894 + 33 + 297 + 55 + 170027 =","""340 + 491 =","""3219 + 3588 = ","""324 + 99 + 515 =","""790000 + 2700000 =","""79820 + 2817 + 12 + 298 = ","""270 + 363 =","""4137 + 2378 =","""214 + 78 + 618 =","""920000 + 1900000 =","""88520 + 1648 + 29 +169 =",16.43,40.00,29.72,36.33,40.00,16.28,18.10,20.00,20.00,20.00,12.42,20.24,20.30,26.92,25.14,40.00,821,0,930,10200000,0,831,6087,0,0,0,633,6515,910,2180000,882131,0
2025-12-12 11:46:50,2025-12-12 11:56:42,0,68.188.33.226,100,591,1,2025-12-12 11:56:43,R_3XpA6FmWiFT3VRv,,,,,38.0709,-92.4747,anonymous,EN,1,1,I pay attention,,,821,4906,930,2370000,0,0,,831,6807,938,3490000,0,,633,6515,910,2820000,0,,,,,,,,,,,,,,,1,1,1,1,0,60,,1,0,1,1,0,75,,,,,,,,,1,1,1,1,1,15,,,,,,,,,,,,,,,,,,,,,,,,,,,,,,,,,,,,,,,,,,,,,,,,,,,,,,,,,,1,0,1,1,0,65,,,,,,,,,1,0,0,0,0,65,,,,,,,,,,,,,,,,,,,,,,,,,,,,,0,,12,676c9fdb29eb6558c47a3a25,FastSlow,20,40,"""390 + 431 =","""3719 + 1187 =","""128 + 86 + 716 =","""870000 + 1500000 =<br>","""89630 + 2739 + 18 + 188 =","""9372894 + 33 + 297 + 55 + 170027 =","""340 + 491 =","""3219 + 3588 = ","""324 + 99 + 515 =","""790000 + 2700000 =","""79820 + 2817 + 12 + 298 = ","""270 + 363 =","""4137 + 2378 =","""214 + 78 + 618 =","""920000 + 1900000 =","""88520 + 1648 + 29 +169 =",9.27,16.66,27.21,16.96,40.00,8.33,13.79,12.68,11.50,20.00,11.75,29.47,18.69,20.97,40.00,40.00,821,4906,930,2370000,0,831,6807,938,3490000,0,633,6515,910,2820000,0,0
2025-12-12 11:42:45,2025-12-12 11:57:41,0,149.154.44.103,100,895,1,2025-12-12 11:57:41,R_53dWu8h3vZQ2X6w,,,,,35.001,-78.9345,anonymous,EN,1,1,I pay attention,,,0,4908,0,10000000,0,0,,0,0,0,1060000,0,,633,6515,0,0,0,,,,,,,,,,,,,,,,,,,,,,1,1,1,0,0,71,,,,,,,,,1,1,1,1,1,25,,,,,,,,,,,,,,,,1,1,0,0,0,50,,,,,,,,,,,,,,,,,,,,,,,1,1,1,1,0,30,,,,,,,,,,,,,,,,,,,,,,,,,,,,,,1,0,1,0,0,31,,,,,,,,,,,,,,,,,,,,,,0,,2,671c4c21de66637aafff57a0,FastSlow,20,40,"""390 + 431 =","""3719 + 1187 =","""128 + 86 + 716 =","""870000 + 1500000 =<br>","""89630 + 2739 + 18 + 188 =","""9372894 + 33 + 297 + 55 + 170027 =","""340 + 491 =","""3219 + 3588 = ","""324 + 99 + 515 =","""790000 + 2700000 =","""79820 + 2817 + 12 + 298 = ","""270 + 363 =","""4137 + 2378 =","""214 + 78 + 618 =","""920000 + 1900000 =","""88520 + 1648 + 29 +169 =",40.00,38.98,40.00,38.34,40.00,20.00,20.00,20.00,14.56,20.00,22.27,30.02,40.00,40.00,40.00,40.00,0,4908,0,10000000,0,0,0,0,1060000,0,633,6515,0,0,0,0
2025-12-12 11:43:24,2025-12-12 12:00:26,0,108.35.143.38,100,1021,1,2025-12-12 12:00:26,R_6ODiCgdS4lazExl,,,,,40.4441,-74.13,anonymous,EN,1,1,I pay attention,,,821,0,930,0,0,0,,831,6807,0,4900000,0,,0,0,0,0,0,,,,,,,,,,,,,,,1,1,0,1,0,20,,,,,,,,,,,,,,,,,,,,,,,,,,,,,,,,,,,,,,,,,,,,0,0,0,0,0,30,,,,,,,,,,,,,,,,1,1,1,1,0,10,,1,1,1,1,0,5,,,,,,,,,1,1,1,1,1,2,,,,,,,,,,,,,,,,,,,,,,,,,,,,,,,,,,,,0,,4,67a6cbe357e1acaf3c860247,SlowFast,40,20,"""390 + 431 =","""3719 + 1187 =","""128 + 86 + 716 =","""870000 + 1500000 =<br>","""89630 + 2739 + 18 + 188 =","""9372894 + 33 + 297 + 55 + 170027 =","""340 + 491 =","""3219 + 3588 = ","""324 + 99 + 515 =","""790000 + 2700000 =","""79820 + 2817 + 12 + 298 = ","""270 + 363 =","""4137 + 2378 =","""214 + 78 + 618 =","""920000 + 1900000 =","""88520 + 1648 + 29 +169 =",25.20,40.00,38.69,40.00,40.00,22.02,32.66,40.00,37.14,40.00,20.00,20.00,20.00,20.00,20.00,40.00,821,0,930,0,0,831,6807,0,4900000,0,0,0,0,0,0,0
2025-12-12 11:50:21,2025-12-12 12:00:54,0,136.47.163.211,100,632,1,2025-12-12 12:00:55,R_1cvCm5mTHGyRGqm,,,,,35.9112,-78.9178,anonymous,EN,1,1,I pay attention,,,821,4906,1730,10200000,0,0,,831,0,1838,106000000,0,,633,6515,820,2820000,0,,,,,,,,,,,,,,,,,,,,,,1,1,1,1,1,69,,,,,,,,,,,,,,,,,,,,,,,,,,,,,,,,,,,,,1,1,0,0,0,71,,1,1,1,0,0,30,,,,,,,,,1,1,1,1,1,56,,,,,,,,,,,,,,,,,,,,,,,1,1,0,0,0,89,,,,,,,,,,,,,,,,,,,,,,,,,,,,,0,,6,63b8342eb371f007b0651c7e,FastSlow,20,40,"""390 + 431 =","""3719 + 1187 =","""128 + 86 + 716 =","""870000 + 1500000 =<br>","""89630 + 2739 + 18 + 188 =","""9372894 + 33 + 297 + 55 + 170027 =","""340 + 491 =","""3219 + 3588 = ","""324 + 99 + 515 =","""790000 + 2700000 =","""79820 + 2817 + 12 + 298 = ","""270 + 363 =","""4137 + 2378 =","""214 + 78 + 618 =","""920000 + 1900000 =","""88520 + 1648 + 29 +169 =",8.47,19.08,27.92,14.17,40.00,9.61,20.00,17.98,18.48,20.00,12.71,18.63,22.05,22.93,40.00,40.00,821,4906,1730,10200000,0,831,0,1838,106000000,0,633,6515,820,2820000,0,0
2025-12-12 11:52:26,2025-12-12 12:03:06,0,96.255.18.63,100,640,1,2025-12-12 12:03:07,R_7P1AQSPlenfOwU2,,,,,39.1063,-76.866,anonymous,EN,1,1,I pay attention,,,821,4907,930,2370000,0,0,,831,6787,938,2779000,83125,,0,6515,830,0,93251,,,,,,,,,,,,,,,,,,,,,,1,1,1,1,0,47,,,,,,,,,,,,,,,,1,0,0,0,0,56,,1,0,1,0,0,51,,,,,,,,,,,,,,,,1,0,1,0,0,37,,,,,,,,,,,,,,,,,,,,,,,,,,,,,,,,,,,,,,,,,,,,1,0,1,0,0,43,,,,,,,,,,,,,,,,,,,,,,0,,6,57dab7f721d77800018e42fe,SlowFast,40,20,"""390 + 431 =","""3719 + 1187 =","""128 + 86 + 716 =","""870000 + 1500000 =<br>","""89630 + 2739 + 18 + 188 =","""9372894 + 33 + 297 + 55 + 170027 =","""340 + 491 =","""3219 + 3588 = ","""324 + 99 + 515 =","""790000 + 2700000 =","""79820 + 2817 + 12 + 298 = ","""270 + 363 =","""4137 + 2378 =","""214 + 78 + 618 =","""920000 + 1900000 =","""88520 + 1648 + 29 +169 =",17.09,30.07,22.70,25.07,40.00,13.29,25.31,29.02,35.59,28.67,20.00,19.57,18.21,20.00,17.49,40.00,821,4907,930,2370000,0,831,6787,938,2779000,83125,0,6515,830,0,93251,0
2025-12-12 11:51:44,2025-12-12 12:03:17,0,172.56.68.58,100,692,1,2025-12-12 12:03:18,R_1jKFtD37DqIabF7,,,,,33.7153,-84.3312,anonymous,EN,1,1,I pay attention,,,821,4906,928,237000000,93000,0,,831,6807,438,3490000,0,,633,6555,0,2880000,0,,,,,,,,,,,,,,,,,,,,,,1,1,1,1,0,80,,,,,,,,,,,,,,,,0,0,0,0,0,85,,,,,,,,,,,,,,,,,,,,,,,,,,,,,,1,1,1,1,0,70,,,,,,,,,,,,,,,,,,,,,,,,,,,,,,1,1,0,1,0,60,,,,,,,,,,,,,,,,,,,,,,,1,1,0,1,0,5,0,,6,633485c40e46cf7e9a2f2ca1,SlowFast,40,20,"""390 + 431 =","""3719 + 1187 =","""128 + 86 + 716 =","""870000 + 1500000 =<br>","""89630 + 2739 + 18 + 188 =","""9372894 + 33 + 297 + 55 + 170027 =","""340 + 491 =","""3219 + 3588 = ","""324 + 99 + 515 =","""790000 + 2700000 =","""79820 + 2817 + 12 + 298 = ","""270 + 363 =","""4137 + 2378 =","""214 + 78 + 618 =","""920000 + 1900000 =","""88520 + 1648 + 29 +169 =",16.14,23.91,30.80,37.90,36.65,13.68,22.81,17.11,31.07,40.00,10.23,16.83,20.00,17.49,20.00,40.00,821,4906,928,237000000,93000,831,6807,438,3490000,0,633,6555,0,2880000,0,0
2025-12-12 11:47:01,2025-12-12 12:03:40,0,107.116.93.7,100,998,1,2025-12-12 12:03:40,R_310a8H7aP9YmJoc,,,,,38.5879,-121.4053,anonymous,EN,1,1,I pay attention,,,871,4906,0,2370000,0,0,,831,6807,968,3490000,0,,633,6515,0,0,0,,,,,,,,1,1,0,1,0,60,,,,,,,,,,,,,,,,,,,,,,,,,,,,,,,,,,,,,,,,,,,,,,,,,,,1,0,0,0,0,26,,,,,,,,,,,,,,,,,,,,,,,,,,,,,,,,,,,,,,,,,,,,,,,,,,,1,0,0,1,0,20,,1,1,0,0,0,15,,1,0,0,0,0,20,,,,,,,,0,The timer warning pop-up would cover the figures I was trying to calculate,7,66ff9b016d7e1f8c4632828f,SlowFast,40,20,"""390 + 431 =","""3719 + 1187 =","""128 + 86 + 716 =","""870000 + 1500000 =<br>","""89630 + 2739 + 18 + 188 =","""9372894 + 33 + 297 + 55 + 170027 =","""340 + 491 =","""3219 + 3588 = ","""324 + 99 + 515 =","""790000 + 2700000 =","""79820 + 2817 + 12 + 298 = ","""270 + 363 =","""4137 + 2378 =","""214 + 78 + 618 =","""920000 + 1900000 =","""88520 + 1648 + 29 +169 =",12.21,31.82,40.00,27.86,40.00,16.34,19.23,19.42,29.44,40.00,12.98,17.86,20.00,20.00,20.00,40.00,871,4906,0,2370000,0,831,6807,968,3490000,0,633,6515,0,0,0,0
2025-12-12 11:54:31,2025-12-12 12:05:28,0,12.75.96.53,100,656,1,2025-12-12 12:05:28,R_51mMxsv0C6fIW9b,,,,,29.943,-95.2596,anonymous,EN,1,1,"I pay attention ",,,821,4906,0,9270000,0,0,,831,6808,938,3490000,0,,0,0,0,2820000,0,,,,,,,,,,,,,,,1,1,1,1,0,57,,,,,,,,,,,,,,,,,,,,,,,,,,,,,,1,1,1,1,0,65,,,,,,,,,,,,,,,,,,,,,,,,,,,,,,,,,,,,,,,,,,,,,,,,,,,,,,,,,,1,0,0,1,0,39,,,,,,,,,1,1,0,1,0,14,,,,,,,,,1,1,1,1,0,57,0,,6,663a584a28c3c4f47601792c,SlowFast,40,20,"""390 + 431 =","""3719 + 1187 =","""128 + 86 + 716 =","""870000 + 1500000 =<br>","""89630 + 2739 + 18 + 188 =","""9372894 + 33 + 297 + 55 + 170027 =","""340 + 491 =","""3219 + 3588 = ","""324 + 99 + 515 =","""790000 + 2700000 =","""79820 + 2817 + 12 + 298 = ","""270 + 363 =","""4137 + 2378 =","""214 + 78 + 618 =","""920000 + 1900000 =","""88520 + 1648 + 29 +169 =",27.20,39.93,40.00,29.32,40.00,19.26,26.11,22.57,33.58,40.00,20.00,20.00,20.00,13.86,20.00,40.00,821,4906,0,9270000,0,831,6808,938,3490000,0,0,0,0,2820000,0,0
2025-12-12 11:49:47,2025-12-12 12:05:49,0,154.7.225.95,100,962,1,2025-12-12 12:05:50,R_6g7Lgu9B4kU2Qvz,,,,,39.0469,-77.4903,anonymous,EN,1,1,"I pay attention ",,,821,4905,920,2370000,92345,23456712,,831,6807,1011,3490000,4536785,,623,0,905,0,100543,,,,,,,,,,,,,,,,,,,,,,,,,,,,,,,,,,,,1,0,0,0,0,80,,,,,,,,,1,0,1,0,0,65,,,,,,,,,,,,,,,,,,,,,,,1,1,1,0,0,40,,,,,,,,,1,1,1,0,0,70,,,,,,,,,1,1,1,0,0,80,,,,,,,,,,,,,,,,,,,,,,,,,,,,,,,,,,,,0,,5,66e982b2da4a8dde63eac56c,SlowFast,40,20,"""390 + 431 =","""3719 + 1187 =","""128 + 86 + 716 =","""870000 + 1500000 =<br>","""89630 + 2739 + 18 + 188 =","""9372894 + 33 + 297 + 55 + 170027 =","""340 + 491 =","""3219 + 3588 = ","""324 + 99 + 515 =","""790000 + 2700000 =","""79820 + 2817 + 12 + 298 = ","""270 + 363 =","""4137 + 2378 =","""214 + 78 + 618 =","""920000 + 1900000 =","""88520 + 1648 + 29 +169 =",23.59,25.71,19.04,35.50,21.01,27.54,15.35,13.63,29.74,25.81,12.48,20.00,9.37,20.00,19.13,13.96,821,4905,920,2370000,92345,831,6807,1011,3490000,4536785,623,0,905,0,100543,23456712
2025-12-12 11:54:39,2025-12-12 12:07:41,0,73.24.175.60,100,782,1,2025-12-12 12:07:42,R_3QCAdvAVLKiSdLb,,,,,32.3098,-110.915,anonymous,EN,1,1,I pay attention,,,821,4906,930,2370000,0,954377,,831,6811,0,3490000,0,,633,6415,910,2820000,90556,,,,,,,,,,,,,,,,,,,,,,,,,,,,,,,,,,,,,,,,,,,,,,,,,,1,0,0,1,0,70,,,,,,,,,,,,,,,,,,,,,,,,,,,,,,1,1,1,1,0,52,,,,,,,,,,,,,,,,1,1,1,1,1,27,,0,0,0,0,0,58,,,,,,,,,1,1,0,1,0,33,,,,,,,,,,,,,,,0,,9,6612ef77c7b1e47ca2e9d346,FastSlow,20,40,"""390 + 431 =","""3719 + 1187 =","""128 + 86 + 716 =","""870000 + 1500000 =<br>","""89630 + 2739 + 18 + 188 =","""9372894 + 33 + 297 + 55 + 170027 =","""340 + 491 =","""3219 + 3588 = ","""324 + 99 + 515 =","""790000 + 2700000 =","""79820 + 2817 + 12 + 298 = ","""270 + 363 =","""4137 + 2378 =","""214 + 78 + 618 =","""920000 + 1900000 =","""88520 + 1648 + 29 +169 =",11.00,28.00,21.08,21.57,40.00,11.08,19.34,20.00,15.59,20.00,10.72,22.85,17.43,29.43,31.71,32.53,821,4906,930,2370000,0,831,6811,0,3490000,0,633,6415,910,2820000,90556,954377
2025-12-12 11:55:00,2025-12-12 12:07:53,0,172.56.192.177,100,772,1,2025-12-12 12:07:53,R_3arXScCyk3NbfLF,,,,,42.4125,-71.0034,anonymous,EN,1,1,I pay attention,,,821,5337,1002,1370000,0,1222000,,831,6707,999,0,864450,,633,0,0,0,91455,,,,,,,,,,,,,,,,,,,,,,,,,,,,,1,0,1,1,0,13,,,,,,,,,,,,,,,,,,,,,,,,,,,,,,,,,,,,,1,1,0,0,0,26,,1,1,0,0,0,60,,,,,,,,,1,0,1,1,0,33,,,,,,,,,,,,,,,,,,,,,,,,,,,,,,1,1,0,0,0,58,,,,,,,,,,,,,,,0,,3,61109efff90b5bcc15b68b75,SlowFast,40,20,"""390 + 431 =","""3719 + 1187 =","""128 + 86 + 716 =","""870000 + 1500000 =<br>","""89630 + 2739 + 18 + 188 =","""9372894 + 33 + 297 + 55 + 170027 =","""340 + 491 =","""3219 + 3588 = ","""324 + 99 + 515 =","""790000 + 2700000 =","""79820 + 2817 + 12 + 298 = ","""270 + 363 =","""4137 + 2378 =","""214 + 78 + 618 =","""920000 + 1900000 =","""88520 + 1648 + 29 +169 =",,,,36.24,40.00,,,,40.00,,18.16,20.00,20.00,20.00,,,821,5337,1002,1370000,0,831,6707,999,0,864450,633,0,0,0,91455,1222000
2025-12-12 11:57:09,2025-12-12 12:09:19,0,172.56.87.208,100,730,1,2025-12-12 12:09:20,R_6kMJb2Cd9BatH1r,,,,,33.4758,-112.1932,anonymous,EN,1,1,I pay attention,,,821,4906,930,2370000,0,940000000,,831,6807,938,3490000,0,,633,6515,910,2820000,0,,,,,,,,,,,,,,,,,,,,,,1,1,1,1,0,60,,,,,,,,,,,,,,,,,,,,,,,1,0,1,1,0,60,,,,,,,,,,,,,,,,,,,,,,,,,,,,,,1,1,1,1,0,70,,1,1,1,1,0,19,,,,,,,,,,,,,,,,,,,,,,,1,1,1,1,0,29,,,,,,,,,,,,,,,,,,,,,,0,,12,67ed7515c3602df172cbddbc,FastSlow,20,40,"""390 + 431 =","""3719 + 1187 =","""128 + 86 + 716 =","""870000 + 1500000 =<br>","""89630 + 2739 + 18 + 188 =","""9372894 + 33 + 297 + 55 + 170027 =","""340 + 491 =","""3219 + 3588 = ","""324 + 99 + 515 =","""790000 + 2700000 =","""79820 + 2817 + 12 + 298 = ","""270 + 363 =","""4137 + 2378 =","""214 + 78 + 618 =","""920000 + 1900000 =","""88520 + 1648 + 29 +169 =",15.63,12.18,14.25,21.96,40.00,13.58,,11.29,17.60,20.00,,31.67,,20.71,40.00,34.81,821,4906,930,2370000,0,831,6807,938,3490000,0,633,6515,910,2820000,0,940000000
2025-12-12 11:58:21,2025-12-12 12:09:27,0,50.38.118.85,100,665,1,2025-12-12 12:09:27,R_33vXXWbIFJSjWKt,,,,,44.5928,-123.2746,anonymous,EN,1,1,I pay attention,,,821,3806,930,9200000,92630,10179777,,731,3907,938,27790000,83000,,533,6515,2820000,0,0,,,,,,,,,,,,,,,1,1,0,1,0,33,,,,,,,,,,,,,,,,1,0,1,1,0,30,,,,,,,,,1,1,0,1,0,45,,1,1,0,1,0,56,,,,,,,,,,,,,,,,,,,,,,,,,,,,,,,,,,,,,,,,,,,,,,,,,,,,,,,,,,,,,,,,,,,,,,,,,,,,,,,1,0,0,1,0,36,0,,4,67eeddc6ad2e14ecc6dbe48a,SlowFast,40,20,"""390 + 431 =","""3719 + 1187 =","""128 + 86 + 716 =","""870000 + 1500000 =<br>","""89630 + 2739 + 18 + 188 =","""9372894 + 33 + 297 + 55 + 170027 =","""340 + 491 =","""3219 + 3588 = ","""324 + 99 + 515 =","""790000 + 2700000 =","""79820 + 2817 + 12 + 298 = ","""270 + 363 =","""4137 + 2378 =","""214 + 78 + 618 =","""920000 + 1900000 =","""88520 + 1648 + 29 +169 =",16.80,20.57,27.55,23.55,36.28,26.31,20.42,24.79,32.00,19.35,18.75,14.84,5.68,20.00,20.00,31.04,821,3806,930,9200000,92630,731,3907,938,27790000,83000,533,6515,2820000,0,0,10179777
2025-12-12 11:59:42,2025-12-12 12:11:36,0,69.140.107.105,100,714,1,2025-12-12 12:11:37,R_1GvKb9933VCooxq,,,,,39.3485,-77.382,anonymous,EN,0.699999988079071,1,I pay attention,,,821,4906,1020,23700000,0,0,,831,6807,938,34900000,0,,630,6515,910,28200000,0,,,,,,,,1,1,1,1,0,82,,1,1,0,1,0,69,,,,,,,,,,,,,,,,,,,,,,,,,,,,,,,,,,,,,1,1,1,1,0,25,,,,,,,,,,,,,,,,1,0,0,1,0,35,,,,,,,,,,,,,,,,,,,,,,,,,,,,,,0,0,0,1,0,10,,,,,,,,,,,,,,,,,,,,,,,,,,,,,0,,7,66e97406fc4c4cd3e2d68fa6,FastSlow,20,40,"""390 + 431 =","""3719 + 1187 =","""128 + 86 + 716 =","""870000 + 1500000 =<br>","""89630 + 2739 + 18 + 188 =","""9372894 + 33 + 297 + 55 + 170027 =","""340 + 491 =","""3219 + 3588 = ","""324 + 99 + 515 =","""790000 + 2700000 =","""79820 + 2817 + 12 + 298 = ","""270 + 363 =","""4137 + 2378 =","""214 + 78 + 618 =","""920000 + 1900000 =","""88520 + 1648 + 29 +169 =",16.61,15.89,29.89,21.76,40.00,8.62,14.28,13.90,16.10,20.00,12.77,17.43,30.24,15.96,40.00,40.00,821,4906,1020,23700000,0,831,6807,938,34900000,0,630,6515,910,28200000,0,0
2025-12-12 12:03:01,2025-12-12 12:13:59,0,174.238.100.39,100,657,1,2025-12-12 12:13:59,R_1Id5FccsMiUCSfp,,,,,35.1893,-80.8358,anonymous,EN,1,1,I pay attention,,,821,4916,930,2370000,91305,0,,831,6807,938,0,0,,633,6505,910,2820000,99530,,,,,,,,,,,,,,,,,,,,,,,,,,,,,1,1,1,1,0,60,,,,,,,,,,,,,,,,,,,,,,,,,,,,,,1,0,1,1,0,70,,,,,,,,,1,1,1,1,0,49,,,,,,,,,,,,,,,,1,1,1,1,0,16,,,,,,,,,,,,,,,,,,,,,,,1,1,1,0,0,31,,,,,,,,,,,,,,,0,,9,65f48c6de41485ac8b284e83,FastSlow,20,40,"""390 + 431 =","""3719 + 1187 =","""128 + 86 + 716 =","""870000 + 1500000 =<br>","""89630 + 2739 + 18 + 188 =","""9372894 + 33 + 297 + 55 + 170027 =","""340 + 491 =","""3219 + 3588 = ","""324 + 99 + 515 =","""790000 + 2700000 =","""79820 + 2817 + 12 + 298 = ","""270 + 363 =","""4137 + 2378 =","""214 + 78 + 618 =","""920000 + 1900000 =","""88520 + 1648 + 29 +169 =",17.42,36.96,21.16,27.22,39.15,14.40,18.01,15.19,20.00,20.00,10.09,16.70,12.57,20.40,30.16,40.00,821,4916,930,2370000,91305,831,6807,938,0,0,633,6505,910,2820000,99530,0
2025-12-12 12:08:30,2025-12-12 12:14:00,0,172.59.66.25,100,329,1,2025-12-12 12:14:01,R_7qyG6qn56XSSICZ,,,,,30.2851,-81.8217,anonymous,EN,1,1,I pay attention,,,821,4869,800,240000,87356,468382,,829,45638,4378,380000,4567,,634,6417,765,120000,491234,,,,,,,,,,,,,,,,,,,,,,,,,,,,,,,,,,,,0,0,1,1,0,50,,1,0,1,0,0,50,,0,0,0,0,0,51,,,,,,,,,,,,,,,,0,0,0,0,0,56,,,,,,,,,,,,,,,,1,1,0,0,0,49,,,,,,,,,,,,,,,,,,,,,,,,,,,,,,,,,,,,,,,,,,,,,,,,,,0,,1,66eb407e1ff22f0926073501,FastSlow,20,40,"""390 + 431 =","""3719 + 1187 =","""128 + 86 + 716 =","""870000 + 1500000 =<br>","""89630 + 2739 + 18 + 188 =","""9372894 + 33 + 297 + 55 + 170027 =","""340 + 491 =","""3219 + 3588 = ","""324 + 99 + 515 =","""790000 + 2700000 =","""79820 + 2817 + 12 + 298 = ","""270 + 363 =","""4137 + 2378 =","""214 + 78 + 618 =","""920000 + 1900000 =","""88520 + 1648 + 29 +169 =",7.77,22.27,26.35,10.59,17.30,6.79,11.86,10.84,9.06,3.32,6.36,13.88,5.08,8.51,6.20,5.42,821,4869,800,240000,87356,829,45638,4378,380000,4567,634,6417,765,120000,491234,468382
2025-12-12 11:53:28,2025-12-12 12:14:21,0,154.7.225.68,100,1252,1,2025-12-12 12:14:24,R_510Fb7Yr1g6GvPT,,,,,39.0469,-77.4903,anonymous,EN,1,1,I pay attention,,,821,4906,930,920000,91268,1776548,,831,0,938,3490000,0,,633,6515,910,2820000,0,,,,,,,,,,,,,,,,,,,,,,,,,,,,,1,1,1,0,0,52,,,,,,,,,,,,,,,,,,,,,,,,,,,,,,,,,,,,,,,,,,,,,,,,,,,,,,,,,,,,,,,,,,,,,,,,,,,,,,,1,1,1,0,0,68,,1,1,1,0,0,29,,1,1,1,0,0,67,,1,1,1,0,0,72,,,,,,,,0,Great survey,10,67f302367b115d1edb94f0b0,FastSlow,20,40,"""390 + 431 =","""3719 + 1187 =","""128 + 86 + 716 =","""870000 + 1500000 =<br>","""89630 + 2739 + 18 + 188 =","""9372894 + 33 + 297 + 55 + 170027 =","""340 + 491 =","""3219 + 3588 = ","""324 + 99 + 515 =","""790000 + 2700000 =","""79820 + 2817 + 12 + 298 = ","""270 + 363 =","""4137 + 2378 =","""214 + 78 + 618 =","""920000 + 1900000 =","""88520 + 1648 + 29 +169 =",17.65,18.48,19.55,25.53,36.00,17.29,20.00,14.67,16.51,20.00,19.97,15.42,15.71,14.87,40.00,9.22,821,4906,930,920000,91268,831,0,938,3490000,0,633,6515,910,2820000,0,1776548
2025-12-12 11:59:04,2025-12-12 12:15:40,0,74.103.208.36,100,995,1,2025-12-12 12:15:40,R_5H5q3ks4hp3Opih,,,,,42.0029,-71.5148,anonymous,EN,1,1,I pay attention,,,821,0,934,0,0,0,,831,6807,938,3490000,0,,633,6515,0,28200000,94321,,,,,,,,,,,,,,,,,,,,,,,,,,,,,1,0,0,1,0,80,,,,,,,,,,,,,,,,,,,,,,,,,,,,,,,,,,,,,,,,,,,,,,,,,,,1,1,1,1,0,30,,,,,,,,,1,1,1,1,0,70,,,,,,,,,,,,,,,,1,0,0,1,0,30,,,,,,,,,,,,,,,,1,0,1,1,0,10,0,No comments or feedback.  Thank you!,7,65352328ddb089d098ab5d36,SlowFast,40,20,"""390 + 431 =","""3719 + 1187 =","""128 + 86 + 716 =","""870000 + 1500000 =<br>","""89630 + 2739 + 18 + 188 =","""9372894 + 33 + 297 + 55 + 170027 =","""340 + 491 =","""3219 + 3588 = ","""324 + 99 + 515 =","""790000 + 2700000 =","""79820 + 2817 + 12 + 298 = ","""270 + 363 =","""4137 + 2378 =","""214 + 78 + 618 =","""920000 + 1900000 =","""88520 + 1648 + 29 +169 =",8.76,40.00,25.44,40.00,40.00,17.77,29.72,22.91,21.75,40.00,12.32,19.99,20.00,18.36,17.21,40.00,821,0,934,0,0,831,6807,938,3490000,0,633,6515,0,28200000,94321,0
2025-12-12 12:07:08,2025-12-12 12:18:21,0,146.115.112.68,100,672,1,2025-12-12 12:18:22,R_6ypvtm7uBQr0IPx,,,,,42.4945,-71.0715,anonymous,EN,1,1,I pay attention,,,821,4069,900,0,0,0,,831,0,0,0,310,,633,5555,865,11200000,0,,,,,,,,,,,,,,,,,,,,,,,,,,,,,0,0,0,1,0,89,,,,,,,,,,,,,,,,,,,,,,,,,,,,,,,,,,,,,,,,,,,,,,,,,,,1,1,1,1,1,20,,,,,,,,,,,,,,,,,,,,,,,0,0,0,1,0,52,,,,,,,,,1,0,0,1,0,48,,,,,,,,,0,0,0,1,0,25,0,,3,65d41e7614f13a6598834a8b,FastSlow,20,40,"""390 + 431 =","""3719 + 1187 =","""128 + 86 + 716 =","""870000 + 1500000 =<br>","""89630 + 2739 + 18 + 188 =","""9372894 + 33 + 297 + 55 + 170027 =","""340 + 491 =","""3219 + 3588 = ","""324 + 99 + 515 =","""790000 + 2700000 =","""79820 + 2817 + 12 + 298 = ","""270 + 363 =","""4137 + 2378 =","""214 + 78 + 618 =","""920000 + 1900000 =","""88520 + 1648 + 29 +169 =",20.10,16.43,37.09,40.00,40.00,11.44,20.00,20.00,20.00,19.75,8.26,9.54,26.81,23.96,40.00,40.00,821,4069,900,0,0,831,0,0,0,310,633,5555,865,11200000,0,0
2025-12-12 12:07:00,2025-12-12 12:19:16,0,150.182.189.191,100,735,1,2025-12-12 12:19:16,R_16twFWB4oXPLPCV,,,,,35.0788,-85.063,anonymous,EN,1,1,I pay attention,,,821,4940,930,2370000,0,0,,831,6800,0,3490000,0,,613,0,912,2820000,0,,,,,,,,1,1,1,1,0,63,,,,,,,,,,,,,,,,,,,,,,,,,,,,,,0,0,0,0,0,52,,,,,,,,,,,,,,,,0,0,0,1,0,45,,,,,,,,,1,1,1,1,0,38,,1,1,1,1,1,31,,,,,,,,,,,,,,,,,,,,,,,,,,,,,,,,,,,,,,,,,,,,,,,,,,,,,,,,,0,,6,67411ab7d8d8a967ca1d86ab,FastSlow,20,40,"""390 + 431 =","""3719 + 1187 =","""128 + 86 + 716 =","""870000 + 1500000 =<br>","""89630 + 2739 + 18 + 188 =","""9372894 + 33 + 297 + 55 + 170027 =","""340 + 491 =","""3219 + 3588 = ","""324 + 99 + 515 =","""790000 + 2700000 =","""79820 + 2817 + 12 + 298 = ","""270 + 363 =","""4137 + 2378 =","""214 + 78 + 618 =","""920000 + 1900000 =","""88520 + 1648 + 29 +169 =",17.21,35.34,17.58,27.23,6.06,14.29,19.25,20.00,17.84,7.81,14.96,40.00,30.10,15.34,24.21,3.58,821,4940,930,2370000,0,831,6800,0,3490000,0,613,0,912,2820000,0,0
2025-12-12 12:10:15,2025-12-12 12:20:34,0,108.11.213.139,100,619,1,2025-12-12 12:20:35,R_5S0RWr3jyG48dqN,,,,,40.3404,-76.7882,anonymous,EN,1,1,I pay attention,,,821,4986,930,2370000,93000,9500000,,831,6807,938,3490000,82000,,633,6555,914,0,0,,,,,,,,,,,,,,,,,,,,,,,,,,,,,,,,,,,,,,,,,,,,,,,,,,,,,,,,,,,,,,,,1,1,0,0,0,12,,,,,,,,,1,0,1,1,0,50,,1,1,1,1,0,10,,,,,,,,,,,,,,,,,,,,,,,,,,,,,,,,,,,,,1,0,1,0,0,15,,1,0,0,1,0,21,,,,,,,,0,,8,677d27908064d9a59051cb91,SlowFast,40,20,"""390 + 431 =","""3719 + 1187 =","""128 + 86 + 716 =","""870000 + 1500000 =<br>","""89630 + 2739 + 18 + 188 =","""9372894 + 33 + 297 + 55 + 170027 =","""340 + 491 =","""3219 + 3588 = ","""324 + 99 + 515 =","""790000 + 2700000 =","""79820 + 2817 + 12 + 298 = ","""270 + 363 =","""4137 + 2378 =","""214 + 78 + 618 =","""920000 + 1900000 =","""88520 + 1648 + 29 +169 =",9.86,32.10,18.09,32.15,31.40,10.89,21.72,22.89,25.03,5.84,8.43,13.95,12.40,20.00,20.00,30.71,821,4986,930,2370000,93000,831,6807,938,3490000,82000,633,6555,914,0,0,9500000
2025-12-12 12:09:02,2025-12-12 12:20:55,0,154.7.225.146,100,713,1,2025-12-12 12:20:56,R_6IbCLgZgizzXY1C,,,,,39.0469,-77.4903,anonymous,EN,1,1,I pay attention,,,821,4906,930,2370000,92629,9543306,,831,6807,938,0,0,,633,6515,910,2820000,90366,,,,,,,,,,,,,,,,,,,,,,,,,,,,,,,,,,,,,,,,,,,1,1,1,0,0,40,,,,,,,,,,,,,,,,,,,,,,,1,1,1,0,0,50,,1,1,1,0,0,40,,,,,,,,,,,,,,,,,,,,,,,1,1,1,1,1,71,,1,1,1,0,0,50,,,,,,,,,,,,,,,,,,,,,,,,,,,,,0,,12,67f047191b866fcef1c7e1c0,FastSlow,20,40,"""390 + 431 =","""3719 + 1187 =","""128 + 86 + 716 =","""870000 + 1500000 =<br>","""89630 + 2739 + 18 + 188 =","""9372894 + 33 + 297 + 55 + 170027 =","""340 + 491 =","""3219 + 3588 = ","""324 + 99 + 515 =","""790000 + 2700000 =","""79820 + 2817 + 12 + 298 = ","""270 + 363 =","""4137 + 2378 =","""214 + 78 + 618 =","""920000 + 1900000 =","""88520 + 1648 + 29 +169 =",9.77,13.83,12.42,27.57,27.79,9.48,11.21,13.01,20.00,20.00,9.41,9.92,11.32,23.66,22.60,35.20,821,4906,930,2370000,92629,831,6807,938,0,0,633,6515,910,2820000,90366,9543306
2025-12-12 11:56:48,2025-12-12 12:22:41,0,223.29.144.75,100,1552,1,2025-12-12 12:22:41,R_3zJex46PI1jqBBU,,,,,37.751,-97.822,anonymous,EN,1,1,"I pay attention ",,,811,4906,955,2370000,92898,9543444,,759,0,0,0,0,,633,6515,910,2820000,90460,,,,,,,,,,,,,,,,,,,,,,,,,,,,,1,1,1,1,0,50,,1,1,1,1,1,50,,,,,,,,,,,,,,,,,,,,,,,1,1,1,1,0,50,,,,,,,,,,,,,,,,1,1,1,1,0,50,,,,,,,,,,,,,,,,,,,,,,,,,,,,,,,,,,,,,,,,,,,,,,,,,,,1,1,1,1,0,50,0,"no comments ",6,67ace9b8a3dada8f64274fd7,FastSlow,20,40,"""390 + 431 =","""3719 + 1187 =","""128 + 86 + 716 =","""870000 + 1500000 =<br>","""89630 + 2739 + 18 + 188 =","""9372894 + 33 + 297 + 55 + 170027 =","""340 + 491 =","""3219 + 3588 = ","""324 + 99 + 515 =","""790000 + 2700000 =","""79820 + 2817 + 12 + 298 = ","""270 + 363 =","""4137 + 2378 =","""214 + 78 + 618 =","""920000 + 1900000 =","""88520 + 1648 + 29 +169 =",15.71,34.97,17.73,38.17,32.19,18.43,20.00,20.00,20.00,20.00,16.77,24.50,18.92,32.52,37.40,39.95,811,4906,955,2370000,92898,759,0,0,0,0,633,6515,910,2820000,90460,9543444
2025-12-12 12:02:20,2025-12-12 12:22:56,0,174.61.86.217,100,1235,1,2025-12-12 12:22:56,R_1IE3UHbJEyQuak1,,,,,27.2621,-80.3835,anonymous,EN,1,1,I pay attention,,,823,5907,930,10200000,102352,98734000,,831,6807,938,10600000,82350,,633,73521,0,11100000,89732,,,,,,,,1,0,0,0,0,70,,,,,,,,,1,0,1,1,0,60,,,,,,,,,,,,,,,,,,,,,,,,,,,,,,,,,,,,,,,,,,,,,,,,,,,,,,,,,,,,,,,,,1,1,1,1,0,39,,1,0,1,1,0,60,,1,1,1,1,1,19,,,,,,,,,,,,,,,,,,,,,,,,,,,,,,,,,,,,1,,5,64f386a35e66f7ad22b38ccf,SlowFast,40,20,"""390 + 431 =","""3719 + 1187 =","""128 + 86 + 716 =","""870000 + 1500000 =<br>","""89630 + 2739 + 18 + 188 =","""9372894 + 33 + 297 + 55 + 170027 =","""340 + 491 =","""3219 + 3588 = ","""324 + 99 + 515 =","""790000 + 2700000 =","""79820 + 2817 + 12 + 298 = ","""270 + 363 =","""4137 + 2378 =","""214 + 78 + 618 =","""920000 + 1900000 =","""88520 + 1648 + 29 +169 =",19.78,28.33,21.52,29.44,32.34,17.16,29.03,20.13,25.97,26.64,16.19,13.42,20.00,17.03,15.44,23.70,823,5907,930,10200000,102352,831,6807,938,10600000,82350,633,73521,0,11100000,89732,98734000
2025-12-12 12:15:15,2025-12-12 12:26:30,0,146.115.234.135,100,674,1,2025-12-12 12:26:30,R_5DNY7moiQ3NtIch,,,,,40.605,-75.4817,anonymous,EN,1,1,I pay attention,,,821,4906,930,43700000,0,0,,831,6807,938,3490000,0,,633,6515,910,2820000,10666,,,,,,,,,,,,,,,,,,,,,,,,,,,,,,,,,,,,,,,,,,,,,,,,,,1,0,0,1,0,30,,1,0,0,1,0,40,,,,,,,,,,,,,,,,1,0,1,1,0,60,,,,,,,,,,,,,,,,,,,,,,,,,,,,,,0,0,0,1,0,55,,,,,,,,,,,,,,,,0,0,0,0,0,65,,,,,,,,0,,11,66294a585f1cf3fdaeb80120,FastSlow,20,40,"""390 + 431 =","""3719 + 1187 =","""128 + 86 + 716 =","""870000 + 1500000 =<br>","""89630 + 2739 + 18 + 188 =","""9372894 + 33 + 297 + 55 + 170027 =","""340 + 491 =","""3219 + 3588 = ","""324 + 99 + 515 =","""790000 + 2700000 =","""79820 + 2817 + 12 + 298 = ","""270 + 363 =","""4137 + 2378 =","""214 + 78 + 618 =","""920000 + 1900000 =","""88520 + 1648 + 29 +169 =",14.10,14.16,24.26,34.92,40.00,13.29,13.01,14.91,20.00,20.00,11.35,17.82,20.51,20.27,30.27,40.00,821,4906,930,43700000,0,831,6807,938,3490000,0,633,6515,910,2820000,10666,0
2025-12-12 12:16:05,2025-12-12 12:26:48,0,172.59.129.210,100,642,1,2025-12-12 12:26:48,R_7Ck11YgjHgT1MjB,,,,,37.8043,-122.2156,anonymous,EN,1,1,I pay attention,,,821,4906,934,2370000,11945,0,,831,6807,928,3490000,0,,633,7615,942,2820000,87266,,,,,,,,1,1,1,1,0,80,,,,,,,,,,,,,,,,,,,,,,,,,,,,,,,,,,,,,,,,,,,,,,,,,,,1,0,1,0,0,70,,,,,,,,,1,1,1,0,0,60,,,,,,,,,,,,,,,,,,,,,,,,,,,,,,0,0,1,1,0,40,,,,,,,,,,,,,,,,1,1,1,0,0,30,,,,,,,,0,,8,66a2fd3ddb8757da1068e932,FastSlow,20,40,"""390 + 431 =","""3719 + 1187 =","""128 + 86 + 716 =","""870000 + 1500000 =<br>","""89630 + 2739 + 18 + 188 =","""9372894 + 33 + 297 + 55 + 170027 =","""340 + 491 =","""3219 + 3588 = ","""324 + 99 + 515 =","""790000 + 2700000 =","""79820 + 2817 + 12 + 298 = ","""270 + 363 =","""4137 + 2378 =","""214 + 78 + 618 =","""920000 + 1900000 =","""88520 + 1648 + 29 +169 =",5.83,11.01,38.79,30.26,36.05,6.33,15.27,16.60,9.28,20.00,8.63,30.83,28.05,13.81,30.88,40.00,821,4906,934,2370000,11945,831,6807,928,3490000,0,633,7615,942,2820000,87266,0
2025-12-12 12:16:13,2025-12-12 12:27:15,0,73.99.48.169,100,661,1,2025-12-12 12:27:15,R_3t5sO5U7cOzrBuy,,,,,37.4928,-77.47,anonymous,EN,1,1,I pay attention,,,821,4906,920,2370000,92500,9700000,,831,5807,938,0,0,,633,6515,910,2830000,90000,,,,,,,,1,1,1,1,0,80,,,,,,,,,1,1,1,1,0,60,,,,,,,,,,,,,,,,,,,,,,,,,,,,,,,,,,,,,,,,,,,,,,,,,,,,,,,,,,,,,,,,,1,1,1,1,0,40,,,,,,,,,,,,,,,,,,,,,,,1,0,1,0,0,35,,,,,,,,,,,,,,,,1,0,1,1,0,10,0,,8,65dba581504a6a75a4d6f016,FastSlow,20,40,"""390 + 431 =","""3719 + 1187 =","""128 + 86 + 716 =","""870000 + 1500000 =<br>","""89630 + 2739 + 18 + 188 =","""9372894 + 33 + 297 + 55 + 170027 =","""340 + 491 =","""3219 + 3588 = ","""324 + 99 + 515 =","""790000 + 2700000 =","""79820 + 2817 + 12 + 298 = ","""270 + 363 =","""4137 + 2378 =","""214 + 78 + 618 =","""920000 + 1900000 =","""88520 + 1648 + 29 +169 =",10.82,26.20,12.41,13.59,35.94,13.17,16.22,10.60,20.00,20.00,11.52,24.34,18.61,20.51,36.41,34.24,821,4906,920,2370000,92500,831,5807,938,0,0,633,6515,910,2830000,90000,9700000
2025-12-12 12:14:54,2025-12-12 12:27:40,0,74.80.146.208,100,766,1,2025-12-12 12:27:40,R_3XnYCtoZiIC0Gvt,,,,,37.751,-97.822,anonymous,EN,1,1,I pay attention,,,821,4906,930,2370000,92575,9543306,,831,6807,938,3490000,82947,,633,0,65151,0,0,,,,,,,,,,,,,,,,,,,,,,1,1,1,1,1,35,,,,,,,,,,,,,,,,,,,,,,,0,0,1,0,1,50,,0,1,1,0,1,70,,,,,,,,,,,,,,,,,,,,,,,,,,,,,,,,,,,,,1,1,1,0,0,73,,,,,,,,,,,,,,,,,,,,,,,,,,,,,,,,,,,,,1,0,1,1,0,63,0,,11,6721cfb0b3917ca873ddb01f,SlowFast,40,20,"""390 + 431 =","""3719 + 1187 =","""128 + 86 + 716 =","""870000 + 1500000 =<br>","""89630 + 2739 + 18 + 188 =","""9372894 + 33 + 297 + 55 + 170027 =","""340 + 491 =","""3219 + 3588 = ","""324 + 99 + 515 =","""790000 + 2700000 =","""79820 + 2817 + 12 + 298 = ","""270 + 363 =","""4137 + 2378 =","""214 + 78 + 618 =","""920000 + 1900000 =","""88520 + 1648 + 29 +169 =",21.76,26.78,15.50,33.53,38.16,13.13,21.58,24.07,26.65,36.56,12.42,20.00,6.49,20.00,20.00,33.88,821,4906,930,2370000,92575,831,6807,938,3490000,82947,633,0,65151,0,0,9543306
2025-12-12 12:17:39,2025-12-12 12:28:09,0,24.62.190.81,100,630,1,2025-12-12 12:28:10,R_7eDkvenk2HaGEyS,,,,,43.5951,-73.2503,anonymous,EN,1,1,I pay attention,,,821,0,930,0,92000,0,,831,6790,966,2790000,82000,,633,0,0,19200000,0,,,,,,,,,,,,,,,,,,,,,,1,1,1,0,0,40,,,,,,,,,,,,,,,,,,,,,,,1,0,1,0,0,20,,,,,,,,,,,,,,,,1,0,0,0,0,5,,,,,,,,,,,,,,,,,,,,,,,,,,,,,,1,1,1,1,1,2,,,,,,,,,,,,,,,,,,,,,,,,,,,,,,1,0,1,0,0,10,0,,4,671104a3b307bee2953cb286,SlowFast,40,20,"""390 + 431 =","""3719 + 1187 =","""128 + 86 + 716 =","""870000 + 1500000 =<br>","""89630 + 2739 + 18 + 188 =","""9372894 + 33 + 297 + 55 + 170027 =","""340 + 491 =","""3219 + 3588 = ","""324 + 99 + 515 =","""790000 + 2700000 =","""79820 + 2817 + 12 + 298 = ","""270 + 363 =","""4137 + 2378 =","""214 + 78 + 618 =","""920000 + 1900000 =","""88520 + 1648 + 29 +169 =",14.15,40.00,28.90,40.00,25.68,15.42,14.74,7.01,14.44,13.10,9.47,20.00,20.00,10.49,20.00,40.00,821,0,930,0,92000,831,6790,966,2790000,82000,633,0,0,19200000,0,0
2025-12-12 12:10:26,2025-12-12 12:28:11,0,64.35.198.9,100,1065,1,2025-12-12 12:28:12,R_3OlCh0pnTpvjDUo,,,,,43.3303,-72.04,anonymous,EN,0.8999999761581421,1,I pay attention,,,821,4906,930,2370000,92575,9543306,,831,6807,938,3490000,82947,,633,6515,910,2820000,90366,,,,,,,,,,,,,,,1,1,1,1,1,50,,,,,,,,,1,1,1,1,1,50,,,,,,,,,,,,,,,,0,0,0,0,0,50,,,,,,,,,0,0,0,0,0,50,,,,,,,,,,,,,,,,,,,,,,,,,,,,,,1,1,1,1,1,50,,,,,,,,,,,,,,,,,,,,,,,,,,,,,,,,,,,,,,,,,,,0,,15,59a4b7ca8d2b1600011b41c2,FastSlow,20,40,"""390 + 431 =","""3719 + 1187 =","""128 + 86 + 716 =","""870000 + 1500000 =<br>","""89630 + 2739 + 18 + 188 =","""9372894 + 33 + 297 + 55 + 170027 =","""340 + 491 =","""3219 + 3588 = ","""324 + 99 + 515 =","""790000 + 2700000 =","""79820 + 2817 + 12 + 298 = ","""270 + 363 =","""4137 + 2378 =","""214 + 78 + 618 =","""920000 + 1900000 =","""88520 + 1648 + 29 +169 =",6.87,9.30,6.42,11.63,10.41,5.22,6.45,8.67,13.71,9.97,6.35,5.76,10.19,9.08,6.80,10.05,821,4906,930,2370000,92575,831,6807,938,3490000,82947,633,6515,910,2820000,90366,9543306
2025-12-12 12:16:00,2025-12-12 12:28:13,0,32.216.203.10,100,732,1,2025-12-12 12:28:13,R_3p31knkE2BVOAlb,,,,,41.8501,-72.4649,anonymous,EN,1,1,"I pay attention ",,,821,4906,920,23700000,119000,9700000,,831,6807,938,3490000,81947,,650,6500,900,2820000,0,,,,,,,,,,,,,,,1,1,1,1,0,60,,,,,,,,,,,,,,,,,,,,,,,,,,,,,,,,,,,,,,,,,,,,,,,,,,,,,,,,,,1,1,1,1,0,70,,1,1,1,1,0,40,,1,1,0,1,0,25,,,,,,,,,1,1,1,1,1,10,,,,,,,,,,,,,,,,,,,,,,,,,,,,,,,,,,,,0,,7,664641bdbd41a76a83a835a8,SlowFast,40,20,"""390 + 431 =","""3719 + 1187 =","""128 + 86 + 716 =","""870000 + 1500000 =<br>","""89630 + 2739 + 18 + 188 =","""9372894 + 33 + 297 + 55 + 170027 =","""340 + 491 =","""3219 + 3588 = ","""324 + 99 + 515 =","""790000 + 2700000 =","""79820 + 2817 + 12 + 298 = ","""270 + 363 =","""4137 + 2378 =","""214 + 78 + 618 =","""920000 + 1900000 =","""88520 + 1648 + 29 +169 =",29.86,33.49,29.48,37.05,36.28,9.79,17.19,11.34,21.05,35.37,11.54,14.08,8.04,13.16,20.00,37.35,821,4906,920,23700000,119000,831,6807,938,3490000,81947,650,6500,900,2820000,0,9700000
2025-12-12 12:14:20,2025-12-12 12:28:21,0,100.35.40.123,100,841,1,2025-12-12 12:28:21,R_7NQ8MtDjsskuqcA,,,,,40.6496,-74.3505,anonymous,EN,1,1,I pay attention,,,821,4906,930,0,92575,9543206,,831,6807,938,3490000,82947,,633,6515,910,0,0,,,,,,,,,,,,,,,,,,,,,,1,0,1,0,0,60,,,,,,,,,,,,,,,,1,0,1,0,0,40,,1,0,1,0,0,35,,,,,,,,,1,1,0,0,0,25,,,,,,,,,,,,,,,,,,,,,,,,,,,,,,,,,,,,,,,,,,,,,,,,,,,,,,,,,,,,,,,,,,,,,,,,1,1,1,0,0,15,1,,12,676ef640250de1d8b3e57d96,SlowFast,40,20,"""390 + 431 =","""3719 + 1187 =","""128 + 86 + 716 =","""870000 + 1500000 =<br>","""89630 + 2739 + 18 + 188 =","""9372894 + 33 + 297 + 55 + 170027 =","""340 + 491 =","""3219 + 3588 = ","""324 + 99 + 515 =","""790000 + 2700000 =","""79820 + 2817 + 12 + 298 = ","""270 + 363 =","""4137 + 2378 =","""214 + 78 + 618 =","""920000 + 1900000 =","""88520 + 1648 + 29 +169 =",14.63,28.50,22.12,40.00,20.77,18.28,13.51,18.81,17.00,18.26,9.86,11.12,10.21,20.00,20.00,23.98,821,4906,930,0,92575,831,6807,938,3490000,82947,633,6515,910,0,0,9543206
2025-12-12 12:19:27,2025-12-12 12:28:33,0,72.200.85.136,100,545,1,2025-12-12 12:28:33,R_1FzepR2c3gesbKE,,,,,33.3351,-111.7375,anonymous,EN,1,1,I pay attention,,,821,4906,910,237000,95575,9543100,,831,6807,938,3490000,82450,,633,6515,910,2820000,90354,,,,,,,,1,1,1,1,0,74,,,,,,,,,,,,,,,,1,1,0,1,0,60,,,,,,,,,,,,,,,,1,0,1,1,0,20,,,,,,,,,,,,,,,,,,,,,,,,,,,,,,,,,,,,,,,,,,,,,,,,,,,,,,,,,,,,,,,,,,,,,,,,1,0,0,1,0,10,,1,0,0,0,0,60,,,,,,,,0,,10,692769aaa410d44da4ce718b,SlowFast,40,20,"""390 + 431 =","""3719 + 1187 =","""128 + 86 + 716 =","""870000 + 1500000 =<br>","""89630 + 2739 + 18 + 188 =","""9372894 + 33 + 297 + 55 + 170027 =","""340 + 491 =","""3219 + 3588 = ","""324 + 99 + 515 =","""790000 + 2700000 =","""79820 + 2817 + 12 + 298 = ","""270 + 363 =","""4137 + 2378 =","""214 + 78 + 618 =","""920000 + 1900000 =","""88520 + 1648 + 29 +169 =",13.95,30.48,33.64,29.30,39.28,12.58,11.70,15.70,16.32,16.52,7.59,11.56,14.90,10.34,17.87,28.98,821,4906,910,237000,95575,831,6807,938,3490000,82450,633,6515,910,2820000,90354,9543100
2025-12-12 12:23:46,2025-12-12 12:35:47,0,174.240.145.97,100,720,1,2025-12-12 12:35:47,R_76osCnLD97YoR7H,,,,,42.5418,-83.213,anonymous,EN,1,1,I pay attention,,,821,5106,930,2300000,92420,0,,831,6807,938,3490000,0,,633,0,0,0,0,,,,,,,,,,,,,,,,,,,,,,1,1,1,0,0,84,,,,,,,,,,,,,,,,1,1,1,1,0,92,,,,,,,,,,,,,,,,1,1,1,1,0,96,,,,,,,,,,,,,,,,,,,,,,,1,1,1,0,1,67,,,,,,,,,,,,,,,,1,1,0,1,0,38,,,,,,,,,,,,,,,,,,,,,,,,,,,,,0,,7,6155179d24f54c4bcca3c313,SlowFast,40,20,"""390 + 431 =","""3719 + 1187 =","""128 + 86 + 716 =","""870000 + 1500000 =<br>","""89630 + 2739 + 18 + 188 =","""9372894 + 33 + 297 + 55 + 170027 =","""340 + 491 =","""3219 + 3588 = ","""324 + 99 + 515 =","""790000 + 2700000 =","""79820 + 2817 + 12 + 298 = ","""270 + 363 =","""4137 + 2378 =","""214 + 78 + 618 =","""920000 + 1900000 =","""88520 + 1648 + 29 +169 =",8.88,25.50,15.67,27.24,33.07,14.54,28.23,27.35,27.00,40.00,11.22,20.00,20.00,20.00,20.00,40.00,821,5106,930,2300000,92420,831,6807,938,3490000,0,633,0,0,0,0,0
2025-12-12 12:19:41,2025-12-12 12:37:53,0,174.45.17.224,100,1091,1,2025-12-12 12:37:53,R_71oqZMEE7GWhDH5,,,,,43.9282,-105.5492,anonymous,EN,1,1,I pay attention,,,821,4906,930,23700000,0,0,,0,0,0,0,0,,633,6515,910,2820000,90266,,,,,,,,,,,,,,,1,1,0,1,0,50,,,,,,,,,1,1,0,1,0,40,,,,,,,,,,,,,,,,,,,,,,,,,,,,,,,,,,,,,,,,,,,,1,1,1,1,0,36,,,,,,,,,1,0,1,0,1,20,,,,,,,,,,,,,,,,,,,,,,,1,0,1,1,0,13,,,,,,,,,,,,,,,,,,,,,,0,,7,612df6ef33e1afb850d6d56f,FastSlow,20,40,"""390 + 431 =","""3719 + 1187 =","""128 + 86 + 716 =","""870000 + 1500000 =<br>","""89630 + 2739 + 18 + 188 =","""9372894 + 33 + 297 + 55 + 170027 =","""340 + 491 =","""3219 + 3588 = ","""324 + 99 + 515 =","""790000 + 2700000 =","""79820 + 2817 + 12 + 298 = ","""270 + 363 =","""4137 + 2378 =","""214 + 78 + 618 =","""920000 + 1900000 =","""88520 + 1648 + 29 +169 =",23.72,26.73,26.46,32.06,40.00,20.00,20.00,20.00,20.00,20.00,15.49,21.61,15.58,23.24,24.53,40.00,821,4906,930,23700000,0,0,0,0,0,0,633,6515,910,2820000,90266,0
2025-12-12 12:28:16,2025-12-12 12:40:34,0,66.158.65.120,100,738,1,2025-12-12 12:40:35,R_61T5xMpAi4UVfTY,,,,,42.055,-87.6951,anonymous,EN,1,1,I pay attention,,,821,4802,230,0,0,0,,821,0,838,0,0,,633,6516,910,0,0,,,,,,,,,,,,,,,,,,,,,,1,1,1,1,0,55,,,,,,,,,,,,,,,,,,,,,,,,,,,,,,,,,,,,,,,,,,,,1,0,0,1,0,10,,,,,,,,,1,1,1,1,0,65,,,,,,,,,,,,,,,,1,1,1,1,1,5,,,,,,,,,,,,,,,,,,,,,,,,,,,,,,1,0,0,1,0,5,0,,3,61083d0487d9041740853c17,FastSlow,20,40,"""390 + 431 =","""3719 + 1187 =","""128 + 86 + 716 =","""870000 + 1500000 =<br>","""89630 + 2739 + 18 + 188 =","""9372894 + 33 + 297 + 55 + 170027 =","""340 + 491 =","""3219 + 3588 = ","""324 + 99 + 515 =","""790000 + 2700000 =","""79820 + 2817 + 12 + 298 = ","""270 + 363 =","""4137 + 2378 =","""214 + 78 + 618 =","""920000 + 1900000 =","""88520 + 1648 + 29 +169 =",31.04,27.29,24.91,40.00,40.00,9.09,20.00,17.04,20.00,20.00,14.68,35.26,18.05,40.00,40.00,40.00,821,4802,230,0,0,821,0,838,0,0,633,6516,910,0,0,0
2025-12-12 12:31:54,2025-12-12 12:41:48,0,107.136.88.129,100,593,1,2025-12-12 12:41:48,R_1GBYWHNWcuDeHWu,,,,,26.6113,-80.1743,anonymous,EN,1,1,I pay attention,,,821,4906,930,2370000,92,0,,831,6807,938,3490000,82947,,633,7427,0,2820000,0,,,,,,,,,,,,,,,1,1,1,1,0,69,,1,0,1,1,0,57,,,,,,,,,1,1,1,1,1,33,,,,,,,,,,,,,,,,,,,,,,,,,,,,,,,,,,,,,1,0,1,1,0,50,,,,,,,,,,,,,,,,,,,,,,,1,1,1,1,1,14,,,,,,,,,,,,,,,,,,,,,,,,,,,,,,,,,,,,0,,11,6612eae68ccfbae62a843c43,SlowFast,40,20,"""390 + 431 =","""3719 + 1187 =","""128 + 86 + 716 =","""870000 + 1500000 =<br>","""89630 + 2739 + 18 + 188 =","""9372894 + 33 + 297 + 55 + 170027 =","""340 + 491 =","""3219 + 3588 = ","""324 + 99 + 515 =","""790000 + 2700000 =","""79820 + 2817 + 12 + 298 = ","""270 + 363 =","""4137 + 2378 =","""214 + 78 + 618 =","""920000 + 1900000 =","""88520 + 1648 + 29 +169 =",8.38,11.33,14.82,30.94,38.77,9.45,19.50,18.27,22.30,39.45,8.15,8.83,20.00,16.07,20.00,40.00,821,4906,930,2370000,92,831,6807,938,3490000,82947,633,7427,0,2820000,0,0
2025-12-12 12:30:14,2025-12-12 12:44:30,0,172.58.211.114,100,856,1,2025-12-12 12:44:31,R_75XqDAHwqbnmeXL,,,,,33.9573,-118.3118,anonymous,EN,1,1,I pay attention,,,821,4906,930,237000000,0,9483412,,831,6807,938,0,82937,,633,6515,0,0,0,,,,,,,,,,,,,,,,,,,,,,,,,,,,,1,1,1,1,1,54,,1,1,1,0,1,25,,,,,,,,,,,,,,,,1,0,1,0,0,65,,,,,,,,,,,,,,,,,,,,,,,1,1,1,0,0,30,,1,1,1,0,0,60,,,,,,,,,,,,,,,,,,,,,,,,,,,,,,,,,,,,,,,,,,,,,,,,,,0,"Thank you for the opportunity, for some answers I accidentally clicked next on the next question because I ran out of time on the first and ended up hitting next on the next question before getting the chance to answer it. I just wanted to bring that to your attention.",8,672bd7268edc30919dbb118c,SlowFast,40,20,"""390 + 431 =","""3719 + 1187 =","""128 + 86 + 716 =","""870000 + 1500000 =<br>","""89630 + 2739 + 18 + 188 =","""9372894 + 33 + 297 + 55 + 170027 =","""340 + 491 =","""3219 + 3588 = ","""324 + 99 + 515 =","""790000 + 2700000 =","""79820 + 2817 + 12 + 298 = ","""270 + 363 =","""4137 + 2378 =","""214 + 78 + 618 =","""920000 + 1900000 =","""88520 + 1648 + 29 +169 =",9.28,29.02,23.35,39.15,40.00,13.26,34.90,16.55,40.00,36.29,15.18,17.76,20.00,20.00,20.00,39.98,821,4906,930,237000000,0,831,6807,938,0,82937,633,6515,0,0,0,9483412
2025-12-12 12:34:19,2025-12-12 12:45:44,0,73.111.97.180,100,685,1,2025-12-12 12:45:44,R_7WwcWCr5WTp1sTV,,,,,42.2578,-89.0261,anonymous,EN,1,1,I pay attention,,,821,4906,930,2370000,0,0,,831,0,938,3490000,0,,633,6451,920,2820000,0,,,,,,,,,,,,,,,,,,,,,,,,,,,,,,,,,,,,1,1,1,1,1,3,,,,,,,,,,,,,,,,,,,,,,,1,1,0,0,0,90,,,,,,,,,,,,,,,,,,,,,,,,,,,,,,1,1,1,1,0,80,,,,,,,,,,,,,,,,,,,,,,,,,,,,,,1,1,1,1,0,80,,1,1,1,1,0,75,0,Interesting study. Thank you for allowing me to participate,9,67bca2520a799ae9507bc053,FastSlow,20,40,"""390 + 431 =","""3719 + 1187 =","""128 + 86 + 716 =","""870000 + 1500000 =<br>","""89630 + 2739 + 18 + 188 =","""9372894 + 33 + 297 + 55 + 170027 =","""340 + 491 =","""3219 + 3588 = ","""324 + 99 + 515 =","""790000 + 2700000 =","""79820 + 2817 + 12 + 298 = ","""270 + 363 =","""4137 + 2378 =","""214 + 78 + 618 =","""920000 + 1900000 =","""88520 + 1648 + 29 +169 =",18.19,34.01,31.15,21.43,40.00,15.77,20.00,15.43,13.90,20.00,9.82,23.46,17.64,16.32,40.00,40.00,821,4906,930,2370000,0,831,0,938,3490000,0,633,6451,920,2820000,0,0
2025-12-12 12:40:57,2025-12-12 12:48:04,0,24.93.182.111,100,426,1,2025-12-12 12:48:05,R_6EEuhRcxvqzrZ0B,,,,,41.4722,-81.745,anonymous,EN,1,1,I pay attention,,,411,4906,920,900000,95000,1200000,,732,6700,1000,4000000,100000,,650,7000,900,2800000,91000,,,,,,,,,,,,,,,,,,,,,,,,,,,,,,,,,,,,,,,,,,,,,,,,,,,,,,,,,,,,,,,,0,0,0,0,0,16,,0,0,0,0,0,20,,,,,,,,,,,,,,,,1,1,1,0,0,30,,,,,,,,,,,,,,,,0,0,0,0,0,31,,1,0,0,0,0,25,,,,,,,,,,,,,,,,,,,,,,0,,1,5dea10b4446c9012dc5e3fe3,FastSlow,20,40,"""390 + 431 =","""3719 + 1187 =","""128 + 86 + 716 =","""870000 + 1500000 =<br>","""89630 + 2739 + 18 + 188 =","""9372894 + 33 + 297 + 55 + 170027 =","""340 + 491 =","""3219 + 3588 = ","""324 + 99 + 515 =","""790000 + 2700000 =","""79820 + 2817 + 12 + 298 = ","""270 + 363 =","""4137 + 2378 =","""214 + 78 + 618 =","""920000 + 1900000 =","""88520 + 1648 + 29 +169 =",11.51,32.26,12.41,12.61,26.30,18.25,12.99,13.53,17.66,13.25,6.96,9.22,8.72,10.28,11.12,13.58,411,4906,920,900000,95000,732,6700,1000,4000000,100000,650,7000,900,2800000,91000,1200000
2025-12-12 12:40:32,2025-12-12 12:49:08,0,107.3.1.96,100,515,1,2025-12-12 12:49:08,R_3j6BAGkQObLvvie,,,,,41.3368,-75.5185,anonymous,EN,1,1,I pay attention,,,821,4906,930,2370000,0,0,,831,6807,938,3490000,82947,,633,6515,910,0,0,,,,,,,,,,,,,,,1,1,0,1,0,45,,,,,,,,,,,,,,,,,,,,,,,0,0,0,0,0,65,,,,,,,,,,,,,,,,,,,,,,,,,,,,,,,,,,,,,,,,,,,,,,,,,,,,,,,,,,1,1,1,1,1,1,,,,,,,,,1,1,1,1,0,30,,,,,,,,,1,0,0,0,0,15,,,,,,,,0,,12,657619485d6869976045a220,SlowFast,40,20,"""390 + 431 =","""3719 + 1187 =","""128 + 86 + 716 =","""870000 + 1500000 =<br>","""89630 + 2739 + 18 + 188 =","""9372894 + 33 + 297 + 55 + 170027 =","""340 + 491 =","""3219 + 3588 = ","""324 + 99 + 515 =","""790000 + 2700000 =","""79820 + 2817 + 12 + 298 = ","""270 + 363 =","""4137 + 2378 =","""214 + 78 + 618 =","""920000 + 1900000 =","""88520 + 1648 + 29 +169 =",6.70,13.67,15.49,28.27,40.00,6.85,18.10,8.76,22.41,24.84,6.42,11.86,12.87,20.00,20.00,40.00,821,4906,930,2370000,0,831,6807,938,3490000,82947,633,6515,910,0,0,0
2025-12-12 12:27:27,2025-12-12 12:49:55,0,172.59.29.132,100,1347,1,2025-12-12 12:49:55,R_78B7ZwJJ9IMjQS6,,,,,41.4781,-81.5746,anonymous,EN,1,1,I pay attention,,,812,5000,950,13000000,0,10000000,,831,6900,938,10000000,11000,,633,7000,870,11000000,100000,,,,,,,,1,0,1,1,0,67,,1,1,1,1,0,43,,,,,,,,,,,,,,,,,,,,,,,,,,,,,,,,,,,,,,,,,,,,,,,,,,,,,,,,,,1,0,0,1,0,62,,,,,,,,,,,,,,,,,,,,,,,1,1,1,1,1,16,,,,,,,,,,,,,,,,,,,,,,,1,1,1,0,0,66,,,,,,,,0,,3,659575ef7daa54a6b78c9c9a,SlowFast,40,20,"""390 + 431 =","""3719 + 1187 =","""128 + 86 + 716 =","""870000 + 1500000 =<br>","""89630 + 2739 + 18 + 188 =","""9372894 + 33 + 297 + 55 + 170027 =","""340 + 491 =","""3219 + 3588 = ","""324 + 99 + 515 =","""790000 + 2700000 =","""79820 + 2817 + 12 + 298 = ","""270 + 363 =","""4137 + 2378 =","""214 + 78 + 618 =","""920000 + 1900000 =","""88520 + 1648 + 29 +169 =",22.40,19.46,23.87,34.81,40.00,17.88,21.09,22.83,27.70,21.60,12.73,19.69,15.98,12.04,10.67,16.26,812,5000,950,13000000,0,831,6900,938,10000000,11000,633,7000,870,11000000,100000,10000000
2025-12-12 12:36:01,2025-12-12 12:50:22,0,72.238.237.254,100,860,1,2025-12-12 12:50:22,R_5fUjRY2HDcmsibL,,,,,28.5815,-81.485,anonymous,EN,1,1,"I pay attention ",,,821,5100,930,23700000,91730,9543306,,939,7000,945,0,83500,,633,7415,910,11100000,88868,,,,,,,,,,,,,,,,,,,,,,1,1,1,1,0,57,,,,,,,,,1,1,1,1,1,10,,,,,,,,,,,,,,,,,,,,,,,,,,,,,,1,0,1,1,0,7,,,,,,,,,,,,,,,,,,,,,,,,,,,,,,1,1,1,1,0,2,,,,,,,,,,,,,,,,,,,,,,,1,0,0,0,0,55,,,,,,,,0,,4,673188f2decdb1f3f5c5a913,FastSlow,20,40,"""390 + 431 =","""3719 + 1187 =","""128 + 86 + 716 =","""870000 + 1500000 =<br>","""89630 + 2739 + 18 + 188 =","""9372894 + 33 + 297 + 55 + 170027 =","""340 + 491 =","""3219 + 3588 = ","""324 + 99 + 515 =","""790000 + 2700000 =","""79820 + 2817 + 12 + 298 = ","""270 + 363 =","""4137 + 2378 =","""214 + 78 + 618 =","""920000 + 1900000 =","""88520 + 1648 + 29 +169 =",7.22,35.84,17.69,39.30,37.82,12.40,6.04,8.38,20.00,16.79,12.90,23.72,17.18,23.91,26.18,37.48,821,5100,930,23700000,91730,939,7000,945,0,83500,633,7415,910,11100000,88868,9543306
2025-12-12 12:39:51,2025-12-12 12:52:32,0,73.8.95.58,100,760,1,2025-12-12 12:52:32,R_12gpcdHT0LEH88l,,,,,41.8508,-87.8791,anonymous,EN,1,1,I pay attention,,,821,4906,930,2370000,0,0,,831,0,938,0,0,,633,6515,910,2820000,0,,,,,,,,1,1,1,1,0,55,,,,,,,,,1,1,1,1,0,52,,,,,,,,,1,1,1,1,1,8,,,,,,,,,,,,,,,,,,,,,,,,,,,,,,,,,,,,,,,,,,,,,,,,,,,1,0,1,1,0,30,,,,,,,,,,,,,,,,,,,,,,,,,,,,,,,,,,,,,1,0,0,1,0,32,,,,,,,,0,,10,66956649d7179281d46fa6f2,FastSlow,20,40,"""390 + 431 =","""3719 + 1187 =","""128 + 86 + 716 =","""870000 + 1500000 =<br>","""89630 + 2739 + 18 + 188 =","""9372894 + 33 + 297 + 55 + 170027 =","""340 + 491 =","""3219 + 3588 = ","""324 + 99 + 515 =","""790000 + 2700000 =","""79820 + 2817 + 12 + 298 = ","""270 + 363 =","""4137 + 2378 =","""214 + 78 + 618 =","""920000 + 1900000 =","""88520 + 1648 + 29 +169 =",16.41,30.65,21.91,29.41,40.00,12.21,20.00,16.18,20.00,20.00,12.28,13.72,26.84,25.49,40.00,40.00,821,4906,930,2370000,0,831,0,938,0,0,633,6515,910,2820000,0,0
2025-12-12 12:38:29,2025-12-12 12:53:24,0,24.192.147.75,100,895,1,2025-12-12 12:53:25,R_1ptgz7YRLLyWP3H,,,,,42.4642,-83.0617,anonymous,EN,1,1,"I pay attention ",,,821,0,0,2370000,0,1035688336,,831,0,839,0,0,,663,0,0,0,0,,,,,,,,,,,,,,,,,,,,,,,,,,,,,,,,,,,,,,,,,,,0,0,0,1,0,91,,,,,,,,,1,1,0,1,0,53,,,,,,,,,1,1,0,1,0,5,,,,,,,,,,,,,,,,,,,,,,,1,1,0,1,0,74,,,,,,,,,,,,,,,,,,,,,,,,,,,,,,,,,,,,,1,1,0,1,0,15,0,,3,67bac250ddac167f36c7131d,SlowFast,40,20,"""390 + 431 =","""3719 + 1187 =","""128 + 86 + 716 =","""870000 + 1500000 =<br>","""89630 + 2739 + 18 + 188 =","""9372894 + 33 + 297 + 55 + 170027 =","""340 + 491 =","""3219 + 3588 = ","""324 + 99 + 515 =","""790000 + 2700000 =","""79820 + 2817 + 12 + 298 = ","""270 + 363 =","""4137 + 2378 =","""214 + 78 + 618 =","""920000 + 1900000 =","""88520 + 1648 + 29 +169 =",15.63,40.00,40.00,34.49,40.00,35.23,40.00,19.12,40.00,40.00,14.44,20.00,20.00,20.00,20.00,24.99,821,0,0,2370000,0,831,0,839,0,0,663,0,0,0,0,1035688336
2025-12-12 12:34:32,2025-12-12 12:54:45,0,223.29.141.188,100,1213,1,2025-12-12 12:54:46,R_3dGgnw4NFEpGh5g,,,,,37.751,-97.822,anonymous,EN,1,1,I pay attention,,,821,4906,930,2370000,93675,9543205,,759,6807,938,3480000,82947,,0,6515,910,0,80366,,,,,,,,,,,,,,,1,0,1,1,0,40,,1,1,1,1,0,40,,,,,,,,,,,,,,,,,,,,,,,,,,,,,,,,,,,,,,,,,,,,,,,,,,,,,,,,,,1,1,1,0,0,20,,,,,,,,,,,,,,,,,,,,,,,,,,,,,,,,,,,,,0,0,0,0,0,5,,,,,,,,,1,0,1,0,0,10,0,Really great and interesting study. Thank you.,9,67ac5f2b94b08886739a0003,SlowFast,40,20,"""390 + 431 =","""3719 + 1187 =","""128 + 86 + 716 =","""870000 + 1500000 =<br>","""89630 + 2739 + 18 + 188 =","""9372894 + 33 + 297 + 55 + 170027 =","""340 + 491 =","""3219 + 3588 = ","""324 + 99 + 515 =","""790000 + 2700000 =","""79820 + 2817 + 12 + 298 = ","""270 + 363 =","""4137 + 2378 =","""214 + 78 + 618 =","""920000 + 1900000 =","""88520 + 1648 + 29 +169 =",22.49,28.20,14.14,17.95,22.10,32.02,32.51,39.20,28.52,24.73,20.00,13.43,16.25,20.00,17.59,21.00,821,4906,930,2370000,93675,759,6807,938,3480000,82947,0,6515,910,0,80366,9543205
2025-12-12 12:42:57,2025-12-12 12:55:42,0,223.29.140.67,100,764,1,2025-12-12 12:55:42,R_5Ebe0IuwKbLQ6Bk,,,,,37.751,-97.822,anonymous,EN,0.8999999761581421,1,I pay attention,,,421,4906,930,1020000,92575,9543306,,831,6807,938,3490000,0,,633,6515,910,2820000,90366,,,,,,,,1,1,1,1,0,90,,,,,,,,,,,,,,,,,,,,,,,1,1,1,1,0,77,,,,,,,,,,,,,,,,,,,,,,,,,,,,,,,,,,,,,,,,,,,,,,,,,,,1,1,1,1,0,40,,,,,,,,,,,,,,,,,,,,,,,1,1,1,0,0,60,,,,,,,,,,,,,,,,1,1,1,0,0,20,0,,12,6754212bee2fa6f30842fb86,FastSlow,20,40,"""390 + 431 =","""3719 + 1187 =","""128 + 86 + 716 =","""870000 + 1500000 =<br>","""89630 + 2739 + 18 + 188 =","""9372894 + 33 + 297 + 55 + 170027 =","""340 + 491 =","""3219 + 3588 = ","""324 + 99 + 515 =","""790000 + 2700000 =","""79820 + 2817 + 12 + 298 = ","""270 + 363 =","""4137 + 2378 =","""214 + 78 + 618 =","""920000 + 1900000 =","""88520 + 1648 + 29 +169 =",10.78,16.98,13.89,35.54,21.34,9.65,13.28,11.10,17.06,20.00,12.20,13.79,13.31,23.12,19.74,28.66,421,4906,930,1020000,92575,831,6807,938,3490000,0,633,6515,910,2820000,90366,9543306
2025-12-12 12:26:01,2025-12-12 12:55:46,0,38.40.82.172,100,1785,1,2025-12-12 12:55:47,R_1Ld5441YaWs7Wej,,,,,28.5727,-80.8206,anonymous,EN,1,1,I pay attention,,,821,4906,930,2300000,0,0,,831,6807,938,3400000,0,,633,6515,910,2800000,90366,,,,,,,,,,,,,,,,,,,,,,,,,,,,,1,1,1,1,0,90,,,,,,,,,,,,,,,,1,0,0,0,0,50,,,,,,,,,0,0,0,0,0,80,,,,,,,,,1,1,1,1,0,50,,,,,,,,,,,,,,,,,,,,,,,,,,,,,,,,,,,,,,,,,,,,1,1,0,1,0,37,,,,,,,,,,,,,,,0,,10,663a5efc3be407346e417ff2,FastSlow,20,40,"""390 + 431 =","""3719 + 1187 =","""128 + 86 + 716 =","""870000 + 1500000 =<br>","""89630 + 2739 + 18 + 188 =","""9372894 + 33 + 297 + 55 + 170027 =","""340 + 491 =","""3219 + 3588 = ","""324 + 99 + 515 =","""790000 + 2700000 =","""79820 + 2817 + 12 + 298 = ","""270 + 363 =","""4137 + 2378 =","""214 + 78 + 618 =","""920000 + 1900000 =","""88520 + 1648 + 29 +169 =",13.43,26.20,20.79,19.23,40.00,10.15,17.02,14.78,16.82,20.00,9.54,19.06,13.50,11.69,33.71,40.00,821,4906,930,2300000,0,831,6807,938,3400000,0,633,6515,910,2800000,90366,0
2025-12-12 12:41:02,2025-12-12 12:55:59,0,73.200.250.172,100,897,1,2025-12-12 12:56:00,R_5Cd1v4TmxAi7Mug,,,,,39.6249,-75.8351,anonymous,EN,1,1,I pay attention,,,821,4906,930,2370000,0,0,,831,6807,938,3490000,82947,,633,6515,0,0,0,,,,,,,,,,,,,,,,,,,,,,,,,,,,,,,,,,,,,,,,,,,1,0,0,0,0,32,,,,,,,,,1,1,0,1,0,6,,,,,,,,,,,,,,,,,,,,,,,,,,,,,,,,,,,,,,,,,,,,,,,,,,,1,1,0,1,0,16,,1,1,0,1,0,20,,,,,,,,,1,1,0,1,0,7,,,,,,,,0,,11,676039cccf8fb8b221348fad,SlowFast,40,20,"""390 + 431 =","""3719 + 1187 =","""128 + 86 + 716 =","""870000 + 1500000 =<br>","""89630 + 2739 + 18 + 188 =","""9372894 + 33 + 297 + 55 + 170027 =","""340 + 491 =","""3219 + 3588 = ","""324 + 99 + 515 =","""790000 + 2700000 =","""79820 + 2817 + 12 + 298 = ","""270 + 363 =","""4137 + 2378 =","""214 + 78 + 618 =","""920000 + 1900000 =","""88520 + 1648 + 29 +169 =",14.92,28.18,30.61,39.85,40.00,18.80,24.62,20.08,31.61,32.40,14.22,17.65,20.00,20.00,20.00,40.00,821,4906,930,2370000,0,831,6807,938,3490000,82947,633,6515,0,0,0,0
2025-12-12 12:48:07,2025-12-12 12:58:34,0,136.226.12.65,100,626,1,2025-12-12 12:58:34,R_7CBMHCrMvD6kBIO,,,,,41.8835,-87.6305,anonymous,EN,1,1,i pay attention,,,821,4906,930,2370000,0,0,,831,6807,938,0,0,,633,6515,910,3820000,0,,,,,,,,,,,,,,,,,,,,,,,,,,,,,1,1,1,1,0,32,,1,1,1,1,1,27,,1,1,0,1,0,78,,,,,,,,,,,,,,,,,,,,,,,,,,,,,,,,,,,,,1,1,1,1,0,53,,,,,,,,,,,,,,,,,,,,,,,,,,,,,,1,0,1,1,0,68,,,,,,,,,,,,,,,,,,,,,,0,Been a long time since I had to do mental math!,10,67283913f11cbfde51b17706,FastSlow,20,40,"""390 + 431 =","""3719 + 1187 =","""128 + 86 + 716 =","""870000 + 1500000 =<br>","""89630 + 2739 + 18 + 188 =","""9372894 + 33 + 297 + 55 + 170027 =","""340 + 491 =","""3219 + 3588 = ","""324 + 99 + 515 =","""790000 + 2700000 =","""79820 + 2817 + 12 + 298 = ","""270 + 363 =","""4137 + 2378 =","""214 + 78 + 618 =","""920000 + 1900000 =","""88520 + 1648 + 29 +169 =",11.29,18.11,27.35,36.83,40.00,12.94,18.78,12.68,20.00,20.00,11.16,16.92,12.04,15.54,40.00,40.00,821,4906,930,2370000,0,831,6807,938,0,0,633,6515,910,3820000,0,0
2025-12-12 12:50:17,2025-12-12 13:02:04,0,172.56.81.132,100,707,1,2025-12-12 13:02:05,R_5jJuv9szezxx3P8,,,,,33.6325,-112.1277,anonymous,EN,1,1,I pay attention,,,821,4906,930,0,90000,0,,839,0,0,0,0,,633,0,916,2100000,0,,,,,,,,,,,,,,,,,,,,,,,,,,,,,,,,,,,,,,,,,,,1,0,0,0,0,17,,1,1,0,0,0,12,,,,,,,,,1,1,1,0,0,26,,,,,,,,,,,,,,,,,,,,,,,,,,,,,,,,,,,,,,,,,,,,1,0,0,0,0,26,,,,,,,,,,,,,,,,,,,,,,,1,1,1,1,0,10,0,,4,67a4fbd7e4ebc02e050b7999,FastSlow,20,40,"""390 + 431 =","""3719 + 1187 =","""128 + 86 + 716 =","""870000 + 1500000 =<br>","""89630 + 2739 + 18 + 188 =","""9372894 + 33 + 297 + 55 + 170027 =","""340 + 491 =","""3219 + 3588 = ","""324 + 99 + 515 =","""790000 + 2700000 =","""79820 + 2817 + 12 + 298 = ","""270 + 363 =","""4137 + 2378 =","""214 + 78 + 618 =","""920000 + 1900000 =","""88520 + 1648 + 29 +169 =",25.28,37.48,36.85,40.00,39.96,14.65,20.00,20.00,20.00,20.00,15.66,40.00,17.28,23.54,40.00,40.00,821,4906,930,0,90000,839,0,0,0,0,633,0,916,2100000,0,0
2025-12-12 12:56:25,2025-12-12 13:05:01,0,73.44.112.148,100,516,1,2025-12-12 13:05:02,R_5QbdJJHB6md2KAx,,,,,41.9704,-87.7036,anonymous,EN,1,1,I pay attention,,,821,4906,930,2370000,0,9600000,,831,6807,938,3490000,83917,,633,6515,900,2820000,0,,,,,,,,1,1,1,1,0,25,,,,,,,,,,,,,,,,,,,,,,,,,,,,,,1,0,1,1,0,25,,,,,,,,,1,1,0,1,0,25,,,,,,,,,1,1,1,1,0,10,,,,,,,,,,,,,,,,,,,,,,,,,,,,,,,,,,,,,,,,,,,,1,0,1,1,0,20,,,,,,,,,,,,,,,,,,,,,,0,,11,672ed285dbe86b0a33526edd,SlowFast,40,20,"""390 + 431 =","""3719 + 1187 =","""128 + 86 + 716 =","""870000 + 1500000 =<br>","""89630 + 2739 + 18 + 188 =","""9372894 + 33 + 297 + 55 + 170027 =","""340 + 491 =","""3219 + 3588 = ","""324 + 99 + 515 =","""790000 + 2700000 =","""79820 + 2817 + 12 + 298 = ","""270 + 363 =","""4137 + 2378 =","""214 + 78 + 618 =","""920000 + 1900000 =","""88520 + 1648 + 29 +169 =",10.24,17.77,17.34,21.65,40.00,8.97,20.75,14.98,15.34,32.34,6.18,18.23,13.31,11.53,20.00,30.92,821,4906,930,2370000,0,831,6807,938,3490000,83917,633,6515,900,2820000,0,9600000
2025-12-12 12:48:56,2025-12-12 13:05:06,0,107.15.134.223,100,969,1,2025-12-12 13:05:06,R_7pAJOeG38qn2fvP,,,,,35.961,-78.9291,anonymous,EN,1,1,I pay attention,,,821,4906,930,2370000,92585,0,,831,6807,938,34900000,0,,633,6525,910,0,0,,,,,,,,,,,,,,,,,,,,,,,,,,,,,,,,,,,,1,1,1,1,0,31,,,,,,,,,,,,,,,,,,,,,,,,,,,,,,,,,,,,,,,,,,,,1,1,1,1,0,36,,,,,,,,,,,,,,,,1,1,1,1,1,11,,,,,,,,,,,,,,,,1,0,1,0,0,26,,,,,,,,,1,0,1,0,0,9,0,,9,6721335ba6e4ffe7fc6d1ca1,SlowFast,40,20,"""390 + 431 =","""3719 + 1187 =","""128 + 86 + 716 =","""870000 + 1500000 =<br>","""89630 + 2739 + 18 + 188 =","""9372894 + 33 + 297 + 55 + 170027 =","""340 + 491 =","""3219 + 3588 = ","""324 + 99 + 515 =","""790000 + 2700000 =","""79820 + 2817 + 12 + 298 = ","""270 + 363 =","""4137 + 2378 =","""214 + 78 + 618 =","""920000 + 1900000 =","""88520 + 1648 + 29 +169 =",,,,,,,,,,40.00,,,,20.00,20.00,40.00,821,4906,930,2370000,92585,831,6807,938,34900000,0,633,6525,910,0,0,0
2025-12-12 12:49:43,2025-12-12 13:06:17,0,223.29.141.127,100,993,1,2025-12-12 13:06:18,R_5L84SqyxJ80K5Jn,,,,,37.751,-97.822,anonymous,EN,1,1,I pay attention,,,821,4906,930,1587000,92575,0,,831,6807,938,2779000,82943,,633,6515,0,1992000,0,,,,,,,,,,,,,,,,,,,,,,,,,,,,,,,,,,,,,,,,,,,0,0,1,0,0,60,,,,,,,,,1,0,0,0,0,30,,1,0,1,0,0,5,,,,,,,,,,,,,,,,,,,,,,,1,0,1,0,0,20,,,,,,,,,,,,,,,,,,,,,,,,,,,,,,1,0,1,0,0,25,,,,,,,,,,,,,,,0,,9,679332b7a7378f8f63f9ab84,SlowFast,40,20,"""390 + 431 =","""3719 + 1187 =","""128 + 86 + 716 =","""870000 + 1500000 =<br>","""89630 + 2739 + 18 + 188 =","""9372894 + 33 + 297 + 55 + 170027 =","""340 + 491 =","""3219 + 3588 = ","""324 + 99 + 515 =","""790000 + 2700000 =","""79820 + 2817 + 12 + 298 = ","""270 + 363 =","""4137 + 2378 =","""214 + 78 + 618 =","""920000 + 1900000 =","""88520 + 1648 + 29 +169 =",13.40,38.33,33.89,35.88,34.02,30.09,36.41,32.48,25.77,38.18,16.40,18.94,20.00,17.12,20.00,40.00,821,4906,930,1587000,92575,831,6807,938,2779000,82943,633,6515,0,1992000,0,0
2025-12-12 12:55:40,2025-12-12 13:07:09,0,174.220.114.78,100,688,1,2025-12-12 13:07:10,R_6RrsjOuPNKKgPPB,,,,,35.1712,-80.7939,anonymous,EN,1,1,I pay attention,,,821,4916,0,9200000,93288,2000000,,831,6797,924,9600000,85012,,700,6400,890,1200000,1260000,,,,,,,,1,1,1,1,0,86,,,,,,,,,1,1,1,1,0,54,,,,,,,,,,,,,,,,,,,,,,,,,,,,,,,,,,,,,,,,,,,,1,1,1,1,0,50,,,,,,,,,,,,,,,,,,,,,,,,,,,,,,,,,,,,,1,0,0,1,0,80,,,,,,,,,1,0,0,1,0,50,,,,,,,,,,,,,,,0,,2,672931da14bedacc4b738eb7,SlowFast,40,20,"""390 + 431 =","""3719 + 1187 =","""128 + 86 + 716 =","""870000 + 1500000 =<br>","""89630 + 2739 + 18 + 188 =","""9372894 + 33 + 297 + 55 + 170027 =","""340 + 491 =","""3219 + 3588 = ","""324 + 99 + 515 =","""790000 + 2700000 =","""79820 + 2817 + 12 + 298 = ","""270 + 363 =","""4137 + 2378 =","""214 + 78 + 618 =","""920000 + 1900000 =","""88520 + 1648 + 29 +169 =",15.06,35.23,40.00,33.47,29.59,17.95,17.76,11.47,23.16,26.95,13.20,11.80,13.13,12.54,19.45,24.22,821,4916,0,9200000,93288,831,6797,924,9600000,85012,700,6400,890,1200000,1260000,2000000
2025-12-12 12:56:29,2025-12-12 13:07:56,0,217.177.248.64,100,686,1,2025-12-12 13:07:56,R_7KoJlEm1CP6lfQJ,,,,,36.7685,-90.4096,anonymous,EN,1,1,"I pay attention ",,,821,3900,930,2030000,92000,1000000,,831,0,0,106000,10000000,,633,6405,1000,19920000,10000,,,,,,,,,,,,,,,,,,,,,,,,,,,,,1,0,1,1,0,9,,,,,,,,,1,1,0,0,0,4,,,,,,,,,,,,,,,,,,,,,,,,,,,,,,,,,,,,,,,,,,,,,,,,,,,,,,,,,,1,1,1,1,0,1,,1,0,0,0,0,30,,,,,,,,,1,0,1,0,0,18,,,,,,,,,,,,,,,0,,4,671b025545c22875c994d0bb,FastSlow,20,40,"""390 + 431 =","""3719 + 1187 =","""128 + 86 + 716 =","""870000 + 1500000 =<br>","""89630 + 2739 + 18 + 188 =","""9372894 + 33 + 297 + 55 + 170027 =","""340 + 491 =","""3219 + 3588 = ","""324 + 99 + 515 =","""790000 + 2700000 =","""79820 + 2817 + 12 + 298 = ","""270 + 363 =","""4137 + 2378 =","""214 + 78 + 618 =","""920000 + 1900000 =","""88520 + 1648 + 29 +169 =",15.67,30.37,23.79,28.50,33.98,14.33,20.00,20.00,19.14,10.54,19.16,25.04,34.80,32.42,15.31,21.71,821,3900,930,2030000,92000,831,0,0,106000,10000000,633,6405,1000,19920000,10000,1000000
2025-12-12 12:51:37,2025-12-12 13:08:40,0,23.241.74.244,100,1022,1,2025-12-12 13:08:41,R_30UII7Cz2VuW3rl,,,,,34.2666,-118.7643,anonymous,EN,0.800000011920929,1,I pay attention,,,0,4896,1034,1587000,0,0,,731,0,0,27790000,0,,633,6415,0,1920000,0,,,,,,,,,,,,,,,,,,,,,,1,1,1,1,1,30,,,,,,,,,,,,,,,,,,,,,,,,,,,,,,1,1,0,0,0,50,,,,,,,,,1,1,1,0,0,30,,,,,,,,,,,,,,,,,,,,,,,,,,,,,,,,,,,,,0,0,0,0,0,50,,,,,,,,,,,,,,,,1,1,0,0,0,10,,,,,,,,0,,1,6776071db9b6ba9c5d3c522f,FastSlow,20,40,"""390 + 431 =","""3719 + 1187 =","""128 + 86 + 716 =","""870000 + 1500000 =<br>","""89630 + 2739 + 18 + 188 =","""9372894 + 33 + 297 + 55 + 170027 =","""340 + 491 =","""3219 + 3588 = ","""324 + 99 + 515 =","""790000 + 2700000 =","""79820 + 2817 + 12 + 298 = ","""270 + 363 =","""4137 + 2378 =","""214 + 78 + 618 =","""920000 + 1900000 =","""88520 + 1648 + 29 +169 =",40.00,33.44,30.57,38.21,40.00,16.18,20.00,20.00,17.83,20.00,25.28,28.11,40.00,23.75,40.00,40.00,0,4896,1034,1587000,0,731,0,0,27790000,0,633,6415,0,1920000,0,0
2025-12-12 12:58:49,2025-12-12 13:09:46,0,75.141.226.150,100,656,1,2025-12-12 13:09:46,R_5nPlSQoNBgcTgKR,,,,,39.3809,-119.6859,anonymous,EN,1,1,I pay attention,,,821,4906,930,2370000,0,0,,831,6807,940,3490000,0,,633,6515,910,2820000,90365,,,,,,,,,,,,,,,,,,,,,,1,1,1,1,0,20,,,,,,,,,1,1,1,1,1,10,,,,,,,,,,,,,,,,,,,,,,,,,,,,,,,,,,,,,,,,,,,,,,,,,,,1,1,1,1,0,20,,,,,,,,,,,,,,,,1,1,0,0,0,15,,,,,,,,,1,0,0,1,0,15,,,,,,,,,,,,,,,0,,11,65254790f0aa171541706462,FastSlow,20,40,"""390 + 431 =","""3719 + 1187 =","""128 + 86 + 716 =","""870000 + 1500000 =<br>","""89630 + 2739 + 18 + 188 =","""9372894 + 33 + 297 + 55 + 170027 =","""340 + 491 =","""3219 + 3588 = ","""324 + 99 + 515 =","""790000 + 2700000 =","""79820 + 2817 + 12 + 298 = ","""270 + 363 =","""4137 + 2378 =","""214 + 78 + 618 =","""920000 + 1900000 =","""88520 + 1648 + 29 +169 =",9.53,21.93,14.92,22.22,40.00,11.27,17.58,12.43,19.50,20.00,17.50,21.73,19.93,16.81,31.86,40.00,821,4906,930,2370000,0,831,6807,940,3490000,0,633,6515,910,2820000,90365,0
2025-12-12 12:57:30,2025-12-12 13:11:00,0,35.135.63.97,100,809,1,2025-12-12 13:11:01,R_7o8CkcngysJcbNn,,,,,46.5922,-120.53,anonymous,EN,1,1,I pay attention,,,821,4901,999,2300000,93233,15000000,,821,6807,938,3140000,11000,,633,6515,910,2800000,10637,,,,,,,,,,,,,,,1,1,1,1,0,60,,1,1,1,1,0,29,,,,,,,,,,,,,,,,1,0,1,0,0,70,,,,,,,,,,,,,,,,,,,,,,,,,,,,,,,,,,,,,,,,,,,,,,,,,,,,,,,,,,,,,,,,,1,0,1,0,0,50,,,,,,,,,,,,,,,,,,,,,,,1,0,1,1,0,11,0,,6,672eeebde600098b4b65d4a8,FastSlow,20,40,"""390 + 431 =","""3719 + 1187 =","""128 + 86 + 716 =","""870000 + 1500000 =<br>","""89630 + 2739 + 18 + 188 =","""9372894 + 33 + 297 + 55 + 170027 =","""340 + 491 =","""3219 + 3588 = ","""324 + 99 + 515 =","""790000 + 2700000 =","""79820 + 2817 + 12 + 298 = ","""270 + 363 =","""4137 + 2378 =","""214 + 78 + 618 =","""920000 + 1900000 =","""88520 + 1648 + 29 +169 =",29.28,21.29,30.11,27.97,29.52,12.96,18.57,13.54,11.93,19.16,12.78,18.08,19.16,24.53,29.26,30.24,821,4901,999,2300000,93233,821,6807,938,3140000,11000,633,6515,910,2800000,10637,15000000
2025-12-12 12:59:58,2025-12-12 13:11:19,0,136.51.7.86,100,681,1,2025-12-12 13:11:20,R_7jgmgY24YrZ7bpv,,,,,29.5839,-98.4101,anonymous,EN,1,1,I pay attention,,,821,4906,930,2370000,92575,9543306,,831,6807,938,3490000,82947,,633,6515,910,2830000,90366,,,,,,,,,,,,,,,,,,,,,,,,,,,,,1,1,1,1,0,28,,,,,,,,,0,0,0,0,0,91,,,,,,,,,,,,,,,,,,,,,,,,,,,,,,1,1,0,0,0,88,,,,,,,,,,,,,,,,1,1,1,1,0,50,,,,,,,,,,,,,,,,,,,,,,,,,,,,,,,,,,,,,1,1,1,0,0,10,1,,14,6631b0ab30153f0b76483e0a,SlowFast,40,20,"""390 + 431 =","""3719 + 1187 =","""128 + 86 + 716 =","""870000 + 1500000 =<br>","""89630 + 2739 + 18 + 188 =","""9372894 + 33 + 297 + 55 + 170027 =","""340 + 491 =","""3219 + 3588 = ","""324 + 99 + 515 =","""790000 + 2700000 =","""79820 + 2817 + 12 + 298 = ","""270 + 363 =","""4137 + 2378 =","""214 + 78 + 618 =","""920000 + 1900000 =","""88520 + 1648 + 29 +169 =",11.19,12.88,20.48,32.01,23.81,9.28,11.48,11.84,34.53,19.68,7.20,10.29,10.06,15.47,13.28,31.48,821,4906,930,2370000,92575,831,6807,938,3490000,82947,633,6515,910,2830000,90366,9543306
2025-12-12 13:01:05,2025-12-12 13:12:06,0,70.142.44.59,100,661,1,2025-12-12 13:12:07,R_5TAcRULH5ssSBUL,,,,,42.2807,-83.7801,anonymous,EN,1,1,"I pay attention ",,,821,5906,930,2370000,0,0,,831,6707,939,3490000,82937,,633,7515,900,2180000,88888,,,,,,,,,,,,,,,,,,,,,,,,,,,,,1,1,1,1,0,50,,,,,,,,,,,,,,,,,,,,,,,,,,,,,,,,,,,,,,,,,,,,,,,,,,,,,,,,,,1,1,1,1,0,10,,1,0,1,1,0,9,,,,,,,,,,,,,,,,,,,,,,,0,0,0,1,0,10,,,,,,,,,1,1,1,1,0,0,0,,6,68c9a882ae915e833ed44824,SlowFast,40,20,"""390 + 431 =","""3719 + 1187 =","""128 + 86 + 716 =","""870000 + 1500000 =<br>","""89630 + 2739 + 18 + 188 =","""9372894 + 33 + 297 + 55 + 170027 =","""340 + 491 =","""3219 + 3588 = ","""324 + 99 + 515 =","""790000 + 2700000 =","""79820 + 2817 + 12 + 298 = ","""270 + 363 =","""4137 + 2378 =","""214 + 78 + 618 =","""920000 + 1900000 =","""88520 + 1648 + 29 +169 =",13.45,29.29,19.17,33.31,40.00,10.96,32.36,20.41,15.08,20.63,9.25,16.14,10.67,12.08,10.41,40.00,821,5906,930,2370000,0,831,6707,939,3490000,82937,633,7515,900,2180000,88888,0
2025-12-12 13:02:24,2025-12-12 13:12:22,0,72.21.104.11,100,598,1,2025-12-12 13:12:22,R_59vmy3EUGD2pFp1,,,,,30.8648,-100.585,anonymous,EN,1,1,I pay attention,,,821,4906,930,10200000,92620,0,,831,0,938,1060000,0,,633,6515,900,1920000,0,,,,,,,,1,1,1,1,0,62,,1,1,1,1,0,61,,,,,,,,,,,,,,,,1,1,1,1,1,22,,,,,,,,,,,,,,,,,,,,,,,,,,,,,,,,,,,,,,,,,,,,,,,,,,,,,,,,,,,,,,,,,,,,,,,,0,0,1,1,0,50,,,,,,,,,,,,,,,,,,,,,,,1,1,1,1,0,14,0,,7,63d7f363c1c417a758d5b4ea,FastSlow,20,40,"""390 + 431 =","""3719 + 1187 =","""128 + 86 + 716 =","""870000 + 1500000 =<br>","""89630 + 2739 + 18 + 188 =","""9372894 + 33 + 297 + 55 + 170027 =","""340 + 491 =","""3219 + 3588 = ","""324 + 99 + 515 =","""790000 + 2700000 =","""79820 + 2817 + 12 + 298 = ","""270 + 363 =","""4137 + 2378 =","""214 + 78 + 618 =","""920000 + 1900000 =","""88520 + 1648 + 29 +169 =",11.91,20.18,28.98,27.88,36.84,10.58,20.00,13.63,14.59,20.00,12.99,22.43,22.66,25.63,40.00,40.00,821,4906,930,10200000,92620,831,0,938,1060000,0,633,6515,900,1920000,0,0
2025-12-12 12:59:09,2025-12-12 13:12:37,0,45.62.228.175,100,807,1,2025-12-12 13:12:37,R_5j7kXIrwZCJRDDu,,,,,29.3875,-82.4468,anonymous,EN,1,1,I pay attention,,,821,4896,0,0,0,0,,831,0,0,0,0,,633,6515,910,0,0,,,,,,,,,,,,,,,1,1,0,0,0,40,,,,,,,,,,,,,,,,,,,,,,,0,0,0,0,0,75,,,,,,,,,,,,,,,,,,,,,,,1,0,0,0,0,5,,1,0,0,0,0,61,,,,,,,,,,,,,,,,,,,,,,,,,,,,,,,,,,,,,,,,,,,,1,0,0,0,0,15,,,,,,,,,,,,,,,0,,5,673ce1632b059d0015e64962,FastSlow,20,40,"""390 + 431 =","""3719 + 1187 =","""128 + 86 + 716 =","""870000 + 1500000 =<br>","""89630 + 2739 + 18 + 188 =","""9372894 + 33 + 297 + 55 + 170027 =","""340 + 491 =","""3219 + 3588 = ","""324 + 99 + 515 =","""790000 + 2700000 =","""79820 + 2817 + 12 + 298 = ","""270 + 363 =","""4137 + 2378 =","""214 + 78 + 618 =","""920000 + 1900000 =","""88520 + 1648 + 29 +169 =",27.42,38.42,40.00,40.00,40.00,12.56,20.00,20.00,20.00,20.00,22.38,17.77,28.64,40.00,40.00,40.00,821,4896,0,0,0,831,0,0,0,0,633,6515,910,0,0,0
2025-12-12 13:03:24,2025-12-12 13:13:20,0,23.114.200.9,100,596,1,2025-12-12 13:13:20,R_30reWQWdVpYxPmp,,,,,32.8003,-117.2438,anonymous,EN,1,1,I pay attention,,,821,4906,930,23700000,0,0,,831,6807,938,2990000,0,,633,6515,910,2820000,0,,,,,,,,,,,,,,,1,1,1,1,0,95,,,,,,,,,1,1,0,1,0,60,,1,1,1,1,1,40,,,,,,,,,,,,,,,,,,,,,,,,,,,,,,,,,,,,,,,,,,,,,,,,,,,,,,,,,,,,,,,,,1,1,1,1,1,3,,,,,,,,,,,,,,,,,,,,,,,,,,,,,,1,1,0,1,0,10,0,,10,65628f277bcd810f66b36764,SlowFast,40,20,"""390 + 431 =","""3719 + 1187 =","""128 + 86 + 716 =","""870000 + 1500000 =<br>","""89630 + 2739 + 18 + 188 =","""9372894 + 33 + 297 + 55 + 170027 =","""340 + 491 =","""3219 + 3588 = ","""324 + 99 + 515 =","""790000 + 2700000 =","""79820 + 2817 + 12 + 298 = ","""270 + 363 =","""4137 + 2378 =","""214 + 78 + 618 =","""920000 + 1900000 =","""88520 + 1648 + 29 +169 =",9.51,16.03,37.16,31.05,40.00,7.18,10.37,19.39,21.19,2.77,6.52,11.33,15.85,16.86,2.06,26.90,821,4906,930,23700000,0,831,6807,938,2990000,0,633,6515,910,2820000,0,0
2025-12-12 12:58:14,2025-12-12 13:13:23,0,172.92.189.14,100,908,1,2025-12-12 13:13:23,R_6M6elPhz1yBF0fe,,,,,47.6109,-122.3303,anonymous,EN,1,1,I pay attention,,,821,4903,930,0,0,0,,831,6807,938,3490000,0,,643,0,0,2820000,0,,,,,,,,1,1,1,1,0,72,,,,,,,,,,,,,,,,1,1,0,1,0,25,,,,,,,,,,,,,,,,,,,,,,,,,,,,,,1,0,0,0,0,50,,,,,,,,,,,,,,,,,,,,,,,,,,,,,,1,1,0,1,0,26,,,,,,,,,,,,,,,,,,,,,,,,,,,,,,,,,,,,,1,0,0,0,0,5,0,,7,66049315b5c325fdaafea8fa,SlowFast,40,20,"""390 + 431 =","""3719 + 1187 =","""128 + 86 + 716 =","""870000 + 1500000 =<br>","""89630 + 2739 + 18 + 188 =","""9372894 + 33 + 297 + 55 + 170027 =","""340 + 491 =","""3219 + 3588 = ","""324 + 99 + 515 =","""790000 + 2700000 =","""79820 + 2817 + 12 + 298 = ","""270 + 363 =","""4137 + 2378 =","""214 + 78 + 618 =","""920000 + 1900000 =","""88520 + 1648 + 29 +169 =",12.32,30.87,30.13,40.00,40.00,11.22,29.54,20.09,26.92,6.07,16.14,20.00,20.00,18.73,3.48,5.63,821,4903,930,0,0,831,6807,938,3490000,0,643,0,0,2820000,0,0
2025-12-12 12:58:46,2025-12-12 13:14:33,0,98.200.232.232,100,946,1,2025-12-12 13:14:33,R_5P45DHpOoDGgUmt,,,,,29.6925,-95.363,anonymous,EN,1,1,"I pay attention ",,,821,3906,309,15870000,91843,9473000,,831,6907,1028,3400000,927,,633,0,0,280000,0,,,,,,,,,,,,,,,,,,,,,,,,,,,,,,,,,,,,,,,,,,,1,1,1,0,0,0,,,,,,,,,,,,,,,,,,,,,,,0,1,0,0,0,3,,1,1,1,1,0,1,,,,,,,,,,,,,,,,,,,,,,,0,1,0,0,1,0,,,,,,,,,,,,,,,,1,1,1,1,0,1,,,,,,,,,,,,,,,0,,3,65e630e4777c8e3ac50b9aea,SlowFast,40,20,"""390 + 431 =","""3719 + 1187 =","""128 + 86 + 716 =","""870000 + 1500000 =<br>","""89630 + 2739 + 18 + 188 =","""9372894 + 33 + 297 + 55 + 170027 =","""340 + 491 =","""3219 + 3588 = ","""324 + 99 + 515 =","""790000 + 2700000 =","""79820 + 2817 + 12 + 298 = ","""270 + 363 =","""4137 + 2378 =","""214 + 78 + 618 =","""920000 + 1900000 =","""88520 + 1648 + 29 +169 =",16.62,21.48,26.16,14.72,27.23,16.41,18.43,33.56,18.15,37.67,12.47,20.00,20.00,17.06,20.00,31.56,821,3906,309,15870000,91843,831,6907,1028,3400000,927,633,0,0,280000,0,9473000
2025-12-12 13:04:12,2025-12-12 13:15:05,0,63.134.175.53,100,652,1,2025-12-12 13:15:05,R_7CfGqkfrV65TcIa,,,,,39.4241,-87.6871,anonymous,EN,1,1,I pay attention,,,821,5006,930,23700000,92390,1350000,,841,6797,938,34900000,0,,633,6515,916,0,0,,,,,,,,,,,,,,,,,,,,,,,,,,,,,,,,,,,,,,,,,,,1,1,1,1,0,77,,,,,,,,,1,1,1,1,0,62,,,,,,,,,,,,,,,,,,,,,,,,,,,,,,1,1,1,1,0,29,,,,,,,,,,,,,,,,,,,,,,,1,1,1,1,0,49,,,,,,,,,1,1,1,1,0,14,,,,,,,,0,,5,665cdbb9278577e5acd6dafd,SlowFast,40,20,"""390 + 431 =","""3719 + 1187 =","""128 + 86 + 716 =","""870000 + 1500000 =<br>","""89630 + 2739 + 18 + 188 =","""9372894 + 33 + 297 + 55 + 170027 =","""340 + 491 =","""3219 + 3588 = ","""324 + 99 + 515 =","""790000 + 2700000 =","""79820 + 2817 + 12 + 298 = ","""270 + 363 =","""4137 + 2378 =","""214 + 78 + 618 =","""920000 + 1900000 =","""88520 + 1648 + 29 +169 =",12.06,31.83,16.16,37.62,31.24,15.03,37.66,11.52,31.02,40.00,8.45,12.51,14.86,20.00,20.00,25.29,821,5006,930,23700000,92390,841,6797,938,34900000,0,633,6515,916,0,0,1350000
2025-12-12 13:01:22,2025-12-12 13:15:22,0,172.88.73.91,100,840,1,2025-12-12 13:15:22,R_5G8TtSqOG9XOYEV,,,,,32.9661,-117.1202,anonymous,EN,1,1,"I pay attention ",,,821,5000,900,2370000,93000,0,,831,0,0,0,83300,,613,6515,914,2180000,90700,,,,,,,,,,,,,,,,,,,,,,1,1,1,1,0,60,,,,,,,,,,,,,,,,,,,,,,,1,0,0,1,0,50,,,,,,,,,1,0,0,0,0,62,,,,,,,,,,,,,,,,,,,,,,,,,,,,,,,,,,,,,,,,,,,,0,0,0,1,0,50,,1,0,0,1,0,51,,,,,,,,,,,,,,,,,,,,,,0,,4,659adacdf086ca557624a3ee,FastSlow,20,40,"""390 + 431 =","""3719 + 1187 =","""128 + 86 + 716 =","""870000 + 1500000 =<br>","""89630 + 2739 + 18 + 188 =","""9372894 + 33 + 297 + 55 + 170027 =","""340 + 491 =","""3219 + 3588 = ","""324 + 99 + 515 =","""790000 + 2700000 =","""79820 + 2817 + 12 + 298 = ","""270 + 363 =","""4137 + 2378 =","""214 + 78 + 618 =","""920000 + 1900000 =","""88520 + 1648 + 29 +169 =",22.88,39.71,35.59,36.83,19.67,16.53,20.00,20.00,20.00,14.45,31.57,32.01,20.39,38.60,24.15,40.00,821,5000,900,2370000,93000,831,0,0,0,83300,613,6515,914,2180000,90700,0
2025-12-12 13:07:59,2025-12-12 13:16:06,0,99.129.41.6,100,487,1,2025-12-12 13:16:07,R_3TzuUGCTa0jL1Zf,,,,,32.6085,-96.8655,anonymous,EN,1,1,I pay attention,,,821,4906,930,2370000,92575,0,,831,6807,938,0,82947,,633,6515,910,2820000,90366,,,,,,,,1,1,1,1,0,90,,,,,,,,,,,,,,,,,,,,,,,,,,,,,,1,0,1,0,0,90,,1,0,1,1,0,85,,,,,,,,,,,,,,,,,,,,,,,1,1,1,1,0,90,,,,,,,,,,,,,,,,,,,,,,,1,1,1,1,1,10,,,,,,,,,,,,,,,,,,,,,,,,,,,,,,,,,,,,0,,14,67018d436b1fa744dfee9df0,FastSlow,20,40,"""390 + 431 =","""3719 + 1187 =","""128 + 86 + 716 =","""870000 + 1500000 =<br>","""89630 + 2739 + 18 + 188 =","""9372894 + 33 + 297 + 55 + 170027 =","""340 + 491 =","""3219 + 3588 = ","""324 + 99 + 515 =","""790000 + 2700000 =","""79820 + 2817 + 12 + 298 = ","""270 + 363 =","""4137 + 2378 =","""214 + 78 + 618 =","""920000 + 1900000 =","""88520 + 1648 + 29 +169 =",6.58,10.49,8.31,15.43,32.71,9.19,11.18,8.90,20.00,16.84,5.26,8.82,4.35,13.02,26.29,40.00,821,4906,930,2370000,92575,831,6807,938,0,82947,633,6515,910,2820000,90366,0
2025-12-12 13:07:41,2025-12-12 13:19:33,0,23.126.71.180,100,712,1,2025-12-12 13:19:34,R_7hXTUHZYNlfsIrR,,,,,40.9794,-81.5357,anonymous,EN,1,1,I pay attention,,,821,4806,930,0,0,946291,,831,6907,938,0,82727,,633,6525,0,28200000,0,,,,,,,,,,,,,,,1,1,1,1,1,70,,,,,,,,,1,1,1,1,0,70,,,,,,,,,,,,,,,,1,0,0,0,0,70,,,,,,,,,,,,,,,,,,,,,,,,,,,,,,,,,,,,,,,,,,,,1,1,1,1,0,50,,,,,,,,,,,,,,,,,,,,,,,,,,,,,,,,,,,,,1,1,1,1,0,40,0,,5,680cd9ba4cb84b390a880c30,SlowFast,40,20,"""390 + 431 =","""3719 + 1187 =","""128 + 86 + 716 =","""870000 + 1500000 =<br>","""89630 + 2739 + 18 + 188 =","""9372894 + 33 + 297 + 55 + 170027 =","""340 + 491 =","""3219 + 3588 = ","""324 + 99 + 515 =","""790000 + 2700000 =","""79820 + 2817 + 12 + 298 = ","""270 + 363 =","""4137 + 2378 =","""214 + 78 + 618 =","""920000 + 1900000 =","""88520 + 1648 + 29 +169 =",9.98,34.70,15.31,40.00,40.00,11.07,29.60,17.71,40.00,39.28,9.70,17.31,20.00,17.64,20.00,29.13,821,4806,930,0,0,831,6907,938,0,82727,633,6525,0,28200000,0,946291
2025-12-12 13:05:03,2025-12-12 13:19:57,0,216.107.168.243,100,894,1,2025-12-12 13:19:58,R_68MHDYTNOl26Oad,,,,,39.1124,-87.6545,anonymous,EN,1,1,"I pay attention ",,,821,4906,930,2470000,0,0,,0,0,938,0,0,,633,6515,910,2820000,89966,,,,,,,,,,,,,,,,,,,,,,,,,,,,,1,0,1,1,0,35,,1,1,1,1,0,20,,,,,,,,,1,0,0,1,0,40,,,,,,,,,,,,,,,,,,,,,,,,,,,,,,1,1,1,1,1,5,,1,1,1,1,0,8,,,,,,,,,,,,,,,,,,,,,,,,,,,,,,,,,,,,,,,,,,,,,,,,,,0,,8,66985059ff08abc91b78325b,FastSlow,20,40,"""390 + 431 =","""3719 + 1187 =","""128 + 86 + 716 =","""870000 + 1500000 =<br>","""89630 + 2739 + 18 + 188 =","""9372894 + 33 + 297 + 55 + 170027 =","""340 + 491 =","""3219 + 3588 = ","""324 + 99 + 515 =","""790000 + 2700000 =","""79820 + 2817 + 12 + 298 = ","""270 + 363 =","""4137 + 2378 =","""214 + 78 + 618 =","""920000 + 1900000 =","""88520 + 1648 + 29 +169 =",12.46,17.77,30.05,23.83,40.00,20.00,20.00,16.39,20.00,20.00,11.74,32.65,20.57,18.27,36.89,40.00,821,4906,930,2470000,0,0,0,938,0,0,633,6515,910,2820000,89966,0
2025-12-12 13:12:13,2025-12-12 13:20:44,0,70.118.212.229,100,511,1,2025-12-12 13:20:45,R_7Q9s2LGFbVFvYfn,,,,,39.3037,-94.9322,anonymous,EN,1,1,I pay attention,,,821,4906,932,1020000,7985,9543306,,831,6807,938,3490000,82947,,633,6515,910,2820000,90366,,,,,,,,1,1,1,1,0,62,,,,,,,,,1,1,1,1,0,36,,,,,,,,,,,,,,,,0,0,0,0,0,42,,,,,,,,,,,,,,,,,,,,,,,,,,,,,,,,,,,,,,,,,,,,,,,,,,,,,,,,,,1,1,1,0,0,30,,,,,,,,,,,,,,,,,,,,,,,1,1,1,1,0,47,,,,,,,,0,None,12,65d587429ae199f8fb3d2af9,SlowFast,40,20,"""390 + 431 =","""3719 + 1187 =","""128 + 86 + 716 =","""870000 + 1500000 =<br>","""89630 + 2739 + 18 + 188 =","""9372894 + 33 + 297 + 55 + 170027 =","""340 + 491 =","""3219 + 3588 = ","""324 + 99 + 515 =","""790000 + 2700000 =","""79820 + 2817 + 12 + 298 = ","""270 + 363 =","""4137 + 2378 =","""214 + 78 + 618 =","""920000 + 1900000 =","""88520 + 1648 + 29 +169 =",17.75,13.76,13.74,22.71,21.41,10.11,14.05,13.38,19.23,17.98,9.49,12.15,10.24,16.46,18.76,30.97,821,4906,932,1020000,7985,831,6807,938,3490000,82947,633,6515,910,2820000,90366,9543306
2025-12-12 13:12:09,2025-12-12 13:21:35,0,71.60.38.188,100,566,1,2025-12-12 13:21:36,R_72Ex8nnICDynMO1,,,,,40.4324,-79.9247,anonymous,EN,1,1,I pay attention,,,821,4908,940,2370000,91948,1270000,,829,0,938,0,0,,633,6505,910,280000,0,,,,,,,,1,1,0,1,0,69,,,,,,,,,1,1,1,1,0,30,,,,,,,,,,,,,,,,,,,,,,,,,,,,,,,,,,,,,,,,,,,,,,,,,,,,,,,,,,,,,,,,,,,,,,,,,,,,,,,,,,,,,,0,0,0,0,0,42,,1,0,0,1,0,12,,0,0,1,1,0,3,,,,,,,,,,,,,,,0,,5,5e9dc87fa311c01108463305,FastSlow,20,40,"""390 + 431 =","""3719 + 1187 =","""128 + 86 + 716 =","""870000 + 1500000 =<br>","""89630 + 2739 + 18 + 188 =","""9372894 + 33 + 297 + 55 + 170027 =","""340 + 491 =","""3219 + 3588 = ","""324 + 99 + 515 =","""790000 + 2700000 =","""79820 + 2817 + 12 + 298 = ","""270 + 363 =","""4137 + 2378 =","""214 + 78 + 618 =","""920000 + 1900000 =","""88520 + 1648 + 29 +169 =",10.06,35.05,25.23,28.63,38.73,16.44,20.00,18.65,20.00,20.00,9.82,17.46,17.80,18.52,40.00,23.64,821,4908,940,2370000,91948,829,0,938,0,0,633,6505,910,280000,0,1270000
2025-12-12 13:08:56,2025-12-12 13:23:36,0,174.210.160.9,100,879,1,2025-12-12 13:23:36,R_7aQgxb9yCVniOJE,,,,,39.0696,-94.5693,anonymous,EN,1,1,I pay attention,,,821,4906,0,0,0,0,,831,6807,0,0,0,,0,0,0,0,0,,,,,,,,,,,,,,,,,,,,,,,,,,,,,,,,,,,,1,1,1,1,0,15,,0,1,0,0,0,50,,1,1,0,1,0,30,,,,,,,,,,,,,,,,,,,,,,,1,0,0,1,0,17,,,,,,,,,,,,,,,,,,,,,,,1,1,1,1,0,2,,,,,,,,,,,,,,,,,,,,,,,,,,,,,,,,,,,,0,,4,665a2cdd103e514a43e3d5fc,SlowFast,40,20,"""390 + 431 =","""3719 + 1187 =","""128 + 86 + 716 =","""870000 + 1500000 =<br>","""89630 + 2739 + 18 + 188 =","""9372894 + 33 + 297 + 55 + 170027 =","""340 + 491 =","""3219 + 3588 = ","""324 + 99 + 515 =","""790000 + 2700000 =","""79820 + 2817 + 12 + 298 = ","""270 + 363 =","""4137 + 2378 =","""214 + 78 + 618 =","""920000 + 1900000 =","""88520 + 1648 + 29 +169 =",20.46,28.82,40.00,40.00,40.00,14.24,33.95,40.00,40.00,40.00,20.00,20.00,20.00,20.00,20.00,40.00,821,4906,0,0,0,831,6807,0,0,0,0,0,0,0,0,0
2025-12-12 13:13:59,2025-12-12 13:24:11,0,76.124.224.241,100,612,1,2025-12-12 13:24:12,R_1bNYLVtxFFquSqt,,,,,40.1375,-75.2014,anonymous,EN,1,1,I pay attention,,,821,4906,1701,2270000,91340,11000000,,831,6807,940,0,83000,,633,6505,900,2820000,91000,,,,,,,,,,,,,,,,,,,,,,,,,,,,,,,,,,,,,,,,,,,,,,,,,,1,0,1,0,0,61,,1,0,0,0,0,57,,,,,,,,,,,,,,,,1,1,1,0,0,83,,,,,,,,,,,,,,,,,,,,,,,,,,,,,,,,,,,,,1,0,1,0,0,36,,1,0,0,0,0,38,,,,,,,,,,,,,,,0,,6,5ecd78784dc5af0d97078c8b,FastSlow,20,40,"""390 + 431 =","""3719 + 1187 =","""128 + 86 + 716 =","""870000 + 1500000 =<br>","""89630 + 2739 + 18 + 188 =","""9372894 + 33 + 297 + 55 + 170027 =","""340 + 491 =","""3219 + 3588 = ","""324 + 99 + 515 =","""790000 + 2700000 =","""79820 + 2817 + 12 + 298 = ","""270 + 363 =","""4137 + 2378 =","""214 + 78 + 618 =","""920000 + 1900000 =","""88520 + 1648 + 29 +169 =",14.03,28.31,17.33,28.75,26.66,9.14,19.71,19.23,20.00,17.63,12.75,15.98,18.02,19.21,14.03,15.58,821,4906,1701,2270000,91340,831,6807,940,0,83000,633,6505,900,2820000,91000,11000000
2025-12-12 13:14:05,2025-12-12 13:24:40,0,68.231.82.84,100,634,1,2025-12-12 13:24:40,R_6EaLNF541vIPqPU,,,,,33.6276,-112.0511,anonymous,EN,1,1,"I pay attention ",,,100,100,100,100,100,100,,100,100,100,100,100,,100,100,100,100,100,,,,,,,,,,,,,,,,,,,,,,,,,,,,,,,,,,,,,,,,,,,,,,,,,,,,,,,,,,,,,,,,,,,,,,,,,,,,,,1,0,0,1,0,32,,,,,,,,,,,,,,,,0,0,0,1,0,61,,,,,,,,,,,,,,,,,,,,,,,1,0,0,0,0,10,,0,0,0,1,0,21,,0,0,0,1,0,10,0,,,665773e884cedbe2cba4794e,SlowFast,40,20,"""390 + 431 =","""3719 + 1187 =","""128 + 86 + 716 =","""870000 + 1500000 =<br>","""89630 + 2739 + 18 + 188 =","""9372894 + 33 + 297 + 55 + 170027 =","""340 + 491 =","""3219 + 3588 = ","""324 + 99 + 515 =","""790000 + 2700000 =","""79820 + 2817 + 12 + 298 = ","""270 + 363 =","""4137 + 2378 =","""214 + 78 + 618 =","""920000 + 1900000 =","""88520 + 1648 + 29 +169 =",4.25,3.71,3.73,4.39,15.33,3.65,3.29,3.30,3.73,3.83,5.49,3.22,3.44,3.93,3.87,4.30,100,100,100,100,100,100,100,100,100,100,100,100,100,100,100,100
2025-12-12 13:14:12,2025-12-12 13:25:41,0,207.45.86.105,100,689,1,2025-12-12 13:25:42,R_5x4YD2buLOq8pCp,,,,,41.5876,-93.6194,anonymous,EN,1,1,i pay attention,,,821,4903,876,103000000000,91437,939245,,831,6807,938,10800000000,82027,,633,6504,802,101000000000,9500,,,,,,,,,,,,,,,,,,,,,,,,,,,,,,,,,,,,,,,,,,,,,,,,,,1,0,0,1,0,20,,,,,,,,,0,0,0,0,0,70,,,,,,,,,,,,,,,,1,1,0,1,0,30,,1,0,0,1,0,25,,,,,,,,,,,,,,,,,,,,,,,1,0,0,1,0,25,,,,,,,,,,,,,,,,,,,,,,0,,5,672ede539bd39a8deecc501d,SlowFast,40,20,"""390 + 431 =","""3719 + 1187 =","""128 + 86 + 716 =","""870000 + 1500000 =<br>","""89630 + 2739 + 18 + 188 =","""9372894 + 33 + 297 + 55 + 170027 =","""340 + 491 =","""3219 + 3588 = ","""324 + 99 + 515 =","""790000 + 2700000 =","""79820 + 2817 + 12 + 298 = ","""270 + 363 =","""4137 + 2378 =","""214 + 78 + 618 =","""920000 + 1900000 =","""88520 + 1648 + 29 +169 =",10.82,8.38,8.06,13.76,21.21,8.03,14.48,16.36,10.97,24.11,5.27,6.63,14.01,7.72,13.34,28.23,821,4903,876,103000000000,91437,831,6807,938,10800000000,82027,633,6504,802,101000000000,9500,939245
2025-12-12 13:17:34,2025-12-12 13:27:38,0,174.224.217.77,100,603,1,2025-12-12 13:27:38,R_7bVjq29dOsqNsX7,,,,,41.804,-87.707,anonymous,EN,1,1,I pay attention,,,821,4906,930,0,0,0,,831,6807,938,3490000,0,,643,6515,910,2820000,0,,,,,,,,,,,,,,,1,1,1,1,0,55,,,,,,,,,1,1,1,1,0,66,,,,,,,,,,,,,,,,,,,,,,,,,,,,,,1,0,0,0,0,68,,,,,,,,,,,,,,,,,,,,,,,1,1,1,1,0,42,,,,,,,,,,,,,,,,,,,,,,,,,,,,,,,,,,,,,,,,,,,,1,1,1,0,0,1,0,,10,678c51c4f4998df7a4eeaa3d,FastSlow,20,40,"""390 + 431 =","""3719 + 1187 =","""128 + 86 + 716 =","""870000 + 1500000 =<br>","""89630 + 2739 + 18 + 188 =","""9372894 + 33 + 297 + 55 + 170027 =","""340 + 491 =","""3219 + 3588 = ","""324 + 99 + 515 =","""790000 + 2700000 =","""79820 + 2817 + 12 + 298 = ","""270 + 363 =","""4137 + 2378 =","""214 + 78 + 618 =","""920000 + 1900000 =","""88520 + 1648 + 29 +169 =",11.72,12.93,18.98,40.00,40.00,18.17,14.29,14.03,17.93,20.00,9.18,22.23,14.71,14.37,40.00,40.00,821,4906,930,0,0,831,6807,938,3490000,0,643,6515,910,2820000,0,0
2025-12-12 13:15:34,2025-12-12 13:29:54,0,70.190.205.181,100,860,1,2025-12-12 13:29:55,R_6TAXdiExUg6jH6F,,,,,33.7069,-112.4332,anonymous,EN,1,1,I pay attention,,,921,4906,280,0,0,0,,831,6807,0,1060000,0,,633,6515,910,1020000,0,,,,,,,,,,,,,,,,,,,,,,,,,,,,,1,0,1,1,0,69,,,,,,,,,,,,,,,,0,0,1,1,0,27,,,,,,,,,1,0,0,0,0,62,,,,,,,,,1,0,1,1,0,50,,1,0,1,1,0,21,,,,,,,,,,,,,,,,,,,,,,,,,,,,,,,,,,,,,,,,,,,,,,,,,,,,,,,,,0,,6,66310bce1a0c0e0801d40dd6,FastSlow,20,40,"""390 + 431 =","""3719 + 1187 =","""128 + 86 + 716 =","""870000 + 1500000 =<br>","""89630 + 2739 + 18 + 188 =","""9372894 + 33 + 297 + 55 + 170027 =","""340 + 491 =","""3219 + 3588 = ","""324 + 99 + 515 =","""790000 + 2700000 =","""79820 + 2817 + 12 + 298 = ","""270 + 363 =","""4137 + 2378 =","""214 + 78 + 618 =","""920000 + 1900000 =","""88520 + 1648 + 29 +169 =",25.86,26.77,27.79,40.00,40.00,15.04,18.12,20.00,19.37,20.00,14.05,20.25,20.03,30.57,40.00,40.00,921,4906,280,0,0,831,6807,0,1060000,0,633,6515,910,1020000,0,0
2025-12-12 13:10:57,2025-12-12 13:29:57,0,172.56.12.222,100,1139,1,2025-12-12 13:29:57,R_7ymBr8sfk0C1RRf,,,,,44.9399,-93.2548,anonymous,EN,1,1,I pay attention,,,821,4906,930,2370000,92567,10054772,,831,6807,0,3490000,89653,,633,6525,910,2890000,567895,,,,,,,,,,,,,,,1,1,1,1,0,7,,,,,,,,,,,,,,,,,,,,,,,,,,,,,,,,,,,,,0,0,0,0,0,5,,,,,,,,,1,1,1,1,1,18,,1,0,1,1,0,21,,,,,,,,,,,,,,,,,,,,,,,,,,,,,,,,,,,,,1,0,1,1,0,9,,,,,,,,,,,,,,,,,,,,,,0,n/a,9,67839a9f3657ad5351a92bb6,FastSlow,20,40,"""390 + 431 =","""3719 + 1187 =","""128 + 86 + 716 =","""870000 + 1500000 =<br>","""89630 + 2739 + 18 + 188 =","""9372894 + 33 + 297 + 55 + 170027 =","""340 + 491 =","""3219 + 3588 = ","""324 + 99 + 515 =","""790000 + 2700000 =","""79820 + 2817 + 12 + 298 = ","""270 + 363 =","""4137 + 2378 =","""214 + 78 + 618 =","""920000 + 1900000 =","""88520 + 1648 + 29 +169 =",18.24,28.18,26.29,31.87,36.98,11.77,16.64,20.00,16.66,8.66,29.41,25.09,28.37,23.29,11.56,20.70,821,4906,930,2370000,92567,831,6807,0,3490000,89653,633,6525,910,2890000,567895,10054772
2025-12-12 13:19:30,2025-12-12 13:34:03,0,172.59.226.200,100,872,1,2025-12-12 13:34:04,R_5TU4BiAgWlrVhTP,,,,,39.7321,-104.9555,anonymous,EN,1,1,I pay attention,,,821,4986,1489,15870000,11846,1098340000,,731,6807,938,37900000,810007,,633,65000,950,29200000,0,,,,,,,,,,,,,,,,,,,,,,1,1,1,1,0,40,,,,,,,,,,,,,,,,,,,,,,,,,,,,,,,,,,,,,,,,,,,,1,0,0,1,0,10,,,,,,,,,1,1,1,1,0,39,,1,1,1,1,0,40,,,,,,,,,,,,,,,,,,,,,,,1,0,0,1,0,15,,,,,,,,,,,,,,,,,,,,,,0,,4,62d5d3fe0a7091a9b0586480,SlowFast,40,20,"""390 + 431 =","""3719 + 1187 =","""128 + 86 + 716 =","""870000 + 1500000 =<br>","""89630 + 2739 + 18 + 188 =","""9372894 + 33 + 297 + 55 + 170027 =","""340 + 491 =","""3219 + 3588 = ","""324 + 99 + 515 =","""790000 + 2700000 =","""79820 + 2817 + 12 + 298 = ","""270 + 363 =","""4137 + 2378 =","""214 + 78 + 618 =","""920000 + 1900000 =","""88520 + 1648 + 29 +169 =",17.89,33.48,36.16,36.35,31.77,20.57,22.58,22.81,33.32,30.36,14.28,12.55,10.43,15.49,20.00,39.08,821,4986,1489,15870000,11846,731,6807,938,37900000,810007,633,65000,950,29200000,0,1098340000
2025-12-12 13:14:55,2025-12-12 13:34:09,0,113.20.55.237,100,1154,1,2025-12-12 13:34:10,R_7sigg7OvRefbZnG,,,,,39.0814,-77.6443,anonymous,EN,0.8999999761581421,1,"I pay attention ",,,821,4906,930,2370000,92575,0,,831,6807,938,3490000,82947,,633,6515,910,2820000,90366,,,,,,,,,,,,,,,1,1,1,1,1,80,,,,,,,,,0,0,0,1,0,70,,,,,,,,,,,,,,,,,,,,,,,1,1,1,1,1,80,,,,,,,,,,,,,,,,,,,,,,,,,,,,,,,,,,,,,,,,,,,,,,,,,,,,,,,,,,1,1,0,1,1,65,,1,1,0,0,1,60,,,,,,,,,,,,,,,0,"I like calculations ",15,67e90eccc1592e147e1e88b0,SlowFast,40,20,"""390 + 431 =","""3719 + 1187 =","""128 + 86 + 716 =","""870000 + 1500000 =<br>","""89630 + 2739 + 18 + 188 =","""9372894 + 33 + 297 + 55 + 170027 =","""340 + 491 =","""3219 + 3588 = ","""324 + 99 + 515 =","""790000 + 2700000 =","""79820 + 2817 + 12 + 298 = ","""270 + 363 =","""4137 + 2378 =","""214 + 78 + 618 =","""920000 + 1900000 =","""88520 + 1648 + 29 +169 =",13.89,16.39,16.19,40.00,31.66,14.87,16.63,26.28,32.24,25.49,13.78,14.96,16.67,20.00,20.00,40.00,821,4906,930,2370000,92575,831,6807,938,3490000,82947,633,6515,910,2820000,90366,0
2025-12-12 13:24:53,2025-12-12 13:34:21,0,107.122.81.61,100,567,1,2025-12-12 13:34:22,R_7MKVgoIH5qUDRVN,,,,,47.6109,-122.3303,anonymous,EN,0.8999999761581421,1,I pay attention,,,821,4206,930,2370000,92540,9543800,,831,6307,938,3490000,0,,633,6515,910,2820000,90338,,,,,,,,,,,,,,,,,,,,,,,,,,,,,1,1,0,1,0,42,,1,1,1,1,1,4,,,,,,,,,,,,,,,,1,0,0,1,0,20,,0,0,0,0,0,36,,,,,,,,,,,,,,,,,,,,,,,,,,,,,,,,,,,,,,,,,,,,1,0,0,1,0,27,,,,,,,,,,,,,,,,,,,,,,,,,,,,,0,,10,6932f8200cc88ea0570aabba,FastSlow,20,40,"""390 + 431 =","""3719 + 1187 =","""128 + 86 + 716 =","""870000 + 1500000 =<br>","""89630 + 2739 + 18 + 188 =","""9372894 + 33 + 297 + 55 + 170027 =","""340 + 491 =","""3219 + 3588 = ","""324 + 99 + 515 =","""790000 + 2700000 =","""79820 + 2817 + 12 + 298 = ","""270 + 363 =","""4137 + 2378 =","""214 + 78 + 618 =","""920000 + 1900000 =","""88520 + 1648 + 29 +169 =",7.92,24.29,19.82,19.02,39.75,7.37,18.57,10.27,16.60,20.00,7.79,10.37,30.06,12.98,25.48,29.40,821,4206,930,2370000,92540,831,6307,938,3490000,0,633,6515,910,2820000,90338,9543800
2025-12-12 13:24:18,2025-12-12 13:36:23,0,159.48.112.144,100,725,1,2025-12-12 13:36:24,R_6YzYLyHsYYUYCH5,,,,,39.9311,-91.3761,anonymous,EN,1,1,"I pay attention ",,,821,4906,930,12000000,92535,0,,831,6807,838,3490000,82947,,633,0,908,1100000,0,,,,,,,,,,,,,,,1,1,1,1,0,65,,,,,,,,,,,,,,,,,,,,,,,,,,,,,,1,0,1,0,0,45,,,,,,,,,1,1,1,0,0,35,,,,,,,,,,,,,,,,,,,,,,,1,1,1,0,0,40,,,,,,,,,,,,,,,,0,0,0,0,0,61,,,,,,,,,,,,,,,,,,,,,,,,,,,,,0,,8,69156cb681f0e747e992b388,SlowFast,40,20,"""390 + 431 =","""3719 + 1187 =","""128 + 86 + 716 =","""870000 + 1500000 =<br>","""89630 + 2739 + 18 + 188 =","""9372894 + 33 + 297 + 55 + 170027 =","""340 + 491 =","""3219 + 3588 = ","""324 + 99 + 515 =","""790000 + 2700000 =","""79820 + 2817 + 12 + 298 = ","""270 + 363 =","""4137 + 2378 =","""214 + 78 + 618 =","""920000 + 1900000 =","""88520 + 1648 + 29 +169 =",9.96,17.97,16.27,31.46,35.84,15.42,32.22,18.42,32.51,36.28,14.84,20.00,17.20,19.27,20.00,40.00,821,4906,930,12000000,92535,831,6807,838,3490000,82947,633,0,908,1100000,0,0
2025-12-12 13:21:51,2025-12-12 13:36:58,0,68.224.22.87,100,907,1,2025-12-12 13:36:59,R_6MF38NNbNmuCX2U,,,,,36.0113,-115.2038,anonymous,EN,1,1,I pay attention,,,821,4906,930,2370000,0,0,,831,6807,938,3490000,0,,653,6515,914,2820000,0,,,,,,,,1,1,0,1,0,80,,,,,,,,,,,,,,,,,,,,,,,,,,,,,,0,0,0,1,0,80,,,,,,,,,1,1,0,1,0,35,,,,,,,,,,,,,,,,1,1,1,1,0,60,,,,,,,,,,,,,,,,,,,,,,,,,,,,,,1,1,0,1,0,60,,,,,,,,,,,,,,,,,,,,,,,,,,,,,0,,10,68c9adf3ce921224388f11f1,SlowFast,40,20,"""390 + 431 =","""3719 + 1187 =","""128 + 86 + 716 =","""870000 + 1500000 =<br>","""89630 + 2739 + 18 + 188 =","""9372894 + 33 + 297 + 55 + 170027 =","""340 + 491 =","""3219 + 3588 = ","""324 + 99 + 515 =","""790000 + 2700000 =","""79820 + 2817 + 12 + 298 = ","""270 + 363 =","""4137 + 2378 =","""214 + 78 + 618 =","""920000 + 1900000 =","""88520 + 1648 + 29 +169 =",9.81,12.50,27.35,19.35,40.00,13.43,15.43,28.42,12.72,40.00,8.81,15.86,17.45,11.90,20.00,40.00,821,4906,930,2370000,0,831,6807,938,3490000,0,653,6515,914,2820000,0,0
2025-12-12 13:32:47,2025-12-12 13:43:35,0,38.27.138.154,100,647,1,2025-12-12 13:43:36,R_7p6QdJE9J6J9jA5,,,,,41.4115,-75.6694,anonymous,EN,1,1,I pay attention,,,821,4908,1524,2370000,92750,10000000,,831,6827,938,34900000,83400,,533,0,988,0,89669,,,,,,,,,,,,,,,,,,,,,,1,1,1,1,0,62,,,,,,,,,,,,,,,,0,0,0,1,0,76,,,,,,,,,,,,,,,,1,1,0,0,0,78,,,,,,,,,,,,,,,,,,,,,,,,,,,,,,,,,,,,,,,,,,,,,,,,,,,,,,,,,,1,1,0,1,0,30,,,,,,,,,1,1,0,1,0,18,0,,4,67f972620fdbfde234aa54ef,SlowFast,40,20,"""390 + 431 =","""3719 + 1187 =","""128 + 86 + 716 =","""870000 + 1500000 =<br>","""89630 + 2739 + 18 + 188 =","""9372894 + 33 + 297 + 55 + 170027 =","""340 + 491 =","""3219 + 3588 = ","""324 + 99 + 515 =","""790000 + 2700000 =","""79820 + 2817 + 12 + 298 = ","""270 + 363 =","""4137 + 2378 =","""214 + 78 + 618 =","""920000 + 1900000 =","""88520 + 1648 + 29 +169 =",12.28,23.70,38.12,38.21,36.09,23.97,31.79,28.83,33.85,28.60,12.06,20.00,14.31,20.00,17.66,20.68,821,4908,1524,2370000,92750,831,6827,938,34900000,83400,533,0,988,0,89669,10000000
2025-12-12 13:35:24,2025-12-12 13:46:04,0,162.234.189.58,100,640,1,2025-12-12 13:46:05,R_7CjpYSQX2BrAKnL,,,,,33.9541,-81.1422,anonymous,EN,1,1,I pay attention,,,821,4906,910,237000,0,93523,,831,6807,938,3490000,3120,,643,6415,920,2820000,0,,,,,,,,,,,,,,,1,1,1,1,0,89,,1,1,1,1,0,70,,,,,,,,,,,,,,,,,,,,,,,,,,,,,,,,,,,,,,,,,,,,,,,,,,,,,,,,,,1,1,1,1,0,40,,1,1,1,1,1,14,,,,,,,,,,,,,,,,,,,,,,,,,,,,,,,,,,,,,,,,,,,,1,1,1,1,0,5,0,,7,6639ebf807878b4110374f02,SlowFast,40,20,"""390 + 431 =","""3719 + 1187 =","""128 + 86 + 716 =","""870000 + 1500000 =<br>","""89630 + 2739 + 18 + 188 =","""9372894 + 33 + 297 + 55 + 170027 =","""340 + 491 =","""3219 + 3588 = ","""324 + 99 + 515 =","""790000 + 2700000 =","""79820 + 2817 + 12 + 298 = ","""270 + 363 =","""4137 + 2378 =","""214 + 78 + 618 =","""920000 + 1900000 =","""88520 + 1648 + 29 +169 =",14.34,29.85,33.87,32.11,40.00,9.20,15.76,5.01,15.36,37.67,10.93,16.36,17.08,10.52,20.00,32.94,821,4906,910,237000,0,831,6807,938,3490000,3120,643,6415,920,2820000,0,93523
2025-12-12 13:34:01,2025-12-12 13:48:17,0,74.122.59.59,100,856,1,2025-12-12 13:48:18,R_6OqCkIP4GTb3XsX,,,,,37.751,-97.822,anonymous,EN,1,1,I pay attention,,,821,4906,930,2370000,92575,9543306,,831,6867,938,0,0,,633,6515,910,1110000,90366,,,,,,,,,,,,,,,,,,,,,,,,,,,,,1,1,1,1,1,96,,,,,,,,,1,1,1,1,1,91,,,,,,,,,,,,,,,,,,,,,,,,,,,,,,,,,,,,,1,1,1,1,1,89,,,,,,,,,,,,,,,,,,,,,,,,,,,,,,,,,,,,,1,1,1,1,1,70,,1,1,1,1,1,61,,,,,,,,0,,11,6845fad63da7756677508375,FastSlow,20,40,"""390 + 431 =","""3719 + 1187 =","""128 + 86 + 716 =","""870000 + 1500000 =<br>","""89630 + 2739 + 18 + 188 =","""9372894 + 33 + 297 + 55 + 170027 =","""340 + 491 =","""3219 + 3588 = ","""324 + 99 + 515 =","""790000 + 2700000 =","""79820 + 2817 + 12 + 298 = ","""270 + 363 =","""4137 + 2378 =","""214 + 78 + 618 =","""920000 + 1900000 =","""88520 + 1648 + 29 +169 =",14.62,24.59,26.26,35.23,31.64,11.68,14.31,15.07,20.00,20.00,13.63,21.78,15.71,27.93,18.46,36.20,821,4906,930,2370000,92575,831,6867,938,0,0,633,6515,910,1110000,90366,9543306
2025-12-12 13:39:08,2025-12-12 13:50:51,0,72.178.145.142,100,702,1,2025-12-12 13:50:51,R_3kkHN8rcsla2HoB,,,,,31.0065,-97.8406,anonymous,EN,0.800000011920929,1,I pay attention,,,821,4906,930,2370000,0,0,,831,6807,938,3490000,0,,633,6515,910,2820000,0,,,,,,,,,,,,,,,,,,,,,,,,,,,,,1,1,1,1,0,78,,1,1,1,1,1,50,,,,,,,,,,,,,,,,,,,,,,,,,,,,,,1,1,1,1,0,35,,,,,,,,,,,,,,,,,,,,,,,1,1,1,1,1,70,,,,,,,,,,,,,,,,,,,,,,,1,1,1,1,0,50,,,,,,,,,,,,,,,0,,12,65e77b8084a26a1e221bd436,FastSlow,20,40,"""390 + 431 =","""3719 + 1187 =","""128 + 86 + 716 =","""870000 + 1500000 =<br>","""89630 + 2739 + 18 + 188 =","""9372894 + 33 + 297 + 55 + 170027 =","""340 + 491 =","""3219 + 3588 = ","""324 + 99 + 515 =","""790000 + 2700000 =","""79820 + 2817 + 12 + 298 = ","""270 + 363 =","""4137 + 2378 =","""214 + 78 + 618 =","""920000 + 1900000 =","""88520 + 1648 + 29 +169 =",15.58,15.64,25.33,24.96,40.00,12.95,17.89,18.79,15.91,20.00,11.41,13.64,17.03,22.29,40.00,40.00,821,4906,930,2370000,0,831,6807,938,3490000,0,633,6515,910,2820000,0,0
2025-12-12 13:33:40,2025-12-12 13:50:59,0,173.19.158.0,100,1038,1,2025-12-12 13:50:59,R_6kNFMGMks2zGqpW,,,,,30.7782,-88.2592,anonymous,EN,1,1,"I pay attention ",,,821,0,930,0,0,0,,831,6807,938,0,0,,613,6515,0,1110000,0,,,,,,,,,,,,,,,,,,,,,,1,1,1,1,0,85,,,,,,,,,1,1,1,1,1,31,,,,,,,,,,,,,,,,,,,,,,,1,0,1,0,0,53,,1,0,1,1,0,33,,,,,,,,,1,1,1,1,0,24,,,,,,,,,,,,,,,,,,,,,,,,,,,,,,,,,,,,,,,,,,,,,,,,,,,,,,,,,0,,6,662f8a3bc02a7f164555439a,FastSlow,20,40,"""390 + 431 =","""3719 + 1187 =","""128 + 86 + 716 =","""870000 + 1500000 =<br>","""89630 + 2739 + 18 + 188 =","""9372894 + 33 + 297 + 55 + 170027 =","""340 + 491 =","""3219 + 3588 = ","""324 + 99 + 515 =","""790000 + 2700000 =","""79820 + 2817 + 12 + 298 = ","""270 + 363 =","""4137 + 2378 =","""214 + 78 + 618 =","""920000 + 1900000 =","""88520 + 1648 + 29 +169 =",13.85,40.00,26.68,40.00,40.00,19.08,19.23,17.32,20.00,20.00,8.46,39.15,40.00,20.95,40.00,40.00,821,0,930,0,0,831,6807,938,0,0,613,6515,0,1110000,0,0
2025-12-12 13:43:53,2025-12-12 13:53:26,0,173.48.183.138,100,572,1,2025-12-12 13:53:27,R_3tmuBgLkQBvxxIt,,,,,42.2546,-71.4564,anonymous,EN,1,1,I pay attention,,,821,4906,930,2370000,92575,9543306,,831,6807,938,3490000,82947,,633,6515,910,0,90366,,,,,,,,,,,,,,,,,,,,,,,,,,,,,1,1,1,0,1,53,,,,,,,,,,,,,,,,,,,,,,,,,,,,,,,,,,,,,,,,,,,,1,1,1,0,0,30,,1,1,1,0,0,30,,1,1,1,0,1,95,,,,,,,,,,,,,,,,,,,,,,,,,,,,,,1,1,1,0,0,30,,,,,,,,,,,,,,,0,,14,677249ee3a4f08a288a1f9fc,SlowFast,40,20,"""390 + 431 =","""3719 + 1187 =","""128 + 86 + 716 =","""870000 + 1500000 =<br>","""89630 + 2739 + 18 + 188 =","""9372894 + 33 + 297 + 55 + 170027 =","""340 + 491 =","""3219 + 3588 = ","""324 + 99 + 515 =","""790000 + 2700000 =","""79820 + 2817 + 12 + 298 = ","""270 + 363 =","""4137 + 2378 =","""214 + 78 + 618 =","""920000 + 1900000 =","""88520 + 1648 + 29 +169 =",17.77,16.93,16.32,23.78,37.85,10.80,12.90,11.58,21.22,21.15,10.17,9.99,11.14,20.00,17.22,33.25,821,4906,930,2370000,92575,831,6807,938,3490000,82947,633,6515,910,0,90366,9543306
2025-12-12 13:44:26,2025-12-12 13:54:20,0,35.146.38.162,100,593,1,2025-12-12 13:54:21,R_30k7yUbfPDfD43j,,,,,30.2304,-97.7243,anonymous,EN,1,1,I pay attention,,,821,3902,930,2370000,0,0,,831,0,0,349000,0,,633,6515,0,2820000,0,,,,,,,,,,,,,,,,,,,,,,,,,,,,,1,1,1,1,0,40,,,,,,,,,,,,,,,,,,,,,,,1,1,0,1,0,24,,,,,,,,,1,1,0,1,0,20,,,,,,,,,,,,,,,,1,1,1,1,0,30,,1,1,1,1,0,60,,,,,,,,,,,,,,,,,,,,,,,,,,,,,,,,,,,,,,,,,,,0,N/A,7,670181df01d5807d3bca5093,FastSlow,20,40,"""390 + 431 =","""3719 + 1187 =","""128 + 86 + 716 =","""870000 + 1500000 =<br>","""89630 + 2739 + 18 + 188 =","""9372894 + 33 + 297 + 55 + 170027 =","""340 + 491 =","""3219 + 3588 = ","""324 + 99 + 515 =","""790000 + 2700000 =","""79820 + 2817 + 12 + 298 = ","""270 + 363 =","""4137 + 2378 =","""214 + 78 + 618 =","""920000 + 1900000 =","""88520 + 1648 + 29 +169 =",9.51,16.51,18.61,20.18,40.00,15.59,20.00,20.00,,20.00,13.52,28.13,40.00,13.01,40.00,40.00,821,3902,930,2370000,0,831,0,0,349000,0,633,6515,0,2820000,0,0
2025-12-12 13:44:39,2025-12-12 13:55:26,0,86.109.85.167,100,647,1,2025-12-12 13:55:27,R_3CO8Qfhqsh4rGm4,,,,,35.2945,-78.0283,anonymous,EN,1,1,I pay attention,,,821,4906,930,2370000,92575,9543306,,831,6807,938,3490000,82947,,633,6515,910,2820000,90366,,,,,,,,1,1,1,1,1,90,,,,,,,,,,,,,,,,,,,,,,,,,,,,,,,,,,,,,,,,,,,,,,,,,,,,,,,,,,,,,,,,,,,,,,,,,,,,,,,1,1,1,1,1,55,,,,,,,,,1,1,1,1,1,60,,1,0,0,0,0,60,,1,1,0,0,0,50,,,,,,,,,,,,,,,,,,,,,,0,,15,67ddd4f85ab870ffd90cc888,SlowFast,40,20,"""390 + 431 =","""3719 + 1187 =","""128 + 86 + 716 =","""870000 + 1500000 =<br>","""89630 + 2739 + 18 + 188 =","""9372894 + 33 + 297 + 55 + 170027 =","""340 + 491 =","""3219 + 3588 = ","""324 + 99 + 515 =","""790000 + 2700000 =","""79820 + 2817 + 12 + 298 = ","""270 + 363 =","""4137 + 2378 =","""214 + 78 + 618 =","""920000 + 1900000 =","""88520 + 1648 + 29 +169 =",18.36,16.33,14.56,21.50,24.53,11.91,13.85,13.72,22.36,24.00,12.10,13.21,13.06,17.37,17.21,26.25,821,4906,930,2370000,92575,831,6807,938,3490000,82947,633,6515,910,2820000,90366,9543306
2025-12-12 13:44:40,2025-12-12 13:57:28,0,172.56.7.166,100,767,1,2025-12-12 13:57:28,R_14nue8hDOiDZ7K9,,,,,43.1824,-77.6309,anonymous,EN,1,1,I pay attention,,,821,48106,1630,101200000,0,0,,821,67107,0,0,0,,633,6515,15110,1100000,1215166,,,,,,,,1,1,1,1,0,99,,1,1,1,0,0,96,,,,,,,,,,,,,,,,,,,,,,,,,,,,,,,,,,,,,,,,,,,,,,,,,,,,,,,,,,,,,,,,,,,,,,,,1,1,1,1,0,60,,,,,,,,,,,,,,,,,,,,,,,,,,,,,,1,1,0,1,0,79,,,,,,,,,1,1,1,1,0,30,0,Thank you for the opportunity to participate in your research.,3,65ea3ad7b77c607619e7def6,FastSlow,20,40,"""390 + 431 =","""3719 + 1187 =","""128 + 86 + 716 =","""870000 + 1500000 =<br>","""89630 + 2739 + 18 + 188 =","""9372894 + 33 + 297 + 55 + 170027 =","""340 + 491 =","""3219 + 3588 = ","""324 + 99 + 515 =","""790000 + 2700000 =","""79820 + 2817 + 12 + 298 = ","""270 + 363 =","""4137 + 2378 =","""214 + 78 + 618 =","""920000 + 1900000 =","""88520 + 1648 + 29 +169 =",13.84,37.05,24.30,25.09,40.00,12.79,19.94,20.00,20.00,20.00,17.14,20.33,26.62,22.77,,40.00,821,48106,1630,101200000,0,821,67107,0,0,0,633,6515,15110,1100000,1215166,0
2025-12-12 13:46:40,2025-12-12 13:57:50,0,71.201.57.118,100,670,1,2025-12-12 13:57:50,R_7Q0IglQdmxTLfQN,,,,,41.779,-87.7789,anonymous,EN,1,1,I pay attention,,,821,4906,930,2370000,92575,0,,831,6807,0,8490000,0,,633,6515,910,2820000,91485,,,,,,,,,,,,,,,,,,,,,,,,,,,,,,,,,,,,,,,,,,,0,0,0,1,0,60,,1,0,0,1,0,35,,,,,,,,,,,,,,,,,,,,,,,1,1,0,1,0,50,,,,,,,,,,,,,,,,1,1,0,1,0,55,,,,,,,,,,,,,,,,,,,,,,,,,,,,,,1,0,0,1,0,55,,,,,,,,0,,11,5eb9be30dc83fb0e9107d418,FastSlow,20,40,"""390 + 431 =","""3719 + 1187 =","""128 + 86 + 716 =","""870000 + 1500000 =<br>","""89630 + 2739 + 18 + 188 =","""9372894 + 33 + 297 + 55 + 170027 =","""340 + 491 =","""3219 + 3588 = ","""324 + 99 + 515 =","""790000 + 2700000 =","""79820 + 2817 + 12 + 298 = ","""270 + 363 =","""4137 + 2378 =","""214 + 78 + 618 =","""920000 + 1900000 =","""88520 + 1648 + 29 +169 =",6.60,14.10,13.42,12.59,36.85,9.50,11.74,20.00,17.78,20.00,9.36,27.48,17.73,9.17,29.06,40.00,821,4906,930,2370000,92575,831,6807,0,8490000,0,633,6515,910,2820000,91485,0
2025-12-12 13:41:24,2025-12-12 13:58:24,0,67.187.157.136,100,1020,1,2025-12-12 13:58:25,R_1U87n7tBobH67jX,,,,,38.0253,-121.3009,anonymous,EN,0.800000011920929,1,I pay attention,,,821,4900,950,2370000,92000,12000000,,900,3800,930,3000000,83000,,633,6505,900,200000,92000,,,,,,,,,,,,,,,1,1,1,1,0,12,,,,,,,,,,,,,,,,1,1,1,1,1,8,,,,,,,,,,,,,,,,,,,,,,,,,,,,,,1,0,0,1,0,8,,,,,,,,,,,,,,,,,,,,,,,,,,,,,,,,,,,,,1,0,1,1,0,9,,,,,,,,,1,0,0,1,0,5,,,,,,,,,,,,,,,0,,3,5a82032017ef350001706e9a,FastSlow,20,40,"""390 + 431 =","""3719 + 1187 =","""128 + 86 + 716 =","""870000 + 1500000 =<br>","""89630 + 2739 + 18 + 188 =","""9372894 + 33 + 297 + 55 + 170027 =","""340 + 491 =","""3219 + 3588 = ","""324 + 99 + 515 =","""790000 + 2700000 =","""79820 + 2817 + 12 + 298 = ","""270 + 363 =","""4137 + 2378 =","""214 + 78 + 618 =","""920000 + 1900000 =","""88520 + 1648 + 29 +169 =",31.13,23.08,18.94,32.72,30.57,15.60,17.07,14.85,15.97,15.02,19.44,16.67,13.93,26.25,22.69,25.86,821,4900,950,2370000,92000,900,3800,930,3000000,83000,633,6505,900,200000,92000,12000000
2025-12-12 13:49:21,2025-12-12 13:59:45,0,129.212.118.103,100,623,1,2025-12-12 13:59:45,R_5eW0yAqz72hLy47,,,,,35.1328,-113.7033,anonymous,EN,1,1,I pay attention,,,821,4986,0,10200000,106552,0,,611,6791,934,11600000,0,,633,0,0,21000000,0,,,,,,,,,,,,,,,1,1,1,1,0,34,,,,,,,,,,,,,,,,,,,,,,,,,,,,,,,,,,,,,1,0,0,0,0,61,,,,,,,,,,,,,,,,1,1,0,1,0,22,,,,,,,,,1,1,1,0,0,55,,1,1,1,1,0,35,,,,,,,,,,,,,,,,,,,,,,,,,,,,,,,,,,,,,,,,,,,0,,2,65f684e029d7c63f3338aed7,SlowFast,40,20,"""390 + 431 =","""3719 + 1187 =","""128 + 86 + 716 =","""870000 + 1500000 =<br>","""89630 + 2739 + 18 + 188 =","""9372894 + 33 + 297 + 55 + 170027 =","""340 + 491 =","""3219 + 3588 = ","""324 + 99 + 515 =","""790000 + 2700000 =","""79820 + 2817 + 12 + 298 = ","""270 + 363 =","""4137 + 2378 =","""214 + 78 + 618 =","""920000 + 1900000 =","""88520 + 1648 + 29 +169 =",17.56,26.22,40.00,22.60,24.52,13.21,11.81,21.83,17.30,40.00,9.99,20.00,20.00,11.68,20.00,40.00,821,4986,0,10200000,106552,611,6791,934,11600000,0,633,0,0,21000000,0,0
2025-12-12 13:54:44,2025-12-12 14:03:37,0,73.252.241.60,100,533,1,2025-12-12 14:03:37,R_306Q5f9UMdwy8JX,,,,,37.9861,-122.5688,anonymous,EN,1,1,I pay attention,,,821,5806,960,2370000,11888000,932010,,831,6807,938,3490000,108947,,633,6515,910,2920000,90550,,,,,,,,,,,,,,,1,1,1,1,0,37,,,,,,,,,,,,,,,,1,1,1,1,1,14,,,,,,,,,1,1,0,1,0,38,,,,,,,,,,,,,,,,,,,,,,,,,,,,,,,,,,,,,1,1,1,1,0,54,,,,,,,,,,,,,,,,,,,,,,,,,,,,,,1,0,0,1,0,33,,,,,,,,,,,,,,,0,,9,66298145eb6880569bc344b6,SlowFast,40,20,"""390 + 431 =","""3719 + 1187 =","""128 + 86 + 716 =","""870000 + 1500000 =<br>","""89630 + 2739 + 18 + 188 =","""9372894 + 33 + 297 + 55 + 170027 =","""340 + 491 =","""3219 + 3588 = ","""324 + 99 + 515 =","""790000 + 2700000 =","""79820 + 2817 + 12 + 298 = ","""270 + 363 =","""4137 + 2378 =","""214 + 78 + 618 =","""920000 + 1900000 =","""88520 + 1648 + 29 +169 =",10.71,22.41,24.98,21.70,21.65,8.94,23.80,15.36,34.85,32.03,9.90,15.89,13.54,15.72,18.09,38.00,821,5806,960,2370000,11888000,831,6807,938,3490000,108947,633,6515,910,2920000,90550,932010
2025-12-12 13:45:46,2025-12-12 14:06:24,0,72.213.118.22,100,1238,1,2025-12-12 14:06:24,R_7GjMNQJoynaTCwS,,,,,35.6679,-97.4795,anonymous,EN,1,1,I pay attention,,,821,4906,1003,0,0,0,,831,6807,838,3490000,0,,633,0,0,0,0,,,,,,,,1,1,1,1,0,88,,,,,,,,,1,1,1,1,1,63,,,,,,,,,1,1,1,1,1,40,,1,0,0,0,0,96,,,,,,,,,,,,,,,,,,,,,,,,,,,,,,,,,,,,,,,,,,,,,,,,,,,,,,,,,,,,,,,,,,,,,,,,,,,,,,,1,1,0,1,0,58,,,,,,,,,,,,,,,0,,6,68bb75e3f99a5ad10b5c965a,SlowFast,40,20,"""390 + 431 =","""3719 + 1187 =","""128 + 86 + 716 =","""870000 + 1500000 =<br>","""89630 + 2739 + 18 + 188 =","""9372894 + 33 + 297 + 55 + 170027 =","""340 + 491 =","""3219 + 3588 = ","""324 + 99 + 515 =","""790000 + 2700000 =","""79820 + 2817 + 12 + 298 = ","""270 + 363 =","""4137 + 2378 =","""214 + 78 + 618 =","""920000 + 1900000 =","""88520 + 1648 + 29 +169 =",11.88,31.92,33.94,40.00,40.00,9.90,31.83,25.26,27.77,40.00,11.53,20.00,20.00,20.00,20.00,40.00,821,4906,1003,0,0,831,6807,838,3490000,0,633,0,0,0,0,0
2025-12-12 14:08:16,2025-12-12 14:18:07,0,172.58.127.58,100,590,1,2025-12-12 14:18:07,R_1F31BzftUYD40Wu,,,,,42.3575,-83.2162,anonymous,EN,0.8999999761581421,1,"I pay attention ",,,823,4890,926,4000000,93000,9600000,,831,6780,973,1800000,93500,,633,6500,914,0,90000,,,,,,,,,,,,,,,1,1,1,1,0,25,,,,,,,,,,,,,,,,,,,,,,,1,0,0,0,0,40,,,,,,,,,,,,,,,,,,,,,,,,,,,,,,1,1,1,0,0,15,,,,,,,,,0,0,1,1,0,20,,,,,,,,,1,1,1,1,0,5,,,,,,,,,,,,,,,,,,,,,,,,,,,,,,,,,,,,0,,2,66e5ab0828cf6046bd8f1df1,SlowFast,40,20,"""390 + 431 =","""3719 + 1187 =","""128 + 86 + 716 =","""870000 + 1500000 =<br>","""89630 + 2739 + 18 + 188 =","""9372894 + 33 + 297 + 55 + 170027 =","""340 + 491 =","""3219 + 3588 = ","""324 + 99 + 515 =","""790000 + 2700000 =","""79820 + 2817 + 12 + 298 = ","""270 + 363 =","""4137 + 2378 =","""214 + 78 + 618 =","""920000 + 1900000 =","""88520 + 1648 + 29 +169 =",13.30,13.84,9.89,24.28,15.94,18.08,12.77,21.76,26.58,23.82,17.76,7.74,6.62,20.00,12.40,17.88,823,4890,926,4000000,93000,831,6780,973,1800000,93500,633,6500,914,0,90000,9600000
2025-12-12 14:04:38,2025-12-12 14:19:41,0,97.86.225.231,100,903,1,2025-12-12 14:19:41,R_35QbSacScN7xArL,,,,,43.3255,-88.1644,anonymous,EN,1,1,I pay attention,,,821,4906,0,2370000,0,0,,0,0,938,0,0,,633,6515,920,2820000,0,,,,,,,,,,,,,,,,,,,,,,1,1,1,1,0,81,,,,,,,,,,,,,,,,0,0,0,1,0,81,,,,,,,,,,,,,,,,1,0,0,0,0,85,,,,,,,,,1,1,1,1,0,90,,,,,,,,,1,1,1,1,0,62,,,,,,,,,,,,,,,,,,,,,,,,,,,,,,,,,,,,,,,,,,,,,,,,,,0,,7,662d56e5cc343fb58134d622,FastSlow,20,40,"""390 + 431 =","""3719 + 1187 =","""128 + 86 + 716 =","""870000 + 1500000 =<br>","""89630 + 2739 + 18 + 188 =","""9372894 + 33 + 297 + 55 + 170027 =","""340 + 491 =","""3219 + 3588 = ","""324 + 99 + 515 =","""790000 + 2700000 =","""79820 + 2817 + 12 + 298 = ","""270 + 363 =","""4137 + 2378 =","""214 + 78 + 618 =","""920000 + 1900000 =","""88520 + 1648 + 29 +169 =",14.93,33.88,40.00,32.04,40.00,20.00,20.00,15.88,20.00,20.00,22.25,19.72,29.80,15.46,40.00,40.00,821,4906,0,2370000,0,0,0,938,0,0,633,6515,920,2820000,0,0
2025-12-12 13:50:52,2025-12-12 14:20:27,0,86.109.83.133,100,1775,1,2025-12-12 14:20:27,R_3v8hUNl2uwDaYB4,,,,,37.8117,-80.4434,anonymous,EN,1,1,I pay attention,,,821,4906,930,22000000,92575,9448306,,831,6807,938,0,82947,,633,6515,910,2820000,90366,,,,,,,,1,1,1,0,0,95,,,,,,,,,,,,,,,,,,,,,,,1,1,1,1,0,64,,,,,,,,,,,,,,,,1,1,1,1,0,94,,,,,,,,,,,,,,,,,,,,,,,,,,,,,,1,1,1,1,0,61,,,,,,,,,,,,,,,,,,,,,,,,,,,,,,,,,,,,,,,,,,,,1,1,1,0,0,72,0,Thanks,13,683667d92d0bfb2cf3f5c7a6,FastSlow,20,40,"""390 + 431 =","""3719 + 1187 =","""128 + 86 + 716 =","""870000 + 1500000 =<br>","""89630 + 2739 + 18 + 188 =","""9372894 + 33 + 297 + 55 + 170027 =","""340 + 491 =","""3219 + 3588 = ","""324 + 99 + 515 =","""790000 + 2700000 =","""79820 + 2817 + 12 + 298 = ","""270 + 363 =","""4137 + 2378 =","""214 + 78 + 618 =","""920000 + 1900000 =","""88520 + 1648 + 29 +169 =",18.59,14.87,13.02,37.26,22.29,18.58,14.79,17.09,20.00,17.75,15.30,17.54,14.87,34.12,19.66,23.94,821,4906,930,22000000,92575,831,6807,938,0,82947,633,6515,910,2820000,90366,9448306
2025-12-12 14:00:20,2025-12-12 14:22:49,0,35.145.69.10,100,1349,1,2025-12-12 14:22:49,R_6NCDjmBgw8kB87I,,,,,28.9351,-81.9903,anonymous,EN,1,1,I pay attention,,,821,4906,930,2370000,0,0,,831,6807,938,3490000,0,,633,0,0,0,0,,,,,,,,1,0,0,1,0,70,,,,,,,,,1,1,1,1,1,30,,,,,,,,,,,,,,,,,,,,,,,,,,,,,,,,,,,,,,,,,,,,,,,,,,,1,1,0,1,0,50,,,,,,,,,1,1,1,1,1,15,,1,1,0,1,0,35,,,,,,,,,,,,,,,,,,,,,,,,,,,,,,,,,,,,,,,,,,,0,,9,5d89109e91ce580015b93bb5,SlowFast,40,20,"""390 + 431 =","""3719 + 1187 =","""128 + 86 + 716 =","""870000 + 1500000 =<br>","""89630 + 2739 + 18 + 188 =","""9372894 + 33 + 297 + 55 + 170027 =","""340 + 491 =","""3219 + 3588 = ","""324 + 99 + 515 =","""790000 + 2700000 =","""79820 + 2817 + 12 + 298 = ","""270 + 363 =","""4137 + 2378 =","""214 + 78 + 618 =","""920000 + 1900000 =","""88520 + 1648 + 29 +169 =",13.94,33.41,18.35,32.94,40.00,11.94,24.54,28.27,20.29,40.00,13.39,20.00,20.00,20.00,20.00,40.00,821,4906,930,2370000,0,831,6807,938,3490000,0,633,0,0,0,0,0
2025-12-12 14:12:23,2025-12-12 14:23:07,0,192.198.57.231,100,644,1,2025-12-12 14:23:08,R_3K1pIJV5FKAq6Fs,,,,,38.9582,-85.8875,anonymous,EN,1,1,I pay attention,,,932,4806,930,10200000,92639,9500000,,831,6807,938,10600000,0,,633,6515,920,28200000,0,,,,,,,,,,,,,,,,,,,,,,,,,,,,,,,,,,,,,,,,,,,1,0,0,0,0,90,,,,,,,,,,,,,,,,,,,,,,,,,,,,,,,,,,,,,,,,,,,,,,,,,,,,,,,,,,1,1,1,1,1,2,,,,,,,,,1,0,0,0,0,60,,,,,,,,,1,0,0,0,0,40,,1,1,0,1,0,5,0,,6,676c9d1a76e650632accd4f7,SlowFast,40,20,"""390 + 431 =","""3719 + 1187 =","""128 + 86 + 716 =","""870000 + 1500000 =<br>","""89630 + 2739 + 18 + 188 =","""9372894 + 33 + 297 + 55 + 170027 =","""340 + 491 =","""3219 + 3588 = ","""324 + 99 + 515 =","""790000 + 2700000 =","""79820 + 2817 + 12 + 298 = ","""270 + 363 =","""4137 + 2378 =","""214 + 78 + 618 =","""920000 + 1900000 =","""88520 + 1648 + 29 +169 =",7.31,11.73,27.82,23.68,31.68,9.15,10.92,17.44,14.43,40.00,6.63,14.77,11.59,11.10,20.00,33.90,932,4806,930,10200000,92639,831,6807,938,10600000,0,633,6515,920,28200000,0,9500000
2025-12-12 14:17:37,2025-12-12 14:28:09,0,108.147.172.39,100,631,1,2025-12-12 14:28:10,R_3wAhhemeaHFIpnY,,,,,33.5038,-112.0253,anonymous,EN,1,1,"I pay attention ",,,822,0,932,102000000000,76000,0,,831,0,938,10000000,0,,633,6585,0,10100000,93000,,,,,,,,,,,,,,,,,,,,,,1,0,1,0,0,73,,,,,,,,,,,,,,,,0,0,0,0,0,23,,,,,,,,,,,,,,,,,,,,,,,,,,,,,,,,,,,,,1,1,1,1,1,18,,1,1,1,1,0,14,,,,,,,,,,,,,,,,,,,,,,,,,,,,,,,,,,,,,,,,,,,,1,1,1,1,1,0,0,,3,67ab899c0e7db664870e939e,FastSlow,20,40,"""390 + 431 =","""3719 + 1187 =","""128 + 86 + 716 =","""870000 + 1500000 =<br>","""89630 + 2739 + 18 + 188 =","""9372894 + 33 + 297 + 55 + 170027 =","""340 + 491 =","""3219 + 3588 = ","""324 + 99 + 515 =","""790000 + 2700000 =","""79820 + 2817 + 12 + 298 = ","""270 + 363 =","""4137 + 2378 =","""214 + 78 + 618 =","""920000 + 1900000 =","""88520 + 1648 + 29 +169 =",12.06,40.00,39.51,27.28,31.03,10.28,20.00,17.49,15.00,20.00,16.10,32.81,40.00,9.98,28.74,40.00,822,0,932,102000000000,76000,831,0,938,10000000,0,633,6585,0,10100000,93000,0
2025-12-12 14:17:27,2025-12-12 14:29:51,0,172.56.157.130,100,743,1,2025-12-12 14:29:51,R_6sbdVWz0jGJUDhM,,,,,45.5496,-122.5044,anonymous,EN,1,1,"I pay attention ",,,821,3906,230,1587000,96000,950000,,431,3807,438,34900000,0,,333,0,0,0,0,,,,,,,,,,,,,,,,,,,,,,1,1,1,1,0,71,,,,,,,,,,,,,,,,0,0,0,0,0,33,,,,,,,,,,,,,,,,1,1,1,0,0,60,,,,,,,,,,,,,,,,,,,,,,,1,0,1,1,0,40,,1,1,1,1,1,21,,,,,,,,,,,,,,,,,,,,,,,,,,,,,,,,,,,,,,,,,,,0,,1,5e68a509d40a4914619d2171,SlowFast,40,20,"""390 + 431 =","""3719 + 1187 =","""128 + 86 + 716 =","""870000 + 1500000 =<br>","""89630 + 2739 + 18 + 188 =","""9372894 + 33 + 297 + 55 + 170027 =","""340 + 491 =","""3219 + 3588 = ","""324 + 99 + 515 =","""790000 + 2700000 =","""79820 + 2817 + 12 + 298 = ","""270 + 363 =","""4137 + 2378 =","""214 + 78 + 618 =","""920000 + 1900000 =","""88520 + 1648 + 29 +169 =",27.06,25.46,31.34,39.77,16.07,12.58,19.75,37.02,38.81,40.00,14.16,20.00,20.00,20.00,8.80,30.15,821,3906,230,1587000,96000,431,3807,438,34900000,0,333,0,0,0,0,950000
2025-12-12 14:19:30,2025-12-12 14:30:47,0,68.255.233.73,100,676,1,2025-12-12 14:30:47,R_6B3ynC9vNZRIql3,,,,,30.0523,-95.3707,anonymous,EN,0.699999988079071,1,I pay attention,,,821,0,930,2300000,0,0,,831,0,0,3600000,0,,633,6515,910,2300000,0,,,,,,,,,,,,,,,1,1,1,1,0,36,,,,,,,,,,,,,,,,,,,,,,,0,0,0,0,0,63,,,,,,,,,,,,,,,,,,,,,,,,,,,,,,,,,,,,,,,,,,,,,,,,,,,1,1,1,1,0,40,,,,,,,,,,,,,,,,1,0,1,1,0,43,,,,,,,,,1,0,1,0,0,42,,,,,,,,0,,6,6787084af5abb0aa321e6b08,FastSlow,20,40,"""390 + 431 =","""3719 + 1187 =","""128 + 86 + 716 =","""870000 + 1500000 =<br>","""89630 + 2739 + 18 + 188 =","""9372894 + 33 + 297 + 55 + 170027 =","""340 + 491 =","""3219 + 3588 = ","""324 + 99 + 515 =","""790000 + 2700000 =","""79820 + 2817 + 12 + 298 = ","""270 + 363 =","""4137 + 2378 =","""214 + 78 + 618 =","""920000 + 1900000 =","""88520 + 1648 + 29 +169 =",15.10,40.00,20.41,24.44,40.00,15.51,20.00,20.00,15.27,20.00,16.10,24.38,19.77,18.75,40.00,40.00,821,0,930,2300000,0,831,0,0,3600000,0,633,6515,910,2300000,0,0
2025-12-12 14:16:18,2025-12-12 14:32:24,0,154.7.225.201,100,965,1,2025-12-12 14:32:24,R_5DecpCMdmxFggQl,,,,,39.0469,-77.4903,anonymous,EN,1,1,I pay attention,,,821,4906,930,2370000,1112457,9543306,,831,6807,938,34900000,82947,,633,6515,910,2820000,10696,,,,,,,,1,1,1,1,0,70,,1,1,1,1,0,72,,,,,,,,,,,,,,,,,,,,,,,,,,,,,,1,1,1,1,0,71,,,,,,,,,1,1,1,1,0,71,,,,,,,,,,,,,,,,,,,,,,,,,,,,,,,,,,,,,,,,,,,,,,,,,,,,,,,,,,,,,,,,,1,1,1,1,0,60,,,,,,,,0,None,12,67dd9d7cb2b6bc83e7981f45,FastSlow,20,40,"""390 + 431 =","""3719 + 1187 =","""128 + 86 + 716 =","""870000 + 1500000 =<br>","""89630 + 2739 + 18 + 188 =","""9372894 + 33 + 297 + 55 + 170027 =","""340 + 491 =","""3219 + 3588 = ","""324 + 99 + 515 =","""790000 + 2700000 =","""79820 + 2817 + 12 + 298 = ","""270 + 363 =","""4137 + 2378 =","""214 + 78 + 618 =","""920000 + 1900000 =","""88520 + 1648 + 29 +169 =",11.22,14.55,15.30,20.46,29.00,12.12,15.09,17.11,18.48,19.91,12.05,15.02,13.76,27.43,19.29,31.93,821,4906,930,2370000,1112457,831,6807,938,34900000,82947,633,6515,910,2820000,10696,9543306
2025-12-12 14:21:34,2025-12-12 14:32:43,0,97.186.156.123,100,669,1,2025-12-12 14:32:43,R_5WBzMNXMAt3itxv,,,,,38.8868,-94.8223,anonymous,EN,0.800000011920929,1,I pay attention,,,821,5907,1000,10200000,92000,9500005,,831,6807,938,0,82017,,633,6515,812,10900000,90347,,,,,,,,,,,,,,,,,,,,,,1,1,1,1,0,40,,,,,,,,,,,,,,,,0,0,0,1,0,75,,,,,,,,,,,,,,,,,,,,,,,,,,,,,,,,,,,,,,,,,,,,1,1,1,1,0,50,,,,,,,,,,,,,,,,,,,,,,,,,,,,,,1,0,0,1,0,25,,,,,,,,,1,1,1,1,0,5,0,,6,67e467ad6bd6407f4c60fb77,FastSlow,20,40,"""390 + 431 =","""3719 + 1187 =","""128 + 86 + 716 =","""870000 + 1500000 =<br>","""89630 + 2739 + 18 + 188 =","""9372894 + 33 + 297 + 55 + 170027 =","""340 + 491 =","""3219 + 3588 = ","""324 + 99 + 515 =","""790000 + 2700000 =","""79820 + 2817 + 12 + 298 = ","""270 + 363 =","""4137 + 2378 =","""214 + 78 + 618 =","""920000 + 1900000 =","""88520 + 1648 + 29 +169 =",16.83,19.49,16.17,27.03,17.66,17.61,16.62,11.49,20.00,12.35,7.74,9.57,14.49,30.33,37.46,29.09,821,5907,1000,10200000,92000,831,6807,938,0,82017,633,6515,812,10900000,90347,9500005
2025-12-12 14:20:34,2025-12-12 14:38:57,0,172.56.218.54,100,1102,1,2025-12-12 14:38:57,R_763Ca5hYytdv4y2,,,,,39.9486,-75.2339,anonymous,EN,1,1,I pay attention,,,821,4906,930,2370000,0,0,,831,6811,938,3490000,65345,,0,0,910,0,0,,,,,,,,1,0,1,0,0,40,,,,,,,,,,,,,,,,,,,,,,,1,1,1,0,1,8,,,,,,,,,,,,,,,,,,,,,,,,,,,,,,,,,,,,,1,1,1,0,0,41,,1,1,1,0,0,30,,,,,,,,,,,,,,,,1,1,1,1,1,2,,,,,,,,,,,,,,,,,,,,,,,,,,,,,,,,,,,,0,Thank you!,8,662c1b87d84d0f2111bb3a56,SlowFast,40,20,"""390 + 431 =","""3719 + 1187 =","""128 + 86 + 716 =","""870000 + 1500000 =<br>","""89630 + 2739 + 18 + 188 =","""9372894 + 33 + 297 + 55 + 170027 =","""340 + 491 =","""3219 + 3588 = ","""324 + 99 + 515 =","""790000 + 2700000 =","""79820 + 2817 + 12 + 298 = ","""270 + 363 =","""4137 + 2378 =","""214 + 78 + 618 =","""920000 + 1900000 =","""88520 + 1648 + 29 +169 =",15.21,35.03,18.16,26.86,40.00,22.13,29.39,34.72,35.37,32.47,20.00,20.00,16.89,20.00,20.00,40.00,821,4906,930,2370000,0,831,6811,938,3490000,65345,0,0,910,0,0,0
2025-12-12 14:17:29,2025-12-12 14:39:04,0,154.7.225.23,100,1295,1,2025-12-12 14:39:05,R_1GFIZ1seJaudqff,,,,,39.0469,-77.4903,anonymous,EN,1,1,I pay attention,,,821,0,930,0,0,0,,831,0,0,0,0,,663,6415,910,1920000,0,,,,,,,,1,1,1,1,0,70,,,,,,,,,,,,,,,,1,1,1,1,0,57,,,,,,,,,,,,,,,,,,,,,,,1,1,0,0,0,61,,,,,,,,,,,,,,,,1,1,0,0,0,65,,1,1,1,0,0,55,,,,,,,,,,,,,,,,,,,,,,,,,,,,,,,,,,,,,,,,,,,,,,,,,,,,,,,,,0,,4,67f067f743c72104040dc225,FastSlow,20,40,"""390 + 431 =","""3719 + 1187 =","""128 + 86 + 716 =","""870000 + 1500000 =<br>","""89630 + 2739 + 18 + 188 =","""9372894 + 33 + 297 + 55 + 170027 =","""340 + 491 =","""3219 + 3588 = ","""324 + 99 + 515 =","""790000 + 2700000 =","""79820 + 2817 + 12 + 298 = ","""270 + 363 =","""4137 + 2378 =","""214 + 78 + 618 =","""920000 + 1900000 =","""88520 + 1648 + 29 +169 =",28.65,40.00,17.75,40.00,40.00,9.38,20.00,20.00,20.00,20.00,21.18,34.45,21.02,23.83,40.00,40.00,821,0,930,0,0,831,0,0,0,0,663,6415,910,1920000,0,0
2025-12-12 14:25:34,2025-12-12 14:39:29,0,98.97.118.191,100,834,1,2025-12-12 14:39:30,R_3QfDfjTTaqdl0f7,,,,,33.4532,-112.0748,anonymous,EN,1,1,I pay attention,,,821,4906,920,2370000,0,0,,831,0,0,3490000,0,,633,6515,910,2820000,90356,,,,,,,,,,,,,,,,,,,,,,,,,,,,,,,,,,,,,,,,,,,,,,,,,,,,,,,,,,,,,,,,1,1,0,1,0,76,,1,1,1,1,0,10,,,,,,,,,1,1,1,1,0,56,,1,1,1,1,0,25,,,,,,,,,,,,,,,,0,0,0,1,0,65,,,,,,,,,,,,,,,,,,,,,,,,,,,,,0,"just to note, I did type the numbers in per numerical place as I calculated them, back to forward, but didn't use any external tools. I have a really hard time with mental math and typing them in to the box by column (from the back) did break down the complexity a bit. my mental imagery for numbers is terrible and I have always needed to use pencil and paper like i was taught in school. ",9,5f4ae7cb6b68b56c2acb12c8,FastSlow,20,40,"""390 + 431 =","""3719 + 1187 =","""128 + 86 + 716 =","""870000 + 1500000 =<br>","""89630 + 2739 + 18 + 188 =","""9372894 + 33 + 297 + 55 + 170027 =","""340 + 491 =","""3219 + 3588 = ","""324 + 99 + 515 =","""790000 + 2700000 =","""79820 + 2817 + 12 + 298 = ","""270 + 363 =","""4137 + 2378 =","""214 + 78 + 618 =","""920000 + 1900000 =","""88520 + 1648 + 29 +169 =",14.23,23.39,26.48,34.54,40.00,10.57,20.00,20.00,19.59,20.00,15.43,17.89,23.13,21.65,38.41,40.00,821,4906,920,2370000,0,831,0,0,3490000,0,633,6515,910,2820000,90356,0
2025-12-12 14:29:41,2025-12-12 14:39:32,0,47.12.122.53,100,590,1,2025-12-12 14:39:32,R_1me2kUkO1rxtkRH,,,,,46.8548,-92.0053,anonymous,EN,1,1,'I pay attention',,,816,4900,900,10700000,111730,11129754,,830,5789,925,1000000,81300,,610,6500,987,19200000,90000,,,,,,,,,,,,,,,1,1,0,0,0,72,,,,,,,,,1,0,0,1,0,63,,1,1,1,1,1,92,,,,,,,,,,,,,,,,,,,,,,,,,,,,,,,,,,,,,,,,,,,,,,,,,,,,,,,,,,,,,,,,,,,,,,,,1,0,0,0,0,60,,1,1,0,0,0,40,,,,,,,,,,,,,,,,,,,,,,0,It was challenging!,,676c6d4ab88f95b3e9342f6f,SlowFast,40,20,"""390 + 431 =","""3719 + 1187 =","""128 + 86 + 716 =","""870000 + 1500000 =<br>","""89630 + 2739 + 18 + 188 =","""9372894 + 33 + 297 + 55 + 170027 =","""340 + 491 =","""3219 + 3588 = ","""324 + 99 + 515 =","""790000 + 2700000 =","""79820 + 2817 + 12 + 298 = ","""270 + 363 =","""4137 + 2378 =","""214 + 78 + 618 =","""920000 + 1900000 =","""88520 + 1648 + 29 +169 =",15.57,21.47,14.66,23.39,17.05,22.40,27.52,10.08,17.52,16.05,11.22,9.89,8.65,17.00,11.69,18.56,816,4900,900,10700000,111730,830,5789,925,1000000,81300,610,6500,987,19200000,90000,11129754
2025-12-12 14:18:20,2025-12-12 14:40:41,0,152.208.57.55,100,1341,1,2025-12-12 14:40:42,R_7qxNr6BgUrLMMe4,,,,,40.3404,-76.7882,anonymous,EN,1,1,I pay attention,,,821,4906,934,29500000,80575,10500000,,831,6707,938,34000000,0,,633,6505,0,2800000,0,,,,,,,,,,,,,,,1,1,0,0,0,72,,1,1,1,0,0,54,,,,,,,,,,,,,,,,,,,,,,,1,0,0,0,0,67,,,,,,,,,,,,,,,,,,,,,,,,,,,,,,,,,,,,,,,,,,,,,,,,,,,1,1,1,1,1,54,,,,,,,,,,,,,,,,,,,,,,,1,1,1,0,0,59,,,,,,,,0,,5,6543e26907b8e35facc1afe9,SlowFast,40,20,"""390 + 431 =","""3719 + 1187 =","""128 + 86 + 716 =","""870000 + 1500000 =<br>","""89630 + 2739 + 18 + 188 =","""9372894 + 33 + 297 + 55 + 170027 =","""340 + 491 =","""3219 + 3588 = ","""324 + 99 + 515 =","""790000 + 2700000 =","""79820 + 2817 + 12 + 298 = ","""270 + 363 =","""4137 + 2378 =","""214 + 78 + 618 =","""920000 + 1900000 =","""88520 + 1648 + 29 +169 =",16.82,28.68,29.64,28.09,33.97,18.07,35.53,31.66,39.24,40.00,12.69,18.43,20.00,15.63,20.00,38.83,821,4906,934,29500000,80575,831,6707,938,34000000,0,633,6505,0,2800000,0,"10,500,000"
2025-12-12 14:26:48,2025-12-12 14:41:08,0,66.229.111.35,100,859,1,2025-12-12 14:41:08,R_3oyUEW0I8DEmyll,,,,,26.3898,-80.2145,anonymous,EN,1,1,I pay attention,,,821,4906,0,2370000,0,0,,831,0,938,3490000,0,,623,0,0,2820000,0,,,,,,,,,,,,,,,,,,,,,,1,1,1,1,0,65,,,,,,,,,,,,,,,,,,,,,,,,,,,,,,,,,,,,,,,,,,,,,,,,,,,,,,,,,,1,1,1,1,0,15,,1,1,1,1,0,35,,,,,,,,,,,,,,,,1,0,1,0,0,65,,1,1,0,1,0,15,,,,,,,,,,,,,,,,,,,,,,0,,7,674cca92742faa4642a6e9c7,SlowFast,40,20,"""390 + 431 =","""3719 + 1187 =","""128 + 86 + 716 =","""870000 + 1500000 =<br>","""89630 + 2739 + 18 + 188 =","""9372894 + 33 + 297 + 55 + 170027 =","""340 + 491 =","""3219 + 3588 = ","""324 + 99 + 515 =","""790000 + 2700000 =","""79820 + 2817 + 12 + 298 = ","""270 + 363 =","""4137 + 2378 =","""214 + 78 + 618 =","""920000 + 1900000 =","""88520 + 1648 + 29 +169 =",15.24,26.04,40.00,35.30,40.00,12.83,40.00,15.94,31.32,40.00,12.65,20.00,20.00,17.80,20.00,40.00,821,4906,0,2370000,0,831,0,938,3490000,0,623,0,0,2820000,0,0
2025-12-12 14:25:31,2025-12-12 14:44:28,0,86.109.83.151,100,1137,1,2025-12-12 14:44:29,R_1Zkyp6R4Rg3VWRH,,,,,37.8117,-80.4434,anonymous,EN,1,1,I pay attention,,,821,4906,930,2370000,0,0,,831,0,938,0,0,,633,0,0,3000000,0,,,,,,,,1,1,1,1,0,64,,,,,,,,,1,1,1,1,0,17,,1,1,1,1,0,54,,,,,,,,,,,,,,,,1,0,0,0,0,29,,,,,,,,,,,,,,,,,,,,,,,,,,,,,,,,,,,,,,,,,,,,1,1,1,1,0,40,,,,,,,,,,,,,,,,,,,,,,,,,,,,,,,,,,,,,,,,,,,0,,7,672ceecd4b982fd2123fa32f,SlowFast,40,20,"""390 + 431 =","""3719 + 1187 =","""128 + 86 + 716 =","""870000 + 1500000 =<br>","""89630 + 2739 + 18 + 188 =","""9372894 + 33 + 297 + 55 + 170027 =","""340 + 491 =","""3219 + 3588 = ","""324 + 99 + 515 =","""790000 + 2700000 =","""79820 + 2817 + 12 + 298 = ","""270 + 363 =","""4137 + 2378 =","""214 + 78 + 618 =","""920000 + 1900000 =","""88520 + 1648 + 29 +169 =",18.26,34.93,32.24,20.30,40.00,18.73,40.00,33.62,40.00,40.00,15.97,20.00,20.00,18.63,20.00,40.00,821,4906,930,2370000,0,831,0,938,0,0,633,0,0,3000000,0,0
2025-12-12 14:35:55,2025-12-12 14:45:24,0,174.21.41.205,100,568,1,2025-12-12 14:45:25,R_5im1Fvc201lGuow,,,,,47.5741,-122.3975,anonymous,EN,1,1,I pay attention,,,821,4906,930,3300000,93115,15287801,,831,6807,938,3590000,82749,,633,6515,910,2820000,0,,,,,,,,,,,,,,,1,1,1,1,0,65,,,,,,,,,1,1,1,1,0,71,,,,,,,,,0,0,0,0,0,77,,,,,,,,,,,,,,,,,,,,,,,1,1,0,0,0,7,,,,,,,,,1,1,1,1,0,65,,,,,,,,,,,,,,,,,,,,,,,,,,,,,,,,,,,,,,,,,,,,,,,,,,,,,,,,,0,,10,6500a6309a82e5f2bda12731,SlowFast,40,20,"""390 + 431 =","""3719 + 1187 =","""128 + 86 + 716 =","""870000 + 1500000 =<br>","""89630 + 2739 + 18 + 188 =","""9372894 + 33 + 297 + 55 + 170027 =","""340 + 491 =","""3219 + 3588 = ","""324 + 99 + 515 =","""790000 + 2700000 =","""79820 + 2817 + 12 + 298 = ","""270 + 363 =","""4137 + 2378 =","""214 + 78 + 618 =","""920000 + 1900000 =","""88520 + 1648 + 29 +169 =",6.63,21.61,20.87,28.95,31.58,8.54,17.23,33.74,27.15,36.21,6.81,12.79,13.75,11.77,20.00,37.35,821,4906,930,3300000,93115,831,6807,938,3590000,82749,633,6515,910,2820000,0,15287801
2025-12-12 14:36:28,2025-12-12 14:45:27,0,75.208.167.34,100,539,1,2025-12-12 14:45:27,R_3yifMjWbqtNYlnr,,,,,36.5686,-86.5142,anonymous,EN,1,1,I pay attention,,,601,4800,1015,237000,11100,1883018,,870,0,0,106000,112940,,610,6240,1020,282000,2929392,,,,,,,,1,0,1,1,0,77,,,,,,,,,,,,,,,,,,,,,,,1,1,1,1,1,3,,,,,,,,,,,,,,,,1,1,0,1,0,27,,1,1,0,0,0,78,,,,,,,,,,,,,,,,,,,,,,,,,,,,,,,,,,,,,,,,,,,,,,,,,,,,,,,,,,,,,,,,,1,0,0,0,0,89,,,,,,,,0,,,678ab12125df34825c7aed6f,FastSlow,20,40,"""390 + 431 =","""3719 + 1187 =","""128 + 86 + 716 =","""870000 + 1500000 =<br>","""89630 + 2739 + 18 + 188 =","""9372894 + 33 + 297 + 55 + 170027 =","""340 + 491 =","""3219 + 3588 = ","""324 + 99 + 515 =","""790000 + 2700000 =","""79820 + 2817 + 12 + 298 = ","""270 + 363 =","""4137 + 2378 =","""214 + 78 + 618 =","""920000 + 1900000 =","""88520 + 1648 + 29 +169 =",16.12,27.66,17.15,23.26,20.93,8.63,20.00,20.00,17.61,13.25,17.89,15.91,19.78,20.12,10.45,21.89,601,4800,1015,237000,11100,870,0,0,106000,112940,610,6240,1020,282000,2929392,1883018
2025-12-12 14:34:04,2025-12-12 14:46:59,0,73.15.24.76,100,774,1,2025-12-12 14:46:59,R_3z84ncHuAAl5TkR,,,,,38.028,-121.8847,anonymous,EN,1,1,I pay attention,,,821,4906,926,102000000000,0,0,,821,0,0,10200000000,0,,633,6517,910,111000000000,0,,,,,,,,,,,,,,,,,,,,,,,,,,,,,,,,,,,,,,,,,,,,,,,,,,,,,,,,,,,,,,,,,,,,,,,,,,,,,,,,,,,,,1,1,1,1,0,30,,1,1,1,1,1,35,,1,1,1,1,0,60,,,,,,,,,0,1,1,1,0,70,,1,0,0,1,0,40,,,,,,,,,,,,,,,,,,,,,,0,,4,6566391df297b5d5a039e4e5,FastSlow,20,40,"""390 + 431 =","""3719 + 1187 =","""128 + 86 + 716 =","""870000 + 1500000 =<br>","""89630 + 2739 + 18 + 188 =","""9372894 + 33 + 297 + 55 + 170027 =","""340 + 491 =","""3219 + 3588 = ","""324 + 99 + 515 =","""790000 + 2700000 =","""79820 + 2817 + 12 + 298 = ","""270 + 363 =","""4137 + 2378 =","""214 + 78 + 618 =","""920000 + 1900000 =","""88520 + 1648 + 29 +169 =",18.13,29.19,16.65,26.05,40.00,15.45,20.00,20.00,14.57,20.00,17.12,19.46,18.82,27.62,40.00,40.00,821,4906,926,102000000000,0,821,0,0,10200000000,0,633,6517,910,111000000000,0,0
2025-12-12 14:34:17,2025-12-12 14:47:17,0,98.38.183.239,100,780,1,2025-12-12 14:47:18,R_5rx5fsbpBY9R1mz,,,,,40.5447,-105.1069,anonymous,EN,1,1,I pay attention,,,821,4906,930,3000000,0,0,,831,6807,1038,3490000,0,,633,6515,0,2820000,0,,,,,,,,,,,,,,,,,,,,,,1,1,1,1,0,50,,,,,,,,,,,,,,,,0,0,0,1,0,87,,,,,,,,,1,1,0,1,0,72,,,,,,,,,1,1,1,1,0,7,,,,,,,,,,,,,,,,,,,,,,,1,1,1,1,0,93,,,,,,,,,,,,,,,,,,,,,,,,,,,,,,,,,,,,,,,,,,,0,,9,673524b724aa3fd784892e49,SlowFast,40,20,"""390 + 431 =","""3719 + 1187 =","""128 + 86 + 716 =","""870000 + 1500000 =<br>","""89630 + 2739 + 18 + 188 =","""9372894 + 33 + 297 + 55 + 170027 =","""340 + 491 =","""3219 + 3588 = ","""324 + 99 + 515 =","""790000 + 2700000 =","""79820 + 2817 + 12 + 298 = ","""270 + 363 =","""4137 + 2378 =","""214 + 78 + 618 =","""920000 + 1900000 =","""88520 + 1648 + 29 +169 =",18.94,23.11,33.55,35.38,40.00,8.24,35.54,15.85,24.79,38.84,10.06,17.56,18.86,12.98,20.00,37.01,821,4906,930,3000000,0,831,6807,1038,3490000,0,633,6515,0,2820000,0,0
2025-12-12 14:32:11,2025-12-12 14:49:11,0,154.7.225.224,100,1020,1,2025-12-12 14:49:12,R_1Kro4HzukC9bDYf,,,,,39.0469,-77.4903,anonymous,EN,1,1,I pay attention,,,821,4906,930,2370000,0,0,,831,6807,938,0,82947,,633,6515,910,2820000,90366,,,,,,,,0,1,1,0,0,17,,,,,,,,,1,0,1,0,0,74,,,,,,,,,,,,,,,,,,,,,,,,,,,,,,,,,,,,,,,,,,,,1,1,1,0,0,26,,,,,,,,,,,,,,,,,,,,,,,1,0,1,0,0,17,,1,0,1,0,0,17,,,,,,,,,,,,,,,,,,,,,,,,,,,,,,,,,,,,0,,13,67e0863f736da524dbe7ac66,FastSlow,20,40,"""390 + 431 =","""3719 + 1187 =","""128 + 86 + 716 =","""870000 + 1500000 =<br>","""89630 + 2739 + 18 + 188 =","""9372894 + 33 + 297 + 55 + 170027 =","""340 + 491 =","""3219 + 3588 = ","""324 + 99 + 515 =","""790000 + 2700000 =","""79820 + 2817 + 12 + 298 = ","""270 + 363 =","""4137 + 2378 =","""214 + 78 + 618 =","""920000 + 1900000 =","""88520 + 1648 + 29 +169 =",13.71,12.88,20.82,17.05,40.00,10.04,11.13,11.42,20.00,19.74,9.01,14.04,11.31,32.03,20.28,40.00,821,4906,930,2370000,0,831,6807,938,0,82947,633,6515,910,2820000,90366,0
2025-12-12 14:39:58,2025-12-12 14:50:57,0,216.103.158.47,100,659,1,2025-12-12 14:50:59,R_35GDOhdLMgSMGlG,,,,,38.9392,-77.0584,anonymous,EN,1,1,I pay attention,,,821,4906,930,2370000,0,94670705,,931,6827,0,3149000,0,,633,6515,910,2820000,89300,,,,,,,,,,,,,,,1,1,1,1,0,65,,1,1,1,1,0,60,,,,,,,,,,,,,,,,,,,,,,,,,,,,,,,,,,,,,,,,,,,,,,,,,,,,,,,,,,,,,,,,,1,1,1,1,0,30,,1,1,1,1,0,25,,,,,,,,,,,,,,,,,,,,,,,1,1,1,1,0,30,,,,,,,,,,,,,,,0,,8,66956d856f7176e8bb907fcc,FastSlow,20,40,"""390 + 431 =","""3719 + 1187 =","""128 + 86 + 716 =","""870000 + 1500000 =<br>","""89630 + 2739 + 18 + 188 =","""9372894 + 33 + 297 + 55 + 170027 =","""340 + 491 =","""3219 + 3588 = ","""324 + 99 + 515 =","""790000 + 2700000 =","""79820 + 2817 + 12 + 298 = ","""270 + 363 =","""4137 + 2378 =","""214 + 78 + 618 =","""920000 + 1900000 =","""88520 + 1648 + 29 +169 =",10.61,35.58,20.07,31.74,40.00,10.60,15.54,20.00,18.35,20.00,10.98,33.19,18.61,15.31,34.14,37.61,821,4906,930,2370000,0,931,6827,0,3149000,0,633,6515,910,2820000,89300,94670705
2025-12-12 14:41:22,2025-12-12 14:51:34,0,24.8.179.160,100,612,1,2025-12-12 14:51:35,R_UKkmv2l17dh1pv3,,,,,39.4895,-104.8447,anonymous,EN,1,1,"I pay attention ",,,821,4906,930,2370000,92388,0,,831,6807,938,0,0,,633,6515,910,0,90366,,,,,,,,1,1,1,1,0,80,,,,,,,,,,,,,,,,1,1,1,1,0,50,,,,,,,,,,,,,,,,,,,,,,,1,1,0,0,0,60,,,,,,,,,1,1,1,0,0,8,,,,,,,,,,,,,,,,,,,,,,,,,,,,,,,,,,,,,,,,,,,,,,,,,,,,,,,,,,,,,,,,,1,1,0,0,0,5,0,,11,691248ae869389d0f017a135,FastSlow,20,40,"""390 + 431 =","""3719 + 1187 =","""128 + 86 + 716 =","""870000 + 1500000 =<br>","""89630 + 2739 + 18 + 188 =","""9372894 + 33 + 297 + 55 + 170027 =","""340 + 491 =","""3219 + 3588 = ","""324 + 99 + 515 =","""790000 + 2700000 =","""79820 + 2817 + 12 + 298 = ","""270 + 363 =","""4137 + 2378 =","""214 + 78 + 618 =","""920000 + 1900000 =","""88520 + 1648 + 29 +169 =",18.05,15.91,21.85,33.32,36.98,8.66,15.97,13.05,20.00,20.00,10.71,18.77,19.62,40.00,30.70,40.00,821,4906,930,2370000,92388,831,6807,938,0,0,633,6515,910,0,90366,0
2025-12-12 14:41:12,2025-12-12 14:51:40,0,108.205.154.14,100,628,1,2025-12-12 14:51:40,R_5SJg0z8U4PDahL3,,,,,34.1473,-118.1446,anonymous,EN,1,1,I pay attention,,,821,4898,1000,102000,1000000,100001,,851,6807,938,3400000,93400,,633,6505,987,1100000,102000,,,,,,,,,,,,,,,,,,,,,,1,1,1,1,0,4,,,,,,,,,,,,,,,,0,0,0,0,0,16,,,,,,,,,,,,,,,,0,0,0,0,0,5,,,,,,,,,,,,,,,,1,1,1,1,0,4,,,,,,,,,,,,,,,,,,,,,,,0,0,0,0,0,11,,,,,,,,,,,,,,,,,,,,,,,,,,,,,0,"Thank you for the study, very fun",4,6644d7bf5f60f4789126db0d,SlowFast,40,20,"""390 + 431 =","""3719 + 1187 =","""128 + 86 + 716 =","""870000 + 1500000 =<br>","""89630 + 2739 + 18 + 188 =","""9372894 + 33 + 297 + 55 + 170027 =","""340 + 491 =","""3219 + 3588 = ","""324 + 99 + 515 =","""790000 + 2700000 =","""79820 + 2817 + 12 + 298 = ","""270 + 363 =","""4137 + 2378 =","""214 + 78 + 618 =","""920000 + 1900000 =","""88520 + 1648 + 29 +169 =",14.09,20.51,24.69,22.28,13.23,20.26,27.35,23.86,25.44,29.78,11.80,17.58,13.03,16.19,11.93,27.89,821,4898,1000,102000,1000000,851,6807,938,3400000,93400,633,6505,987,1100000,102000,100001
2025-12-12 14:42:54,2025-12-12 14:52:46,0,73.230.183.79,100,591,1,2025-12-12 14:52:46,R_1iemDabShKW0xEZ,,,,,40.0008,-76.7697,anonymous,EN,1,1,I pay attention,,,821,3906,930,1370000,0,0,,831,6807,938,3490000,0,,633,6516,910,2820000,90366,,,,,,,,,,,,,,,,,,,,,,,,,,,,,1,1,1,1,0,75,,,,,,,,,,,,,,,,,,,,,,,1,1,0,1,0,35,,,,,,,,,1,0,1,1,0,30,,,,,,,,,,,,,,,,,,,,,,,1,1,1,1,0,25,,,,,,,,,,,,,,,,,,,,,,,1,0,0,1,0,15,,,,,,,,,,,,,,,0,,10,5e31c4596ef37a1ab34f4454,FastSlow,20,40,"""390 + 431 =","""3719 + 1187 =","""128 + 86 + 716 =","""870000 + 1500000 =<br>","""89630 + 2739 + 18 + 188 =","""9372894 + 33 + 297 + 55 + 170027 =","""340 + 491 =","""3219 + 3588 = ","""324 + 99 + 515 =","""790000 + 2700000 =","""79820 + 2817 + 12 + 298 = ","""270 + 363 =","""4137 + 2378 =","""214 + 78 + 618 =","""920000 + 1900000 =","""88520 + 1648 + 29 +169 =",17.62,30.66,32.06,21.59,40.00,11.58,15.22,14.61,18.36,20.00,8.95,21.30,15.74,14.80,30.25,40.00,821,3906,930,1370000,0,831,6807,938,3490000,0,633,6516,910,2820000,90366,0
2025-12-12 14:41:38,2025-12-12 14:54:27,0,166.196.75.57,100,768,1,2025-12-12 14:54:27,R_50Txf9e0LA25LBb,,,,,33.9555,-118.2863,anonymous,EN,1,1,"I pay attention ",,,921,4906,930,10200000,0,0,,831,6807,938,3490000,0,,633,6515,1610,0,0,,,,,,,,1,1,1,1,0,85,,,,,,,,,,,,,,,,1,1,1,1,0,84,,,,,,,,,0,0,0,0,0,81,,,,,,,,,,,,,,,,,,,,,,,,,,,,,,,,,,,,,,,,,,,,,,,,,,,,,,,,,,1,1,1,1,1,10,,,,,,,,,1,1,1,1,0,30,,,,,,,,,,,,,,,,,,,,,,0,,8,6008bb26b4bbfe568fa29d80,SlowFast,40,20,"""390 + 431 =","""3719 + 1187 =","""128 + 86 + 716 =","""870000 + 1500000 =<br>","""89630 + 2739 + 18 + 188 =","""9372894 + 33 + 297 + 55 + 170027 =","""340 + 491 =","""3219 + 3588 = ","""324 + 99 + 515 =","""790000 + 2700000 =","""79820 + 2817 + 12 + 298 = ","""270 + 363 =","""4137 + 2378 =","""214 + 78 + 618 =","""920000 + 1900000 =","""88520 + 1648 + 29 +169 =",20.58,35.07,12.64,21.58,40.00,17.01,30.52,39.57,22.68,40.00,12.56,19.44,17.25,20.00,20.00,40.00,921,4906,930,10200000,0,831,6807,938,3490000,0,633,6515,1610,0,0,0
2025-12-12 14:44:09,2025-12-12 14:57:01,0,75.174.90.80,100,771,1,2025-12-12 14:57:01,R_7m8pDRsBuvyqQuv,,,,,43.5885,-116.1918,anonymous,EN,1,1,"I pay attention ",,,821,4906,0,0,10267,0,,731,6807,938,3490000,10156,,633,6515,0,0,0,,,,,,,,,,,,,,,,,,,,,,1,1,1,1,0,50,,,,,,,,,,,,,,,,,,,,,,,,,,,,,,,,,,,,,,,,,,,,,,,,,,,1,1,1,1,0,95,,,,,,,,,,,,,,,,,,,,,,,1,1,1,1,1,15,,,,,,,,,1,1,0,1,0,40,,,,,,,,,,,,,,,,1,1,1,1,0,10,0,,7,66fe2b2e6b5cc7c51cb9760e,SlowFast,40,20,"""390 + 431 =","""3719 + 1187 =","""128 + 86 + 716 =","""870000 + 1500000 =<br>","""89630 + 2739 + 18 + 188 =","""9372894 + 33 + 297 + 55 + 170027 =","""340 + 491 =","""3219 + 3588 = ","""324 + 99 + 515 =","""790000 + 2700000 =","""79820 + 2817 + 12 + 298 = ","""270 + 363 =","""4137 + 2378 =","""214 + 78 + 618 =","""920000 + 1900000 =","""88520 + 1648 + 29 +169 =",14.85,31.00,40.00,40.00,38.45,15.79,26.10,34.84,22.58,34.57,14.40,17.03,20.00,20.00,20.00,40.00,821,4906,0,0,10267,731,6807,938,3490000,10156,633,6515,0,0,0,0
2025-12-12 14:46:35,2025-12-12 14:57:09,0,136.53.88.194,100,633,1,2025-12-12 14:57:09,R_1ZwiQ4CCovXbkEp,,,,,34.6174,-86.5538,anonymous,EN,1,1,I pay attention,,,821,4906,930,237000,92575,0,,831,6807,938,3490000,0,,633,6515,910,2820000,90366,,,,,,,,,,,,,,,1,1,1,1,0,30,,,,,,,,,1,1,1,1,0,60,,,,,,,,,,,,,,,,,,,,,,,,,,,,,,,,,,,,,,,,,,,,,,,,,,,,,,,,,,,,,,,,,,,,,,,,1,1,1,1,1,10,,0,0,0,0,0,50,,,,,,,,,,,,,,,,,,,,,,,1,1,1,1,0,25,0,,13,60f1faa39def9e1f15734734,FastSlow,20,40,"""390 + 431 =","""3719 + 1187 =","""128 + 86 + 716 =","""870000 + 1500000 =<br>","""89630 + 2739 + 18 + 188 =","""9372894 + 33 + 297 + 55 + 170027 =","""340 + 491 =","""3219 + 3588 = ","""324 + 99 + 515 =","""790000 + 2700000 =","""79820 + 2817 + 12 + 298 = ","""270 + 363 =","""4137 + 2378 =","""214 + 78 + 618 =","""920000 + 1900000 =","""88520 + 1648 + 29 +169 =",8.81,18.12,17.39,21.44,6.67,8.75,15.99,16.86,18.10,20.00,10.28,13.85,16.02,24.88,28.72,40.00,821,4906,930,237000,92575,831,6807,938,3490000,0,633,6515,910,2820000,90366,0
2025-12-12 14:47:24,2025-12-12 15:02:00,0,47.187.52.48,100,875,1,2025-12-12 15:02:00,R_3CN63axweHitTZc,,,,,32.8489,-96.9667,anonymous,EN,1,1,I pay attention,,,821,4906,930,237000,0,0,,831,6807,938,349000,0,,633,0,0,0,90000,,,,,,,,,,,,,,,,,,,,,,,,,,,,,1,1,1,1,0,75,,,,,,,,,,,,,,,,1,0,1,1,0,35,,,,,,,,,,,,,,,,,,,,,,,,,,,,,,,,,,,,,,,,,,,,,,,,,,,1,1,1,1,1,25,,1,0,0,1,0,60,,,,,,,,,,,,,,,,,,,,,,,1,1,1,1,0,20,0,,7,66dad383980bc872c801ed55,SlowFast,40,20,"""390 + 431 =","""3719 + 1187 =","""128 + 86 + 716 =","""870000 + 1500000 =<br>","""89630 + 2739 + 18 + 188 =","""9372894 + 33 + 297 + 55 + 170027 =","""340 + 491 =","""3219 + 3588 = ","""324 + 99 + 515 =","""790000 + 2700000 =","""79820 + 2817 + 12 + 298 = ","""270 + 363 =","""4137 + 2378 =","""214 + 78 + 618 =","""920000 + 1900000 =","""88520 + 1648 + 29 +169 =",14.47,33.80,34.29,18.52,40.00,16.74,12.46,23.98,20.96,40.00,17.80,20.00,20.00,20.00,19.87,40.00,821,4906,930,237000,0,831,6807,938,349000,0,633,0,0,0,90000,0
2025-12-12 14:50:54,2025-12-12 15:03:29,0,174.202.165.62,100,755,1,2025-12-12 15:03:30,R_1bMhjJUsE4TpvsB,,,,,35.4619,-97.3932,anonymous,EN,1,1,"I pay attention ",,,821,4806,930,237000,9746,0,,831,34900000,0,0,0,,633,6515,910,2820000,90366,,,,,,,,1,1,1,1,0,72,,,,,,,,,,,,,,,,,,,,,,,1,1,1,1,1,76,,1,1,1,1,0,84,,,,,,,,,,,,,,,,,,,,,,,,,,,,,,,,,,,,,,,,,,,,1,1,1,1,1,30,,,,,,,,,1,1,1,1,1,36,,,,,,,,,,,,,,,,,,,,,,,,,,,,,,,,,,,,0,,8,677c01af998cc4cb005028ad,FastSlow,20,40,"""390 + 431 =","""3719 + 1187 =","""128 + 86 + 716 =","""870000 + 1500000 =<br>","""89630 + 2739 + 18 + 188 =","""9372894 + 33 + 297 + 55 + 170027 =","""340 + 491 =","""3219 + 3588 = ","""324 + 99 + 515 =","""790000 + 2700000 =","""79820 + 2817 + 12 + 298 = ","""270 + 363 =","""4137 + 2378 =","""214 + 78 + 618 =","""920000 + 1900000 =","""88520 + 1648 + 29 +169 =",10.59,21.91,28.95,29.23,32.90,12.73,5.83,20.00,20.00,20.00,13.41,16.99,18.34,28.04,34.83,40.00,821,4806,930,0237000,9746,831,34900000,0,0,0,633,6515,910,2820000,90366,0
2025-12-12 14:50:53,2025-12-12 15:03:51,0,172.101.244.103,100,778,1,2025-12-12 15:03:52,R_7Bbt1U6hDIGJ7Pz,,,,,43.2585,-77.6695,anonymous,EN,1,1,I pay attention,,,821,7896,930,1000000,93666,666,,831,6797,438,10600000,0,,633,6515,910,2820000,93966,,,,,,,,,,,,,,,,,,,,,,,,,,,,,,,,,,,,,,,,,,,,,,,,,,1,0,1,0,0,18,,1,0,0,0,0,41,,,,,,,,,,,,,,,,,,,,,,,,,,,,,,,,,,,,,,,,,,,,,,,,,,,,,,,,,,,,,,,,,1,0,0,0,0,22,,1,0,1,0,0,19,,1,0,0,0,0,1,0,,7,660c77dde93bf0750a18a235,FastSlow,20,40,"""390 + 431 =","""3719 + 1187 =","""128 + 86 + 716 =","""870000 + 1500000 =<br>","""89630 + 2739 + 18 + 188 =","""9372894 + 33 + 297 + 55 + 170027 =","""340 + 491 =","""3219 + 3588 = ","""324 + 99 + 515 =","""790000 + 2700000 =","""79820 + 2817 + 12 + 298 = ","""270 + 363 =","""4137 + 2378 =","""214 + 78 + 618 =","""920000 + 1900000 =","""88520 + 1648 + 29 +169 =",11.85,19.86,20.00,20.25,24.32,15.26,18.53,17.52,18.09,20.00,10.86,14.97,16.81,19.35,38.35,23.63,821,7896,930,1000000,93666,831,6797,438,10600000,0,633,6515,910,2820000,93966,666
2025-12-12 14:41:44,2025-12-12 15:06:01,0,72.182.78.245,100,1456,1,2025-12-12 15:06:02,R_15KGPovo1E8yodi,,,,,30.1746,-97.8203,anonymous,EN,1,1,I pay attention,,,821,4906,930,1020000,0,9543306,,831,6807,938,3490000,82947,,633,6515,910,2820000,90366,,,,,,,,,,,,,,,,,,,,,,,,,,,,,,,,,,,,,,,,,,,0,0,1,1,0,60,,,,,,,,,,,,,,,,,,,,,,,,,,,,,,,,,,,,,0,1,0,1,0,40,,1,1,1,1,1,45,,0,0,1,1,0,75,,,,,,,,,,,,,,,,,,,,,,,,,,,,,,1,1,1,0,1,80,,,,,,,,0,,13,668335c061a6ee98717d3ffa,SlowFast,40,20,"""390 + 431 =","""3719 + 1187 =","""128 + 86 + 716 =","""870000 + 1500000 =<br>","""89630 + 2739 + 18 + 188 =","""9372894 + 33 + 297 + 55 + 170027 =","""340 + 491 =","""3219 + 3588 = ","""324 + 99 + 515 =","""790000 + 2700000 =","""79820 + 2817 + 12 + 298 = ","""270 + 363 =","""4137 + 2378 =","""214 + 78 + 618 =","""920000 + 1900000 =","""88520 + 1648 + 29 +169 =",24.28,11.25,13.30,28.69,40.00,10.04,11.40,9.72,19.06,20.88,6.64,8.21,9.14,12.04,13.72,28.62,821,4906,930,1020000,0,831,6807,938,3490000,82947,633,6515,910,2820000,90366,9543306
2025-12-12 15:01:28,2025-12-12 15:09:56,0,24.30.10.42,100,508,1,2025-12-12 15:09:57,R_5dYclxxX3hw63JI,,,,,33.8019,-84.3861,anonymous,EN,1,1,I pay attention,,,821,4906,930,102000000,11800,1894940,,831,6807,938,990000,93415,,633,6515,1020,11100000,100345,,,,,,,,,,,,,,,,,,,,,,1,1,1,0,0,50,,,,,,,,,,,,,,,,0,0,0,0,0,80,,1,0,1,0,0,65,,,,,,,,,,,,,,,,1,1,1,0,0,10,,,,,,,,,,,,,,,,,,,,,,,,,,,,,,,,,,,,,,,,,,,,1,0,0,0,0,70,,,,,,,,,,,,,,,,,,,,,,0,,8,654a8c7f29438b574d5b9fee,FastSlow,20,40,"""390 + 431 =","""3719 + 1187 =","""128 + 86 + 716 =","""870000 + 1500000 =<br>","""89630 + 2739 + 18 + 188 =","""9372894 + 33 + 297 + 55 + 170027 =","""340 + 491 =","""3219 + 3588 = ","""324 + 99 + 515 =","""790000 + 2700000 =","""79820 + 2817 + 12 + 298 = ","""270 + 363 =","""4137 + 2378 =","""214 + 78 + 618 =","""920000 + 1900000 =","""88520 + 1648 + 29 +169 =",14.49,12.61,25.95,24.12,26.71,7.78,12.59,15.71,18.21,16.41,7.68,12.95,23.45,22.90,29.17,28.04,821,4906,930,102000000,11800,831,6807,938,990000,93415,633,6515,1020,11100000,100345,"1,894,940"
2025-12-12 14:57:21,2025-12-12 15:10:40,0,67.175.30.74,100,799,1,2025-12-12 15:10:40,R_7ARp46ZshnbYO6u,,,,,41.9209,-87.7043,anonymous,EN,1,1,I pay attention,,,821,4906,920,2300000,95000,10678099,,831,6807,639,34000000,8390,,613,0,896,2820000,92057,,,,,,,,,,,,,,,1,1,1,0,0,21,,,,,,,,,,,,,,,,,,,,,,,,,,,,,,,,,,,,,1,1,0,0,0,13,,1,1,1,0,0,15,,,,,,,,,,,,,,,,1,1,1,0,0,23,,,,,,,,,,,,,,,,,,,,,,,,,,,,,,,,,,,,,,,,,,,,,,,,,,,1,1,1,0,0,15,0,,5,6744d43e7b1bcfda7d89f402,SlowFast,40,20,"""390 + 431 =","""3719 + 1187 =","""128 + 86 + 716 =","""870000 + 1500000 =<br>","""89630 + 2739 + 18 + 188 =","""9372894 + 33 + 297 + 55 + 170027 =","""340 + 491 =","""3219 + 3588 = ","""324 + 99 + 515 =","""790000 + 2700000 =","""79820 + 2817 + 12 + 298 = ","""270 + 363 =","""4137 + 2378 =","""214 + 78 + 618 =","""920000 + 1900000 =","""88520 + 1648 + 29 +169 =",19.38,30.50,30.39,27.70,30.35,19.37,23.76,20.60,21.72,31.71,17.98,20.00,18.21,18.13,16.72,29.15,821,4906,920,2300000,95000,831,6807,639,34000000,8390,613,0,896,2820000,92057,10678099
2025-12-12 14:57:09,2025-12-12 15:12:26,0,96.58.150.184,100,916,1,2025-12-12 15:12:26,R_6pAQwUFibsDyJHm,,,,,28.3327,-80.6147,anonymous,EN,1,1,I pay attention,,,821,2500,1800,2000000,100000,10500000,,783,6805,938,1050000,100000,,600,0,900,0,100000,,,,,,,,,,,,,,,,,,,,,,,,,,,,,1,0,1,1,0,22,,,,,,,,,,,,,,,,,,,,,,,1,0,0,0,0,17,,,,,,,,,1,0,0,0,0,5,,,,,,,,,,,,,,,,,,,,,,,,,,,,,,,,,,,,,1,0,0,0,0,5,,,,,,,,,,,,,,,,1,0,0,0,0,1,,,,,,,,0,,2,6696fd1fb46668008566a9bd,SlowFast,40,20,"""390 + 431 =","""3719 + 1187 =","""128 + 86 + 716 =","""870000 + 1500000 =<br>","""89630 + 2739 + 18 + 188 =","""9372894 + 33 + 297 + 55 + 170027 =","""340 + 491 =","""3219 + 3588 = ","""324 + 99 + 515 =","""790000 + 2700000 =","""79820 + 2817 + 12 + 298 = ","""270 + 363 =","""4137 + 2378 =","""214 + 78 + 618 =","""920000 + 1900000 =","""88520 + 1648 + 29 +169 =",19.20,10.91,8.13,18.61,18.66,25.62,31.41,20.70,32.72,22.52,14.41,20.00,8.99,20.00,9.12,34.39,821,2500,1800,2000000,100000,783,6805,938,1050000,100000,600,0,900,0,100000,10500000
2025-12-12 15:07:10,2025-12-12 15:17:53,0,135.131.114.118,100,643,1,2025-12-12 15:17:54,R_3isru006Fq6KVYR,,,,,43.5441,-116.5662,anonymous,EN,1,1,"I pay attention ",,,821,4906,930,2370000,0,0,,831,0,938,3490000,0,,633,6515,0,2820000,0,,,,,,,,,,,,,,,1,1,0,1,0,40,,,,,,,,,,,,,,,,1,1,1,1,0,23,,,,,,,,,,,,,,,,,,,,,,,,,,,,,,,,,,,,,,,,,,,,,,,,,,,,,,,,,,,,,,,,,,,,,,,,1,0,0,0,0,42,,,,,,,,,,,,,,,,1,0,0,1,0,40,,1,1,0,1,0,17,0,,10,6774ba2b35bfe170ef2d7c87,SlowFast,40,20,"""390 + 431 =","""3719 + 1187 =","""128 + 86 + 716 =","""870000 + 1500000 =<br>","""89630 + 2739 + 18 + 188 =","""9372894 + 33 + 297 + 55 + 170027 =","""340 + 491 =","""3219 + 3588 = ","""324 + 99 + 515 =","""790000 + 2700000 =","""79820 + 2817 + 12 + 298 = ","""270 + 363 =","""4137 + 2378 =","""214 + 78 + 618 =","""920000 + 1900000 =","""88520 + 1648 + 29 +169 =",9.03,16.36,30.24,27.42,40.00,20.13,40.00,22.29,26.39,40.00,13.00,19.45,20.00,17.04,20.00,40.00,821,4906,930,2370000,0,831,0,938,3490000,0,633,6515,0,2820000,0,0
2025-12-12 15:08:12,2025-12-12 15:19:11,0,174.230.146.171,100,659,1,2025-12-12 15:19:11,R_1BDPkPd8JukPftD,,,,,35.7486,-89.5353,anonymous,EN,1,1,"I pay attention ",,,821,4906,930,19370000,0,0,,831,6807,938,0,0,,633,6515,910,2820000,89367,,,,,,,,,,,,,,,,,,,,,,,,,,,,,,,,,,,,1,1,1,1,1,61,,1,0,0,1,0,76,,,,,,,,,1,1,0,1,0,73,,,,,,,,,,,,,,,,,,,,,,,,,,,,,,,,,,,,,1,1,1,1,0,60,,,,,,,,,,,,,,,,1,1,1,1,0,38,,,,,,,,,,,,,,,,,,,,,,0,"Interesting study, it was hard but fun",10,66b2499852ad11f580d4d546,FastSlow,20,40,"""390 + 431 =","""3719 + 1187 =","""128 + 86 + 716 =","""870000 + 1500000 =<br>","""89630 + 2739 + 18 + 188 =","""9372894 + 33 + 297 + 55 + 170027 =","""340 + 491 =","""3219 + 3588 = ","""324 + 99 + 515 =","""790000 + 2700000 =","""79820 + 2817 + 12 + 298 = ","""270 + 363 =","""4137 + 2378 =","""214 + 78 + 618 =","""920000 + 1900000 =","""88520 + 1648 + 29 +169 =",20.24,28.02,35.46,39.71,40.00,16.00,17.68,15.75,20.00,20.00,17.69,26.21,21.11,17.65,34.07,40.00,821,4906,930,19370000,0,831,6807,938,0,0,633,6515,910,2820000,89367,0
2025-12-12 15:07:48,2025-12-12 15:20:19,0,72.241.170.141,100,750,1,2025-12-12 15:20:19,R_5QbYIu8wXX0IiD2,,,,,41.7088,-83.6053,anonymous,EN,1,1,I pay attention,,,821,4906,930,0,0,9500000,,831,6807,938,3060000,0,,643,6500,0,0,96200,,,,,,,,,,,,,,,,,,,,,,,,,,,,,,,,,,,,,,,,,,,,,,,,,,,,,,,,,,,,,,,,1,0,0,0,0,80,,1,0,1,1,0,3,,1,0,1,1,0,20,,,,,,,,,1,0,1,1,0,20,,,,,,,,,,,,,,,,,,,,,,,,,,,,,,,,,,,,,,,,,,,,1,1,1,1,0,1,0,I hope there a way to tell if people used calculators. I really tried. A few times I was a second away from putting in the answer and became slightly irritated I didn't have like 2 more seconds.,6,611dd070c87e8eef203770d9,SlowFast,40,20,"""390 + 431 =","""3719 + 1187 =","""128 + 86 + 716 =","""870000 + 1500000 =<br>","""89630 + 2739 + 18 + 188 =","""9372894 + 33 + 297 + 55 + 170027 =","""340 + 491 =","""3219 + 3588 = ","""324 + 99 + 515 =","""790000 + 2700000 =","""79820 + 2817 + 12 + 298 = ","""270 + 363 =","""4137 + 2378 =","""214 + 78 + 618 =","""920000 + 1900000 =","""88520 + 1648 + 29 +169 =",9.67,39.79,27.72,40.00,40.00,18.51,25.56,22.88,39.15,40.00,15.26,8.88,20.00,20.00,14.99,31.23,821,4906,930,0,0,831,6807,938,3060000,0,643,6500,0,0,96200,9500000
2025-12-12 15:11:26,2025-12-12 15:21:58,0,172.56.106.84,100,631,1,2025-12-12 15:21:58,R_3QXmez4muEMiAtS,,,,,47.4902,-122.3004,anonymous,EN,1,1,"I pay attention ",,,821,4906,948,2300000,100000,1300000,,831,7207,938,340000000,100000,,633,6405,910,2800000,100000,,,,,,,,,,,,,,,,,,,,,,,,,,,,,,,,,,,,1,1,1,1,0,75,,,,,,,,,1,0,0,1,0,76,,,,,,,,,,,,,,,,,,,,,,,1,1,1,1,0,35,,,,,,,,,,,,,,,,,,,,,,,,,,,,,,,,,,,,,1,1,1,1,0,70,,,,,,,,,1,1,1,1,0,60,,,,,,,,0,,6,5d618a9955fc54000164673f,FastSlow,20,40,"""390 + 431 =","""3719 + 1187 =","""128 + 86 + 716 =","""870000 + 1500000 =<br>","""89630 + 2739 + 18 + 188 =","""9372894 + 33 + 297 + 55 + 170027 =","""340 + 491 =","""3219 + 3588 = ","""324 + 99 + 515 =","""790000 + 2700000 =","""79820 + 2817 + 12 + 298 = ","""270 + 363 =","""4137 + 2378 =","""214 + 78 + 618 =","""920000 + 1900000 =","""88520 + 1648 + 29 +169 =",12.65,26.16,18.68,24.55,32.65,16.41,19.83,18.55,18.27,15.91,11.58,18.05,26.00,14.90,37.42,28.83,821,4906,948,2300000,100000,831,7207,938,340000000,100000,633,6405,910,2800000,100000,1300000
2025-12-12 15:10:04,2025-12-12 15:22:06,0,67.101.125.106,100,721,1,2025-12-12 15:22:07,R_5qCQQIafKoNzn2t,,,,,37.751,-97.822,anonymous,EN,1,1,I pay attention,,,827,4904,930,2370000,92575,9543306,,831,6807,938,3490000,0,,633,6515,910,282000,90366,,,,,,,,,,,,,,,1,0,0,1,0,20,,,,,,,,,,,,,,,,,,,,,,,0,0,0,0,0,62,,1,0,0,1,0,35,,,,,,,,,,,,,,,,0,0,0,1,0,27,,,,,,,,,,,,,,,,,,,,,,,,,,,,,,,,,,,,,0,0,0,0,0,35,,,,,,,,,,,,,,,,,,,,,,,,,,,,,0,,11,67a9db9b102662b0c9bb12fa,FastSlow,20,40,"""390 + 431 =","""3719 + 1187 =","""128 + 86 + 716 =","""870000 + 1500000 =<br>","""89630 + 2739 + 18 + 188 =","""9372894 + 33 + 297 + 55 + 170027 =","""340 + 491 =","""3219 + 3588 = ","""324 + 99 + 515 =","""790000 + 2700000 =","""79820 + 2817 + 12 + 298 = ","""270 + 363 =","""4137 + 2378 =","""214 + 78 + 618 =","""920000 + 1900000 =","""88520 + 1648 + 29 +169 =",10.71,20.08,15.15,21.64,18.87,8.55,16.40,10.40,17.38,20.00,8.74,11.99,11.72,23.22,18.44,35.53,827,4904,930,2370000,92575,831,6807,938,3490000,0,633,6515,910,282000,90366,9543306
2025-12-12 15:00:50,2025-12-12 15:22:50,0,173.91.90.183,100,1320,1,2025-12-12 15:22:50,R_1iI59BFbCkijNbZ,,,,,40.9439,-78.9688,anonymous,EN,1,1,I pay attention,,,821,4806,230,912000,0,0,,831,0,438,0,0,,633,6516,910,2820000,0,,,,,,,,,,,,,,,,,,,,,,,,,,,,,,,,,,,,,,,,,,,,,,,,,,,,,,,,,,,,,,,,1,0,0,0,0,39,,1,1,1,1,0,16,,,,,,,,,,,,,,,,,,,,,,,1,1,1,1,0,29,,,,,,,,,0,0,0,0,0,58,,,,,,,,,,,,,,,,,,,,,,,1,1,1,1,0,9,0,,5,6115116af136776366f387f1,FastSlow,20,40,"""390 + 431 =","""3719 + 1187 =","""128 + 86 + 716 =","""870000 + 1500000 =<br>","""89630 + 2739 + 18 + 188 =","""9372894 + 33 + 297 + 55 + 170027 =","""340 + 491 =","""3219 + 3588 = ","""324 + 99 + 515 =","""790000 + 2700000 =","""79820 + 2817 + 12 + 298 = ","""270 + 363 =","""4137 + 2378 =","""214 + 78 + 618 =","""920000 + 1900000 =","""88520 + 1648 + 29 +169 =",23.33,28.35,34.73,29.26,40.00,18.57,20.00,19.82,20.00,20.00,16.58,18.59,33.00,37.21,40.00,40.00,821,4806,230,912000,0,831,0,438,0,0,633,6516,910,2820000,0,0
2025-12-12 15:12:36,2025-12-12 15:24:26,0,108.234.242.177,100,709,1,2025-12-12 15:24:27,R_3WhIGHNY8w99mJb,,,,,34.2319,-84.1627,anonymous,EN,1,1,I pay attention,,,821,4906,930,2370000,0,0,,831,6807,938,3490000,82947,,633,6515,910,2820000,0,,,,,,,,,,,,,,,1,1,1,0,0,43,,,,,,,,,,,,,,,,,,,,,,,,,,,,,,,,,,,,,,,,,,,,,,,,,,,1,1,1,1,0,20,,,,,,,,,1,1,1,0,0,49,,,,,,,,,,,,,,,,1,1,1,0,0,21,,,,,,,,,,,,,,,,1,1,1,1,0,60,,,,,,,,,,,,,,,0,,13,666601cef955d69a64aa5e8f,SlowFast,40,20,"""390 + 431 =","""3719 + 1187 =","""128 + 86 + 716 =","""870000 + 1500000 =<br>","""89630 + 2739 + 18 + 188 =","""9372894 + 33 + 297 + 55 + 170027 =","""340 + 491 =","""3219 + 3588 = ","""324 + 99 + 515 =","""790000 + 2700000 =","""79820 + 2817 + 12 + 298 = ","""270 + 363 =","""4137 + 2378 =","""214 + 78 + 618 =","""920000 + 1900000 =","""88520 + 1648 + 29 +169 =",13.78,17.72,22.31,30.48,40.00,12.87,,21.05,36.54,38.23,,,,18.48,20.00,40.00,821,4906,930,2370000,0,831,6807,938,3490000,82947,633,6515,910,2820000,0,0
2025-12-12 15:16:14,2025-12-12 15:25:58,0,104.33.16.49,100,583,1,2025-12-12 15:25:58,R_5AnHIiGa0S4Ka9H,,,,,34.1371,-117.6599,anonymous,EN,0.8999999761581421,1,I pay attention,,,821,4906,930,2370000,0,9543306,,731,6807,938,3490000,82947,,633,6515,910,2820000,0,,,,,,,,1,1,0,1,0,80,,,,,,,,,1,1,1,1,0,40,,,,,,,,,,,,,,,,0,0,0,0,0,95,,,,,,,,,,,,,,,,,,,,,,,,,,,,,,,,,,,,,,,,,,,,,,,,,,,1,1,1,1,0,65,,,,,,,,,,,,,,,,,,,,,,,1,0,0,0,0,55,,,,,,,,,,,,,,,0,,12,691cc00ec7079e22e626ebbe,SlowFast,40,20,"""390 + 431 =","""3719 + 1187 =","""128 + 86 + 716 =","""870000 + 1500000 =<br>","""89630 + 2739 + 18 + 188 =","""9372894 + 33 + 297 + 55 + 170027 =","""340 + 491 =","""3219 + 3588 = ","""324 + 99 + 515 =","""790000 + 2700000 =","""79820 + 2817 + 12 + 298 = ","""270 + 363 =","""4137 + 2378 =","""214 + 78 + 618 =","""920000 + 1900000 =","""88520 + 1648 + 29 +169 =",13.04,20.78,24.74,31.19,40.00,12.21,18.04,18.54,33.73,30.82,13.19,15.96,15.37,15.66,20.00,30.04,821,4906,930,2370000,0,731,6807,938,3490000,82947,633,6515,910,2820000,0,9543306
2025-12-12 15:13:39,2025-12-12 15:26:02,0,98.53.251.61,100,743,1,2025-12-12 15:26:03,R_6JwJDIJETFkEH0t,,,,,39.6253,-104.7863,anonymous,EN,1,1,I pay attention,,,821,2532,930,0,92575,0,,831,0,0,3490000,0,,633,6515,810,2820000,0,,,,,,,,1,1,1,1,1,89,,,,,,,,,1,1,1,1,1,57,,1,1,1,1,1,68,,1,1,1,1,1,22,,,,,,,,,,,,,,,,,,,,,,,,,,,,,,,,,,,,,,,,,,,,,,,,,,,,,,,,,,,,,,,,,,,,,,,,1,1,0,1,0,26,,,,,,,,,,,,,,,,,,,,,,,,,,,,,1,,8,66661be09338a8410ddd5d02,FastSlow,20,40,"""390 + 431 =","""3719 + 1187 =","""128 + 86 + 716 =","""870000 + 1500000 =<br>","""89630 + 2739 + 18 + 188 =","""9372894 + 33 + 297 + 55 + 170027 =","""340 + 491 =","""3219 + 3588 = ","""324 + 99 + 515 =","""790000 + 2700000 =","""79820 + 2817 + 12 + 298 = ","""270 + 363 =","""4137 + 2378 =","""214 + 78 + 618 =","""920000 + 1900000 =","""88520 + 1648 + 29 +169 =",21.38,19.15,25.21,40.00,37.53,11.40,20.00,20.00,15.67,20.00,10.29,19.38,36.08,12.04,40.00,40.00,821,2532,930,0,92575,831,0,0,3490000,0,633,6515,810,2820000,0,0
2025-12-12 15:15:33,2025-12-12 15:26:08,0,136.53.182.35,100,634,1,2025-12-12 15:26:08,R_6wyk09l8uUl5Doj,,,,,34.7307,-86.5696,anonymous,EN,1,1,I pay attention,,,821,4906,930,2370000,92575,0,,831,6807,938,3490000,0,,633,6515,910,2820000,0,,,,,,,,,,,,,,,,,,,,,,1,1,1,1,0,65,,1,1,1,1,0,80,,,,,,,,,,,,,,,,0,0,0,1,0,40,,,,,,,,,,,,,,,,,,,,,,,,,,,,,,,,,,,,,,,,,,,,,,,,,,,1,1,1,1,0,10,,,,,,,,,,,,,,,,,,,,,,,,,,,,,,0,0,0,1,0,15,0,,13,62829edce9ca74f3938f3cc9,FastSlow,20,40,"""390 + 431 =","""3719 + 1187 =","""128 + 86 + 716 =","""870000 + 1500000 =<br>","""89630 + 2739 + 18 + 188 =","""9372894 + 33 + 297 + 55 + 170027 =","""340 + 491 =","""3219 + 3588 = ","""324 + 99 + 515 =","""790000 + 2700000 =","""79820 + 2817 + 12 + 298 = ","""270 + 363 =","""4137 + 2378 =","""214 + 78 + 618 =","""920000 + 1900000 =","""88520 + 1648 + 29 +169 =",13.02,19.75,27.10,39.16,35.25,8.41,13.10,12.45,17.30,20.00,8.01,26.56,19.14,26.60,40.00,40.00,821,4906,930,2370000,92575,831,6807,938,3490000,0,633,6515,910,2820000,0,0
2025-12-12 15:14:46,2025-12-12 15:26:29,0,97.92.37.253,100,703,1,2025-12-12 15:26:29,R_5Q0pjgit3fuiP2T,,,,,42.2789,-85.6904,anonymous,EN,1,1,I pay attention,,,821,4906,930,2370000,0,0,,831,0,0,3490000,0,,633,6515,910,2820000,90366,,,,,,,,,,,,,,,,,,,,,,1,1,1,1,0,65,,,,,,,,,,,,,,,,,,,,,,,,,,,,,,,,,,,,,,,,,,,,1,1,1,1,0,39,,,,,,,,,,,,,,,,1,1,1,1,1,46,,,,,,,,,,,,,,,,,,,,,,,1,0,1,1,0,60,,,,,,,,,,,,,,,,1,1,0,1,0,26,0,,11,63ff42f43ac64246de575895,FastSlow,20,40,"""390 + 431 =","""3719 + 1187 =","""128 + 86 + 716 =","""870000 + 1500000 =<br>","""89630 + 2739 + 18 + 188 =","""9372894 + 33 + 297 + 55 + 170027 =","""340 + 491 =","""3219 + 3588 = ","""324 + 99 + 515 =","""790000 + 2700000 =","""79820 + 2817 + 12 + 298 = ","""270 + 363 =","""4137 + 2378 =","""214 + 78 + 618 =","""920000 + 1900000 =","""88520 + 1648 + 29 +169 =",3.88,26.98,20.76,32.34,40.00,13.61,20.00,20.00,17.18,20.00,17.29,20.46,19.93,17.52,29.41,40.00,821,4906,930,2370000,0,831,0,0,3490000,0,633,6515,910,2820000,90366,0
2025-12-12 15:15:51,2025-12-12 15:27:35,0,75.61.156.242,100,704,1,2025-12-12 15:27:36,R_7LTrca7Fb4KxDXt,,,,,41.6005,-83.6251,anonymous,EN,1,1,I pay attention,,,821,4906,930,0,92305,0,,831,6807,938,1490000,0,,633,6515,0,0,0,,,,,,,,,,,,,,,,,,,,,,1,1,1,1,0,50,,,,,,,,,,,,,,,,,,,,,,,,,,,,,,1,0,1,1,0,60,,,,,,,,,,,,,,,,,,,,,,,,,,,,,,1,1,1,0,0,60,,1,1,1,1,0,80,,1,1,1,1,1,40,,,,,,,,,,,,,,,,,,,,,,,,,,,,,,,,,,,,0,,8,6716966a7bd8ab08201a752b,SlowFast,40,20,"""390 + 431 =","""3719 + 1187 =","""128 + 86 + 716 =","""870000 + 1500000 =<br>","""89630 + 2739 + 18 + 188 =","""9372894 + 33 + 297 + 55 + 170027 =","""340 + 491 =","""3219 + 3588 = ","""324 + 99 + 515 =","""790000 + 2700000 =","""79820 + 2817 + 12 + 298 = ","""270 + 363 =","""4137 + 2378 =","""214 + 78 + 618 =","""920000 + 1900000 =","""88520 + 1648 + 29 +169 =",12.77,22.42,26.49,40.00,34.77,19.57,19.96,23.48,33.45,40.00,14.49,19.15,20.00,20.00,20.00,40.00,821,4906,930,0,92305,831,6807,938,1490000,0,633,6515,0,0,0,0
2025-12-12 15:09:38,2025-12-12 15:28:10,0,47.33.220.85,100,1112,1,2025-12-12 15:28:10,R_5LvPzFpTHZXtgyh,,,,,43.6055,-84.7796,anonymous,EN,1,1,I pay attention,,,811,4906,934,2300000,0,0,,831,6807,939,4900000,0,,633,6505,0,0,0,,,,,,,,,,,,,,,,,,,,,,1,1,1,1,0,67,,,,,,,,,,,,,,,,,,,,,,,,,,,,,,1,1,0,1,0,60,,,,,,,,,,,,,,,,,,,,,,,,,,,,,,1,1,1,1,0,19,,1,1,1,1,1,29,,,,,,,,,,,,,,,,1,0,0,0,0,41,,,,,,,,,,,,,,,,,,,,,,0,,4,6726f38cd14d8ba8644f2bcf,SlowFast,40,20,"""390 + 431 =","""3719 + 1187 =","""128 + 86 + 716 =","""870000 + 1500000 =<br>","""89630 + 2739 + 18 + 188 =","""9372894 + 33 + 297 + 55 + 170027 =","""340 + 491 =","""3219 + 3588 = ","""324 + 99 + 515 =","""790000 + 2700000 =","""79820 + 2817 + 12 + 298 = ","""270 + 363 =","""4137 + 2378 =","""214 + 78 + 618 =","""920000 + 1900000 =","""88520 + 1648 + 29 +169 =",17.55,37.45,22.78,33.38,40.00,13.52,22.73,23.13,39.03,40.00,17.90,16.32,20.00,20.00,20.00,40.00,811,4906,934,2300000,0,831,6807,939,4900000,0,633,6505,0,0,0,0
2025-12-12 15:19:24,2025-12-12 15:28:43,0,12.193.185.170,100,558,1,2025-12-12 15:28:43,R_7ZKe13BYwb5sKnT,,,,,29.4227,-98.4927,anonymous,EN,1,1,I pay attention,,,821,4906,930,2370000,92564,10204702,,831,6912,0,0,81312,,633,6515,910,2820000,90238,,,,,,,,,,,,,,,,,,,,,,1,1,1,0,0,87,,,,,,,,,1,1,1,1,0,2,,,,,,,,,,,,,,,,,,,,,,,,,,,,,,1,1,1,1,0,2,,,,,,,,,,,,,,,,,,,,,,,1,1,1,1,0,44,,,,,,,,,,,,,,,,,,,,,,,,,,,,,,1,0,1,0,0,20,,,,,,,,0,,9,664d46ad7cc1780eecfd0c24,FastSlow,20,40,"""390 + 431 =","""3719 + 1187 =","""128 + 86 + 716 =","""870000 + 1500000 =<br>","""89630 + 2739 + 18 + 188 =","""9372894 + 33 + 297 + 55 + 170027 =","""340 + 491 =","""3219 + 3588 = ","""324 + 99 + 515 =","""790000 + 2700000 =","""79820 + 2817 + 12 + 298 = ","""270 + 363 =","""4137 + 2378 =","""214 + 78 + 618 =","""920000 + 1900000 =","""88520 + 1648 + 29 +169 =",8.82,25.60,19.27,37.54,37.51,9.90,19.97,20.00,20.00,16.14,11.05,23.94,13.40,28.39,13.59,16.63,821,4906,930,2370000,92564,831,6912,0,0,81312,633,6515,910,2820000,90238,10204702
2025-12-12 15:14:19,2025-12-12 15:29:08,0,216.163.64.75,100,889,1,2025-12-12 15:29:09,R_7g7Vjdv81O7txpK,,,,,34.1283,-118.0514,anonymous,EN,1,1,I pay attention,,,821,4906,0,2370000,0,0,,831,6807,0,0,82947,,633,0,0,0,0,,,,,,,,,,,,,,,,,,,,,,,,,,,,,1,1,1,1,0,92,,1,1,1,1,1,88,,,,,,,,,,,,,,,,,,,,,,,,,,,,,,,,,,,,,,,,,,,,,,,,,,,1,1,1,1,1,50,,,,,,,,,,,,,,,,1,1,1,1,0,80,,,,,,,,,,,,,,,,1,1,0,1,0,75,,,,,,,,0,,7,661c5ee0d0e14a2e13e40374,SlowFast,40,20,"""390 + 431 =","""3719 + 1187 =","""128 + 86 + 716 =","""870000 + 1500000 =<br>","""89630 + 2739 + 18 + 188 =","""9372894 + 33 + 297 + 55 + 170027 =","""340 + 491 =","""3219 + 3588 = ","""324 + 99 + 515 =","""790000 + 2700000 =","""79820 + 2817 + 12 + 298 = ","""270 + 363 =","""4137 + 2378 =","""214 + 78 + 618 =","""920000 + 1900000 =","""88520 + 1648 + 29 +169 =",20.69,32.70,40.00,36.21,40.00,19.27,31.10,40.00,40.00,38.16,16.90,20.00,20.00,20.00,20.00,40.00,821,4906,0,2370000,0,831,6807,0,0,82947,633,0,0,0,0,0
2025-12-12 15:22:46,2025-12-12 15:29:53,0,174.70.180.185,100,427,1,2025-12-12 15:29:54,R_7yavywQ4A0wCegC,,,,,38.0551,-97.9323,anonymous,EN,0.8999999761581421,1,I pay attention,,,964,4326,923,1765546,94563,9455545,,753,7654,975,9976577,97766,,654,7665,1556,10976544,97655,,,,,,,,,,,,,,,,,,,,,,1,1,1,0,0,16,,,,,,,,,,,,,,,,,,,,,,,1,1,1,1,0,24,,,,,,,,,,,,,,,,1,1,1,0,0,11,,,,,,,,,1,1,1,0,0,22,,,,,,,,,,,,,,,,1,1,1,1,1,15,,,,,,,,,,,,,,,,,,,,,,,,,,,,,,,,,,,,0,,,60015f803919e70009ef8dc5,FastSlow,20,40,"""390 + 431 =","""3719 + 1187 =","""128 + 86 + 716 =","""870000 + 1500000 =<br>","""89630 + 2739 + 18 + 188 =","""9372894 + 33 + 297 + 55 + 170027 =","""340 + 491 =","""3219 + 3588 = ","""324 + 99 + 515 =","""790000 + 2700000 =","""79820 + 2817 + 12 + 298 = ","""270 + 363 =","""4137 + 2378 =","""214 + 78 + 618 =","""920000 + 1900000 =","""88520 + 1648 + 29 +169 =",6.67,8.19,9.13,19.83,21.71,4.34,7.02,6.19,8.09,14.11,4.53,5.74,5.18,4.88,9.65,14.59,964,4326,923,1765546,94563,753,7654,975,9976577,97766,654,7665,1556,10976544,97655,9455545
2025-12-12 15:13:57,2025-12-12 15:30:10,0,173.184.27.77,100,972,1,2025-12-12 15:30:10,R_6z3lRzJA9VFW2rv,,,,,34.1149,-83.5754,anonymous,EN,1,1,I pay attention,,,821,4906,0,0,0,0,,831,6807,938,0,0,,633,6515,0,0,0,,,,,,,,1,1,1,1,0,85,,,,,,,,,,,,,,,,,,,,,,,1,1,1,1,1,80,,,,,,,,,,,,,,,,,,,,,,,,,,,,,,,,,,,,,,,,,,,,,,,,,,,1,1,1,1,0,75,,,,,,,,,1,1,1,1,1,40,,1,1,1,1,0,80,,,,,,,,,,,,,,,,,,,,,,,,,,,,,0,,7,6685ac588e11bf25e72e6a07,SlowFast,40,20,"""390 + 431 =","""3719 + 1187 =","""128 + 86 + 716 =","""870000 + 1500000 =<br>","""89630 + 2739 + 18 + 188 =","""9372894 + 33 + 297 + 55 + 170027 =","""340 + 491 =","""3219 + 3588 = ","""324 + 99 + 515 =","""790000 + 2700000 =","""79820 + 2817 + 12 + 298 = ","""270 + 363 =","""4137 + 2378 =","""214 + 78 + 618 =","""920000 + 1900000 =","""88520 + 1648 + 29 +169 =",29.88,38.86,40.00,40.00,40.00,23.46,25.51,32.50,40.00,40.00,11.34,17.60,20.00,20.00,20.00,40.00,821,4906,0,0,0,831,6807,938,0,0,633,6515,0,0,0,0
2025-12-12 15:19:58,2025-12-12 15:31:10,0,173.175.232.199,100,671,1,2025-12-12 15:31:11,R_6SGPk5IpMPweLQQ,,,,,32.9376,-97.0829,anonymous,EN,1,1,I pay attention,,,821,4906,986,2370000,90786,0,,831,6807,938,3490000,0,,633,0,0,2820000,98528,,,,,,,,,,,,,,,,,,,,,,1,1,1,1,0,73,,1,1,1,1,0,87,,,,,,,,,,,,,,,,1,1,0,1,0,88,,,,,,,,,1,1,0,0,0,73,,,,,,,,,1,0,1,0,0,95,,,,,,,,,,,,,,,,,,,,,,,,,,,,,,,,,,,,,,,,,,,,,,,,,,,,,,,,,,,,,,,,0,,9,664b556302986cf5ccd650f4,SlowFast,40,20,"""390 + 431 =","""3719 + 1187 =","""128 + 86 + 716 =","""870000 + 1500000 =<br>","""89630 + 2739 + 18 + 188 =","""9372894 + 33 + 297 + 55 + 170027 =","""340 + 491 =","""3219 + 3588 = ","""324 + 99 + 515 =","""790000 + 2700000 =","""79820 + 2817 + 12 + 298 = ","""270 + 363 =","""4137 + 2378 =","""214 + 78 + 618 =","""920000 + 1900000 =","""88520 + 1648 + 29 +169 =",16.13,38.80,39.39,37.61,37.88,13.92,26.10,34.91,27.55,40.00,9.68,20.00,20.00,2.99,19.50,40.00,821,4906,986,2370000,90786,831,6807,938,3490000,0,633,0,0,2820000,98528,0
2025-12-12 15:25:05,2025-12-12 15:33:52,0,23.113.25.74,100,526,1,2025-12-12 15:33:53,R_71NLIrzPLdbpXaS,,,,,32.7449,-117.165,anonymous,EN,1,1,I pay attention,,,821,4906,930,2370000,112575,0,,831,6807,938,3490000,82947,,633,6515,910,2820000,0,,,,,,,,,,,,,,,,,,,,,,,,,,,,,1,1,1,1,0,70,,,,,,,,,,,,,,,,,,,,,,,,,,,,,,1,0,1,0,0,40,,,,,,,,,1,1,1,1,0,85,,,,,,,,,,,,,,,,,,,,,,,,,,,,,,,,,,,,,1,1,1,0,0,31,,,,,,,,,,,,,,,,1,1,1,1,0,10,0,,13,5bacc09b709f60000104352f,SlowFast,40,20,"""390 + 431 =","""3719 + 1187 =","""128 + 86 + 716 =","""870000 + 1500000 =<br>","""89630 + 2739 + 18 + 188 =","""9372894 + 33 + 297 + 55 + 170027 =","""340 + 491 =","""3219 + 3588 = ","""324 + 99 + 515 =","""790000 + 2700000 =","""79820 + 2817 + 12 + 298 = ","""270 + 363 =","""4137 + 2378 =","""214 + 78 + 618 =","""920000 + 1900000 =","""88520 + 1648 + 29 +169 =",6.63,22.76,14.48,13.04,33.35,6.11,12.18,16.51,12.84,24.68,4.86,9.72,12.13,11.64,20.00,40.00,821,4906,930,2370000,112575,831,6807,938,3490000,82947,633,6515,910,2820000,0,0
2025-12-12 15:21:51,2025-12-12 15:35:50,0,74.129.146.113,100,839,1,2025-12-12 15:35:51,R_1uqBn2QeONk0hHQ,,,,,41.8744,-80.785,anonymous,EN,1,1,"I pay attention ",,,821,0,0,10100000,0,0,,831,6780,0,10600000,0,,633,0,0,11100000,0,,,,,,,,,,,,,,,,,,,,,,,,,,,,,,,,,,,,,,,,,,,0,0,0,1,0,61,,,,,,,,,,,,,,,,,,,,,,,1,1,0,1,0,70,,1,1,1,1,1,80,,,,,,,,,,,,,,,,1,1,0,1,0,76,,1,1,1,1,1,50,,,,,,,,,,,,,,,,,,,,,,,,,,,,,,,,,,,,0,,3,66e190148f9148e423a22d87,SlowFast,40,20,"""390 + 431 =","""3719 + 1187 =","""128 + 86 + 716 =","""870000 + 1500000 =<br>","""89630 + 2739 + 18 + 188 =","""9372894 + 33 + 297 + 55 + 170027 =","""340 + 491 =","""3219 + 3588 = ","""324 + 99 + 515 =","""790000 + 2700000 =","""79820 + 2817 + 12 + 298 = ","""270 + 363 =","""4137 + 2378 =","""214 + 78 + 618 =","""920000 + 1900000 =","""88520 + 1648 + 29 +169 =",14.01,40.00,40.00,27.67,40.00,18.63,19.05,40.00,20.32,40.00,16.32,20.00,20.00,11.96,20.00,40.00,821,0,0,10100000,0,831,6780,0,10600000,0,633,0,0,11100000,0,0
2025-12-12 15:24:29,2025-12-12 15:37:35,0,68.194.193.32,100,785,1,2025-12-12 15:37:35,R_5MfnPY9aXsHIZBx,,,,,40.7616,-72.8508,anonymous,EN,1,1,I pay attention,,,821,0,930,2370000,92000,0,,831,7007,938,3490000,82354,,633,0,0,0,0,,,,,,,,1,1,1,1,0,90,,,,,,,,,,,,,,,,,,,,,,,1,1,1,1,1,40,,,,,,,,,,,,,,,,,,,,,,,1,1,1,0,0,65,,,,,,,,,,,,,,,,1,1,1,1,0,70,,,,,,,,,,,,,,,,1,1,1,1,1,30,,,,,,,,,,,,,,,,,,,,,,,,,,,,,,,,,,,,0,,7,66465d688e90512d006edc84,SlowFast,40,20,"""390 + 431 =","""3719 + 1187 =","""128 + 86 + 716 =","""870000 + 1500000 =<br>","""89630 + 2739 + 18 + 188 =","""9372894 + 33 + 297 + 55 + 170027 =","""340 + 491 =","""3219 + 3588 = ","""324 + 99 + 515 =","""790000 + 2700000 =","""79820 + 2817 + 12 + 298 = ","""270 + 363 =","""4137 + 2378 =","""214 + 78 + 618 =","""920000 + 1900000 =","""88520 + 1648 + 29 +169 =",16.07,40.00,18.38,19.41,39.55,10.15,30.38,15.66,14.78,38.98,13.30,20.00,20.00,20.00,20.00,40.00,821,0,930,2370000,92000,831,7007,938,3490000,82354,633,0,0,0,0,0
2025-12-12 15:24:08,2025-12-12 15:38:58,0,135.131.139.233,100,889,1,2025-12-12 15:38:58,R_52kQmwWtwG5CVCX,,,,,44.482,-88.0185,anonymous,EN,1,1,I pay attention,,,821,4906,930,1370000,0,0,,831,0,938,0,0,,633,7405,910,2820000,0,,,,,,,,,,,,,,,,,,,,,,,,,,,,,,,,,,,,,,,,,,,0,0,0,0,0,75,,,,,,,,,,,,,,,,1,0,0,0,0,38,,,,,,,,,,,,,,,,,,,,,,,1,1,1,1,0,38,,,,,,,,,,,,,,,,,,,,,,,1,0,0,0,0,21,,,,,,,,,1,0,1,0,0,25,,,,,,,,0,,8,6583287e9845b219549fb80b,FastSlow,20,40,"""390 + 431 =","""3719 + 1187 =","""128 + 86 + 716 =","""870000 + 1500000 =<br>","""89630 + 2739 + 18 + 188 =","""9372894 + 33 + 297 + 55 + 170027 =","""340 + 491 =","""3219 + 3588 = ","""324 + 99 + 515 =","""790000 + 2700000 =","""79820 + 2817 + 12 + 298 = ","""270 + 363 =","""4137 + 2378 =","""214 + 78 + 618 =","""920000 + 1900000 =","""88520 + 1648 + 29 +169 =",12.70,25.87,27.70,37.55,40.00,11.38,20.00,17.19,20.00,20.00,13.57,25.99,17.94,15.44,40.00,40.00,821,4906,930,1370000,0,831,0,938,0,0,633,7405,910,2820000,0,0
2025-12-12 15:29:20,2025-12-12 15:39:49,0,76.159.190.190,100,628,1,2025-12-12 15:39:50,R_7x3oN6Sc4FOFJcZ,,,,,32.4115,-110.944,anonymous,EN,1,1,"I pay attention ",,,821,4907,930,2370000,92525,0,,839,6891,954,34900000,0,,633,6515,810,0,90366,,,,,,,,,,,,,,,,,,,,,,1,1,1,1,0,59,,,,,,,,,,,,,,,,,,,,,,,,,,,,,,1,1,0,1,0,65,,,,,,,,,,,,,,,,1,1,1,1,0,76,,,,,,,,,,,,,,,,,,,,,,,1,1,1,1,1,27,,,,,,,,,,,,,,,,1,0,0,1,0,65,,,,,,,,,,,,,,,0,,6,660cdcff6d4bcd542a22f24e,SlowFast,40,20,"""390 + 431 =","""3719 + 1187 =","""128 + 86 + 716 =","""870000 + 1500000 =<br>","""89630 + 2739 + 18 + 188 =","""9372894 + 33 + 297 + 55 + 170027 =","""340 + 491 =","""3219 + 3588 = ","""324 + 99 + 515 =","""790000 + 2700000 =","""79820 + 2817 + 12 + 298 = ","""270 + 363 =","""4137 + 2378 =","""214 + 78 + 618 =","""920000 + 1900000 =","""88520 + 1648 + 29 +169 =",12.40,34.90,13.87,30.20,36.34,10.38,26.75,23.43,23.62,40.00,14.87,13.83,11.14,20.00,17.23,40.00,821,4907,930,2370000,92525,839,6891,954,34900000,0,633,6515,810,0,90366,0
2025-12-12 15:16:06,2025-12-12 15:40:56,0,69.122.67.136,100,1489,1,2025-12-12 15:40:56,R_6mlLfmmcv5BWye5,,,,,40.8677,-74.1737,anonymous,EN,0.8999999761581421,1,I pay attention,,,821,4906,930,2370000,92575,0,,0,0,0,0,0,,633,6515,910,2820000,0,,,,,,,,,,,,,,,,,,,,,,,,,,,,,,,,,,,,,,,,,,,0,0,0,0,0,60,,1,0,0,1,0,40,,1,0,0,0,0,40,,,,,,,,,,,,,,,,,,,,,,,,,,,,,,,,,,,,,,,,,,,,1,1,1,1,1,5,,,,,,,,,,,,,,,,,,,,,,,,,,,,,,1,1,1,1,0,8,0,,9,66ba819cd72c840e39108978,FastSlow,20,40,"""390 + 431 =","""3719 + 1187 =","""128 + 86 + 716 =","""870000 + 1500000 =<br>","""89630 + 2739 + 18 + 188 =","""9372894 + 33 + 297 + 55 + 170027 =","""340 + 491 =","""3219 + 3588 = ","""324 + 99 + 515 =","""790000 + 2700000 =","""79820 + 2817 + 12 + 298 = ","""270 + 363 =","""4137 + 2378 =","""214 + 78 + 618 =","""920000 + 1900000 =","""88520 + 1648 + 29 +169 =",13.23,34.97,25.15,29.64,32.38,20.00,20.00,20.00,20.00,20.00,25.39,33.35,24.58,21.26,40.00,40.00,821,4906,930,2370000,92575,0,0,0,0,0,633,6515,910,2820000,0,0
2025-12-12 15:37:07,2025-12-12 15:48:07,0,73.55.181.141,100,659,1,2025-12-12 15:48:07,R_3FICVlUPh8AU4Kt,,,,,30.0409,-95.5302,anonymous,EN,1,1,I pay attention,,,821,4906,930,2370000,92575,0,,831,6807,938,3390000,81947,,633,6515,920,2820000,0,,,,,,,,1,1,1,0,0,69,,,,,,,,,,,,,,,,,,,,,,,,,,,,,,0,0,0,0,0,80,,1,1,0,0,0,60,,,,,,,,,1,1,0,0,0,30,,,,,,,,,,,,,,,,,,,,,,,,,,,,,,,,,,,,,,,,,,,,,,,,,,,,,,,,,,1,1,1,0,0,31,,,,,,,,,,,,,,,0,,11,5ff7ee108c6cb45141fe8c61,SlowFast,40,20,"""390 + 431 =","""3719 + 1187 =","""128 + 86 + 716 =","""870000 + 1500000 =<br>","""89630 + 2739 + 18 + 188 =","""9372894 + 33 + 297 + 55 + 170027 =","""340 + 491 =","""3219 + 3588 = ","""324 + 99 + 515 =","""790000 + 2700000 =","""79820 + 2817 + 12 + 298 = ","""270 + 363 =","""4137 + 2378 =","""214 + 78 + 618 =","""920000 + 1900000 =","""88520 + 1648 + 29 +169 =",7.35,10.58,16.89,24.89,28.45,5.11,9.99,9.83,15.01,24.93,4.74,13.82,16.79,15.96,20.00,40.00,821,4906,930,2370000,92575,831,6807,938,3390000,81947,633,6515,920,2820000,0,0
2025-12-12 15:35:55,2025-12-12 15:49:19,0,174.203.130.101,100,804,1,2025-12-12 15:49:20,R_7DjOK7w6pEqJekr,,,,,40.5076,-78.3925,anonymous,EN,1,1,"I pay attention ",,,821,0,930,23700000,93740,11000007,,831,6811,938,35100000,83245,,0,0,0,30800000,9106,,,,,,,,,,,,,,,1,1,1,1,0,26,,,,,,,,,1,0,0,1,0,41,,,,,,,,,,,,,,,,1,0,0,1,0,25,,,,,,,,,,,,,,,,,,,,,,,,,,,,,,1,0,0,1,0,9,,,,,,,,,,,,,,,,,,,,,,,0,0,0,0,0,21,,,,,,,,,,,,,,,,,,,,,,,,,,,,,0,,4,6697f5425b965a8e85012f54,SlowFast,40,20,"""390 + 431 =","""3719 + 1187 =","""128 + 86 + 716 =","""870000 + 1500000 =<br>","""89630 + 2739 + 18 + 188 =","""9372894 + 33 + 297 + 55 + 170027 =","""340 + 491 =","""3219 + 3588 = ","""324 + 99 + 515 =","""790000 + 2700000 =","""79820 + 2817 + 12 + 298 = ","""270 + 363 =","""4137 + 2378 =","""214 + 78 + 618 =","""920000 + 1900000 =","""88520 + 1648 + 29 +169 =",16.41,40.00,28.91,34.81,26.76,24.60,32.55,25.79,27.82,22.88,20.00,20.00,20.00,17.16,15.39,19.09,821,0,930,23700000,93740,831,6811,938,35100000,83245,0,0,0,30800000,9106,11000007
2025-12-12 15:37:52,2025-12-12 15:49:54,0,72.22.122.238,100,721,1,2025-12-12 15:49:54,R_3cpdMe81Op4PrkW,,,,,36.5438,-86.0245,anonymous,EN,1,1,I pay attention,,,821,4906,948,2370000,112000,0,,831,0,938,0,0,,633,6515,910,2820000,0,,,,,,,,,,,,,,,,,,,,,,1,1,1,1,1,51,,1,1,1,1,1,50,,,,,,,,,,,,,,,,,,,,,,,1,1,1,1,0,50,,0,0,0,0,0,49,,,,,,,,,,,,,,,,,,,,,,,,,,,,,,,,,,,,,,,,,,,,,,,,,,,,,,,,,,,,,,,,,,,,,,,,1,1,1,1,0,49,0,,9,66d9edfb2b46f520118ea289,FastSlow,20,40,"""390 + 431 =","""3719 + 1187 =","""128 + 86 + 716 =","""870000 + 1500000 =<br>","""89630 + 2739 + 18 + 188 =","""9372894 + 33 + 297 + 55 + 170027 =","""340 + 491 =","""3219 + 3588 = ","""324 + 99 + 515 =","""790000 + 2700000 =","""79820 + 2817 + 12 + 298 = ","""270 + 363 =","""4137 + 2378 =","""214 + 78 + 618 =","""920000 + 1900000 =","""88520 + 1648 + 29 +169 =",13.55,23.12,20.44,36.20,34.93,13.61,20.00,18.92,20.00,20.00,13.93,15.38,17.81,22.87,40.00,40.00,821,4906,948,2370000,112000,831,0,938,0,0,633,6515,910,2820000,0,0
2025-12-12 15:33:32,2025-12-12 15:51:03,0,75.85.214.242,100,1051,1,2025-12-12 15:51:04,R_1RwTmu7ezQMyXZA,,,,,33.806,-116.4624,anonymous,EN,1,1,I pay attention,,,840,6000,1000,0,93000,0,,800,0,900,0,0,,700,6800,700,101000000,92000,,,,,,,,,,,,,,,,,,,,,,,,,,,,,,,,,,,,1,1,1,1,0,2,,,,,,,,,,,,,,,,1,0,0,1,0,7,,,,,,,,,,,,,,,,,,,,,,,,,,,,,,1,0,1,0,0,3,,,,,,,,,,,,,,,,,,,,,,,,,,,,,,,,,,,,,1,0,0,0,0,2,,0,1,0,0,1,2,0,,,67577f7256966a1682182626,FastSlow,20,40,"""390 + 431 =","""3719 + 1187 =","""128 + 86 + 716 =","""870000 + 1500000 =<br>","""89630 + 2739 + 18 + 188 =","""9372894 + 33 + 297 + 55 + 170027 =","""340 + 491 =","""3219 + 3588 = ","""324 + 99 + 515 =","""790000 + 2700000 =","""79820 + 2817 + 12 + 298 = ","""270 + 363 =","""4137 + 2378 =","""214 + 78 + 618 =","""920000 + 1900000 =","""88520 + 1648 + 29 +169 =",30.57,25.08,37.17,40.00,37.79,7.54,20.00,10.54,20.00,20.00,12.08,15.39,22.43,23.18,17.94,40.00,840,6000,1000,0,93000,800,0,900,0,0,700,6800,700,101000000,92000,0
2025-12-12 15:36:37,2025-12-12 15:51:12,0,69.63.25.251,100,875,1,2025-12-12 15:51:12,R_5m3PJP6tLbGYhbS,,,,,41.8259,-90.7582,anonymous,EN,0.8999999761581421,1,"""I pay attention""",,,821,4916,930,920000,10000,0,,734,6798,935,10600000,0,,633,6515,888,1929000,91288,,,,,,,,,,,,,,,,,,,,,,,,,,,,,,,,,,,,,,,,,,,,,,,,,,,,,,,,,1,1,0,1,0,44,,1,1,0,0,0,40,,,,,,,,,,,,,,,,1,1,1,1,0,34,,,,,,,,,1,1,1,1,0,33,,,,,,,,,,,,,,,,,,,,,,,,,,,,,,,,,,,,,1,0,1,1,0,22,0,Thanks for the feedback on how I did. I always wonder when I do these how close I am but you are the first to give me feedback.,4,6679d012158715ae2d03a3f7,FastSlow,20,40,"""390 + 431 =","""3719 + 1187 =","""128 + 86 + 716 =","""870000 + 1500000 =<br>","""89630 + 2739 + 18 + 188 =","""9372894 + 33 + 297 + 55 + 170027 =","""340 + 491 =","""3219 + 3588 = ","""324 + 99 + 515 =","""790000 + 2700000 =","""79820 + 2817 + 12 + 298 = ","""270 + 363 =","""4137 + 2378 =","""214 + 78 + 618 =","""920000 + 1900000 =","""88520 + 1648 + 29 +169 =",13.33,37.79,34.67,13.63,37.95,18.07,13.91,19.19,12.95,20.00,8.53,25.63,33.32,33.30,31.63,40.00,821,4916,930,920000,10000,734,6798,935,10600000,0,633,6515,888,1929000,91288,0
2025-12-12 15:33:15,2025-12-12 15:51:14,0,68.186.132.119,100,1078,1,2025-12-12 15:51:14,R_5kGSlv3P6oyauKB,,,,,35.4825,-86.4629,anonymous,EN,1,1,i pay attention,,,821,4906,844,15870000,92576,9563306,,831,0,0,0,0,,633,6515,910,282000,99358,,,,,,,,,,,,,,,,,,,,,,,,,,,,,,,,,,,,,,,,,,,,,,,,,,1,1,0,0,0,23,,1,1,0,1,0,30,,1,1,0,0,0,6,,,,,,,,,,,,,,,,,,,,,,,,,,,,,,,,,,,,,,,,,,,,,,,,,,,1,0,0,0,0,11,,1,0,0,0,0,19,,,,,,,,,,,,,,,0,,6,654a5d641901737cf9ddc7dc,FastSlow,20,40,"""390 + 431 =","""3719 + 1187 =","""128 + 86 + 716 =","""870000 + 1500000 =<br>","""89630 + 2739 + 18 + 188 =","""9372894 + 33 + 297 + 55 + 170027 =","""340 + 491 =","""3219 + 3588 = ","""324 + 99 + 515 =","""790000 + 2700000 =","""79820 + 2817 + 12 + 298 = ","""270 + 363 =","""4137 + 2378 =","""214 + 78 + 618 =","""920000 + 1900000 =","""88520 + 1648 + 29 +169 =",20.69,21.13,30.18,36.92,30.90,13.02,20.00,20.00,20.00,20.00,17.56,20.14,16.30,31.55,27.45,37.33,821,4906,844,15870000,92576,831,0,0,0,0,633,6515,910,282000,99358,9563306
2025-12-12 15:41:56,2025-12-12 15:51:38,0,75.128.206.240,100,582,1,2025-12-12 15:51:38,R_55ZyT96zNgm90Qa,,,,,46.7208,-92.1041,anonymous,EN,1,1,I pay attention,,,821,4906,930,1587000,92775,9373306,,831,6807,938,3490000,0,,633,6515,910,2820000,89466,,,,,,,,1,1,1,1,0,100,,,,,,,,,,,,,,,,,,,,,,,,,,,,,,,,,,,,,,,,,,,,1,1,0,1,0,85,,,,,,,,,,,,,,,,1,1,1,1,0,100,,,,,,,,,,,,,,,,,,,,,,,1,1,1,1,1,50,,,,,,,,,,,,,,,,,,,,,,,,,,,,,,1,1,1,1,0,50,0,,11,5e3360a4499e7932901951cb,FastSlow,20,40,"""390 + 431 =","""3719 + 1187 =","""128 + 86 + 716 =","""870000 + 1500000 =<br>","""89630 + 2739 + 18 + 188 =","""9372894 + 33 + 297 + 55 + 170027 =","""340 + 491 =","""3219 + 3588 = ","""324 + 99 + 515 =","""790000 + 2700000 =","""79820 + 2817 + 12 + 298 = ","""270 + 363 =","""4137 + 2378 =","""214 + 78 + 618 =","""920000 + 1900000 =","""88520 + 1648 + 29 +169 =",7.50,14.94,14.35,18.31,39.95,14.50,12.39,12.73,12.72,20.00,10.75,12.67,14.09,12.19,24.82,37.66,821,4906,930,1587000,92775,831,6807,938,3490000,0,633,6515,910,2820000,89466,9373306
2025-12-12 15:39:22,2025-12-12 15:51:46,0,73.238.27.206,100,743,1,2025-12-12 15:51:46,R_1S08cY3eHTaLjWN,,,,,41.5557,-72.6632,anonymous,EN,1,1,I pay attention,,,821,4906,930,0,0,10432765,,831,6807,940,3490000,83217,,633,0,920,2820000,90000,,,,,,,,,,,,,,,,,,,,,,,,,,,,,,,,,,,,,,,,,,,,,,,,,,,,,,,,,,,,,,,,,,,,,,,,,,,,,,,,,,,,,1,1,1,1,0,25,,1,1,1,1,0,19,,,,,,,,,,,,,,,,1,1,1,1,0,50,,,,,,,,,,,,,,,,1,1,1,1,0,30,,1,0,0,1,0,5,0,,8,66294cab168fcf0983e95f42,SlowFast,40,20,"""390 + 431 =","""3719 + 1187 =","""128 + 86 + 716 =","""870000 + 1500000 =<br>","""89630 + 2739 + 18 + 188 =","""9372894 + 33 + 297 + 55 + 170027 =","""340 + 491 =","""3219 + 3588 = ","""324 + 99 + 515 =","""790000 + 2700000 =","""79820 + 2817 + 12 + 298 = ","""270 + 363 =","""4137 + 2378 =","""214 + 78 + 618 =","""920000 + 1900000 =","""88520 + 1648 + 29 +169 =",18.08,39.31,31.70,40.00,40.00,16.61,28.83,11.71,31.25,37.17,12.76,20.00,19.37,14.40,12.70,22.19,821,4906,930,0,0,831,6807,940,3490000,83217,633,0,920,2820000,90000,10432765
2025-12-12 15:45:40,2025-12-12 15:55:48,0,72.133.120.61,100,608,1,2025-12-12 15:55:49,R_5c774vkhbsqzXte,,,,,30.449,-97.9669,anonymous,EN,1,1,I pay attention,,,821,4906,0,2270000,92575,0,,831,6797,938,0,0,,633,6515,910,2820000,0,,,,,,,,,,,,,,,1,1,0,1,0,50,,,,,,,,,1,1,0,1,0,70,,,,,,,,,,,,,,,,1,0,0,0,0,65,,,,,,,,,,,,,,,,,,,,,,,,,,,,,,,,,,,,,,,,,,,,,,,,,,,,,,,,,,,,,,,,,,,,,,,,1,0,0,1,0,20,,1,0,0,0,0,30,,,,,,,,0,,9,66c49506c24e39d11f5d89fc,FastSlow,20,40,"""390 + 431 =","""3719 + 1187 =","""128 + 86 + 716 =","""870000 + 1500000 =<br>","""89630 + 2739 + 18 + 188 =","""9372894 + 33 + 297 + 55 + 170027 =","""340 + 491 =","""3219 + 3588 = ","""324 + 99 + 515 =","""790000 + 2700000 =","""79820 + 2817 + 12 + 298 = ","""270 + 363 =","""4137 + 2378 =","""214 + 78 + 618 =","""920000 + 1900000 =","""88520 + 1648 + 29 +169 =",21.15,21.09,40.00,32.18,39.37,11.70,18.03,12.24,20.00,20.00,17.95,16.48,19.77,22.24,40.00,40.00,821,4906,0,2270000,92575,831,6797,938,0,0,633,6515,910,2820000,0,0
2025-12-12 15:48:47,2025-12-12 15:56:30,0,71.193.183.218,100,462,1,2025-12-12 15:56:31,R_1Ui3ouoeNWVLl3P,,,,,45.5411,-122.5605,anonymous,EN,1,1,I pay attention,,,821,5206,930,2370000,92065,9450000,,831,6807,938,3490000,82027,,633,6415,920,2820000,91206,,,,,,,,,,,,,,,,,,,,,,,,,,,,,,,,,,,,,,,,,,,,,,,,,,,,,,,,,,,,,,,,,,,,,,,,,,,,,,1,1,1,1,0,79,,1,1,1,1,0,80,,,,,,,,,1,1,1,1,0,58,,1,1,1,1,1,9,,,,,,,,,,,,,,,,,,,,,,,1,1,1,0,0,32,,,,,,,,0,,9,571178ec3d47e80011635b88,SlowFast,40,20,"""390 + 431 =","""3719 + 1187 =","""128 + 86 + 716 =","""870000 + 1500000 =<br>","""89630 + 2739 + 18 + 188 =","""9372894 + 33 + 297 + 55 + 170027 =","""340 + 491 =","""3219 + 3588 = ","""324 + 99 + 515 =","""790000 + 2700000 =","""79820 + 2817 + 12 + 298 = ","""270 + 363 =","""4137 + 2378 =","""214 + 78 + 618 =","""920000 + 1900000 =","""88520 + 1648 + 29 +169 =",6.43,22.95,11.83,21.80,29.60,8.21,14.64,8.57,23.04,26.60,7.52,12.17,10.29,10.17,14.06,25.48,821,5206,930,2370000,92065,831,6807,938,3490000,82027,633,6415,920,2820000,91206,9450000
2025-12-12 15:48:31,2025-12-12 15:56:35,0,136.226.64.123,100,484,1,2025-12-12 15:56:35,R_5YLYgOpfWlrtCak,,,,,34.0544,-118.244,anonymous,EN,1,1,I pay attention,,,821,4906,930,2370000,0,95430000,,831,6807,938,3490000,0,,633,6515,910,2820000,90300,,,,,,,,,,,,,,,1,1,1,1,0,91,,1,1,1,1,0,90,,,,,,,,,1,1,1,1,1,23,,,,,,,,,,,,,,,,,,,,,,,,,,,,,,,,,,,,,1,1,1,1,0,96,,,,,,,,,,,,,,,,,,,,,,,,,,,,,,,,,,,,,,,,,,,,,,,,,,,,,,,,,,1,1,1,1,0,5,0,,12,655fdd950e4ff12b601483a6,FastSlow,20,40,"""390 + 431 =","""3719 + 1187 =","""128 + 86 + 716 =","""870000 + 1500000 =<br>","""89630 + 2739 + 18 + 188 =","""9372894 + 33 + 297 + 55 + 170027 =","""340 + 491 =","""3219 + 3588 = ","""324 + 99 + 515 =","""790000 + 2700000 =","""79820 + 2817 + 12 + 298 = ","""270 + 363 =","""4137 + 2378 =","""214 + 78 + 618 =","""920000 + 1900000 =","""88520 + 1648 + 29 +169 =",7.71,20.07,12.60,21.12,40.00,6.20,11.48,13.92,15.56,20.00,7.85,13.18,19.96,14.43,27.00,33.89,821,4906,930,2370000,0,831,6807,938,3490000,0,633,6515,910,2820000,90300,95430000
2025-12-12 15:48:10,2025-12-12 15:57:24,0,74.209.11.138,100,553,1,2025-12-12 15:57:24,R_6RPza0nCTCynHgy,,,,,46.9965,-120.5478,anonymous,EN,1,1,I pay attention,,,821,5500,1000,240000,100000,120000000,,821,7200,920,120000000,12000,,633,6000,900,2100000,12000,,,,,,,,1,0,1,0,0,80,,1,1,1,0,0,63,,,,,,,,,,,,,,,,,,,,,,,0,0,0,0,0,84,,,,,,,,,,,,,,,,,,,,,,,,,,,,,,,,,,,,,,,,,,,,,,,,,,,,,,,,,,1,1,1,1,1,22,,0,0,0,0,0,81,,,,,,,,,,,,,,,,,,,,,,,,,,,,,0,,2,6568ead5dfb561c3ba7850a4,SlowFast,40,20,"""390 + 431 =","""3719 + 1187 =","""128 + 86 + 716 =","""870000 + 1500000 =<br>","""89630 + 2739 + 18 + 188 =","""9372894 + 33 + 297 + 55 + 170027 =","""340 + 491 =","""3219 + 3588 = ","""324 + 99 + 515 =","""790000 + 2700000 =","""79820 + 2817 + 12 + 298 = ","""270 + 363 =","""4137 + 2378 =","""214 + 78 + 618 =","""920000 + 1900000 =","""88520 + 1648 + 29 +169 =",25.38,11.98,20.00,23.32,25.34,16.89,23.16,8.69,21.20,14.51,17.06,7.04,11.49,16.25,14.09,25.19,821,5500,1000,240000,100000,821,7200,920,120000000,12000,633,6000,900,2100000,12000,120000000
2025-12-12 15:38:14,2025-12-12 16:00:10,0,68.40.96.186,100,1315,1,2025-12-12 16:00:11,R_3sn7pL1q3RHB1y5,,,,,42.3575,-83.2162,anonymous,EN,1,1,I pay attention,,,0,4900,930,2000000,90000,850000,,831,0,938,350000,82947,,633,0,900,0,0,,,,,,,,,,,,,,,1,1,1,1,0,70,,,,,,,,,1,1,1,1,0,85,,,,,,,,,0,0,0,0,0,85,,,,,,,,,,,,,,,,,,,,,,,,,,,,,,,,,,,,,1,0,1,1,0,45,,,,,,,,,,,,,,,,,,,,,,,,,,,,,,0,0,0,0,0,70,,,,,,,,,,,,,,,,,,,,,,0,This was a very interesting study and I would like to participate in another one in the future.,5,6580563ab7a54f1d93ec09f3,SlowFast,40,20,"""390 + 431 =","""3719 + 1187 =","""128 + 86 + 716 =","""870000 + 1500000 =<br>","""89630 + 2739 + 18 + 188 =","""9372894 + 33 + 297 + 55 + 170027 =","""340 + 491 =","""3219 + 3588 = ","""324 + 99 + 515 =","""790000 + 2700000 =","""79820 + 2817 + 12 + 298 = ","""270 + 363 =","""4137 + 2378 =","""214 + 78 + 618 =","""920000 + 1900000 =","""88520 + 1648 + 29 +169 =",40.00,38.55,34.51,38.76,35.31,29.96,40.00,27.46,37.20,30.20,17.26,20.00,16.23,20.00,20.00,38.94,0,4900,930,2000000,90000,831,0,938,350000,82947,633,0,900,0,0,850000
2025-12-12 15:44:27,2025-12-12 16:02:55,0,38.30.247.246,100,1108,1,2025-12-12 16:02:56,R_5lWAgqWw9e9pLaH,,,,,37.751,-97.822,anonymous,EN,0.800000011920929,1,I pay attention,,,821,4906,930,0,92575,9543306,,831,6807,938,3490002,82957,,633,6515,910,0,0,,,,,,,,,,,,,,,1,1,1,0,0,85,,1,1,1,0,0,40,,,,,,,,,,,,,,,,,,,,,,,,,,,,,,,,,,,,,,,,,,,,,,,,,,,,,,,,,,,,,,,,,,,,,,,,,,,,,,,,,,,,,,,,,,,,,1,1,1,0,0,66,,1,1,1,0,0,30,,,,,,,,,1,1,1,0,0,35,0,,10,68852bb3841485125559a020,SlowFast,40,20,"""390 + 431 =","""3719 + 1187 =","""128 + 86 + 716 =","""870000 + 1500000 =<br>","""89630 + 2739 + 18 + 188 =","""9372894 + 33 + 297 + 55 + 170027 =","""340 + 491 =","""3219 + 3588 = ","""324 + 99 + 515 =","""790000 + 2700000 =","""79820 + 2817 + 12 + 298 = ","""270 + 363 =","""4137 + 2378 =","""214 + 78 + 618 =","""920000 + 1900000 =","""88520 + 1648 + 29 +169 =",13.45,21.45,16.59,40.00,27.35,14.36,17.43,14.70,25.93,29.48,16.38,16.10,17.90,20.00,20.00,31.08,821,4906,930,0,92575,831,6807,938,3490002,82957,633,6515,910,0,0,9543306
2025-12-12 15:53:31,2025-12-12 16:04:23,0,174.211.224.237,100,651,1,2025-12-12 16:04:23,R_1flUd8gJZkvMhIU,,,,,28.5788,-81.4396,anonymous,EN,1,1,I pay attention,,,821,4906,930,2370000,90565,0,,831,6807,938,3490000,0,,633,6513,910,2820000,0,,,,,,,,,,,,,,,,,,,,,,,,,,,,,,,,,,,,,,,,,,,0,0,0,1,0,81,,,,,,,,,,,,,,,,,,,,,,,,,,,,,,1,1,1,1,0,27,,1,1,1,1,0,69,,1,1,1,1,0,23,,,,,,,,,,,,,,,,,,,,,,,1,0,1,1,0,15,,,,,,,,,,,,,,,,,,,,,,0,,11,671ebf7776922e1fe2259938,FastSlow,20,40,"""390 + 431 =","""3719 + 1187 =","""128 + 86 + 716 =","""870000 + 1500000 =<br>","""89630 + 2739 + 18 + 188 =","""9372894 + 33 + 297 + 55 + 170027 =","""340 + 491 =","""3219 + 3588 = ","""324 + 99 + 515 =","""790000 + 2700000 =","""79820 + 2817 + 12 + 298 = ","""270 + 363 =","""4137 + 2378 =","""214 + 78 + 618 =","""920000 + 1900000 =","""88520 + 1648 + 29 +169 =",20.36,33.84,15.18,39.45,34.67,10.18,11.08,11.36,19.48,20.00,9.37,18.40,11.60,16.42,40.00,40.00,821,4906,930,2370000,90565,831,6807,938,3490000,0,633,6513,910,2820000,0,0
2025-12-12 15:51:30,2025-12-12 16:06:50,0,75.138.88.146,100,919,1,2025-12-12 16:06:50,R_1kcTfQOOtIdgOTu,,,,,33.454,-84.1534,anonymous,EN,1,1,I pay attention,,,821,4906,920,9200000,992548,0,,831,7807,1084,10690000,0,,633,6515,0,11000000,0,,,,,,,,,,,,,,,1,1,1,1,0,65,,1,1,1,1,0,85,,,,,,,,,1,1,1,1,1,40,,,,,,,,,,,,,,,,,,,,,,,,,,,,,,,,,,,,,,,,,,,,,,,,,,,1,1,1,1,0,80,,,,,,,,,,,,,,,,,,,,,,,,,,,,,,,,,,,,,,,,,,,,1,1,1,1,0,25,0,,5,6638068d9ab49383d1fe00ae,SlowFast,40,20,"""390 + 431 =","""3719 + 1187 =","""128 + 86 + 716 =","""870000 + 1500000 =<br>","""89630 + 2739 + 18 + 188 =","""9372894 + 33 + 297 + 55 + 170027 =","""340 + 491 =","""3219 + 3588 = ","""324 + 99 + 515 =","""790000 + 2700000 =","""79820 + 2817 + 12 + 298 = ","""270 + 363 =","""4137 + 2378 =","""214 + 78 + 618 =","""920000 + 1900000 =","""88520 + 1648 + 29 +169 =",11.67,34.96,39.21,23.19,22.09,13.29,16.09,36.68,29.25,40.00,8.79,11.19,20.00,14.21,20.00,40.00,821,4906,920,9200000,992548,831,7807,1084,10690000,0,633,6515,0,11000000,0,0
2025-12-12 15:55:32,2025-12-12 16:07:47,0,97.106.36.23,100,735,1,2025-12-12 16:07:47,R_3ewQ0JXN1UvFKd2,,,,,28.1147,-82.3678,anonymous,EN,1,1,I pay attention,,,821,4912,910,1020000,13445,10744386,,831,6797,1728,1060000,891837,,633,6605,1510,1110000,554625,,,,,,,,,,,,,,,,,,,,,,1,1,1,1,0,20,,,,,,,,,1,1,1,1,0,30,,,,,,,,,,,,,,,,1,1,0,1,0,30,,,,,,,,,,,,,,,,,,,,,,,,,,,,,,1,1,1,1,1,30,,,,,,,,,,,,,,,,,,,,,,,,,,,,,,1,1,0,1,0,30,,,,,,,,,,,,,,,0,"Great survey, no issues. ",3,63e56525a8fb39289dbe8f26,SlowFast,40,20,"""390 + 431 =","""3719 + 1187 =","""128 + 86 + 716 =","""870000 + 1500000 =<br>","""89630 + 2739 + 18 + 188 =","""9372894 + 33 + 297 + 55 + 170027 =","""340 + 491 =","""3219 + 3588 = ","""324 + 99 + 515 =","""790000 + 2700000 =","""79820 + 2817 + 12 + 298 = ","""270 + 363 =","""4137 + 2378 =","""214 + 78 + 618 =","""920000 + 1900000 =","""88520 + 1648 + 29 +169 =",13.30,30.86,18.46,19.41,31.80,10.99,13.32,19.87,16.54,32.37,12.16,15.91,15.48,12.01,12.81,27.45,821,4912,910,1020000,13445,831,6797,1728,1060000,891837,633,6605,1510,1110000,554625,10744386
2025-12-12 15:57:48,2025-12-12 16:09:22,0,97.83.47.90,100,693,1,2025-12-12 16:09:22,R_1pm6pTavmPf7hLg,,,,,44.8155,-85.5803,anonymous,EN,1,1,I pay attention,,,821,0,0,0,0,0,,0,0,0,0,0,,633,6515,910,0,0,,,,,,,,,,,,,,,1,1,1,1,0,64,,,,,,,,,,,,,,,,,,,,,,,,,,,,,,1,0,1,1,0,70,,,,,,,,,,,,,,,,,,,,,,,,,,,,,,1,1,1,1,0,57,,,,,,,,,1,1,1,1,1,58,,,,,,,,,,,,,,,,,,,,,,,,,,,,,,,,,,,,,1,1,1,1,0,32,0,,4,669d46e4f0740074dc39e491,FastSlow,20,40,"""390 + 431 =","""3719 + 1187 =","""128 + 86 + 716 =","""870000 + 1500000 =<br>","""89630 + 2739 + 18 + 188 =","""9372894 + 33 + 297 + 55 + 170027 =","""340 + 491 =","""3219 + 3588 = ","""324 + 99 + 515 =","""790000 + 2700000 =","""79820 + 2817 + 12 + 298 = ","""270 + 363 =","""4137 + 2378 =","""214 + 78 + 618 =","""920000 + 1900000 =","""88520 + 1648 + 29 +169 =",15.69,40.00,40.00,40.00,40.00,20.00,20.00,20.00,20.00,20.00,15.90,28.46,18.46,40.00,40.00,40.00,821,0,0,0,0,0,0,0,0,0,633,6515,910,0,0,0
2025-12-12 16:00:49,2025-12-12 16:10:45,0,67.131.1.151,100,596,1,2025-12-12 16:10:46,R_7OUypYUwqmFNYQ9,,,,,47.7494,-122.2173,anonymous,EN,1,1,i pay attention,,,821,4906,929,2370000,0,0,,831,6807,938,3490000,82947,,633,0,910,2820000,0,,,,,,,,,,,,,,,,,,,,,,,,,,,,,,,,,,,,,,,,,,,1,0,0,1,0,34,,,,,,,,,1,0,1,1,0,40,,,,,,,,,,,,,,,,,,,,,,,,,,,,,,1,1,1,1,0,50,,,,,,,,,,,,,,,,,,,,,,,1,1,1,1,0,50,,0,0,0,0,0,16,,,,,,,,,,,,,,,0,,11,6632c5d854799acad3f37450,SlowFast,40,20,"""390 + 431 =","""3719 + 1187 =","""128 + 86 + 716 =","""870000 + 1500000 =<br>","""89630 + 2739 + 18 + 188 =","""9372894 + 33 + 297 + 55 + 170027 =","""340 + 491 =","""3219 + 3588 = ","""324 + 99 + 515 =","""790000 + 2700000 =","""79820 + 2817 + 12 + 298 = ","""270 + 363 =","""4137 + 2378 =","""214 + 78 + 618 =","""920000 + 1900000 =","""88520 + 1648 + 29 +169 =",11.45,23.74,28.23,15.24,40.00,15.99,14.99,9.67,14.84,37.42,15.11,20.00,13.58,13.49,20.00,40.00,821,4906,929,2370000,0,831,6807,938,3490000,82947,633,0,910,2820000,0,0
2025-12-12 16:04:00,2025-12-12 16:10:59,0,97.145.251.64,100,419,1,2025-12-12 16:10:59,R_1Oq9c5JeF3fN27c,,,,,39.9304,-77.248,anonymous,EN,1,1,I pay attention,,,780,4800,930,1670000,92000,950000,,800,7000,900,3400000,84000,,650,7000,900,2000000,91000,,,,,,,,,,,,,,,,,,,,,,,,,,,,,0,1,1,1,0,72,,,,,,,,,1,1,1,1,0,41,,1,1,1,1,0,55,,1,1,1,1,0,40,,,,,,,,,,,,,,,,,,,,,,,0,1,1,1,0,31,,,,,,,,,,,,,,,,,,,,,,,,,,,,,,,,,,,,,,,,,,,,,,,,,,,,,,,,,0,,1,664d3306a354afdb587d4550,FastSlow,20,40,"""390 + 431 =","""3719 + 1187 =","""128 + 86 + 716 =","""870000 + 1500000 =<br>","""89630 + 2739 + 18 + 188 =","""9372894 + 33 + 297 + 55 + 170027 =","""340 + 491 =","""3219 + 3588 = ","""324 + 99 + 515 =","""790000 + 2700000 =","""79820 + 2817 + 12 + 298 = ","""270 + 363 =","""4137 + 2378 =","""214 + 78 + 618 =","""920000 + 1900000 =","""88520 + 1648 + 29 +169 =",5.72,8.29,19.10,19.59,9.71,5.06,6.08,6.23,11.94,11.20,5.93,4.80,5.08,11.59,11.55,12.51,780,4800,930,1670000,92000,800,7000,900,3400000,84000,650,7000,900,2000000,91000,950000
2025-12-12 15:50:28,2025-12-12 16:11:16,0,223.29.140.165,100,1247,1,2025-12-12 16:11:17,R_6DOhhJ54JggMXBO,,,,,37.751,-97.822,anonymous,EN,1,1,"I pay attention ",,,821,490,1120,0,92575,0,,831,6807,938,0,0,,633,6515,910,2820000,90366,,,,,,,,,,,,,,,1,1,0,0,0,50,,,,,,,,,,,,,,,,1,1,1,0,0,20,,,,,,,,,1,1,1,0,0,40,,,,,,,,,,,,,,,,,,,,,,,,,,,,,,,,,,,,,,,,,,,,,,,,,,,,,,,,,,,,,,,,,,,,,,,,,,,,,,,1,0,1,0,0,15,,1,1,1,0,0,30,0,,10,6754246c81ce61cb6ffe887f,FastSlow,20,40,"""390 + 431 =","""3719 + 1187 =","""128 + 86 + 716 =","""870000 + 1500000 =<br>","""89630 + 2739 + 18 + 188 =","""9372894 + 33 + 297 + 55 + 170027 =","""340 + 491 =","""3219 + 3588 = ","""324 + 99 + 515 =","""790000 + 2700000 =","""79820 + 2817 + 12 + 298 = ","""270 + 363 =","""4137 + 2378 =","""214 + 78 + 618 =","""920000 + 1900000 =","""88520 + 1648 + 29 +169 =",19.29,38.83,37.28,40.00,37.04,19.80,18.45,18.92,20.00,20.00,17.04,29.54,23.66,31.09,36.92,40.00,821,490,1120,0,92575,831,6807,938,0,0,633,6515,910,2820000,90366,0
2025-12-12 16:02:49,2025-12-12 16:11:30,0,45.49.66.15,100,520,1,2025-12-12 16:11:30,R_6G4iLo3d8OsrCbD,,,,,34.1867,-118.3878,anonymous,EN,1,1,I pay attention,,,821,5000,900,0,3000000,100000000,,831,8000,700,3490000,90000,,0,7000,900,2100000,100000,,,,,,,,,,,,,,,,,,,,,,,,,,,,,,,,,,,,,,,,,,,,,,,,,,,,,,,,,1,0,0,0,0,0,,1,0,0,0,0,10,,1,0,0,0,0,0,,1,0,0,0,0,75,,,,,,,,,,,,,,,,,,,,,,,,,,,,,,0,0,0,0,0,75,,,,,,,,,,,,,,,,,,,,,,,,,,,,,0,,3,67ca78ca7413c0e71f97c9ba,SlowFast,40,20,"""390 + 431 =","""3719 + 1187 =","""128 + 86 + 716 =","""870000 + 1500000 =<br>","""89630 + 2739 + 18 + 188 =","""9372894 + 33 + 297 + 55 + 170027 =","""340 + 491 =","""3219 + 3588 = ","""324 + 99 + 515 =","""790000 + 2700000 =","""79820 + 2817 + 12 + 298 = ","""270 + 363 =","""4137 + 2378 =","""214 + 78 + 618 =","""920000 + 1900000 =","""88520 + 1648 + 29 +169 =",18.23,7.47,6.07,40.00,6.74,17.80,12.69,8.48,24.71,7.66,20.00,9.40,8.12,9.64,8.66,9.21,821,5000,900,0,3000000,831,8000,700,3490000,90000,0,7000,900,2100000,100000,100000000
2025-12-12 16:01:40,2025-12-12 16:11:39,0,75.12.21.163,100,598,1,2025-12-12 16:11:39,R_6CqgqZgA5GwAN53,,,,,34.3851,-118.5627,anonymous,EN,1,1,I pay attention,,,821,4906,1020,0,475,9543306,,831,0,0,0,0,,363,7515,1620,2820000,90168,,,,,,,,,,,,,,,,,,,,,,,,,,,,,1,1,1,1,0,40,,1,1,1,1,1,10,,,,,,,,,,,,,,,,,,,,,,,1,0,0,0,0,40,,,,,,,,,,,,,,,,,,,,,,,1,1,1,1,0,20,,,,,,,,,,,,,,,,1,1,0,1,0,30,,,,,,,,,,,,,,,,,,,,,,,,,,,,,0,,4,67206083e8af4cf14439ac21,FastSlow,20,40,"""390 + 431 =","""3719 + 1187 =","""128 + 86 + 716 =","""870000 + 1500000 =<br>","""89630 + 2739 + 18 + 188 =","""9372894 + 33 + 297 + 55 + 170027 =","""340 + 491 =","""3219 + 3588 = ","""324 + 99 + 515 =","""790000 + 2700000 =","""79820 + 2817 + 12 + 298 = ","""270 + 363 =","""4137 + 2378 =","""214 + 78 + 618 =","""920000 + 1900000 =","""88520 + 1648 + 29 +169 =",24.49,13.74,38.19,40.00,37.29,14.68,20.00,20.00,20.00,20.00,9.19,27.33,24.57,21.98,23.79,33.97,821,4906,1020,0,475,831,0,0,0,0,363,7515,1620,2820000,90168,9543306
2025-12-12 15:57:20,2025-12-12 16:12:29,0,73.110.64.123,100,909,1,2025-12-12 16:12:30,R_3QKNybiI0sZGlQq,,,,,41.792,-88.166,anonymous,EN,1,1,I pay attention,,,821,4806,929,0,0,0,,0,0,0,0,0,,633,6515,1500,2182000,0,,,,,,,,,,,,,,,,,,,,,,1,1,1,1,0,48,,,,,,,,,,,,,,,,,,,,,,,1,0,0,0,0,43,,1,0,0,0,0,35,,,,,,,,,,,,,,,,,,,,,,,,,,,,,,,,,,,,,1,1,1,1,0,45,,1,1,1,1,1,15,,,,,,,,,,,,,,,,,,,,,,,,,,,,,,,,,,,,0,,3,691752dae4acdec500565976,FastSlow,20,40,"""390 + 431 =","""3719 + 1187 =","""128 + 86 + 716 =","""870000 + 1500000 =<br>","""89630 + 2739 + 18 + 188 =","""9372894 + 33 + 297 + 55 + 170027 =","""340 + 491 =","""3219 + 3588 = ","""324 + 99 + 515 =","""790000 + 2700000 =","""79820 + 2817 + 12 + 298 = ","""270 + 363 =","""4137 + 2378 =","""214 + 78 + 618 =","""920000 + 1900000 =","""88520 + 1648 + 29 +169 =",16.19,30.09,23.28,40.00,40.00,20.00,20.00,20.00,20.00,20.00,19.29,37.70,31.72,18.88,40.00,40.00,821,4806,929,0,0,0,0,0,0,0,633,6515,1500,2182000,0,0
2025-12-12 15:55:51,2025-12-12 16:13:58,0,70.190.207.114,100,1087,1,2025-12-12 16:13:59,R_1SCCsMo4EJirmkd,,,,,31.9576,-110.9557,anonymous,EN,0.699999988079071,1,I pay attention,,,821,4936,0,0,0,0,,831,6807,849,3400000,0,,633,0,0,0,0,,,,,,,,1,1,0,1,0,90,,,,,,,,,,,,,,,,,,,,,,,,,,,,,,,,,,,,,,,,,,,,,,,,,,,1,0,0,0,0,75,,,,,,,,,,,,,,,,,,,,,,,,,,,,,,,,,,,,,,,,,,,,1,0,0,1,0,80,,,,,,,,,1,1,0,1,0,10,,1,1,0,0,0,25,,,,,,,,0,I would very much like to know the overall percentage correct of all who took this survey.,4,67352889b3b5e7bc6bb4981b,SlowFast,40,20,"""390 + 431 =","""3719 + 1187 =","""128 + 86 + 716 =","""870000 + 1500000 =<br>","""89630 + 2739 + 18 + 188 =","""9372894 + 33 + 297 + 55 + 170027 =","""340 + 491 =","""3219 + 3588 = ","""324 + 99 + 515 =","""790000 + 2700000 =","""79820 + 2817 + 12 + 298 = ","""270 + 363 =","""4137 + 2378 =","""214 + 78 + 618 =","""920000 + 1900000 =","""88520 + 1648 + 29 +169 =",27.89,29.43,40.00,40.00,40.00,18.42,34.75,27.63,29.16,40.00,10.63,20.00,20.00,20.00,20.00,40.00,821,4936,0,0,0,831,6807,849,3400000,0,633,0,0,0,0,0
2025-12-12 16:01:27,2025-12-12 16:14:14,0,76.35.174.157,100,767,1,2025-12-12 16:14:15,R_12RzjDJdGZ6MOMI,,,,,37.8868,-84.5667,anonymous,EN,1,1,I pay attention,,,821,4906,930,2370000,92575,9543306,,831,6807,938,3490000,82947,,633,6515,910,1800000,90366,,,,,,,,1,1,1,1,0,80,,,,,,,,,,,,,,,,,,,,,,,1,1,1,1,0,35,,,,,,,,,,,,,,,,,,,,,,,1,1,1,1,0,30,,1,1,1,1,0,30,,,,,,,,,,,,,,,,,,,,,,,,,,,,,,,,,,,,,,,,,,,,,,,,,,,,,,,,,,,,,,,,,1,1,1,0,0,25,1,,14,671a49f097ed9a0a68519d16,SlowFast,40,20,"""390 + 431 =","""3719 + 1187 =","""128 + 86 + 716 =","""870000 + 1500000 =<br>","""89630 + 2739 + 18 + 188 =","""9372894 + 33 + 297 + 55 + 170027 =","""340 + 491 =","""3219 + 3588 = ","""324 + 99 + 515 =","""790000 + 2700000 =","""79820 + 2817 + 12 + 298 = ","""270 + 363 =","""4137 + 2378 =","""214 + 78 + 618 =","""920000 + 1900000 =","""88520 + 1648 + 29 +169 =",27.49,20.57,16.07,36.91,25.09,15.53,16.70,15.85,27.11,29.02,11.65,16.89,15.09,17.57,19.02,34.98,821,4906,930,2370000,92575,831,6807,938,3490000,82947,633,6515,910,1800000,90366,9543306
2025-12-12 16:03:34,2025-12-12 16:18:31,0,108.20.209.183,100,897,1,2025-12-12 16:18:32,R_11zA32p1jXmvjEt,,,,,42.2958,-71.3018,anonymous,EN,1,1,I pay attention,,,821,4906,0,0,0,0,,831,6807,0,10490000,81525,,643,0,0,0,90000,,,,,,,,,,,,,,,,,,,,,,,,,,,,,1,1,0,1,0,30,,1,1,1,1,0,6,,,,,,,,,,,,,,,,,,,,,,,,,,,,,,1,0,0,1,0,1,,,,,,,,,1,1,0,1,0,22,,,,,,,,,,,,,,,,,,,,,,,1,0,0,0,0,29,,,,,,,,,,,,,,,,,,,,,,,,,,,,,0,I have no comments at this time.,4,5ff238852178d171f9c973b7,SlowFast,40,20,"""390 + 431 =","""3719 + 1187 =","""128 + 86 + 716 =","""870000 + 1500000 =<br>","""89630 + 2739 + 18 + 188 =","""9372894 + 33 + 297 + 55 + 170027 =","""340 + 491 =","""3219 + 3588 = ","""324 + 99 + 515 =","""790000 + 2700000 =","""79820 + 2817 + 12 + 298 = ","""270 + 363 =","""4137 + 2378 =","""214 + 78 + 618 =","""920000 + 1900000 =","""88520 + 1648 + 29 +169 =",22.26,15.59,40.00,40.00,40.00,18.24,20.28,40.00,18.31,26.30,18.30,20.00,20.00,20.00,18.75,40.00,821,4906,0,0,0,831,6807,0,10490000,81525,643,0,0,0,90000,0
2025-12-12 16:02:13,2025-12-12 16:18:42,0,137.83.28.106,100,989,1,2025-12-12 16:18:43,R_6KW8u7b5OC30bim,,,,,41.5043,-81.6786,anonymous,EN,1,1,I pay attention,,,821,4806,830,2370000,0,0,,830,0,0,0,0,,633,6515,0,2820000,0,,,,,,,,,,,,,,,,,,,,,,1,1,1,1,1,75,,,,,,,,,,,,,,,,,,,,,,,,,,,,,,,,,,,,,,,,,,,,,,,,,,,1,1,1,1,1,75,,,,,,,,,,,,,,,,,,,,,,,1,1,1,1,1,20,,,,,,,,,1,1,1,1,0,30,,,,,,,,,1,1,0,0,0,30,,,,,,,,0,OMG that was extremely stressful!! I always panic at having to do any math in my head (or at all) and especially if it's Fast,5,5e6687c2666c4a40886ebc43,FastSlow,20,40,"""390 + 431 =","""3719 + 1187 =","""128 + 86 + 716 =","""870000 + 1500000 =<br>","""89630 + 2739 + 18 + 188 =","""9372894 + 33 + 297 + 55 + 170027 =","""340 + 491 =","""3219 + 3588 = ","""324 + 99 + 515 =","""790000 + 2700000 =","""79820 + 2817 + 12 + 298 = ","""270 + 363 =","""4137 + 2378 =","""214 + 78 + 618 =","""920000 + 1900000 =","""88520 + 1648 + 29 +169 =",18.00,38.64,25.39,31.45,40.00,18.78,8.58,20.00,10.60,20.00,21.66,30.06,40.00,32.46,19.05,6.98,821,4806,830,2370000,0,830,00,0,0,0,633,6515,0,2820000,000,000000
2025-12-12 16:10:32,2025-12-12 16:21:04,0,70.160.180.9,100,631,1,2025-12-12 16:21:05,R_6YxM5IdSqoXQ7zi,,,,,36.9456,-76.254,anonymous,EN,1,1,I pay attention,,,821,4906,930,2370000,2945,0,,831,0,938,0,0,,633,6515,910,2820000,90000,,,,,,,,1,0,1,1,0,65,,,,,,,,,,,,,,,,,,,,,,,,,,,,,,,,,,,,,1,0,0,0,0,55,,,,,,,,,1,1,1,0,0,50,,,,,,,,,1,1,1,1,0,50,,,,,,,,,,,,,,,,1,1,0,1,0,50,,,,,,,,,,,,,,,,,,,,,,,,,,,,,,,,,,,,,,,,,,,0,,10,676edb8ebfddac82b8e23c49,FastSlow,20,40,"""390 + 431 =","""3719 + 1187 =","""128 + 86 + 716 =","""870000 + 1500000 =<br>","""89630 + 2739 + 18 + 188 =","""9372894 + 33 + 297 + 55 + 170027 =","""340 + 491 =","""3219 + 3588 = ","""324 + 99 + 515 =","""790000 + 2700000 =","""79820 + 2817 + 12 + 298 = ","""270 + 363 =","""4137 + 2378 =","""214 + 78 + 618 =","""920000 + 1900000 =","""88520 + 1648 + 29 +169 =",10.55,21.90,22.32,33.56,39.14,10.60,20.00,17.40,20.00,20.00,13.09,15.43,21.78,23.94,34.34,40.00,821,4906,930,2370000,2945,831,0,938,0,0,633,6515,910,2820000,90000,0
2025-12-12 16:15:55,2025-12-12 16:21:46,0,136.228.207.195,100,351,1,2025-12-12 16:21:46,R_62xntpaPXK9XnHF,,,,,47.6348,-122.3451,anonymous,EN,0.8999999761581421,1,I pay attention,,,821,4906,930,2370000,100007,10000000,,831,6807,938,3490000,83000,,633,6515,912,2820000,90006,,,,,,,,,,,,,,,,,,,,,,1,1,1,1,0,55,,,,,,,,,,,,,,,,0,0,0,0,0,90,,,,,,,,,,,,,,,,0,0,0,0,0,90,,,,,,,,,,,,,,,,1,1,1,1,0,55,,,,,,,,,1,1,0,1,0,55,,,,,,,,,,,,,,,,,,,,,,,,,,,,,,,,,,,,,,,,,,,0,,11,5cbb9a4b96211700015d0e2b,SlowFast,40,20,"""390 + 431 =","""3719 + 1187 =","""128 + 86 + 716 =","""870000 + 1500000 =<br>","""89630 + 2739 + 18 + 188 =","""9372894 + 33 + 297 + 55 + 170027 =","""340 + 491 =","""3219 + 3588 = ","""324 + 99 + 515 =","""790000 + 2700000 =","""79820 + 2817 + 12 + 298 = ","""270 + 363 =","""4137 + 2378 =","""214 + 78 + 618 =","""920000 + 1900000 =","""88520 + 1648 + 29 +169 =",6.85,13.30,12.67,15.85,19.22,13.21,15.63,12.00,15.82,9.46,6.47,12.45,9.56,7.09,10.27,7.47,821,4906,930,2370000,100007,831,6807,938,3490000,83000,633,6515,912,2820000,90006,10000000
2025-12-12 16:05:00,2025-12-12 16:21:52,0,50.48.134.211,100,1012,1,2025-12-12 16:21:53,R_7XKHMPTW8auITyV,,,,,43.1661,-77.5555,anonymous,EN,0.8999999761581421,1,I pay attention,,,821,0,930,0,0,0,,831,0,838,0,0,,0,0,0,0,0,,,,,,,,,,,,,,,,,,,,,,,,,,,,,,,,,,,,,,,,,,,,,,,,,,1,1,1,0,0,64,,1,1,0,0,0,25,,,,,,,,,,,,,,,,1,1,1,1,1,63,,,,,,,,,,,,,,,,,,,,,,,,,,,,,,,,,,,,,,,,,,,,,,,,,,,1,0,1,0,0,16,,1,1,1,1,0,12,0,"
Thank you for allowing me to participate in this study. Have a great evening and take care!",3,670d2af9c00f086b201e9f70,SlowFast,40,20,"""390 + 431 =","""3719 + 1187 =","""128 + 86 + 716 =","""870000 + 1500000 =<br>","""89630 + 2739 + 18 + 188 =","""9372894 + 33 + 297 + 55 + 170027 =","""340 + 491 =","""3219 + 3588 = ","""324 + 99 + 515 =","""790000 + 2700000 =","""79820 + 2817 + 12 + 298 = ","""270 + 363 =","""4137 + 2378 =","""214 + 78 + 618 =","""920000 + 1900000 =","""88520 + 1648 + 29 +169 =",19.04,40.00,27.31,40.00,40.00,28.11,40.00,21.60,40.00,40.00,20.00,20.00,20.00,20.00,20.00,40.00,821,0,930,0,0,831,0,838,0,0,0,0,0,0,0,0
2025-12-12 16:12:33,2025-12-12 16:22:19,0,173.49.123.8,100,585,1,2025-12-12 16:22:19,R_7dzaNp1V9TxBeUb,,,,,40.0816,-75.2546,anonymous,EN,1,1,I pay attention,,,821,4906,0,192000,100000,123456789,,831,6807,938,2860000,0,,633,6515,0,0,0,,,,,,,,,,,,,,,,,,,,,,,,,,,,,,,,,,,,,,,,,,,,,,,,,,,,,,,,,,,,,,,,1,0,0,0,0,60,,1,1,1,1,0,19,,,,,,,,,,,,,,,,,,,,,,,1,1,1,1,0,39,,,,,,,,,0,0,0,1,0,30,,,,,,,,,,,,,,,,1,0,1,0,0,30,,,,,,,,0,,7,5e1ba7e1085a1c3dd2db39fc,SlowFast,40,20,"""390 + 431 =","""3719 + 1187 =","""128 + 86 + 716 =","""870000 + 1500000 =<br>","""89630 + 2739 + 18 + 188 =","""9372894 + 33 + 297 + 55 + 170027 =","""340 + 491 =","""3219 + 3588 = ","""324 + 99 + 515 =","""790000 + 2700000 =","""79820 + 2817 + 12 + 298 = ","""270 + 363 =","""4137 + 2378 =","""214 + 78 + 618 =","""920000 + 1900000 =","""88520 + 1648 + 29 +169 =",17.53,29.25,40.00,29.59,37.82,17.68,20.21,22.24,23.27,40.00,11.35,13.20,20.00,20.00,20.00,34.22,821,4906,0,192000,100000,831,6807,938,2860000,0,633,6515,0,0,0,123456789
2025-12-12 16:13:11,2025-12-12 16:22:48,0,66.56.147.251,100,577,1,2025-12-12 16:22:49,R_36ZslwUqrWC9PG1,,,,,33.0273,-80.1768,anonymous,EN,1,1,I pay attention,,,821,4906,930,2370000,112575,0,,831,6807,938,0,0,,633,6515,910,2820000,90366,,,,,,,,,,,,,,,,,,,,,,,,,,,,,,,,,,,,,,,,,,,,,,,,,,,,,,,,,,,,,,,,1,1,1,0,0,66,,,,,,,,,,,,,,,,1,1,1,1,0,88,,1,1,1,1,1,24,,1,1,1,1,1,66,,,,,,,,,,,,,,,,,,,,,,,,,,,,,,,,,,,,,1,1,1,1,0,8,0,Thank you for showing me how I did with the questions!,12,66be5fde262694b5262482b1,FastSlow,20,40,"""390 + 431 =","""3719 + 1187 =","""128 + 86 + 716 =","""870000 + 1500000 =<br>","""89630 + 2739 + 18 + 188 =","""9372894 + 33 + 297 + 55 + 170027 =","""340 + 491 =","""3219 + 3588 = ","""324 + 99 + 515 =","""790000 + 2700000 =","""79820 + 2817 + 12 + 298 = ","""270 + 363 =","""4137 + 2378 =","""214 + 78 + 618 =","""920000 + 1900000 =","""88520 + 1648 + 29 +169 =",9.51,18.32,18.78,23.14,37.46,9.61,17.30,18.84,20.00,20.00,10.20,17.28,15.39,18.38,37.07,40.00,821,4906,930,2370000,112575,831,6807,938,0,0,633,6515,910,2820000,90366,0
2025-12-12 16:13:09,2025-12-12 16:24:13,0,97.223.55.211,100,663,1,2025-12-12 16:24:13,R_7yeDJjOC3jFOFlK,,,,,41.6984,-87.7031,anonymous,EN,1,1,I pay attention,,,821,4906,930,2370000,0,0,,831,0,938,10690000,0,,633,6515,910,2820000,0,,,,,,,,,,,,,,,,,,,,,,,,,,,,,1,1,0,1,0,85,,,,,,,,,,,,,,,,,,,,,,,1,0,0,1,0,70,,1,0,0,0,0,90,,,,,,,,,,,,,,,,,,,,,,,,,,,,,,,,,,,,,,,,,,,,1,0,0,1,0,90,,,,,,,,,,,,,,,,,,,,,,,1,1,0,1,0,3,0,,10,6645755c72f71662e832dfb8,FastSlow,20,40,"""390 + 431 =","""3719 + 1187 =","""128 + 86 + 716 =","""870000 + 1500000 =<br>","""89630 + 2739 + 18 + 188 =","""9372894 + 33 + 297 + 55 + 170027 =","""340 + 491 =","""3219 + 3588 = ","""324 + 99 + 515 =","""790000 + 2700000 =","""79820 + 2817 + 12 + 298 = ","""270 + 363 =","""4137 + 2378 =","""214 + 78 + 618 =","""920000 + 1900000 =","""88520 + 1648 + 29 +169 =",7.09,20.27,14.35,33.38,40.00,16.15,20.00,8.77,17.88,20.00,15.25,17.42,32.00,17.04,40.00,40.00,821,4906,930,2370000,0,831,0,938,10690000,0,633,6515,910,2820000,0,0
2025-12-12 16:14:41,2025-12-12 16:24:48,0,172.59.74.52,100,606,1,2025-12-12 16:24:48,R_1EfEIjB6SZIETcI,,,,,39.0352,-94.5456,anonymous,EN,1,1,"I pay attention ",,,821,4896,930,2300000,91875,10000000,,831,6807,938,3400000,82000,,633,0,0,2800000,0,,,,,,,,1,0,1,1,1,44,,,,,,,,,,,,,,,,,,,,,,,1,1,1,1,0,64,,1,1,1,1,0,47,,,,,,,,,,,,,,,,,,,,,,,,,,,,,,,,,,,,,,,,,,,,,,,,,,,1,1,1,1,0,80,,,,,,,,,,,,,,,,,,,,,,,1,1,1,1,0,24,,,,,,,,,,,,,,,0,,6,5f596d05be96271c16fe1106,SlowFast,40,20,"""390 + 431 =","""3719 + 1187 =","""128 + 86 + 716 =","""870000 + 1500000 =<br>","""89630 + 2739 + 18 + 188 =","""9372894 + 33 + 297 + 55 + 170027 =","""340 + 491 =","""3219 + 3588 = ","""324 + 99 + 515 =","""790000 + 2700000 =","""79820 + 2817 + 12 + 298 = ","""270 + 363 =","""4137 + 2378 =","""214 + 78 + 618 =","""920000 + 1900000 =","""88520 + 1648 + 29 +169 =",12.28,29.70,34.04,30.49,32.36,11.41,24.66,33.93,23.02,16.68,12.26,20.00,20.00,14.73,20.00,20.38,821,4896,930,2300000,91875,831,6807,938,3400000,82000,633,0,0,2800000,0,10000000
2025-12-12 16:13:10,2025-12-12 16:25:23,0,107.129.35.180,100,733,1,2025-12-12 16:25:24,R_7JLpplEtTA7m3Us,,,,,37.9593,-121.2619,anonymous,EN,1,1,I pay attention,,,821,4906,914,2000000,0,0,,841,0,0,0,0,,333,6515,812,11100000,0,,,,,,,,,,,,,,,,,,,,,,,,,,,,,,,,,,,,1,1,1,1,1,45,,0,0,0,0,0,60,,1,1,0,0,0,77,,,,,,,,,,,,,,,,,,,,,,,1,1,1,1,0,25,,,,,,,,,,,,,,,,,,,,,,,,,,,,,,,,,,,,,,,,,,,,,,,,,,,,,,,,,,1,1,0,0,0,15,0,,3,671877457b87685e1d42f63c,FastSlow,20,40,"""390 + 431 =","""3719 + 1187 =","""128 + 86 + 716 =","""870000 + 1500000 =<br>","""89630 + 2739 + 18 + 188 =","""9372894 + 33 + 297 + 55 + 170027 =","""340 + 491 =","""3219 + 3588 = ","""324 + 99 + 515 =","""790000 + 2700000 =","""79820 + 2817 + 12 + 298 = ","""270 + 363 =","""4137 + 2378 =","""214 + 78 + 618 =","""920000 + 1900000 =","""88520 + 1648 + 29 +169 =",21.62,24.69,30.59,29.33,40.00,16.68,20.00,20.00,20.00,20.00,11.51,19.33,30.16,19.58,40.00,40.00,821,4906,914,2000000,0,841,0,0,0,0,333,6515,812,11100000,0,0
2025-12-12 16:11:37,2025-12-12 16:25:33,0,97.82.169.133,100,835,1,2025-12-12 16:25:33,R_5qwOi42Bmc12ztd,,,,,34.7927,-82.5839,anonymous,EN,0.800000011920929,1,I pay attention,,,821,4869,1032,13000000,0,0,,831,6807,937,10600000,82947,,633,6875,0,0,0,,,,,,,,,,,,,,,1,1,1,1,0,58,,,,,,,,,,,,,,,,,,,,,,,0,1,1,1,0,70,,,,,,,,,,,,,,,,,,,,,,,,,,,,,,1,1,1,0,0,65,,,,,,,,,,,,,,,,,,,,,,,,,,,,,,0,0,1,1,0,40,,,,,,,,,,,,,,,,,,,,,,,1,0,1,0,0,33,0,Great Research.,5,65763705270241e5da3da60c,SlowFast,40,20,"""390 + 431 =","""3719 + 1187 =","""128 + 86 + 716 =","""870000 + 1500000 =<br>","""89630 + 2739 + 18 + 188 =","""9372894 + 33 + 297 + 55 + 170027 =","""340 + 491 =","""3219 + 3588 = ","""324 + 99 + 515 =","""790000 + 2700000 =","""79820 + 2817 + 12 + 298 = ","""270 + 363 =","""4137 + 2378 =","""214 + 78 + 618 =","""920000 + 1900000 =","""88520 + 1648 + 29 +169 =",33.51,35.58,35.75,36.42,40.00,14.88,14.60,19.13,35.08,24.64,10.88,12.57,20.00,20.00,20.00,40.00,821,4869,1032,13000000,0,831,6807,937,10600000,82947,633,6875,0,0,0,0
2025-12-12 16:13:23,2025-12-12 16:26:21,0,97.244.239.205,100,777,1,2025-12-12 16:26:21,R_7s09wvfbMBfHUfk,,,,,35.3596,-82.4266,anonymous,EN,1,1,I pay attention,,,4421,0,0,1587000,0,0,,839,6800,938,3400000,0,,633,0,9300,2820000,0,,,,,,,,,,,,,,,,,,,,,,,,,,,,,,,,,,,,,,,,,,,0,0,0,0,0,50,,,,,,,,,1,0,0,1,0,14,,,,,,,,,1,0,0,1,0,9,,,,,,,,,,,,,,,,,,,,,,,,,,,,,,,,,,,,,,,,,,,,1,0,0,1,0,10,,,,,,,,,0,0,0,0,0,12,,,,,,,,0,That made me a nervous wreck!,3,60fd588771ae861f9244f93d,SlowFast,40,20,"""390 + 431 =","""3719 + 1187 =","""128 + 86 + 716 =","""870000 + 1500000 =<br>","""89630 + 2739 + 18 + 188 =","""9372894 + 33 + 297 + 55 + 170027 =","""340 + 491 =","""3219 + 3588 = ","""324 + 99 + 515 =","""790000 + 2700000 =","""79820 + 2817 + 12 + 298 = ","""270 + 363 =","""4137 + 2378 =","""214 + 78 + 618 =","""920000 + 1900000 =","""88520 + 1648 + 29 +169 =",25.61,40.00,40.00,27.36,40.00,24.67,37.14,20.06,29.93,40.00,11.17,20.00,14.49,14.03,20.00,40.00,4421,0,0,1587000,0,839,6800,938,3400000,0,633,0,9300,2820000,0,0
2025-12-12 16:09:09,2025-12-12 16:26:24,0,174.197.198.163,100,1034,1,2025-12-12 16:26:25,R_3ITbLpIEcH3yPSI,,,,,42.6701,-73.7754,anonymous,EN,1,1,"I pay attention ",,,821,0,932,0,0,0,,831,6807,938,0,0,,633,0,0,0,0,,,,,,,,1,1,1,0,0,100,,1,1,1,1,0,90,,,,,,,,,,,,,,,,,,,,,,,,,,,,,,,,,,,,,1,0,1,0,0,91,,,,,,,,,,,,,,,,1,1,1,1,0,100,,,,,,,,,,,,,,,,,,,,,,,,,,,,,,,,,,,,,1,0,0,0,0,80,,,,,,,,,,,,,,,,,,,,,,0,,5,66520f31e4b5df0b6b365ed3,SlowFast,40,20,"""390 + 431 =","""3719 + 1187 =","""128 + 86 + 716 =","""870000 + 1500000 =<br>","""89630 + 2739 + 18 + 188 =","""9372894 + 33 + 297 + 55 + 170027 =","""340 + 491 =","""3219 + 3588 = ","""324 + 99 + 515 =","""790000 + 2700000 =","""79820 + 2817 + 12 + 298 = ","""270 + 363 =","""4137 + 2378 =","""214 + 78 + 618 =","""920000 + 1900000 =","""88520 + 1648 + 29 +169 =",14.55,40.00,17.33,40.00,40.00,21.35,31.00,14.81,40.00,40.00,17.07,20.00,20.00,20.00,20.00,40.00,821,0,932,0,0,831,6807,938,0,0,633,0,0,0,0,0
2025-12-12 16:20:11,2025-12-12 16:30:11,0,75.192.161.255,100,599,1,2025-12-12 16:30:11,R_1OZT4NNZkETsPNX,,,,,40.0008,-76.7697,anonymous,EN,1,1,I pay attention,,,812,4906,930,2370000,91006,924330,,831,6807,938,3490000,82000,,633,6515,910,2820000,90198,,,,,,,,,,,,,,,1,1,0,1,0,55,,,,,,,,,1,0,0,1,0,75,,,,,,,,,,,,,,,,,,,,,,,,,,,,,,,,,,,,,1,0,0,1,0,35,,,,,,,,,1,1,1,1,0,30,,,,,,,,,,,,,,,,,,,,,,,,,,,,,,,,,,,,,,,,,,,,1,0,0,1,0,50,,,,,,,,0,,11,662949c833c1030e15fc33af,FastSlow,20,40,"""390 + 431 =","""3719 + 1187 =","""128 + 86 + 716 =","""870000 + 1500000 =<br>","""89630 + 2739 + 18 + 188 =","""9372894 + 33 + 297 + 55 + 170027 =","""340 + 491 =","""3219 + 3588 = ","""324 + 99 + 515 =","""790000 + 2700000 =","""79820 + 2817 + 12 + 298 = ","""270 + 363 =","""4137 + 2378 =","""214 + 78 + 618 =","""920000 + 1900000 =","""88520 + 1648 + 29 +169 =",7.93,17.52,23.14,23.94,35.57,15.79,11.75,14.26,17.77,14.00,7.90,15.27,27.14,15.89,25.49,35.46,812,4906,930,2370000,91006,831,6807,938,3490000,82000,633,6515,910,2820000,90198,924330
2025-12-12 16:17:55,2025-12-12 16:31:07,0,174.202.192.24,100,791,1,2025-12-12 16:31:07,R_7amBpH97DUy21Bn,,,,,35.1063,-89.941,anonymous,EN,0.8999999761581421,1,I pay attention,,,821,4906,930,2370000,92568,9400000,,831,6607,938,2779000,83100,,663,6515,910,2820000,92566,,,,,,,,,,,,,,,1,1,1,1,0,45,,,,,,,,,,,,,,,,,,,,,,,,,,,,,,,,,,,,,,,,,,,,1,0,0,0,0,70,,,,,,,,,,,,,,,,,,,,,,,,,,,,,,,,,,,,,1,1,1,1,1,10,,,,,,,,,,,,,,,,1,0,0,1,0,25,,,,,,,,,1,0,1,1,0,25,0,,9,691dced9f97f5138c31d2ab8,FastSlow,20,40,"""390 + 431 =","""3719 + 1187 =","""128 + 86 + 716 =","""870000 + 1500000 =<br>","""89630 + 2739 + 18 + 188 =","""9372894 + 33 + 297 + 55 + 170027 =","""340 + 491 =","""3219 + 3588 = ","""324 + 99 + 515 =","""790000 + 2700000 =","""79820 + 2817 + 12 + 298 = ","""270 + 363 =","""4137 + 2378 =","""214 + 78 + 618 =","""920000 + 1900000 =","""88520 + 1648 + 29 +169 =",8.06,31.01,23.72,16.72,34.31,9.06,17.03,9.79,12.73,16.80,6.63,19.17,19.69,18.02,33.53,37.75,821,4906,930,2370000,92568,831,6607,938,2779000,83100,663,6515,910,2820000,92566,9400000
2025-12-12 16:22:17,2025-12-12 16:31:28,0,72.183.153.115,100,550,1,2025-12-12 16:31:28,R_67WMP2Kh15LDqOC,,,,,30.0918,-97.843,anonymous,EN,1,1,"I pay attention ",,,821,4906,930,2370000,92466,10521,,831,6807,938,3500000,83021,,633,6412,404,2821000,90016,,,,,,,,,,,,,,,1,1,1,1,0,30,,,,,,,,,1,1,1,1,0,15,,,,,,,,,,,,,,,,,,,,,,,,,,,,,,,,,,,,,,,,,,,,1,1,1,1,1,50,,,,,,,,,,,,,,,,,,,,,,,1,1,1,1,1,5,,,,,,,,,,,,,,,,,,,,,,,,,,,,,,1,0,1,0,0,15,0,,8,66c37a08436b5a1851123557,SlowFast,40,20,"""390 + 431 =","""3719 + 1187 =","""128 + 86 + 716 =","""870000 + 1500000 =<br>","""89630 + 2739 + 18 + 188 =","""9372894 + 33 + 297 + 55 + 170027 =","""340 + 491 =","""3219 + 3588 = ","""324 + 99 + 515 =","""790000 + 2700000 =","""79820 + 2817 + 12 + 298 = ","""270 + 363 =","""4137 + 2378 =","""214 + 78 + 618 =","""920000 + 1900000 =","""88520 + 1648 + 29 +169 =",10.71,29.33,21.68,17.15,13.06,10.94,18.01,17.01,25.86,20.80,7.36,9.52,11.38,18.82,17.29,17.78,821,4906,930,2370000,92466,831,6807,938,3500000,83021,633,6412,404,2821000,90016,10521
2025-12-12 16:20:50,2025-12-12 16:31:49,0,172.56.167.110,100,659,1,2025-12-12 16:31:49,R_7DMvzpUFHVjMS7w,,,,,40.6713,-73.8943,anonymous,EN,1,1,I pay attention,,,821,4906,930,2370000,0,0,,831,6807,0,3490000,0,,633,6515,910,2820000,90375,,,,,,,,,,,,,,,1,1,1,1,0,68,,,,,,,,,,,,,,,,1,1,1,1,1,49,,,,,,,,,,,,,,,,,,,,,,,,,,,,,,1,1,1,1,0,47,,,,,,,,,,,,,,,,,,,,,,,,,,,,,,1,1,1,1,1,50,,,,,,,,,1,0,0,1,0,71,,,,,,,,,,,,,,,,,,,,,,0,,11,676c45d92368330a2c254895,FastSlow,20,40,"""390 + 431 =","""3719 + 1187 =","""128 + 86 + 716 =","""870000 + 1500000 =<br>","""89630 + 2739 + 18 + 188 =","""9372894 + 33 + 297 + 55 + 170027 =","""340 + 491 =","""3219 + 3588 = ","""324 + 99 + 515 =","""790000 + 2700000 =","""79820 + 2817 + 12 + 298 = ","""270 + 363 =","""4137 + 2378 =","""214 + 78 + 618 =","""920000 + 1900000 =","""88520 + 1648 + 29 +169 =",8.75,28.36,20.48,18.79,40.00,10.97,13.62,20.00,12.83,20.00,6.93,15.84,18.88,12.10,34.24,40.00,821,4906,930,2370000,0,831,6807,0,3490000,0,633,6515,910,2820000,90375,0
2025-12-12 16:21:11,2025-12-12 16:33:44,0,72.201.51.158,100,753,1,2025-12-12 16:33:45,R_10o1wymtMWZFJvW,,,,,32.2503,-110.945,anonymous,EN,1,1,i pay attention,,,821,4806,0,0,0,0,,831,6807,838,0,0,,0,0,0,0,0,,,,,,,,,,,,,,,1,1,0,1,0,50,,,,,,,,,,,,,,,,1,1,0,1,0,50,,1,1,0,1,0,50,,,,,,,,,,,,,,,,1,1,0,0,0,50,,,,,,,,,1,1,0,1,0,50,,,,,,,,,,,,,,,,,,,,,,,,,,,,,,,,,,,,,,,,,,,,,,,,,,,,,,,,,,,,,,,,0,Take care. Sorry I'm kind of dumb.,3,664124a221f88b6a260a3df3,SlowFast,40,20,"""390 + 431 =","""3719 + 1187 =","""128 + 86 + 716 =","""870000 + 1500000 =<br>","""89630 + 2739 + 18 + 188 =","""9372894 + 33 + 297 + 55 + 170027 =","""340 + 491 =","""3219 + 3588 = ","""324 + 99 + 515 =","""790000 + 2700000 =","""79820 + 2817 + 12 + 298 = ","""270 + 363 =","""4137 + 2378 =","""214 + 78 + 618 =","""920000 + 1900000 =","""88520 + 1648 + 29 +169 =",16.31,35.38,40.00,40.00,40.00,19.94,29.16,31.09,40.00,40.00,20.00,20.00,20.00,20.00,20.00,40.00,821,4806,0,0,0,831,6807,838,0,0,0,0,0,0,0,0
2025-12-12 16:21:26,2025-12-12 16:33:55,0,75.220.69.87,100,749,1,2025-12-12 16:33:56,R_6QxlfphDHDDMg9m,,,,,26.125,-80.267,anonymous,EN,1,1,I pay attention,,,821,4906,930,2370000,92570,9543306,,831,6807,938,3490000,82937,,633,6515,910,0,0,,,,,,,,1,1,1,1,0,50,,,,,,,,,,,,,,,,,,,,,,,1,1,1,1,0,30,,,,,,,,,1,1,0,0,0,69,,,,,,,,,,,,,,,,,,,,,,,,,,,,,,1,1,1,1,1,40,,,,,,,,,,,,,,,,,,,,,,,,,,,,,,,,,,,,,,,,,,,,,,,,,,,1,1,0,0,0,9,1,,11,65f0d043187d80bcda1997c6,SlowFast,40,20,"""390 + 431 =","""3719 + 1187 =","""128 + 86 + 716 =","""870000 + 1500000 =<br>","""89630 + 2739 + 18 + 188 =","""9372894 + 33 + 297 + 55 + 170027 =","""340 + 491 =","""3219 + 3588 = ","""324 + 99 + 515 =","""790000 + 2700000 =","""79820 + 2817 + 12 + 298 = ","""270 + 363 =","""4137 + 2378 =","""214 + 78 + 618 =","""920000 + 1900000 =","""88520 + 1648 + 29 +169 =",12.71,18.11,19.09,30.69,25.38,9.71,10.89,12.10,32.65,26.08,11.60,13.88,19.16,20.00,20.00,28.55,821,4906,930,2370000,92570,831,6807,938,3490000,82937,633,6515,910,0,0,9543306
2025-12-12 16:21:55,2025-12-12 16:34:08,0,98.97.33.120,100,733,1,2025-12-12 16:34:08,R_7lowu6t61rbDzmF,,,,,47.6109,-122.3303,anonymous,EN,1,1,I pay attention,,,821,4906,932,10300000,0,0,,831,0,0,0,0,,593,6516,300,2800000,0,,,,,,,,,,,,,,,,,,,,,,,,,,,,,,,,,,,,,,,,,,,,,,,,,,,,,,,,,,,,,,,,,,,,,,,,,,,,,,1,1,1,1,0,70,,1,1,1,1,0,61,,,,,,,,,,,,,,,,,,,,,,,1,0,0,0,0,53,,,,,,,,,1,1,0,1,0,56,,1,1,0,0,0,55,,,,,,,,0,,3,67cb9bcd58ae4c2c3291f3bf,FastSlow,20,40,"""390 + 431 =","""3719 + 1187 =","""128 + 86 + 716 =","""870000 + 1500000 =<br>","""89630 + 2739 + 18 + 188 =","""9372894 + 33 + 297 + 55 + 170027 =","""340 + 491 =","""3219 + 3588 = ","""324 + 99 + 515 =","""790000 + 2700000 =","""79820 + 2817 + 12 + 298 = ","""270 + 363 =","""4137 + 2378 =","""214 + 78 + 618 =","""920000 + 1900000 =","""88520 + 1648 + 29 +169 =",12.88,31.19,24.82,38.38,40.00,18.34,20.00,20.00,20.00,20.00,20.34,17.69,16.74,21.36,40.00,15.42,821,4906,932,10300000,0,831,0,0,0,0,593,6516,300,2800000,0,0
2025-12-12 16:05:28,2025-12-12 16:34:15,0,172.56.88.131,100,1726,1,2025-12-12 16:34:16,R_1aP221fKEyMXiRO,,,,,29.4227,-98.4927,anonymous,EN,0.8999999761581421,1,I pay attention,,,821,4906,0,920000,0,0,,831,0,0,0,0,,633,6515,910,0,0,,,,,,,,,,,,,,,,,,,,,,,,,,,,,,,,,,,,1,1,1,1,0,20,,,,,,,,,,,,,,,,,,,,,,,,,,,,,,,,,,,,,,,,,,,,,,,,,,,1,1,1,0,0,10,,1,1,1,1,0,10,,,,,,,,,,,,,,,,,,,,,,,1,1,1,0,0,20,,1,1,1,0,0,30,,,,,,,,1,,6,661067b66f034aab3e964215,FastSlow,20,40,"""390 + 431 =","""3719 + 1187 =","""128 + 86 + 716 =","""870000 + 1500000 =<br>","""89630 + 2739 + 18 + 188 =","""9372894 + 33 + 297 + 55 + 170027 =","""340 + 491 =","""3219 + 3588 = ","""324 + 99 + 515 =","""790000 + 2700000 =","""79820 + 2817 + 12 + 298 = ","""270 + 363 =","""4137 + 2378 =","""214 + 78 + 618 =","""920000 + 1900000 =","""88520 + 1648 + 29 +169 =",23.36,37.03,40.00,39.71,40.00,19.46,20.00,20.00,20.00,20.00,17.23,36.43,28.79,40.00,40.00,40.00,821,4906,0,920000,0,831,0,0,0,0,633,6515,910,0,0,0
2025-12-12 16:22:24,2025-12-12 16:34:25,0,73.205.106.210,100,720,1,2025-12-12 16:34:25,R_5n2VMJKnkFhSzAa,,,,,25.7846,-80.233,anonymous,EN,1,1,I pay attention,,,821,4823,0,102000000,0,0,,831,6704,0,0,0,,633,6415,900,2820000,0,,,,,,,,,,,,,,,,,,,,,,,,,,,,,,,,,,,,,,,,,,,0,1,1,1,0,52,,,,,,,,,,,,,,,,,,,,,,,1,0,0,1,0,5,,,,,,,,,,,,,,,,1,1,1,1,1,23,,,,,,,,,1,1,1,1,1,6,,,,,,,,,,,,,,,,1,0,1,1,0,8,,,,,,,,,,,,,,,0,,4,611945fc6980c74d56ebaa43,FastSlow,20,40,"""390 + 431 =","""3719 + 1187 =","""128 + 86 + 716 =","""870000 + 1500000 =<br>","""89630 + 2739 + 18 + 188 =","""9372894 + 33 + 297 + 55 + 170027 =","""340 + 491 =","""3219 + 3588 = ","""324 + 99 + 515 =","""790000 + 2700000 =","""79820 + 2817 + 12 + 298 = ","""270 + 363 =","""4137 + 2378 =","""214 + 78 + 618 =","""920000 + 1900000 =","""88520 + 1648 + 29 +169 =",14.59,35.61,40.00,32.39,40.00,19.91,18.35,20.00,20.00,20.00,27.22,38.50,39.43,34.90,40.00,40.00,821,4823,0,102000000,0,831,6704,0,0,0,633,6415,900,2820000,0,0
2025-12-12 16:25:33,2025-12-12 16:37:50,0,71.8.173.133,100,736,1,2025-12-12 16:37:51,R_37q8cJiu3dzySEB,,,,,43.4065,-124.2243,anonymous,EN,0.8999999761581421,1,"I pay attention ",,,821,0,920,9200000,149274,58492021101,,831,0,0,0,58272819,,633,7155,8100,1010000,8392910,,,,,,,,1,0,1,1,0,74,,,,,,,,,,,,,,,,,,,,,,,,,,,,,,,,,,,,,,,,,,,,1,0,1,1,0,76,,0,0,0,0,0,18,,,,,,,,,,,,,,,,,,,,,,,,,,,,,,,,,,,,,,,,,,,,,,,,,,,0,0,0,1,0,40,,0,0,0,0,0,23,,,,,,,,,,,,,,,0,,3,6615d2264e4143b2a0c983d6,FastSlow,20,40,"""390 + 431 =","""3719 + 1187 =","""128 + 86 + 716 =","""870000 + 1500000 =<br>","""89630 + 2739 + 18 + 188 =","""9372894 + 33 + 297 + 55 + 170027 =","""340 + 491 =","""3219 + 3588 = ","""324 + 99 + 515 =","""790000 + 2700000 =","""79820 + 2817 + 12 + 298 = ","""270 + 363 =","""4137 + 2378 =","""214 + 78 + 618 =","""920000 + 1900000 =","""88520 + 1648 + 29 +169 =",14.74,40.00,34.55,15.62,25.72,17.15,20.00,20.00,20.00,7.74,15.02,21.84,24.21,15.70,6.91,23.06,821,0,920,9200000,149274,831,0,0,0,58272819,633,7155,8100,1010000,8392910,58492021101
2025-12-12 16:26:13,2025-12-12 16:38:59,0,73.93.118.232,100,765,1,2025-12-12 16:38:59,R_6gWv4JU7KiDUkIF,,,,,37.8135,-121.9658,anonymous,EN,1,1,I pay attention,,,821,5906,0,2370000,0,0,,831,6807,947,106000000,0,,633,0,0,0,0,,,,,,,,1,1,1,1,0,70,,,,,,,,,,,,,,,,,,,,,,,1,1,1,1,1,60,,,,,,,,,,,,,,,,,,,,,,,,,,,,,,,,,,,,,1,1,1,1,0,80,,1,1,1,1,0,40,,,,,,,,,,,,,,,,1,1,0,1,0,30,,,,,,,,,,,,,,,,,,,,,,,,,,,,,,,,,,,,0,,5,6679ed3623ba9780099483c0,SlowFast,40,20,"""390 + 431 =","""3719 + 1187 =","""128 + 86 + 716 =","""870000 + 1500000 =<br>","""89630 + 2739 + 18 + 188 =","""9372894 + 33 + 297 + 55 + 170027 =","""340 + 491 =","""3219 + 3588 = ","""324 + 99 + 515 =","""790000 + 2700000 =","""79820 + 2817 + 12 + 298 = ","""270 + 363 =","""4137 + 2378 =","""214 + 78 + 618 =","""920000 + 1900000 =","""88520 + 1648 + 29 +169 =",12.85,31.49,40.00,37.35,40.00,13.54,16.35,27.93,30.12,40.00,17.70,20.00,20.00,20.00,20.00,40.00,821,5906,0,2370000,0,831,6807,947,106000000,0,633,0,0,0,0,0
2025-12-12 16:31:35,2025-12-12 16:39:14,0,172.59.64.217,100,459,1,2025-12-12 16:39:15,R_5rBuUvwonUOxj03,,,,,30.2851,-81.8217,anonymous,EN,1,1,"I pay attention. ",,,412,4890,1000,237000,93000,1000000,,831,6750,900,3000000,8300,,633,6500,920,2800000,90500,,,,,,,,,,,,,,,,,,,,,,,,,,,,,,,,,,,,1,1,1,1,1,41,,,,,,,,,1,0,0,1,0,38,,,,,,,,,,,,,,,,1,1,0,1,0,32,,,,,,,,,,,,,,,,1,1,0,0,0,30,,0,0,1,1,0,60,,,,,,,,,,,,,,,,,,,,,,,,,,,,,,,,,,,,,,,,,,,0,,2,60fe095a27a19c4dc0eb5e0e,SlowFast,40,20,"""390 + 431 =","""3719 + 1187 =","""128 + 86 + 716 =","""870000 + 1500000 =<br>","""89630 + 2739 + 18 + 188 =","""9372894 + 33 + 297 + 55 + 170027 =","""340 + 491 =","""3219 + 3588 = ","""324 + 99 + 515 =","""790000 + 2700000 =","""79820 + 2817 + 12 + 298 = ","""270 + 363 =","""4137 + 2378 =","""214 + 78 + 618 =","""920000 + 1900000 =","""88520 + 1648 + 29 +169 =",18.04,21.16,9.36,22.23,28.19,16.08,9.31,9.20,15.74,11.02,13.78,6.26,6.57,17.23,11.17,9.54,412,4890,1000,237000,93000,831,6750,900,3000000,8300,633,6500,920,2800000,90500,1000000
2025-12-12 16:29:50,2025-12-12 16:39:37,0,24.18.88.230,100,586,1,2025-12-12 16:39:37,R_6qqG8TK5XG8SUGG,,,,,47.1445,-122.2548,anonymous,EN,1,1,I pay attention,,,821,4906,0,2200000,0,0,,820,7000,940,0,83320,,633,6600,920,2100000,90524,,,,,,,,1,1,1,1,0,84,,,,,,,,,,,,,,,,,,,,,,,,,,,,,,,,,,,,,,,,,,,,,,,,,,,1,0,1,0,0,66,,,,,,,,,,,,,,,,,,,,,,,,,,,,,,1,1,1,1,0,68,,1,1,1,1,1,54,,1,0,1,0,0,77,,,,,,,,,,,,,,,,,,,,,,,,,,,,,0,,3,6553953daddeb31f9794b59c,FastSlow,20,40,"""390 + 431 =","""3719 + 1187 =","""128 + 86 + 716 =","""870000 + 1500000 =<br>","""89630 + 2739 + 18 + 188 =","""9372894 + 33 + 297 + 55 + 170027 =","""340 + 491 =","""3219 + 3588 = ","""324 + 99 + 515 =","""790000 + 2700000 =","""79820 + 2817 + 12 + 298 = ","""270 + 363 =","""4137 + 2378 =","""214 + 78 + 618 =","""920000 + 1900000 =","""88520 + 1648 + 29 +169 =",17.11,33.00,40.00,17.72,40.00,10.43,10.88,12.16,20.00,12.63,12.84,13.19,17.04,27.56,18.72,40.00,821,4906,0,2200000,0,820,7000,940,0,83320,633,6600,920,2100000,90524,0
2025-12-12 16:29:41,2025-12-12 16:39:47,0,24.220.174.14,100,606,1,2025-12-12 16:39:47,R_5aEVz1a76Y6mDrY,,,,,45.3364,-92.9972,anonymous,EN,1,1,I pay attention,,,821,4806,902,10200000,100000,9500000,,831,6807,938,10600000,83000,,633,6505,900,0,99200,,,,,,,,,,,,,,,1,1,1,1,0,70,,1,1,1,1,0,85,,,,,,,,,,,,,,,,,,,,,,,,,,,,,,1,1,0,1,0,90,,,,,,,,,,,,,,,,,,,,,,,,,,,,,,1,1,1,1,0,85,,,,,,,,,,,,,,,,,,,,,,,,,,,,,,,,,,,,,1,1,1,1,0,80,,,,,,,,0,,5,662e86c0ca96b47a056ccd7b,SlowFast,40,20,"""390 + 431 =","""3719 + 1187 =","""128 + 86 + 716 =","""870000 + 1500000 =<br>","""89630 + 2739 + 18 + 188 =","""9372894 + 33 + 297 + 55 + 170027 =","""340 + 491 =","""3219 + 3588 = ","""324 + 99 + 515 =","""790000 + 2700000 =","""79820 + 2817 + 12 + 298 = ","""270 + 363 =","""4137 + 2378 =","""214 + 78 + 618 =","""920000 + 1900000 =","""88520 + 1648 + 29 +169 =",16.10,26.84,29.08,28.88,26.29,12.76,17.17,22.59,25.39,14.27,15.70,10.80,18.97,20.00,15.79,20.91,821,4806,902,10200000,100000,831,6807,938,10600000,83000,633,6505,900,0,99200,9500000
2025-12-12 16:28:06,2025-12-12 16:40:30,0,35.146.43.236,100,743,1,2025-12-12 16:40:30,R_7OJeVGhK6NcuJ15,,,,,30.3643,-97.6864,anonymous,EN,1,1,I pay attention,,,821,4806,920,0,0,0,,0,0,0,0,0,,633,7412,0,2820000,9168,,,,,,,,,,,,,,,1,1,1,1,1,60,,1,1,1,1,1,60,,,,,,,,,,,,,,,,,,,,,,,1,0,1,1,0,45,,,,,,,,,,,,,,,,,,,,,,,,,,,,,,,,,,,,,,,,,,,,,,,,,,,1,1,1,1,1,35,,,,,,,,,,,,,,,,,,,,,,,1,1,0,0,0,35,,,,,,,,0,,3,665922cc624996d90589447a,FastSlow,20,40,"""390 + 431 =","""3719 + 1187 =","""128 + 86 + 716 =","""870000 + 1500000 =<br>","""89630 + 2739 + 18 + 188 =","""9372894 + 33 + 297 + 55 + 170027 =","""340 + 491 =","""3219 + 3588 = ","""324 + 99 + 515 =","""790000 + 2700000 =","""79820 + 2817 + 12 + 298 = ","""270 + 363 =","""4137 + 2378 =","""214 + 78 + 618 =","""920000 + 1900000 =","""88520 + 1648 + 29 +169 =",17.66,33.14,34.40,40.00,40.00,20.00,20.00,20.00,20.00,20.00,20.82,32.23,40.00,17.89,31.68,40.00,821,4806,920,0,0,0,0,0,0,0,633,7412,0,2820000,9168,0
2025-12-12 16:33:35,2025-12-12 16:40:41,0,136.51.19.20,100,425,1,2025-12-12 16:40:42,R_7ikkEM3Q8xsCgWg,,,,,29.4227,-98.4927,anonymous,EN,1,1,I pay attention,,,821,4906,930,2370000,0,938796,,831,6807,938,3490000,0,,633,4515,910,2820000,89366,,,,,,,,1,1,1,1,0,70,,1,1,1,1,0,60,,,,,,,,,,,,,,,,1,1,1,1,1,15,,0,0,0,0,0,65,,,,,,,,,,,,,,,,,,,,,,,,,,,,,,,,,,,,,,,,,,,,,,,,,,,,,,,,,,,,,,,,,,,,,,,,,,,,,,,,,,,,,,,,,,,,,1,0,0,1,0,5,0,,11,646d380eee9fe3fcc1d147f2,FastSlow,20,40,"""390 + 431 =","""3719 + 1187 =","""128 + 86 + 716 =","""870000 + 1500000 =<br>","""89630 + 2739 + 18 + 188 =","""9372894 + 33 + 297 + 55 + 170027 =","""340 + 491 =","""3219 + 3588 = ","""324 + 99 + 515 =","""790000 + 2700000 =","""79820 + 2817 + 12 + 298 = ","""270 + 363 =","""4137 + 2378 =","""214 + 78 + 618 =","""920000 + 1900000 =","""88520 + 1648 + 29 +169 =",8.62,12.52,24.72,15.11,40.00,8.53,14.94,19.09,10.26,20.00,5.53,16.52,13.22,6.98,24.54,33.76,821,4906,930,2370000,0,831,6807,938,3490000,0,633,4515,910,2820000,89366,938796
2025-12-12 16:26:51,2025-12-12 16:41:56,0,47.40.65.167,100,905,1,2025-12-12 16:41:56,R_3ValRIKGmhxtQdk,,,,,47.4221,-120.3266,anonymous,EN,1,1,I pay attention,,,821,4806,0,2300000,0,0,,831,0,938,0,0,,633,6515,900,0,0,,,,,,,,,,,,,,,,,,,,,,,,,,,,,,,,,,,,1,1,1,1,1,43,,,,,,,,,,,,,,,,,,,,,,,1,1,1,0,0,35,,,,,,,,,,,,,,,,,,,,,,,1,1,1,1,0,63,,,,,,,,,1,1,1,1,0,18,,,,,,,,,1,0,1,0,0,79,,,,,,,,,,,,,,,,,,,,,,0,I have dyscalculia.,5,673db17d5d5612c8cfd7e7b9,FastSlow,20,40,"""390 + 431 =","""3719 + 1187 =","""128 + 86 + 716 =","""870000 + 1500000 =<br>","""89630 + 2739 + 18 + 188 =","""9372894 + 33 + 297 + 55 + 170027 =","""340 + 491 =","""3219 + 3588 = ","""324 + 99 + 515 =","""790000 + 2700000 =","""79820 + 2817 + 12 + 298 = ","""270 + 363 =","""4137 + 2378 =","""214 + 78 + 618 =","""920000 + 1900000 =","""88520 + 1648 + 29 +169 =",19.05,31.46,40.00,37.88,40.00,15.98,20.00,15.56,20.00,20.00,19.05,23.80,32.23,40.00,40.00,40.00,821,4806,0,2300000,0,831,0,938,0,0,633,6515,900,0,0,0
2025-12-12 16:26:55,2025-12-12 16:42:03,0,71.105.206.56,100,907,1,2025-12-12 16:42:03,R_3M0yT1jYxjacRVz,,,,,40.8527,-73.9383,anonymous,EN,1,1,I pay attention,,,821,4906,1032,2370000,0,0,,831,6907,938,3490000,82947,,633,0,910,2820000,0,,,,,,,,,,,,,,,1,1,0,1,0,50,,,,,,,,,,,,,,,,,,,,,,,,,,,,,,,,,,,,,,,,,,,,,,,,,,,,,,,,,,,,,,,,,,,,,,,,,,,,,,,1,1,0,1,0,50,,,,,,,,,,,,,,,,1,1,0,1,0,50,,1,1,0,1,0,20,,1,1,0,1,0,50,,,,,,,,0,,10,6108193d19ecf066ec729083,SlowFast,40,20,"""390 + 431 =","""3719 + 1187 =","""128 + 86 + 716 =","""870000 + 1500000 =<br>","""89630 + 2739 + 18 + 188 =","""9372894 + 33 + 297 + 55 + 170027 =","""340 + 491 =","""3219 + 3588 = ","""324 + 99 + 515 =","""790000 + 2700000 =","""79820 + 2817 + 12 + 298 = ","""270 + 363 =","""4137 + 2378 =","""214 + 78 + 618 =","""920000 + 1900000 =","""88520 + 1648 + 29 +169 =",7.83,16.36,24.20,13.17,40.00,8.68,21.80,13.12,14.18,32.48,11.80,20.00,13.88,17.44,20.00,40.00,821,4906,1032,2370000,0,831,6907,938,3490000,82947,633,0,910,2820000,0,0
2025-12-12 16:32:31,2025-12-12 16:42:26,0,73.111.18.11,100,595,1,2025-12-12 16:42:27,R_6gdYcQoq9JEfokd,,,,,41.7088,-85.976,anonymous,EN,1,1,I pay attention,,,821,4906,930,1587000,93750,948936,,831,0,938,27790000,0,,533,6415,920,2820000,92857,,,,,,,,,,,,,,,1,1,1,1,0,65,,,,,,,,,,,,,,,,,,,,,,,1,0,1,0,0,76,,,,,,,,,,,,,,,,,,,,,,,1,1,0,0,0,43,,,,,,,,,,,,,,,,,,,,,,,,,,,,,,,,,,,,,0,1,1,0,0,76,,,,,,,,,1,0,0,1,0,56,,,,,,,,,,,,,,,0,,6,660da7d2c59a62056d87c9b8,FastSlow,20,40,"""390 + 431 =","""3719 + 1187 =","""128 + 86 + 716 =","""870000 + 1500000 =<br>","""89630 + 2739 + 18 + 188 =","""9372894 + 33 + 297 + 55 + 170027 =","""340 + 491 =","""3219 + 3588 = ","""324 + 99 + 515 =","""790000 + 2700000 =","""79820 + 2817 + 12 + 298 = ","""270 + 363 =","""4137 + 2378 =","""214 + 78 + 618 =","""920000 + 1900000 =","""88520 + 1648 + 29 +169 =",8.68,21.82,11.19,16.03,33.45,9.63,20.00,11.69,14.91,20.00,11.57,18.76,13.80,17.31,26.98,34.29,821,4906,930,1587000,93750,831,0,938,27790000,0,533,6415,920,2820000,92857,948936
2025-12-12 16:30:20,2025-12-12 16:43:50,0,136.37.82.18,100,810,1,2025-12-12 16:43:50,R_6P7yJ9Swhe0dv0M,,,,,39.214,-94.5826,anonymous,EN,1,1,I pay attention,,,822,4800,0,1200000,9200,1800000,,0,0,900,0,82330,,633,6550,908,0,8900,,,,,,,,1,1,1,0,0,80,,,,,,,,,,,,,,,,,,,,,,,,,,,,,,,,,,,,,,,,,,,,,,,,,,,,,,,,,,1,1,1,1,0,62,,,,,,,,,1,1,1,0,0,70,,1,1,1,0,0,50,,,,,,,,,,,,,,,,,,,,,,,1,1,1,0,0,64,,,,,,,,,,,,,,,,,,,,,,0,"Nothing in particular, but thank you.",1,673692b20c987b50040128fc,FastSlow,20,40,"""390 + 431 =","""3719 + 1187 =","""128 + 86 + 716 =","""870000 + 1500000 =<br>","""89630 + 2739 + 18 + 188 =","""9372894 + 33 + 297 + 55 + 170027 =","""340 + 491 =","""3219 + 3588 = ","""324 + 99 + 515 =","""790000 + 2700000 =","""79820 + 2817 + 12 + 298 = ","""270 + 363 =","""4137 + 2378 =","""214 + 78 + 618 =","""920000 + 1900000 =","""88520 + 1648 + 29 +169 =",20.09,24.00,40.00,22.84,39.16,20.00,20.00,18.91,20.00,17.74,25.37,10.18,30.11,40.00,37.88,38.13,822,4800,0,"1,200,000",9200,0,0,900,0,82330,633,6550,908,0,8900,"1,800,000"
2025-12-12 16:26:51,2025-12-12 16:44:50,0,86.109.95.159,100,1078,1,2025-12-12 16:44:51,R_3FOOjYT1PXeD03U,,,,,35.2296,-80.843,anonymous,EN,1,1,I pay attention.,,,821,4906,930,1020000,9275,9543306,,831,6807,938,3490000,82947,,633,6515,910,2820000,93666,,,,,,,,,,,,,,,,,,,,,,1,1,1,1,1,65,,,,,,,,,1,1,1,1,1,65,,,,,,,,,,,,,,,,,,,,,,,,,,,,,,1,1,1,1,0,45,,,,,,,,,,,,,,,,1,1,1,1,1,70,,,,,,,,,,,,,,,,,,,,,,,,,,,,,,,,,,,,,1,1,1,0,0,45,,,,,,,,0,,12,68379f3fafa634a21d761586,SlowFast,40,20,"""390 + 431 =","""3719 + 1187 =","""128 + 86 + 716 =","""870000 + 1500000 =<br>","""89630 + 2739 + 18 + 188 =","""9372894 + 33 + 297 + 55 + 170027 =","""340 + 491 =","""3219 + 3588 = ","""324 + 99 + 515 =","""790000 + 2700000 =","""79820 + 2817 + 12 + 298 = ","""270 + 363 =","""4137 + 2378 =","""214 + 78 + 618 =","""920000 + 1900000 =","""88520 + 1648 + 29 +169 =",11.08,33.29,18.22,20.42,21.79,8.38,10.43,11.20,22.36,20.15,7.53,11.17,10.75,16.16,18.15,28.01,821,4906,930,1020000,9275,831,6807,938,3490000,82947,633,6515,910,2820000,93666,9543306
2025-12-12 16:33:08,2025-12-12 16:47:13,0,199.59.112.63,100,845,1,2025-12-12 16:47:14,R_1AMgPDgZdyVEYV3,,,,,34.5875,-83.753,anonymous,EN,1,1,I pay attention,,,821,4906,928,2370000,0,0,,831,0,938,3490000,0,,633,0,0,2820000,0,,,,,,,,,,,,,,,,,,,,,,,,,,,,,,,,,,,,,,,,,,,,,,,,,,1,0,0,1,0,59,,,,,,,,,,,,,,,,,,,,,,,,,,,,,,1,1,1,1,0,20,,,,,,,,,,,,,,,,,,,,,,,0,0,0,1,0,40,,1,0,1,1,0,25,,,,,,,,,,,,,,,,1,0,1,1,0,15,0,,8,66d916af0cf8c145a0aa3220,SlowFast,40,20,"""390 + 431 =","""3719 + 1187 =","""128 + 86 + 716 =","""870000 + 1500000 =<br>","""89630 + 2739 + 18 + 188 =","""9372894 + 33 + 297 + 55 + 170027 =","""340 + 491 =","""3219 + 3588 = ","""324 + 99 + 515 =","""790000 + 2700000 =","""79820 + 2817 + 12 + 298 = ","""270 + 363 =","""4137 + 2378 =","""214 + 78 + 618 =","""920000 + 1900000 =","""88520 + 1648 + 29 +169 =",14.93,38.41,33.60,28.25,40.00,27.07,40.00,30.02,22.91,40.00,13.57,20.00,20.00,17.77,20.00,40.00,821,4906,928,2370000,0,831,0,938,3490000,0,633,0,0,2820000,0,0
2025-12-12 16:39:35,2025-12-12 16:48:50,0,73.114.120.212,100,555,1,2025-12-12 16:48:51,R_1iliqOPsbJUDc8z,,,,,44.5068,-73.0884,anonymous,EN,1,1,I pay attention,,,821,4990,920,1300000,91000,0,,831,6883,938,10600000,0,,643,0,810,109000000,970000,,,,,,,,,,,,,,,1,1,1,1,0,23,,,,,,,,,,,,,,,,,,,,,,,,,,,,,,,,,,,,,,,,,,,,,,,,,,,,,,,,,,,,,,,,,1,1,1,1,0,15,,1,1,1,1,0,10,,,,,,,,,1,1,1,1,1,5,,,,,,,,,1,0,1,0,0,19,,,,,,,,,,,,,,,,,,,,,,0,,3,66c7e6e05a6d60e4278bfda7,FastSlow,20,40,"""390 + 431 =","""3719 + 1187 =","""128 + 86 + 716 =","""870000 + 1500000 =<br>","""89630 + 2739 + 18 + 188 =","""9372894 + 33 + 297 + 55 + 170027 =","""340 + 491 =","""3219 + 3588 = ","""324 + 99 + 515 =","""790000 + 2700000 =","""79820 + 2817 + 12 + 298 = ","""270 + 363 =","""4137 + 2378 =","""214 + 78 + 618 =","""920000 + 1900000 =","""88520 + 1648 + 29 +169 =",9.40,26.76,31.63,10.29,31.39,9.02,18.62,10.02,14.80,20.00,31.11,40.00,16.25,17.37,22.77,40.00,821,4990,920,1300000,91000,831,6883,938,10600000,0,643,0,810,109000000,970000,0
2025-12-12 16:36:27,2025-12-12 16:49:10,0,108.217.36.89,100,762,1,2025-12-12 16:49:10,R_7ojarNJ9ESCTpGu,,,,,43.064,-89.3965,anonymous,EN,1,1,I pay attention,,,821,4906,930,2370000,92575,0,,831,6807,938,3490000,82947,,633,6511,910,2820000,166,,,,,,,,1,1,1,1,0,90,,,,,,,,,,,,,,,,,,,,,,,,,,,,,,,,,,,,,,,,,,,,,,,,,,,,,,,,,,,,,,,,,1,1,1,1,0,75,,,,,,,,,,,,,,,,1,1,1,1,0,35,,,,,,,,,,,,,,,,,,,,,,,,,,,,,,1,1,1,0,0,55,,1,1,1,1,0,5,0,"My PhD in mathematics finally pays off. Actually, no it doesn't, you didn't ask us to compute any homology groups. Good luck with your study!",13,6462217d7bd09447661ed6a4,SlowFast,40,20,"""390 + 431 =","""3719 + 1187 =","""128 + 86 + 716 =","""870000 + 1500000 =<br>","""89630 + 2739 + 18 + 188 =","""9372894 + 33 + 297 + 55 + 170027 =","""340 + 491 =","""3219 + 3588 = ","""324 + 99 + 515 =","""790000 + 2700000 =","""79820 + 2817 + 12 + 298 = ","""270 + 363 =","""4137 + 2378 =","""214 + 78 + 618 =","""920000 + 1900000 =","""88520 + 1648 + 29 +169 =",12.36,19.62,37.34,34.86,34.87,15.25,33.31,27.22,22.43,34.23,11.27,18.89,17.49,14.23,19.14,40.00,821,4906,930,2370000,92575,831,6807,938,3490000,82947,633,6511,910,2820000,166,0
2025-12-12 16:41:24,2025-12-12 16:49:31,0,47.134.12.143,100,487,1,2025-12-12 16:49:32,R_1HGPjgboe8KjqMS,,,,,35.5071,-78.7392,anonymous,EN,1,1,"I pay attention ",,,821,4819,930,1020000000,104590,10384920,,831,7009,938,2790000,10369292,,633,6500,900,1100000,100037,,,,,,,,,,,,,,,1,1,1,1,0,35,,,,,,,,,,,,,,,,,,,,,,,0,0,0,1,0,52,,,,,,,,,1,0,0,1,0,40,,,,,,,,,,,,,,,,1,1,0,1,0,42,,,,,,,,,,,,,,,,,,,,,,,,,,,,,,,,,,,,,,,,,,,,,,,,,,,1,0,0,0,0,61,,,,,,,,0,,5,6637f53e203e2f5f706d70ec,SlowFast,40,20,"""390 + 431 =","""3719 + 1187 =","""128 + 86 + 716 =","""870000 + 1500000 =<br>","""89630 + 2739 + 18 + 188 =","""9372894 + 33 + 297 + 55 + 170027 =","""340 + 491 =","""3219 + 3588 = ","""324 + 99 + 515 =","""790000 + 2700000 =","""79820 + 2817 + 12 + 298 = ","""270 + 363 =","""4137 + 2378 =","""214 + 78 + 618 =","""920000 + 1900000 =","""88520 + 1648 + 29 +169 =",9.86,21.41,24.09,20.95,33.50,10.09,24.59,12.12,24.65,23.25,10.17,10.28,16.34,17.76,4.31,18.74,821,4819,930,1020000000,104590,831,7009,938,2790000,10369292,633,6500,900,1100000,100037,10384920
2025-12-12 16:38:29,2025-12-12 16:50:30,0,50.35.124.135,100,721,1,2025-12-12 16:50:31,R_1M6ujZvuTm6n38f,,,,,47.8948,-122.2031,anonymous,EN,1,1,"I pay attention ",,,821,4900,980,2300000,93125,9634256,,831,6800,934,3490000,81900,,633,6500,918,2800000,0,,,,,,,,,,,,,,,1,1,1,1,0,43,,,,,,,,,1,0,1,1,0,45,,,,,,,,,,,,,,,,,,,,,,,,,,,,,,,,,,,,,,,,,,,,1,0,1,1,0,26,,,,,,,,,,,,,,,,0,0,1,1,0,23,,1,1,1,1,0,23,,,,,,,,,,,,,,,,,,,,,,,,,,,,,,,,,,,,0,,4,67644050f9258796cab737f2,SlowFast,40,20,"""390 + 431 =","""3719 + 1187 =","""128 + 86 + 716 =","""870000 + 1500000 =<br>","""89630 + 2739 + 18 + 188 =","""9372894 + 33 + 297 + 55 + 170027 =","""340 + 491 =","""3219 + 3588 = ","""324 + 99 + 515 =","""790000 + 2700000 =","""79820 + 2817 + 12 + 298 = ","""270 + 363 =","""4137 + 2378 =","""214 + 78 + 618 =","""920000 + 1900000 =","""88520 + 1648 + 29 +169 =",10.98,19.21,26.14,25.57,38.41,13.97,11.50,18.79,23.97,31.81,10.22,15.92,14.37,16.52,20.00,27.41,821,4900,980,2300000,93125,831,6800,934,3490000,81900,633,6500,918,2800000,0,9634256
2025-12-12 16:38:06,2025-12-12 16:51:31,0,35.149.230.142,100,805,1,2025-12-12 16:51:32,R_7YAhDKRmSjtleAo,,,,,42.2555,-71.7719,anonymous,EN,1,1,I pay attention,,,821,5906,930,2370000,0,0,,0,0,938,0,0,,633,6515,910,2820000,0,,,,,,,,,,,,,,,,,,,,,,1,1,1,1,1,75,,,,,,,,,,,,,,,,,,,,,,,,,,,,,,,,,,,,,,,,,,,,1,1,1,1,0,50,,,,,,,,,,,,,,,,,,,,,,,,,,,,,,,,,,,,,1,0,1,1,0,81,,1,1,0,1,0,60,,,,,,,,,,,,,,,,1,0,1,1,0,50,0,,8,6732a429118814387a90a02f,FastSlow,20,40,"""390 + 431 =","""3719 + 1187 =","""128 + 86 + 716 =","""870000 + 1500000 =<br>","""89630 + 2739 + 18 + 188 =","""9372894 + 33 + 297 + 55 + 170027 =","""340 + 491 =","""3219 + 3588 = ","""324 + 99 + 515 =","""790000 + 2700000 =","""79820 + 2817 + 12 + 298 = ","""270 + 363 =","""4137 + 2378 =","""214 + 78 + 618 =","""920000 + 1900000 =","""88520 + 1648 + 29 +169 =",13.84,39.69,15.26,34.32,40.00,20.00,20.00,16.72,20.00,20.00,9.70,22.07,17.56,12.87,40.00,40.00,821,5906,930,2370000,0,0,0,938,0,0,633,6515,910,2820000,0,0
2025-12-12 16:36:55,2025-12-12 16:52:30,0,184.96.173.171,100,935,1,2025-12-12 16:52:31,R_6Zt1Ts5XAG8qldD,,,,,39.732,-104.8633,anonymous,EN,1,1,I pay attention,,,821,4906,0,0,0,0,,831,0,938,3490000,0,,0,0,0,0,0,,,,,,,,,,,,,,,,,,,,,,,,,,,,,,,,,,,,1,0,1,1,0,1,,0,0,0,1,0,75,,,,,,,,,,,,,,,,,,,,,,,,,,,,,,,,,,,,,,,,,,,,,,,,,,,1,0,0,1,0,90,,1,1,0,1,0,4,,,,,,,,,,,,,,,,1,0,0,1,0,3,,,,,,,,,,,,,,,0,,5,64137d0dfe71cf6624348d27,SlowFast,40,20,"""390 + 431 =","""3719 + 1187 =","""128 + 86 + 716 =","""870000 + 1500000 =<br>","""89630 + 2739 + 18 + 188 =","""9372894 + 33 + 297 + 55 + 170027 =","""340 + 491 =","""3219 + 3588 = ","""324 + 99 + 515 =","""790000 + 2700000 =","""79820 + 2817 + 12 + 298 = ","""270 + 363 =","""4137 + 2378 =","""214 + 78 + 618 =","""920000 + 1900000 =","""88520 + 1648 + 29 +169 =",29.02,38.33,40.00,40.00,40.00,24.18,40.00,34.37,27.03,40.00,20.00,20.00,20.00,20.00,20.00,40.00,821,4906,0,0,0,831,0,938,3490000,0,0,0,0,0,0,0
2025-12-12 16:40:16,2025-12-12 16:52:58,0,137.83.42.17,100,761,1,2025-12-12 16:52:58,R_7IbE1nbTdqwHkQv,,,,,35.0742,-85.6261,anonymous,EN,1,1,I pay attention,,,821,5856,930,2300000,0,954633,,833,6816,938,2779000,82342,,633,7515,908,0,91000,,,,,,,,,,,,,,,,,,,,,,,,,,,,,,,,,,,,,,,,,,,,,,,,,,,,,,,,,,,,,,,,1,0,0,0,0,34,,,,,,,,,,,,,,,,,,,,,,,1,1,1,1,0,10,,1,1,1,1,0,10,,,,,,,,,,,,,,,,1,0,0,0,0,20,,,,,,,,,1,1,0,0,0,34,,,,,,,,0,The study was interesting. Thank you.,4,60d22e68bb03e1da436b8b7c,SlowFast,40,20,"""390 + 431 =","""3719 + 1187 =","""128 + 86 + 716 =","""870000 + 1500000 =<br>","""89630 + 2739 + 18 + 188 =","""9372894 + 33 + 297 + 55 + 170027 =","""340 + 491 =","""3219 + 3588 = ","""324 + 99 + 515 =","""790000 + 2700000 =","""79820 + 2817 + 12 + 298 = ","""270 + 363 =","""4137 + 2378 =","""214 + 78 + 618 =","""920000 + 1900000 =","""88520 + 1648 + 29 +169 =",9.29,37.03,16.40,34.22,40.00,11.19,23.83,17.88,25.33,27.58,8.16,19.55,17.84,20.00,9.07,22.99,821,5856,930,2300000,0,833,6816,938,2779000,82342,633,7515,908,0,91000,954633
2025-12-12 16:40:38,2025-12-12 16:54:12,0,35.134.124.107,100,814,1,2025-12-12 16:54:12,R_647thjyADRy4uUw,,,,,32.7507,-97.2095,anonymous,EN,1,1,I pay attention,,,821,4906,1050,2370000,0,0,,831,0,928,0,0,,613,6515,910,2820000,10266,,,,,,,,,,,,,,,,,,,,,,,,,,,,,,,,,,,,,,,,,,,0,0,0,0,0,60,,,,,,,,,,,,,,,,,,,,,,,1,1,0,1,0,15,,,,,,,,,,,,,,,,,,,,,,,,,,,,,,,,,,,,,,,,,,,,1,0,0,0,0,10,,1,0,0,0,0,5,,,,,,,,,1,0,0,1,0,1,0,,7,63ced898ebd3ce898ec80299,FastSlow,20,40,"""390 + 431 =","""3719 + 1187 =","""128 + 86 + 716 =","""870000 + 1500000 =<br>","""89630 + 2739 + 18 + 188 =","""9372894 + 33 + 297 + 55 + 170027 =","""340 + 491 =","""3219 + 3588 = ","""324 + 99 + 515 =","""790000 + 2700000 =","""79820 + 2817 + 12 + 298 = ","""270 + 363 =","""4137 + 2378 =","""214 + 78 + 618 =","""920000 + 1900000 =","""88520 + 1648 + 29 +169 =",13.80,29.05,25.43,36.03,40.00,12.74,20.00,15.15,20.00,20.00,8.61,11.77,24.26,13.53,34.19,40.00,821,4906,1050,2370000,0,831,0,928,0,0,613,6515,910,2820000,10266,0
2025-12-12 16:45:19,2025-12-12 16:54:46,0,23.28.140.109,100,567,1,2025-12-12 16:54:47,R_1nUfu0M2MfbKKW3,,,,,32.5304,-84.9316,anonymous,EN,1,1,"I pay attention ",,,812,5000,1200,10200000,100000,132000000,,831,72000,700,103000,9000000,,651,9383838,700,3883932,0,,,,,,,,,,,,,,,,,,,,,,,,,,,,,0,1,0,1,1,82,,,,,,,,,0,1,1,1,0,54,,,,,,,,,,,,,,,,1,0,0,0,1,94,,,,,,,,,0,1,0,1,1,79,,,,,,,,,,,,,,,,,,,,,,,,,,,,,,1,0,1,0,0,85,,,,,,,,,,,,,,,,,,,,,,,,,,,,,1,,1,667d6ce5fae797e861628ed2,SlowFast,40,20,"""390 + 431 =","""3719 + 1187 =","""128 + 86 + 716 =","""870000 + 1500000 =<br>","""89630 + 2739 + 18 + 188 =","""9372894 + 33 + 297 + 55 + 170027 =","""340 + 491 =","""3219 + 3588 = ","""324 + 99 + 515 =","""790000 + 2700000 =","""79820 + 2817 + 12 + 298 = ","""270 + 363 =","""4137 + 2378 =","""214 + 78 + 618 =","""920000 + 1900000 =","""88520 + 1648 + 29 +169 =",33.88,15.59,28.69,33.22,8.01,19.47,20.39,7.24,12.13,11.68,18.76,5.79,5.04,7.48,20.00,11.03,812,5000,1200,10200000,100000,831,72000,700,103000,9000000,651,9383838,700,3883932,0,132000000
2025-12-12 16:46:45,2025-12-12 16:55:47,0,23.252.159.196,100,541,1,2025-12-12 16:55:47,R_6s5sIytjSq9tBc1,,,,,42.9652,-92.8685,anonymous,EN,1,1,I pay attention,,,821,3916,986,1587000,91000,1200000,,831,0,945,27079000,86000,,633,6525,900,2820000,90000,,,,,,,,,,,,,,,1,1,1,1,0,16,,,,,,,,,,,,,,,,,,,,,,,0,0,0,0,0,29,,,,,,,,,,,,,,,,,,,,,,,,,,,,,,,,,,,,,1,1,1,1,0,15,,1,1,1,1,0,4,,,,,,,,,,,,,,,,,,,,,,,,,,,,,,,,,,,,,,,,,,,,1,0,0,0,0,7,0,,4,664b700b38e720bf4c02dfd7,FastSlow,20,40,"""390 + 431 =","""3719 + 1187 =","""128 + 86 + 716 =","""870000 + 1500000 =<br>","""89630 + 2739 + 18 + 188 =","""9372894 + 33 + 297 + 55 + 170027 =","""340 + 491 =","""3219 + 3588 = ","""324 + 99 + 515 =","""790000 + 2700000 =","""79820 + 2817 + 12 + 298 = ","""270 + 363 =","""4137 + 2378 =","""214 + 78 + 618 =","""920000 + 1900000 =","""88520 + 1648 + 29 +169 =",11.70,24.20,22.43,21.76,37.37,10.05,20.00,16.82,13.33,13.44,11.36,15.29,6.45,21.91,9.97,27.01,821,3916,986,1587000,91000,831,0,945,27079000,86000,633,6525,900,2820000,90000,1200000
2025-12-12 16:44:59,2025-12-12 16:55:57,0,104.224.28.45,100,658,1,2025-12-12 16:55:57,R_3VgaMKvl2OSVIOb,,,,,40.7876,-74.06,anonymous,EN,0.8999999761581421,1,I pay attention,,,821,4906,930,130000000,92575,0,,831,0,938,3490000,0,,633,6515,910,2820000,90366,,,,,,,,,,,,,,,1,1,1,0,1,43,,,,,,,,,,,,,,,,,,,,,,,,,,,,,,1,1,1,1,1,77,,,,,,,,,1,1,1,0,0,69,,,,,,,,,1,1,1,1,1,34,,1,1,1,1,0,73,,,,,,,,,,,,,,,,,,,,,,,,,,,,,,,,,,,,,,,,,,,,,,,,,,,,,,,,,0,,12,5d9b7c7efaa2860364b16476,FastSlow,20,40,"""390 + 431 =","""3719 + 1187 =","""128 + 86 + 716 =","""870000 + 1500000 =<br>","""89630 + 2739 + 18 + 188 =","""9372894 + 33 + 297 + 55 + 170027 =","""340 + 491 =","""3219 + 3588 = ","""324 + 99 + 515 =","""790000 + 2700000 =","""79820 + 2817 + 12 + 298 = ","""270 + 363 =","""4137 + 2378 =","""214 + 78 + 618 =","""920000 + 1900000 =","""88520 + 1648 + 29 +169 =",13.59,18.38,16.38,38.03,36.85,16.53,20.00,17.26,18.74,20.00,12.55,15.76,15.78,19.84,21.82,40.00,821,4906,930,130000000,92575,831,0,938,3490000,0,633,6515,910,2820000,90366,0
2025-12-12 16:45:16,2025-12-12 16:58:43,0,174.224.41.188,100,807,1,2025-12-12 16:58:44,R_3lGpC8GQyh5vwdA,,,,,42.5655,-83.3783,anonymous,EN,1,1,I pay attention,,,821,4316,929,1020000,0,11578,,821,6897,0,100000,83609,,663,7386,900,0,90784,,,,,,,,,,,,,,,,,,,,,,1,1,1,1,0,60,,,,,,,,,,,,,,,,,,,,,,,1,1,1,1,0,55,,,,,,,,,,,,,,,,1,0,1,0,0,37,,,,,,,,,,,,,,,,,,,,,,,,,,,,,,,,,,,,,,,,,,,,,,,,,,,,,,,,,,1,0,1,0,0,35,,1,0,1,0,0,37,0,,1,5d9e7982996ad300179048fa,SlowFast,40,20,"""390 + 431 =","""3719 + 1187 =","""128 + 86 + 716 =","""870000 + 1500000 =<br>","""89630 + 2739 + 18 + 188 =","""9372894 + 33 + 297 + 55 + 170027 =","""340 + 491 =","""3219 + 3588 = ","""324 + 99 + 515 =","""790000 + 2700000 =","""79820 + 2817 + 12 + 298 = ","""270 + 363 =","""4137 + 2378 =","""214 + 78 + 618 =","""920000 + 1900000 =","""88520 + 1648 + 29 +169 =",9.14,24.56,15.75,9.05,40.00,33.87,16.23,40.00,23.81,12.08,11.24,18.58,16.35,20.00,17.45,14.23,821,4316,929,1020000,0,821,6897,0,100000,83609,663,7386,900,0,90784,11578
2025-12-12 16:53:34,2025-12-12 17:00:23,0,108.46.43.176,100,409,1,2025-12-12 17:00:23,R_1MF3rbqMTDEbBl1,,,,,40.7547,-73.9614,anonymous,EN,1,1,I pay attention,,,821,4906,920,2370000,92575,121243489,,831,6807,938,3690000,7436239,,633,0,910,2820000,91581,,,,,,,,,,,,,,,,,,,,,,,,,,,,,1,1,0,1,0,31,,,,,,,,,,,,,,,,0,0,0,1,0,4,,,,,,,,,0,0,0,0,0,18,,,,,,,,,,,,,,,,,,,,,,,,,,,,,,,,,,,,,,,,,,,,0,0,0,1,0,11,,,,,,,,,0,0,0,0,0,6,,,,,,,,,,,,,,,0,,10,691e246aacdd6da848319345,SlowFast,40,20,"""390 + 431 =","""3719 + 1187 =","""128 + 86 + 716 =","""870000 + 1500000 =<br>","""89630 + 2739 + 18 + 188 =","""9372894 + 33 + 297 + 55 + 170027 =","""340 + 491 =","""3219 + 3588 = ","""324 + 99 + 515 =","""790000 + 2700000 =","""79820 + 2817 + 12 + 298 = ","""270 + 363 =","""4137 + 2378 =","""214 + 78 + 618 =","""920000 + 1900000 =","""88520 + 1648 + 29 +169 =",11.73,22.98,12.02,31.31,25.24,11.34,16.55,10.60,8.41,4.74,13.68,20.00,18.07,9.03,12.79,7.81,821,4906,920,2370000,92575,831,6807,938,3690000,7436239,633,0,910,2820000,91581,121243489
2025-12-12 16:54:02,2025-12-12 17:02:11,0,47.230.255.207,100,488,1,2025-12-12 17:02:11,R_3hIcwJgqbmA5ZmN,,,,,40.5956,-74.0806,anonymous,EN,1,1,I pay attention,,,821,4906,930,2320000,92000,9443905,,831,7105,931,2800000,82000,,633,6420,910,2180000,89120,,,,,,,,,,,,,,,1,1,1,1,0,57,,,,,,,,,1,1,1,1,0,41,,1,1,1,1,1,25,,,,,,,,,,,,,,,,,,,,,,,,,,,,,,,,,,,,,,,,,,,,1,1,1,1,0,34,,,,,,,,,,,,,,,,,,,,,,,,,,,,,,,,,,,,,,,,,,,,1,1,1,0,0,11,,,,,,,,0,,6,66ddf1fdcc5c581ffea00af4,FastSlow,20,40,"""390 + 431 =","""3719 + 1187 =","""128 + 86 + 716 =","""870000 + 1500000 =<br>","""89630 + 2739 + 18 + 188 =","""9372894 + 33 + 297 + 55 + 170027 =","""340 + 491 =","""3219 + 3588 = ","""324 + 99 + 515 =","""790000 + 2700000 =","""79820 + 2817 + 12 + 298 = ","""270 + 363 =","""4137 + 2378 =","""214 + 78 + 618 =","""920000 + 1900000 =","""88520 + 1648 + 29 +169 =",13.79,17.14,15.54,19.15,29.41,12.77,17.75,16.65,15.22,10.30,8.35,32.81,16.38,10.91,22.02,34.29,821,4906,930,2320000,92000,831,7105,931,2800000,82000,633,6420,910,2180000,89120,9443905
2025-12-12 16:49:15,2025-12-12 17:03:42,0,73.244.173.49,100,867,1,2025-12-12 17:03:42,R_5IjjIgJdqehToeK,,,,,26.0988,-80.1806,anonymous,EN,1,1,"I pay attention ",,,580,4890,900,2500000,11800,3200000,,831,6897,925,28000000,88561,,633,6416,727,2900000,89891,,,,,,,,,,,,,,,,,,,,,,1,1,1,1,1,20,,,,,,,,,,,,,,,,,,,,,,,0,0,0,0,0,10,,0,0,0,0,0,20,,0,0,0,0,0,10,,,,,,,,,,,,,,,,,,,,,,,,,,,,,,,,,,,,,,,,,,,,,,,,,,,,,,,,,,0,0,0,0,0,20,,,,,,,,,,,,,,,0,"Thank you for letting me take part in this study, it was fun. ",2,66198f45c36ffa489c2e903b,FastSlow,20,40,"""390 + 431 =","""3719 + 1187 =","""128 + 86 + 716 =","""870000 + 1500000 =<br>","""89630 + 2739 + 18 + 188 =","""9372894 + 33 + 297 + 55 + 170027 =","""340 + 491 =","""3219 + 3588 = ","""324 + 99 + 515 =","""790000 + 2700000 =","""79820 + 2817 + 12 + 298 = ","""270 + 363 =","""4137 + 2378 =","""214 + 78 + 618 =","""920000 + 1900000 =","""88520 + 1648 + 29 +169 =",10.30,12.81,12.07,25.31,14.61,18.42,18.16,19.10,17.36,13.68,19.61,24.55,24.91,14.99,15.78,30.74,580,4890,900,2500000,11800,831,6897,925,28000000,88561,633,6416,727,2900000,89891,3200000
2025-12-12 16:52:33,2025-12-12 17:03:58,0,35.150.91.112,100,684,1,2025-12-12 17:03:59,R_7hfR8uPqdYaU11I,,,,,45.9979,-112.5988,anonymous,EN,1,1,"I pay attention ",,,821,4906,0,0,0,0,,841,6807,938,3490000,0,,0,0,0,0,111,,,,,,,,,,,,,,,,,,,,,,1,1,1,1,0,46,,,,,,,,,,,,,,,,,,,,,,,1,1,0,0,0,36,,,,,,,,,,,,,,,,,,,,,,,,,,,,,,,,,,,,,1,1,1,1,0,15,,,,,,,,,,,,,,,,,,,,,,,1,0,0,0,0,5,,,,,,,,,,,,,,,,1,1,0,1,0,0,0,,5,66c0e61e88d109a1324701f3,SlowFast,40,20,"""390 + 431 =","""3719 + 1187 =","""128 + 86 + 716 =","""870000 + 1500000 =<br>","""89630 + 2739 + 18 + 188 =","""9372894 + 33 + 297 + 55 + 170027 =","""340 + 491 =","""3219 + 3588 = ","""324 + 99 + 515 =","""790000 + 2700000 =","""79820 + 2817 + 12 + 298 = ","""270 + 363 =","""4137 + 2378 =","""214 + 78 + 618 =","""920000 + 1900000 =","""88520 + 1648 + 29 +169 =",21.68,39.10,40.00,40.00,40.00,25.97,22.93,25.68,37.99,17.43,20.00,20.00,7.94,20.00,4.47,8.20,821,4906,0,0,0,841,6807,938,3490000,0,0,0,0,0,111,0
2025-12-12 16:53:09,2025-12-12 17:04:29,0,216.47.51.146,100,679,1,2025-12-12 17:04:29,R_6dsJsexWlyIEtyN,,,,,47.4705,-114.8949,anonymous,EN,1,1,I pay attention,,,821,0,1000,237000,0,300000,,0,0,938,0,0,,600,6500,1000,0,90000,,,,,,,,0,1,0,1,0,60,,,,,,,,,,,,,,,,,,,,,,,,,,,,,,0,1,1,1,0,60,,,,,,,,,,,,,,,,1,1,0,1,0,30,,,,,,,,,,,,,,,,,,,,,,,,,,,,,,,,,,,,,,,,,,,,1,0,1,0,1,64,,,,,,,,,,,,,,,,1,0,1,0,1,40,,,,,,,,0,,2,66371cc4de71aac65b5f1980,FastSlow,20,40,"""390 + 431 =","""3719 + 1187 =","""128 + 86 + 716 =","""870000 + 1500000 =<br>","""89630 + 2739 + 18 + 188 =","""9372894 + 33 + 297 + 55 + 170027 =","""340 + 491 =","""3219 + 3588 = ","""324 + 99 + 515 =","""790000 + 2700000 =","""79820 + 2817 + 12 + 298 = ","""270 + 363 =","""4137 + 2378 =","""214 + 78 + 618 =","""920000 + 1900000 =","""88520 + 1648 + 29 +169 =",28.27,40.00,31.53,32.14,40.00,20.00,20.00,18.87,20.00,20.00,14.28,20.51,16.27,40.00,17.24,30.08,821,0,1000,237000,0,0,0,938,0,0,600,6500,1000,0,90000,300000
2025-12-12 16:55:02,2025-12-12 17:04:31,0,104.2.130.83,100,568,1,2025-12-12 17:04:31,R_3niTBvFMxhBRqcE,,,,,33.7657,-84.2951,anonymous,EN,1,1,I pay attention,,,821,4906,930,91370000,57529,0,,831,6807,838,3490000,0,,633,6515,0,1820000,0,,,,,,,,,,,,,,,1,1,1,1,0,60,,,,,,,,,,,,,,,,1,1,1,1,1,15,,,,,,,,,,,,,,,,1,1,0,0,0,70,,,,,,,,,,,,,,,,,,,,,,,,,,,,,,1,1,1,1,0,68,,,,,,,,,,,,,,,,,,,,,,,,,,,,,,,,,,,,,,,,,,,,1,1,1,1,0,35,0,,8,66045663fbc92e11eb7e557c,SlowFast,40,20,"""390 + 431 =","""3719 + 1187 =","""128 + 86 + 716 =","""870000 + 1500000 =<br>","""89630 + 2739 + 18 + 188 =","""9372894 + 33 + 297 + 55 + 170027 =","""340 + 491 =","""3219 + 3588 = ","""324 + 99 + 515 =","""790000 + 2700000 =","""79820 + 2817 + 12 + 298 = ","""270 + 363 =","""4137 + 2378 =","""214 + 78 + 618 =","""920000 + 1900000 =","""88520 + 1648 + 29 +169 =",11.38,16.32,21.18,37.87,35.57,8.11,15.30,22.07,24.55,40.00,8.82,14.79,20.00,13.93,20.00,40.00,821,4906,930,91370000,57529,831,6807,838,3490000,0,633,6515,0,1820000,0,0
2025-12-12 16:54:19,2025-12-12 17:04:35,0,108.53.202.123,100,615,1,2025-12-12 17:04:35,R_55SCJExkJnTimwG,,,,,40.8492,-73.9735,anonymous,EN,1,1,I pay attention,,,821,4906,930,2370000,0,0,,831,6807,1838,3490000,80947,,633,6515,910,2820000,100667,,,,,,,,,,,,,,,,,,,,,,,,,,,,,,,,,,,,1,1,1,0,1,11,,,,,,,,,1,0,0,0,0,62,,,,,,,,,,,,,,,,,,,,,,,,,,,,,,1,1,1,0,0,38,,,,,,,,,,,,,,,,0,1,1,0,1,8,,,,,,,,,,,,,,,,,,,,,,,1,1,0,0,0,41,,,,,,,,0,,11,664671b9d20e4b68c8b78770,FastSlow,20,40,"""390 + 431 =","""3719 + 1187 =","""128 + 86 + 716 =","""870000 + 1500000 =<br>","""89630 + 2739 + 18 + 188 =","""9372894 + 33 + 297 + 55 + 170027 =","""340 + 491 =","""3219 + 3588 = ","""324 + 99 + 515 =","""790000 + 2700000 =","""79820 + 2817 + 12 + 298 = ","""270 + 363 =","""4137 + 2378 =","""214 + 78 + 618 =","""920000 + 1900000 =","""88520 + 1648 + 29 +169 =",11.97,13.31,16.75,15.16,40.00,7.53,10.05,14.47,8.81,18.48,10.62,10.72,29.51,15.48,28.39,40.00,821,4906,930,2370000,0,831,6807,1838,3490000,80947,633,6515,910,2820000,100667,0
2025-12-12 16:50:31,2025-12-12 17:05:51,0,73.158.255.43,100,920,1,2025-12-12 17:05:52,R_7PbBDkMVvwhrrdc,,,,,37.6196,-122.4816,anonymous,EN,1,1,I pay attention,,,821,4906,930,2020000,0,1400000,,831,7007,1100,3190000,0,,633,6500,950,21200000,90000,,,,,,,,,,,,,,,1,1,1,1,0,65,,,,,,,,,,,,,,,,,,,,,,,1,1,1,1,0,65,,,,,,,,,,,,,,,,1,1,1,1,0,65,,,,,,,,,,,,,,,,,,,,,,,,,,,,,,,,,,,,,,,,,,,,,,,,,,,,,,,,,,1,1,1,0,0,60,,1,1,1,0,0,70,,,,,,,,0,,5,662ed97e23a6d55bb855adae,FastSlow,20,40,"""390 + 431 =","""3719 + 1187 =","""128 + 86 + 716 =","""870000 + 1500000 =<br>","""89630 + 2739 + 18 + 188 =","""9372894 + 33 + 297 + 55 + 170027 =","""340 + 491 =","""3219 + 3588 = ","""324 + 99 + 515 =","""790000 + 2700000 =","""79820 + 2817 + 12 + 298 = ","""270 + 363 =","""4137 + 2378 =","""214 + 78 + 618 =","""920000 + 1900000 =","""88520 + 1648 + 29 +169 =",15.27,23.82,17.66,32.54,40.00,14.15,18.60,18.08,19.94,20.00,15.90,13.04,14.30,15.16,10.68,20.90,821,4906,930,2020000,0,831,7007,1100,3190000,0,633,6500,950,21200000,90000,1400000
2025-12-12 17:00:51,2025-12-12 17:06:05,0,98.168.53.229,100,314,1,2025-12-12 17:06:06,R_7irzd2DRnsituJX,,,,,33.3908,-111.9184,anonymous,EN,1,1,I pay attention,,,821,4906,930,2370000,92575,10362978,,795,7861,956,2779000,85620,,638,6854,4682,1928555,976528,,,,,,,,,,,,,,,,,,,,,,,,,,,,,1,1,1,1,1,26,,,,,,,,,1,0,1,0,0,43,,,,,,,,,,,,,,,,,,,,,,,1,0,0,0,0,2,,,,,,,,,,,,,,,,,,,,,,,1,1,1,1,1,19,,,,,,,,,0,0,1,0,0,40,,,,,,,,,,,,,,,,,,,,,,,,,,,,,1,,5,6632d4093ebf44b7fb54bd8b,FastSlow,20,40,"""390 + 431 =","""3719 + 1187 =","""128 + 86 + 716 =","""870000 + 1500000 =<br>","""89630 + 2739 + 18 + 188 =","""9372894 + 33 + 297 + 55 + 170027 =","""340 + 491 =","""3219 + 3588 = ","""324 + 99 + 515 =","""790000 + 2700000 =","""79820 + 2817 + 12 + 298 = ","""270 + 363 =","""4137 + 2378 =","""214 + 78 + 618 =","""920000 + 1900000 =","""88520 + 1648 + 29 +169 =",10.23,12.34,16.12,24.36,19.81,6.24,4.82,12.15,5.60,6.67,6.63,4.05,3.59,6.73,4.38,12.93,821,4906,930,2370000,92575,795,7861,956,2779000,85620,638,6854,4682,1928555,976528,10362978
2025-12-12 16:58:08,2025-12-12 17:06:56,0,132.147.20.219,100,528,1,2025-12-12 17:06:57,R_1Eywe8wxI9EjJRz,,,,,33.5593,-81.8165,anonymous,EN,1,1,"I pay attention ",,,821,4005,1030,10200000,90000,1150000,,831,6907,938,10600000,82937,,633,7005,1010,10100000,15000,,,,,,,,,,,,,,,1,0,0,1,0,8,,1,0,1,1,0,0,,0,0,0,0,0,47,,,,,,,,,,,,,,,,,,,,,,,,,,,,,,,,,,,,,,,,,,,,1,0,1,1,0,48,,,,,,,,,,,,,,,,,,,,,,,,,,,,,,,,,,,,,,,,,,,,1,1,1,1,0,21,,,,,,,,,,,,,,,0,,4,667e27322e43770fb9f2bb8c,SlowFast,40,20,"""390 + 431 =","""3719 + 1187 =","""128 + 86 + 716 =","""870000 + 1500000 =<br>","""89630 + 2739 + 18 + 188 =","""9372894 + 33 + 297 + 55 + 170027 =","""340 + 491 =","""3219 + 3588 = ","""324 + 99 + 515 =","""790000 + 2700000 =","""79820 + 2817 + 12 + 298 = ","""270 + 363 =","""4137 + 2378 =","""214 + 78 + 618 =","""920000 + 1900000 =","""88520 + 1648 + 29 +169 =",12.83,18.16,5.34,19.80,37.16,9.94,20.31,13.39,11.37,15.88,6.89,6.99,2.18,9.15,10.60,10.78,821,4005,1030,10200000,90000,831,6907,938,10600000,82937,633,7005,1010,10100000,15000,1150000
2025-12-12 16:54:12,2025-12-12 17:08:02,0,73.152.196.246,100,830,1,2025-12-12 17:08:03,R_1GE6AmFTbIuHC2R,,,,,37.6719,-77.3259,anonymous,EN,1,1,I pay attention,,,821,5116,930,2370000,106305,10799000,,831,6807,938,3600000,89357,,633,6500,916,28200000,90989,,,,,,,,,,,,,,,,,,,,,,,,,,,,,,,,,,,,,,,,,,,0,0,0,0,0,70,,,,,,,,,,,,,,,,,,,,,,,,,,,,,,,,,,,,,,,,,,,,,,,,,,,,,,,,,,1,1,1,1,0,10,,,,,,,,,1,0,0,0,0,30,,1,0,0,0,0,35,,,,,,,,,1,1,1,1,0,10,0,,7,671bfaa7d312fef1ab1d7fa0,SlowFast,40,20,"""390 + 431 =","""3719 + 1187 =","""128 + 86 + 716 =","""870000 + 1500000 =<br>","""89630 + 2739 + 18 + 188 =","""9372894 + 33 + 297 + 55 + 170027 =","""340 + 491 =","""3219 + 3588 = ","""324 + 99 + 515 =","""790000 + 2700000 =","""79820 + 2817 + 12 + 298 = ","""270 + 363 =","""4137 + 2378 =","""214 + 78 + 618 =","""920000 + 1900000 =","""88520 + 1648 + 29 +169 =",13.19,33.87,23.56,38.42,38.57,15.97,20.36,22.26,25.05,28.72,8.88,19.80,19.40,11.47,18.68,32.31,821,5116,930,2370000,106305,831,6807,938,3600000,89357,633,6500,916,28200000,90989,10799000
2025-12-12 16:59:42,2025-12-12 17:08:32,0,108.198.76.209,100,529,1,2025-12-12 17:08:32,R_6oA8T60vpk2QY3E,,,,,41.1231,-81.5666,anonymous,EN,1,1,I pay attention,,,821,4006,930,2370000,0,0,,831,6807,938,3490000,80047,,633,6505,912,2880000,0,,,,,,,,1,0,0,1,0,94,,1,0,0,1,0,59,,,,,,,,,1,0,0,1,0,75,,,,,,,,,,,,,,,,,,,,,,,,,,,,,,,,,,,,,,,,,,,,1,0,0,1,0,92,,1,0,0,1,0,63,,,,,,,,,,,,,,,,,,,,,,,,,,,,,,,,,,,,,,,,,,,,,,,,,,,,,,,,,0,,8,6717f0ac88d9f27d9b79af31,SlowFast,40,20,"""390 + 431 =","""3719 + 1187 =","""128 + 86 + 716 =","""870000 + 1500000 =<br>","""89630 + 2739 + 18 + 188 =","""9372894 + 33 + 297 + 55 + 170027 =","""340 + 491 =","""3219 + 3588 = ","""324 + 99 + 515 =","""790000 + 2700000 =","""79820 + 2817 + 12 + 298 = ","""270 + 363 =","""4137 + 2378 =","""214 + 78 + 618 =","""920000 + 1900000 =","""88520 + 1648 + 29 +169 =",11.78,20.78,22.36,28.97,40.00,14.28,19.62,16.52,22.25,28.52,14.29,15.03,14.96,13.61,20.00,40.00,821,4006,930,2370000,0,831,6807,938,3490000,80047,633,6505,912,2880000,0,0
2025-12-12 16:59:10,2025-12-12 17:08:48,0,38.62.137.78,100,578,1,2025-12-12 17:08:48,R_6lWSnDJ6jQLAbDm,,,,,37.7538,-87.0779,anonymous,EN,1,1,I pay attention,,,821,4906,930,2370000,0,0,,829,6807,1138,34900000,82947,,633,6515,910,2820000,0,,,,,,,,,,,,,,,,,,,,,,,,,,,,,,,,,,,,1,1,1,1,0,61,,,,,,,,,,,,,,,,,,,,,,,1,1,1,1,1,74,,,,,,,,,1,1,0,1,0,71,,,,,,,,,,,,,,,,1,1,1,1,0,72,,,,,,,,,,,,,,,,,,,,,,,,,,,,,,1,1,1,1,0,62,,,,,,,,0,,10,67342c07d23b6cf0da5a030c,FastSlow,20,40,"""390 + 431 =","""3719 + 1187 =","""128 + 86 + 716 =","""870000 + 1500000 =<br>","""89630 + 2739 + 18 + 188 =","""9372894 + 33 + 297 + 55 + 170027 =","""340 + 491 =","""3219 + 3588 = ","""324 + 99 + 515 =","""790000 + 2700000 =","""79820 + 2817 + 12 + 298 = ","""270 + 363 =","""4137 + 2378 =","""214 + 78 + 618 =","""920000 + 1900000 =","""88520 + 1648 + 29 +169 =",7.75,21.54,28.03,14.11,40.00,15.15,10.99,17.88,11.74,15.90,9.49,9.73,11.36,12.85,40.00,40.00,821,4906,930,2370000,0,829,6807,1138,34900000,82947,633,6515,910,2820000,0,0
2025-12-12 16:57:32,2025-12-12 17:08:58,0,174.16.156.131,100,686,1,2025-12-12 17:08:59,R_1JsLTka49dHunDX,,,,,39.7861,-104.8296,anonymous,EN,1,1,I pay attention,,,821,4906,930,23700000,0,2,,831,0,0,34900000,2,,613,6505,916,28200000,10000,,,,,,,,,,,,,,,,,,,,,,1,1,1,1,0,37,,,,,,,,,,,,,,,,,,,,,,,,,,,,,,,,,,,,,1,0,0,0,0,31,,,,,,,,,,,,,,,,,,,,,,,,,,,,,,,,,,,,,1,1,1,1,1,13,,1,1,0,0,0,19,,,,,,,,,,,,,,,,1,1,0,0,0,20,,,,,,,,0,,4,66c54542fde51396756cb576,FastSlow,20,40,"""390 + 431 =","""3719 + 1187 =","""128 + 86 + 716 =","""870000 + 1500000 =<br>","""89630 + 2739 + 18 + 188 =","""9372894 + 33 + 297 + 55 + 170027 =","""340 + 491 =","""3219 + 3588 = ","""324 + 99 + 515 =","""790000 + 2700000 =","""79820 + 2817 + 12 + 298 = ","""270 + 363 =","""4137 + 2378 =","""214 + 78 + 618 =","""920000 + 1900000 =","""88520 + 1648 + 29 +169 =",10.89,34.15,18.86,28.31,40.00,15.13,20.00,20.00,16.42,19.41,12.72,18.01,19.79,15.84,38.07,36.11,821,4906,930,23700000,0,831,0,0,34900000,2,613,6505,916,28200000,10000,2
2025-12-12 16:50:50,2025-12-12 17:09:09,0,50.39.187.173,100,1098,1,2025-12-12 17:09:09,R_7lWaAvu3oz3TbVO,,,,,45.4501,-122.868,anonymous,EN,1,1,I pay attention,,,821,0,920,0,0,0,,0,0,438,0,752452,,633,0,911,280000000,58757,,,,,,,,,,,,,,,1,1,1,1,1,30,,,,,,,,,,,,,,,,1,1,1,1,1,35,,,,,,,,,,,,,,,,,,,,,,,,,,,,,,,,,,,,,,,,,,,,,,,,,,,,,,,,,,1,1,1,1,0,30,,1,1,1,1,1,30,,,,,,,,,,,,,,,,,,,,,,,1,1,1,0,0,30,,,,,,,,0,,2,60fdf6b3117c2aeb33f2dd99,FastSlow,20,40,"""390 + 431 =","""3719 + 1187 =","""128 + 86 + 716 =","""870000 + 1500000 =<br>","""89630 + 2739 + 18 + 188 =","""9372894 + 33 + 297 + 55 + 170027 =","""340 + 491 =","""3219 + 3588 = ","""324 + 99 + 515 =","""790000 + 2700000 =","""79820 + 2817 + 12 + 298 = ","""270 + 363 =","""4137 + 2378 =","""214 + 78 + 618 =","""920000 + 1900000 =","""88520 + 1648 + 29 +169 =",20.33,40.00,22.14,40.00,40.00,20.00,20.00,17.42,20.00,19.07,18.87,40.00,35.05,27.86,31.95,40.00,821,0,920,0,0,0,0,438,0,752452,633,0,911,280000000,58757,0
2025-12-12 16:57:56,2025-12-12 17:09:35,0,24.29.211.20,100,699,1,2025-12-12 17:09:36,R_6IN2ZIYP0i7Y5Z9,,,,,41.2463,-81.8315,anonymous,EN,1,1,I pay attention,,,821,4906,920,2350000,0,0,,831,6807,0,3390000,0,,633,0,320,2820000,0,,,,,,,,,,,,,,,,,,,,,,,,,,,,,1,1,1,1,0,90,,1,1,1,1,0,25,,,,,,,,,,,,,,,,1,1,1,1,0,70,,,,,,,,,,,,,,,,,,,,,,,,,,,,,,,,,,,,,,,,,,,,1,1,1,1,1,20,,,,,,,,,,,,,,,,,,,,,,,,,,,,,,1,1,1,1,0,20,0,,6,66b6e70b2a7cebe3d1c15dc0,SlowFast,40,20,"""390 + 431 =","""3719 + 1187 =","""128 + 86 + 716 =","""870000 + 1500000 =<br>","""89630 + 2739 + 18 + 188 =","""9372894 + 33 + 297 + 55 + 170027 =","""340 + 491 =","""3219 + 3588 = ","""324 + 99 + 515 =","""790000 + 2700000 =","""79820 + 2817 + 12 + 298 = ","""270 + 363 =","""4137 + 2378 =","""214 + 78 + 618 =","""920000 + 1900000 =","""88520 + 1648 + 29 +169 =",11.56,26.87,31.59,35.11,40.00,12.26,24.74,40.00,29.14,40.00,14.72,20.00,14.30,17.26,20.00,40.00,821,4906,920,2350000,0,831,6807,0,3390000,0,633,0,320,2820000,0,0
2025-12-12 16:51:08,2025-12-12 17:10:18,0,74.80.146.198,100,1149,1,2025-12-12 17:10:19,R_7SBo4HIWPNAZRiw,,,,,37.751,-97.822,anonymous,EN,1,1,"I pay attention ",,,821,4906,0,2370000,92575,0,,831,0,938,0,0,,633,6515,910,2820000,90366,,,,,,,,1,1,1,1,1,66,,,,,,,,,,,,,,,,,,,,,,,,,,,,,,,,,,,,,,,,,,,,,,,,,,,,,,,,,,1,1,1,1,1,37,,,,,,,,,1,1,1,0,0,60,,1,0,0,1,1,75,,,,,,,,,,,,,,,,,,,,,,,1,1,1,0,0,73,,,,,,,,,,,,,,,,,,,,,,0,,11,67d94f701307ac0887c44909,FastSlow,20,40,"""390 + 431 =","""3719 + 1187 =","""128 + 86 + 716 =","""870000 + 1500000 =<br>","""89630 + 2739 + 18 + 188 =","""9372894 + 33 + 297 + 55 + 170027 =","""340 + 491 =","""3219 + 3588 = ","""324 + 99 + 515 =","""790000 + 2700000 =","""79820 + 2817 + 12 + 298 = ","""270 + 363 =","""4137 + 2378 =","""214 + 78 + 618 =","""920000 + 1900000 =","""88520 + 1648 + 29 +169 =",13.96,24.21,40.00,33.48,27.02,14.55,20.00,19.87,20.00,20.00,11.46,15.68,14.38,26.36,26.87,40.00,821,4906,0,2370000,92575,831,0,938,0,0,633,6515,910,2820000,90366,0
2025-12-12 16:55:36,2025-12-12 17:12:01,0,107.116.83.72,100,984,1,2025-12-12 17:12:01,R_6F0GG2tcUZhoyul,,,,,38.9522,-77.0253,anonymous,EN,1,1,I pay attention,,,821,3906,920,1370000,93000,0,,831,0,938,0,0,,633,6515,910,1820000,0,,,,,,,,,,,,,,,1,1,1,1,1,60,,,,,,,,,,,,,,,,,,,,,,,,,,,,,,,,,,,,,,,,,,,,,,,,,,,,,,,,,,,,,,,,,,,,,,,,1,1,1,1,1,45,,,,,,,,,,,,,,,,1,0,0,0,0,71,,,,,,,,,,,,,,,,1,0,0,0,0,60,,1,0,0,1,0,10,0,I did all of the calculations strictly using mybown mental capabilities.  Good luck with your research!,6,66293f9169949f4ac196a2c4,FastSlow,20,40,"""390 + 431 =","""3719 + 1187 =","""128 + 86 + 716 =","""870000 + 1500000 =<br>","""89630 + 2739 + 18 + 188 =","""9372894 + 33 + 297 + 55 + 170027 =","""340 + 491 =","""3219 + 3588 = ","""324 + 99 + 515 =","""790000 + 2700000 =","""79820 + 2817 + 12 + 298 = ","""270 + 363 =","""4137 + 2378 =","""214 + 78 + 618 =","""920000 + 1900000 =","""88520 + 1648 + 29 +169 =",25.65,31.05,30.15,39.74,31.97,15.74,20.00,17.64,20.00,20.00,24.93,27.45,25.91,28.35,40.00,40.00,821,3906,920,1370000,93000,831,0,938,0,0,633,6515,910,1820000,0,0
2025-12-12 16:55:43,2025-12-12 17:13:01,0,71.222.37.119,100,1038,1,2025-12-12 17:13:02,R_31uEH0ewyEr1hsZ,,,,,36.2819,-115.1475,anonymous,EN,0.800000011920929,1,I pay attention,,,821,4906,930,0,0,0,,831,6814,938,34900000,8949,,633,6515,910,28200000,0,,,,,,,,,,,,,,,,,,,,,,,,,,,,,1,1,1,1,0,42,,1,1,1,1,1,22,,,,,,,,,,,,,,,,1,0,0,1,0,40,,,,,,,,,,,,,,,,,,,,,,,,,,,,,,,,,,,,,1,1,0,1,0,20,,,,,,,,,,,,,,,,,,,,,,,,,,,,,,,,,,,,,1,1,0,1,0,19,0,,8,68cdd1f9acf6b2542a73e563,SlowFast,40,20,"""390 + 431 =","""3719 + 1187 =","""128 + 86 + 716 =","""870000 + 1500000 =<br>","""89630 + 2739 + 18 + 188 =","""9372894 + 33 + 297 + 55 + 170027 =","""340 + 491 =","""3219 + 3588 = ","""324 + 99 + 515 =","""790000 + 2700000 =","""79820 + 2817 + 12 + 298 = ","""270 + 363 =","""4137 + 2378 =","""214 + 78 + 618 =","""920000 + 1900000 =","""88520 + 1648 + 29 +169 =",20.18,28.07,17.74,40.00,40.00,12.97,38.62,22.53,30.47,37.83,9.07,12.50,18.71,19.09,20.00,40.00,821,4906,930,0,0,831,6814,938,34900000,8949,633,6515,910,28200000,0,0
2025-12-12 17:01:50,2025-12-12 17:13:14,0,69.58.144.48,100,683,1,2025-12-12 17:13:14,R_1b4o56SMu4JDSlb,,,,,29.7266,-99.0737,anonymous,EN,1,1,I pay attention,,,821,4906,930,10370000,0,1105381,,841,7917,0,107600000,0,,643,6515,830,11120000,0,,,,,,,,,,,,,,,,,,,,,,,,,,,,,,,,,,,,,,,,,,,0,0,1,0,0,40,,,,,,,,,1,0,0,0,0,20,,0,1,0,0,0,12,,,,,,,,,,,,,,,,,,,,,,,,,,,,,,,,,,,,,,,,,,,,,,,,,,,,,,,,,,1,0,0,0,0,12,,,,,,,,,1,0,0,1,0,7,0,,4,66efa54508a57ab4d42cab20,FastSlow,20,40,"""390 + 431 =","""3719 + 1187 =","""128 + 86 + 716 =","""870000 + 1500000 =<br>","""89630 + 2739 + 18 + 188 =","""9372894 + 33 + 297 + 55 + 170027 =","""340 + 491 =","""3219 + 3588 = ","""324 + 99 + 515 =","""790000 + 2700000 =","""79820 + 2817 + 12 + 298 = ","""270 + 363 =","""4137 + 2378 =","""214 + 78 + 618 =","""920000 + 1900000 =","""88520 + 1648 + 29 +169 =",13.81,21.67,23.83,28.34,40.00,14.20,17.88,20.00,19.05,20.00,14.46,13.86,25.17,25.34,40.00,38.09,821,4906,930,10370000,0,841,7917,0,107600000,0,643,6515,830,11120000,0,1105381
2025-12-12 17:05:14,2025-12-12 17:16:05,0,68.196.226.134,100,651,1,2025-12-12 17:16:06,R_3QmocRonEY8IWr9,,,,,40.9186,-73.8619,anonymous,EN,1,1,I pay attention,,,821,4906,930,20000000,0,0,,831,6807,938,3490000,0,,633,0,0,0,0,,,,,,,,,,,,,,,,,,,,,,1,1,1,1,1,30,,,,,,,,,,,,,,,,,,,,,,,1,0,1,1,0,30,,,,,,,,,1,1,0,0,0,62,,,,,,,,,,,,,,,,,,,,,,,0,0,0,0,0,20,,,,,,,,,,,,,,,,0,0,0,1,0,50,,,,,,,,,,,,,,,,,,,,,,,,,,,,,0,,8,6746659a4a38c50b80da4c63,SlowFast,40,20,"""390 + 431 =","""3719 + 1187 =","""128 + 86 + 716 =","""870000 + 1500000 =<br>","""89630 + 2739 + 18 + 188 =","""9372894 + 33 + 297 + 55 + 170027 =","""340 + 491 =","""3219 + 3588 = ","""324 + 99 + 515 =","""790000 + 2700000 =","""79820 + 2817 + 12 + 298 = ","""270 + 363 =","""4137 + 2378 =","""214 + 78 + 618 =","""920000 + 1900000 =","""88520 + 1648 + 29 +169 =",15.00,27.93,26.30,33.71,40.00,10.36,21.19,16.72,35.17,40.00,11.60,20.00,20.00,20.00,20.00,40.00,821,4906,930,20000000,0,831,6807,938,3490000,0,633,0,0,0,0,0
2025-12-12 17:10:25,2025-12-12 17:17:52,0,108.147.171.40,100,447,1,2025-12-12 17:17:53,R_3aUKydTbkSGFJoM,,,,,32.9503,-96.819,anonymous,EN,1,1,I pay attention,,,821,5006,950,15870000,100000,100000,,0,3800,938,27790000,80000,,633,6515,800,19920000,90000,,,,,,,,,,,,,,,,,,,,,,1,1,1,1,0,50,,,,,,,,,,,,,,,,,,,,,,,,,,,,,,,,,,,,,,,,,,,,,,,,,,,,,,,,,,1,1,1,1,1,50,,,,,,,,,,,,,,,,1,1,1,1,1,50,,,,,,,,,,,,,,,,0,0,0,1,0,50,,0,0,0,0,0,50,,,,,,,,0,,4,6736485fd762ccba28f44a81,FastSlow,20,40,"""390 + 431 =","""3719 + 1187 =","""128 + 86 + 716 =","""870000 + 1500000 =<br>","""89630 + 2739 + 18 + 188 =","""9372894 + 33 + 297 + 55 + 170027 =","""340 + 491 =","""3219 + 3588 = ","""324 + 99 + 515 =","""790000 + 2700000 =","""79820 + 2817 + 12 + 298 = ","""270 + 363 =","""4137 + 2378 =","""214 + 78 + 618 =","""920000 + 1900000 =","""88520 + 1648 + 29 +169 =",11.80,23.01,23.87,16.11,8.79,20.00,18.64,19.17,15.38,6.58,13.80,17.76,14.95,14.21,9.93,5.86,821,5006,950,15870000,100000,0,3800,938,27790000,80000,633,6515,800,19920000,90000,100000
2025-12-12 17:08:07,2025-12-12 17:18:08,0,70.185.55.119,100,601,1,2025-12-12 17:18:09,R_1OHL1zRteIONBLh,,,,,33.5988,-111.8795,anonymous,EN,1,1,I pay attention,,,821,4906,830,2370000,2575,9400000,,831,6307,938,3490000,0,,633,6515,0,2820000,0,,,,,,,,,,,,,,,,,,,,,,,,,,,,,0,0,0,1,0,35,,1,1,1,1,1,25,,,,,,,,,0,0,0,1,0,28,,,,,,,,,,,,,,,,,,,,,,,,,,,,,,,,,,,,,,,,,,,,,,,,,,,,,,,,,,,,,,,,,,,,,,,,0,0,0,1,0,15,,0,0,0,1,0,56,,,,,,,,0,,9,655fa1d61a31921e732c6447,SlowFast,40,20,"""390 + 431 =","""3719 + 1187 =","""128 + 86 + 716 =","""870000 + 1500000 =<br>","""89630 + 2739 + 18 + 188 =","""9372894 + 33 + 297 + 55 + 170027 =","""340 + 491 =","""3219 + 3588 = ","""324 + 99 + 515 =","""790000 + 2700000 =","""79820 + 2817 + 12 + 298 = ","""270 + 363 =","""4137 + 2378 =","""214 + 78 + 618 =","""920000 + 1900000 =","""88520 + 1648 + 29 +169 =",9.18,25.33,33.10,16.96,38.41,12.74,28.96,30.17,18.54,40.00,9.20,13.79,20.00,19.51,20.00,26.15,821,4906,830,2370000,2575,831,6307,938,3490000,0,633,6515,0,2820000,0,9400000
2025-12-12 17:08:50,2025-12-12 17:19:05,0,24.117.70.24,100,614,1,2025-12-12 17:19:06,R_5soe7jchcqYpQdX,,,,,43.6502,-116.4343,anonymous,EN,1,1,I pay attention,,,821,4906,1128,2370000,0,0,,831,6807,938,0,0,,633,6715,879,10120000,90366,,,,,,,,,,,,,,,,,,,,,,,,,,,,,1,1,1,1,0,10,,1,1,1,0,0,3,,1,0,0,0,0,30,,,,,,,,,,,,,,,,,,,,,,,,,,,,,,,,,,,,,,,,,,,,,,,,,,,,,,,,,,1,1,0,1,0,5,,,,,,,,,1,0,0,0,0,15,,,,,,,,,,,,,,,,,,,,,,0,,8,6598fe3a39833e045566f441,FastSlow,20,40,"""390 + 431 =","""3719 + 1187 =","""128 + 86 + 716 =","""870000 + 1500000 =<br>","""89630 + 2739 + 18 + 188 =","""9372894 + 33 + 297 + 55 + 170027 =","""340 + 491 =","""3219 + 3588 = ","""324 + 99 + 515 =","""790000 + 2700000 =","""79820 + 2817 + 12 + 298 = ","""270 + 363 =","""4137 + 2378 =","""214 + 78 + 618 =","""920000 + 1900000 =","""88520 + 1648 + 29 +169 =",16.05,18.96,24.38,34.49,40.00,8.70,13.63,15.09,20.00,20.00,6.97,17.70,24.35,28.43,38.58,40.00,821,4906,1128,2370000,0,831,6807,938,0,0,633,6715,879,10120000,90366,0
2025-12-12 17:10:01,2025-12-12 17:20:28,0,173.88.249.227,100,626,1,2025-12-12 17:20:28,R_6L7k1Q9eitWSlej,,,,,41.1413,-81.3445,anonymous,EN,1,1,I pay attention,,,821,1499,350,23700000,100000,9538201,,751,6801,938,3600000,83502,,633,6515,900,2820000,90010,,,,,,,,,,,,,,,1,1,0,1,0,59,,,,,,,,,0,1,1,1,0,56,,,,,,,,,1,0,1,1,0,70,,,,,,,,,,,,,,,,,,,,,,,,,,,,,,,,,,,,,,,,,,,,,,,,,,,1,1,0,1,0,42,,1,1,0,1,0,33,,,,,,,,,,,,,,,,,,,,,,,,,,,,,,,,,,,,0,,5,678e1a303a8e378f3e02cdf3,SlowFast,40,20,"""390 + 431 =","""3719 + 1187 =","""128 + 86 + 716 =","""870000 + 1500000 =<br>","""89630 + 2739 + 18 + 188 =","""9372894 + 33 + 297 + 55 + 170027 =","""340 + 491 =","""3219 + 3588 = ","""324 + 99 + 515 =","""790000 + 2700000 =","""79820 + 2817 + 12 + 298 = ","""270 + 363 =","""4137 + 2378 =","""214 + 78 + 618 =","""920000 + 1900000 =","""88520 + 1648 + 29 +169 =",13.46,21.98,12.39,18.82,13.06,7.81,17.96,21.50,25.33,28.49,10.82,13.61,17.01,15.84,11.76,25.81,821,1499,350,23700000,100000,751,6801,938,3600000,83502,633,6515,900,2820000,90010,9538201
2025-12-12 17:17:25,2025-12-12 17:27:22,0,157.185.120.12,100,596,1,2025-12-12 17:27:22,R_7MLJqlAuDjRQaye,,,,,37.7202,-89.2157,anonymous,EN,1,1,I pay attention,,,821,4906,920,102000,0,0,,831,8807,0,1000000,0,,633,6515,960,11100000,0,,,,,,,,1,1,1,1,0,78,,,,,,,,,,,,,,,,,,,,,,,1,1,1,1,1,27,,1,0,0,0,0,94,,,,,,,,,,,,,,,,,,,,,,,1,1,1,0,0,8,,,,,,,,,,,,,,,,,,,,,,,,,,,,,,,,,,,,,,,,,,,,,,,,,,,1,1,0,0,0,35,,,,,,,,,,,,,,,0,,5,6706d002bb8720b5daad439f,FastSlow,20,40,"""390 + 431 =","""3719 + 1187 =","""128 + 86 + 716 =","""870000 + 1500000 =<br>","""89630 + 2739 + 18 + 188 =","""9372894 + 33 + 297 + 55 + 170027 =","""340 + 491 =","""3219 + 3588 = ","""324 + 99 + 515 =","""790000 + 2700000 =","""79820 + 2817 + 12 + 298 = ","""270 + 363 =","""4137 + 2378 =","""214 + 78 + 618 =","""920000 + 1900000 =","""88520 + 1648 + 29 +169 =",13.56,33.66,36.44,21.91,40.00,10.28,15.29,20.00,13.04,20.00,11.64,15.97,30.93,19.08,40.00,40.00,821,4906,920,102000,0,831,8807,0,1000000,0,633,6515,960,11100000,0,0
2025-12-12 17:15:25,2025-12-12 17:28:02,0,72.208.70.178,100,756,1,2025-12-12 17:28:03,R_6Cp1rtThLYLuSm9,,,,,33.3289,-111.8658,anonymous,EN,0.8999999761581421,1,I pay attention,,,821,0,930,0,0,0,,831,0,0,0,0,,633,0,910,0,0,,,,,,,,,,,,,,,,,,,,,,,,,,,,,1,1,1,1,0,75,,,,,,,,,0,0,0,0,0,80,,1,0,1,0,0,25,,,,,,,,,,,,,,,,,,,,,,,1,1,1,1,0,80,,1,1,1,1,0,40,,,,,,,,,,,,,,,,,,,,,,,,,,,,,,,,,,,,,,,,,,,,,,,,,,,,,,,,,0,,5,6283dfc2f6449b4dea57a4e5,FastSlow,20,40,"""390 + 431 =","""3719 + 1187 =","""128 + 86 + 716 =","""870000 + 1500000 =<br>","""89630 + 2739 + 18 + 188 =","""9372894 + 33 + 297 + 55 + 170027 =","""340 + 491 =","""3219 + 3588 = ","""324 + 99 + 515 =","""790000 + 2700000 =","""79820 + 2817 + 12 + 298 = ","""270 + 363 =","""4137 + 2378 =","""214 + 78 + 618 =","""920000 + 1900000 =","""88520 + 1648 + 29 +169 =",20.54,40.00,21.62,40.00,40.00,15.92,20.00,20.00,20.00,20.00,20.59,40.00,28.13,40.00,40.00,40.00,821,0,930,0,0,831,0,0,0,0,633,0,910,0,0,0
2025-12-12 17:09:43,2025-12-12 17:28:34,0,108.160.198.0,100,1131,1,2025-12-12 17:28:35,R_52RC7h2rgGQn82T,,,,,42.3455,-83.0535,anonymous,EN,0.5,1,"I pay attention ",,,821,48906,0,15870000,0,0,,841,0,935,27790000,0,,633,6515,911,0,0,,,,,,,,1,0,0,1,0,50,,1,0,1,1,0,50,,,,,,,,,,,,,,,,,,,,,,,,,,,,,,,,,,,,,,,,,,,,0,0,0,0,0,60,,,,,,,,,,,,,,,,,,,,,,,1,1,1,1,0,25,,,,,,,,,,,,,,,,,,,,,,,,,,,,,,,,,,,,,0,0,0,1,0,60,,,,,,,,0,The survey went well and I have no feedback.,3,671c1da7ddd9c375e013b082,FastSlow,20,40,"""390 + 431 =","""3719 + 1187 =","""128 + 86 + 716 =","""870000 + 1500000 =<br>","""89630 + 2739 + 18 + 188 =","""9372894 + 33 + 297 + 55 + 170027 =","""340 + 491 =","""3219 + 3588 = ","""324 + 99 + 515 =","""790000 + 2700000 =","""79820 + 2817 + 12 + 298 = ","""270 + 363 =","""4137 + 2378 =","""214 + 78 + 618 =","""920000 + 1900000 =","""88520 + 1648 + 29 +169 =",24.05,32.39,40.00,32.27,40.00,14.25,20.00,18.39,14.03,20.00,23.14,24.72,22.84,40.00,40.00,40.00,821,48906,0,15870000,0,841,0,935,27790000,0,633,6515,911,0,0,0
2025-12-12 17:19:03,2025-12-12 17:29:27,0,66.58.150.115,100,624,1,2025-12-12 17:29:28,R_6F48ESNR74HH3yN,,,,,61.1054,-149.78,anonymous,EN,1,1,I pay attention,,,821,4906,930,2370000,129360,0,,831,6808,938,3490000,82847,,633,6512,710,2820000,90000,,,,,,,,,,,,,,,,,,,,,,,,,,,,,,,,,,,,1,1,1,1,1,8,,,,,,,,,1,0,1,1,0,62,,,,,,,,,1,0,0,0,0,76,,,,,,,,,,,,,,,,,,,,,,,,,,,,,,,,,,,,,1,1,1,1,1,9,,,,,,,,,,,,,,,,,,,,,,,1,0,1,0,0,72,,,,,,,,0,,6,5d58471ffe8768001a31d33a,SlowFast,40,20,"""390 + 431 =","""3719 + 1187 =","""128 + 86 + 716 =","""870000 + 1500000 =<br>","""89630 + 2739 + 18 + 188 =","""9372894 + 33 + 297 + 55 + 170027 =","""340 + 491 =","""3219 + 3588 = ","""324 + 99 + 515 =","""790000 + 2700000 =","""79820 + 2817 + 12 + 298 = ","""270 + 363 =","""4137 + 2378 =","""214 + 78 + 618 =","""920000 + 1900000 =","""88520 + 1648 + 29 +169 =",15.27,25.25,32.84,38.43,37.85,14.34,31.20,11.20,12.33,8.88,9.43,15.86,18.68,10.59,18.42,40.00,821,4906,930,"2,370,000",129360,831,6808,938,"3,490,000",82847,633,6512,710,"2,820,000",90000,0
2025-12-12 17:12:57,2025-12-12 17:30:47,0,73.9.217.75,100,1070,1,2025-12-12 17:30:48,R_67yNh1asbRDV07n,,,,,41.6984,-87.7031,anonymous,EN,1,1,I pay attention,,,812,4906,0,0,0,0,,831,6807,938,3490000,83000,,633,6515,910,0,0,,,,,,,,,,,,,,,,,,,,,,,,,,,,,1,1,1,1,0,50,,1,1,1,1,1,50,,,,,,,,,,,,,,,,1,1,0,1,0,50,,,,,,,,,,,,,,,,,,,,,,,1,1,1,1,0,51,,,,,,,,,,,,,,,,,,,,,,,0,0,0,1,0,50,,,,,,,,,,,,,,,,,,,,,,,,,,,,,1,,8,65541efa783e903e66e37122,SlowFast,40,20,"""390 + 431 =","""3719 + 1187 =","""128 + 86 + 716 =","""870000 + 1500000 =<br>","""89630 + 2739 + 18 + 188 =","""9372894 + 33 + 297 + 55 + 170027 =","""340 + 491 =","""3219 + 3588 = ","""324 + 99 + 515 =","""790000 + 2700000 =","""79820 + 2817 + 12 + 298 = ","""270 + 363 =","""4137 + 2378 =","""214 + 78 + 618 =","""920000 + 1900000 =","""88520 + 1648 + 29 +169 =",24.48,26.84,40.00,40.00,40.00,15.55,16.02,24.72,31.30,30.00,13.81,16.01,18.43,20.00,20.00,40.00,812,4906,0,0,0,831,6807,938,3490000,83000,633,6515,910,0,0,0
2025-12-12 17:18:27,2025-12-12 17:31:19,0,76.27.122.186,100,772,1,2025-12-12 17:31:20,R_6now9aRsKkpUpZB,,,,,40.699,-111.841,anonymous,EN,1,1,I pay attention,,,821,0,0,2370000,0,0,,831,0,938,0,0,,633,6515,1610,11820000,0,,,,,,,,1,0,1,1,0,80,,1,1,1,1,0,60,,1,1,1,1,0,70,,,,,,,,,,,,,,,,,,,,,,,1,0,1,1,0,35,,,,,,,,,,,,,,,,,,,,,,,,,,,,,,,,,,,,,,,,,,,,,,,,,,,,,,,,,,,,,,,,,1,0,0,1,0,15,,,,,,,,,,,,,,,,,,,,,,0,,6,6530fed5b3281d288757fca9,FastSlow,20,40,"""390 + 431 =","""3719 + 1187 =","""128 + 86 + 716 =","""870000 + 1500000 =<br>","""89630 + 2739 + 18 + 188 =","""9372894 + 33 + 297 + 55 + 170027 =","""340 + 491 =","""3219 + 3588 = ","""324 + 99 + 515 =","""790000 + 2700000 =","""79820 + 2817 + 12 + 298 = ","""270 + 363 =","""4137 + 2378 =","""214 + 78 + 618 =","""920000 + 1900000 =","""88520 + 1648 + 29 +169 =",13.87,40.00,40.00,27.22,40.00,11.42,20.00,17.21,20.00,20.00,17.78,26.43,26.14,27.28,40.00,40.00,821,0,0,2370000,0,831,0,938,0,0,633,6515,1610,11820000,0,0
2025-12-12 17:16:20,2025-12-12 17:31:52,0,174.220.249.250,100,932,1,2025-12-12 17:31:53,R_6C3Z85loi0KVt0Y,,,,,33.4355,-86.1131,anonymous,EN,1,1,I pay attention,,,821,4906,930,2370000,92045,0,,831,6807,938,3490000,82947,,643,6515,908,2820000,0,,,,,,,,1,1,1,1,0,94,,,,,,,,,1,1,1,1,0,70,,,,,,,,,,,,,,,,,,,,,,,,,,,,,,1,1,1,1,0,70,,,,,,,,,,,,,,,,,,,,,,,,,,,,,,1,1,1,1,0,70,,,,,,,,,1,1,1,1,1,60,,,,,,,,,,,,,,,,,,,,,,,,,,,,,,,,,,,,0,,11,66aebc2458180fbfae675464,SlowFast,40,20,"""390 + 431 =","""3719 + 1187 =","""128 + 86 + 716 =","""870000 + 1500000 =<br>","""89630 + 2739 + 18 + 188 =","""9372894 + 33 + 297 + 55 + 170027 =","""340 + 491 =","""3219 + 3588 = ","""324 + 99 + 515 =","""790000 + 2700000 =","""79820 + 2817 + 12 + 298 = ","""270 + 363 =","""4137 + 2378 =","""214 + 78 + 618 =","""920000 + 1900000 =","""88520 + 1648 + 29 +169 =",14.94,24.82,20.53,27.82,29.72,20.08,27.36,20.87,22.19,33.67,17.83,16.93,18.23,17.54,20.00,40.00,821,4906,930,2370000,92045,831,6807,938,3490000,82947,643,6515,908,2820000,0,0
2025-12-12 17:24:41,2025-12-12 17:32:28,0,76.33.128.144,100,467,1,2025-12-12 17:32:29,R_3drTWjnpOuKDMHl,,,,,34.038,-118.4544,anonymous,EN,1,1,I pay attention,,,821,4906,930,2370000,92585,0,,831,6807,938,3490000,82947,,633,6515,910,2820000,88549,,,,,,,,,,,,,,,,,,,,,,,,,,,,,,,,,,,,1,1,1,1,1,28,,,,,,,,,,,,,,,,,,,,,,,,,,,,,,1,1,1,1,0,24,,,,,,,,,,,,,,,,,,,,,,,,,,,,,,,,,,,,,1,0,0,0,0,70,,1,0,0,0,0,42,,0,1,0,1,0,14,,,,,,,,,,,,,,,0,,13,655f94a8e52c55fdec3da167,SlowFast,40,20,"""390 + 431 =","""3719 + 1187 =","""128 + 86 + 716 =","""870000 + 1500000 =<br>","""89630 + 2739 + 18 + 188 =","""9372894 + 33 + 297 + 55 + 170027 =","""340 + 491 =","""3219 + 3588 = ","""324 + 99 + 515 =","""790000 + 2700000 =","""79820 + 2817 + 12 + 298 = ","""270 + 363 =","""4137 + 2378 =","""214 + 78 + 618 =","""920000 + 1900000 =","""88520 + 1648 + 29 +169 =",5.16,11.22,13.13,16.02,22.36,10.60,17.17,8.10,21.78,29.92,7.06,9.91,16.32,13.95,12.94,40.00,821,4906,930,2370000,92585,831,6807,938,3490000,82947,633,6515,910,2820000,88549,0
2025-12-12 17:26:17,2025-12-12 17:36:26,0,66.26.80.244,100,609,1,2025-12-12 17:36:27,R_1cjFN2892yEnAzW,,,,,34.3388,-78.7031,anonymous,EN,1,1,I pay attention,,,821,0,875,10200000,12168,1345820,,831,84321,1000,0,85741,,633,5348,0,199200000,12587,,,,,,,,,,,,,,,,,,,,,,1,1,0,1,0,63,,,,,,,,,,,,,,,,1,0,0,0,0,34,,1,0,0,1,0,57,,,,,,,,,,,,,,,,,,,,,,,,,,,,,,,,,,,,,,,,,,,,,,,,,,,,,,,,,,,,,,,,,,,,,,,,,,,,,,,1,0,0,1,0,16,,1,0,0,1,0,11,0,,3,6681e05e37692ab271e02312,FastSlow,20,40,"""390 + 431 =","""3719 + 1187 =","""128 + 86 + 716 =","""870000 + 1500000 =<br>","""89630 + 2739 + 18 + 188 =","""9372894 + 33 + 297 + 55 + 170027 =","""340 + 491 =","""3219 + 3588 = ","""324 + 99 + 515 =","""790000 + 2700000 =","""79820 + 2817 + 12 + 298 = ","""270 + 363 =","""4137 + 2378 =","""214 + 78 + 618 =","""920000 + 1900000 =","""88520 + 1648 + 29 +169 =",20.92,40.00,25.45,19.20,27.54,13.67,12.32,8.37,20.00,15.37,14.98,11.83,40.00,17.60,15.89,27.34,821,0,875,10200000,12168,831,84321,1000,0,85741,633,5348,0,199200000,12587,1345820
2025-12-12 17:19:42,2025-12-12 17:36:43,0,67.7.79.162,100,1020,1,2025-12-12 17:36:43,R_6FDuv2MOOsgIGUl,,,,,26.5929,-81.6784,anonymous,EN,1,1,I pay attention,,,821,4905,929,1020000,2947,0,,830,6807,936,0,0,,633,6515,910,1110000,90355,,,,,,,,,,,,,,,,,,,,,,,,,,,,,,,,,,,,1,1,1,1,0,34,,,,,,,,,,,,,,,,,,,,,,,,,,,,,,,,,,,,,,,,,,,,,,,,,,,1,1,1,1,0,35,,1,1,0,1,0,40,,,,,,,,,,,,,,,,1,0,0,1,0,38,,1,1,0,1,0,40,,,,,,,,,,,,,,,0,,5,62a74daa695f792361470dd1,FastSlow,20,40,"""390 + 431 =","""3719 + 1187 =","""128 + 86 + 716 =","""870000 + 1500000 =<br>","""89630 + 2739 + 18 + 188 =","""9372894 + 33 + 297 + 55 + 170027 =","""340 + 491 =","""3219 + 3588 = ","""324 + 99 + 515 =","""790000 + 2700000 =","""79820 + 2817 + 12 + 298 = ","""270 + 363 =","""4137 + 2378 =","""214 + 78 + 618 =","""920000 + 1900000 =","""88520 + 1648 + 29 +169 =",8.39,24.82,35.73,26.58,33.14,11.48,18.42,14.13,20.00,20.00,20.39,20.67,24.56,20.26,22.66,40.00,821,4905,929,1020000,2947,830,6807,936,0,0,633,6515,910,1110000,90355,0
2025-12-12 17:17:51,2025-12-12 17:36:51,0,154.7.225.112,100,1140,1,2025-12-12 17:36:52,R_1ubCyFnOvODegEx,,,,,39.0469,-77.4903,anonymous,EN,1,1,I pay attention.,,,421,0,2567,1234000,89954,89998856000,,4310,546783,453243,67880000,8995670,,0,456743,34563,12340000,123489000,,,,,,,,,,,,,,,,,,,,,,1,1,1,0,0,51,,1,1,1,0,0,41,,,,,,,,,,,,,,,,,,,,,,,1,1,1,0,0,47,,,,,,,,,,,,,,,,,,,,,,,,,,,,,,,,,,,,,,,,,,,,,,,,,,,,,,,,,,1,1,1,0,0,70,,1,1,1,0,0,54,,,,,,,,,,,,,,,0,,,66699f85a69c5a20e26d0446,SlowFast,40,20,"""390 + 431 =","""3719 + 1187 =","""128 + 86 + 716 =","""870000 + 1500000 =<br>","""89630 + 2739 + 18 + 188 =","""9372894 + 33 + 297 + 55 + 170027 =","""340 + 491 =","""3219 + 3588 = ","""324 + 99 + 515 =","""790000 + 2700000 =","""79820 + 2817 + 12 + 298 = ","""270 + 363 =","""4137 + 2378 =","""214 + 78 + 618 =","""920000 + 1900000 =","""88520 + 1648 + 29 +169 =",38.62,40.00,37.81,34.68,37.51,38.34,29.77,21.28,28.66,25.72,20.00,15.05,14.40,18.13,15.52,29.66,421,0,2567,1234000,89954,4310,546783,453243,67880000,8995670,0,456743,34563,12340000,123489000,89998856000
2025-12-12 17:27:13,2025-12-12 17:39:02,0,45.26.21.181,100,708,1,2025-12-12 17:39:02,R_31TKuprCtrvyXc7,,,,,38.8253,-97.6389,anonymous,EN,1,1,I pay attention,,,821,4906,930,2370000,92576,9543000,,831,6807,938,3490000,82600,,633,6505,940,2820000,0,,,,,,,,,,,,,,,,,,,,,,,,,,,,,,,,,,,,1,1,1,1,1,14,,0,0,0,0,0,68,,,,,,,,,,,,,,,,1,0,0,0,0,61,,,,,,,,,1,0,1,1,0,63,,,,,,,,,,,,,,,,,,,,,,,,,,,,,,,,,,,,,,,,,,,,,,,,,,,,,,,,,,1,0,0,1,0,5,0,,10,67a70cc6d537c72bc20ddfaf,SlowFast,40,20,"""390 + 431 =","""3719 + 1187 =","""128 + 86 + 716 =","""870000 + 1500000 =<br>","""89630 + 2739 + 18 + 188 =","""9372894 + 33 + 297 + 55 + 170027 =","""340 + 491 =","""3219 + 3588 = ","""324 + 99 + 515 =","""790000 + 2700000 =","""79820 + 2817 + 12 + 298 = ","""270 + 363 =","""4137 + 2378 =","""214 + 78 + 618 =","""920000 + 1900000 =","""88520 + 1648 + 29 +169 =",6.12,14.59,10.30,13.22,35.81,8.98,14.12,20.68,10.85,27.44,7.68,13.51,18.47,12.78,20.00,26.68,821,4906,930,2370000,92576,831,6807,938,3490000,82600,633,6505,940,2820000,0,9543000
2025-12-12 17:25:39,2025-12-12 17:40:39,0,173.53.8.215,100,900,1,2025-12-12 17:40:39,R_3FOoXpbJeAfvHTB,,,,,37.3392,-77.4175,anonymous,EN,1,1,I pay attention,,,821,4906,929,0,0,0,,831,0,938,0,0,,633,6515,910,2820000,90365,,,,,,,,,,,,,,,,,,,,,,,,,,,,,1,1,1,1,1,50,,1,1,1,0,1,20,,0,0,0,0,0,75,,,,,,,,,,,,,,,,,,,,,,,1,1,1,0,0,3,,,,,,,,,,,,,,,,,,,,,,,,,,,,,,,,,,,,,,,,,,,,,,,,,,,,,,,,,,1,1,1,0,1,0,,,,,,,,0,,8,67dda74a3edfea472c7838bd,FastSlow,20,40,"""390 + 431 =","""3719 + 1187 =","""128 + 86 + 716 =","""870000 + 1500000 =<br>","""89630 + 2739 + 18 + 188 =","""9372894 + 33 + 297 + 55 + 170027 =","""340 + 491 =","""3219 + 3588 = ","""324 + 99 + 515 =","""790000 + 2700000 =","""79820 + 2817 + 12 + 298 = ","""270 + 363 =","""4137 + 2378 =","""214 + 78 + 618 =","""920000 + 1900000 =","""88520 + 1648 + 29 +169 =",16.25,27.87,37.75,40.00,40.00,19.10,20.00,19.84,20.00,20.00,13.59,19.38,21.81,35.27,34.77,40.00,821,4906,929,0,0,831,0,938,0,0,633,6515,910,2820000,90365,0
2025-12-12 17:36:13,2025-12-12 17:45:53,0,73.162.96.52,100,580,1,2025-12-12 17:45:54,R_5BnRC9QENnwEbFe,,,,,37.3073,-121.8076,anonymous,EN,1,1,I pay attention,,,821,4906,930,2370000,92675,316,,831,6807,938,3490000,82947,,633,6515,910,2820000,0,,,,,,,,,,,,,,,,,,,,,,1,1,1,1,1,75,,,,,,,,,1,1,1,1,1,50,,,,,,,,,,,,,,,,,,,,,,,,,,,,,,,,,,,,,,,,,,,,1,1,1,1,1,50,,1,1,1,1,1,68,,,,,,,,,,,,,,,,,,,,,,,,,,,,,,,,,,,,,1,1,1,1,1,70,,,,,,,,0,,13,68f162dee751e800eaf375ac,SlowFast,40,20,"""390 + 431 =","""3719 + 1187 =","""128 + 86 + 716 =","""870000 + 1500000 =<br>","""89630 + 2739 + 18 + 188 =","""9372894 + 33 + 297 + 55 + 170027 =","""340 + 491 =","""3219 + 3588 = ","""324 + 99 + 515 =","""790000 + 2700000 =","""79820 + 2817 + 12 + 298 = ","""270 + 363 =","""4137 + 2378 =","""214 + 78 + 618 =","""920000 + 1900000 =","""88520 + 1648 + 29 +169 =",8.52,12.41,21.82,19.27,35.84,8.59,12.41,14.01,14.78,28.22,8.53,12.70,12.92,12.54,20.00,33.16,821,4906,930,2370000,92675,831,6807,938,3490000,82947,633,6515,910,2820000,0,316
2025-12-12 17:34:33,2025-12-12 17:49:23,0,172.58.148.204,100,889,1,2025-12-12 17:49:23,R_36kFwnudNHKPXGB,,,,,36.0711,-86.7196,anonymous,EN,0.8999999761581421,1,I pay attention,,,821,5906,0,0,0,0,,0,0,0,0,0,,633,6515,832,2800000,0,,,,,,,,,,,,,,,,,,,,,,,,,,,,,,,,,,,,1,1,1,1,0,71,,,,,,,,,,,,,,,,,,,,,,,,,,,,,,1,1,1,1,0,61,,1,1,1,1,1,100,,,,,,,,,1,1,1,1,0,39,,,,,,,,,,,,,,,,,,,,,,,1,0,0,0,0,42,,,,,,,,,,,,,,,,,,,,,,0,,3,677b03282a32bc17e223ca06,FastSlow,20,40,"""390 + 431 =","""3719 + 1187 =","""128 + 86 + 716 =","""870000 + 1500000 =<br>","""89630 + 2739 + 18 + 188 =","""9372894 + 33 + 297 + 55 + 170027 =","""340 + 491 =","""3219 + 3588 = ","""324 + 99 + 515 =","""790000 + 2700000 =","""79820 + 2817 + 12 + 298 = ","""270 + 363 =","""4137 + 2378 =","""214 + 78 + 618 =","""920000 + 1900000 =","""88520 + 1648 + 29 +169 =",18.63,38.86,40.00,40.00,40.00,20.00,20.00,20.00,20.00,20.00,16.34,22.29,27.95,28.38,40.00,40.00,821,5906,0,0,0,0,0,0,0,0,633,6515,832,2800000,0,0
2025-12-12 17:39:36,2025-12-12 17:50:32,0,98.180.127.179,100,655,1,2025-12-12 17:50:32,R_3HNbOqiHMhvVxhL,,,,,29.1657,-82.1273,anonymous,EN,1,1,I pay attention,,,821,4916,926,2500000,91877,9411000,,839,7300,938,310000,82000,,633,6400,915,2100000,89700,,,,,,,,,,,,,,,,,,,,,,,,,,,,,,,,,,,,1,1,1,1,1,10,,0,0,0,0,0,30,,,,,,,,,,,,,,,,,,,,,,,,,,,,,,1,1,1,0,0,5,,1,1,1,1,0,6,,,,,,,,,,,,,,,,1,1,1,0,0,1,,,,,,,,,,,,,,,,,,,,,,,,,,,,,,,,,,,,0,,3,67d098fc823ae75b808b84bb,FastSlow,20,40,"""390 + 431 =","""3719 + 1187 =","""128 + 86 + 716 =","""870000 + 1500000 =<br>","""89630 + 2739 + 18 + 188 =","""9372894 + 33 + 297 + 55 + 170027 =","""340 + 491 =","""3219 + 3588 = ","""324 + 99 + 515 =","""790000 + 2700000 =","""79820 + 2817 + 12 + 298 = ","""270 + 363 =","""4137 + 2378 =","""214 + 78 + 618 =","""920000 + 1900000 =","""88520 + 1648 + 29 +169 =",12.51,24.29,25.82,34.32,24.10,16.68,18.80,18.64,5.89,19.46,15.17,23.84,13.13,21.79,23.33,26.93,821,4916,926,2500000,91877,839,7300,938,310000,82000,633,6400,915,2100000,89700,9411000
2025-12-12 17:44:04,2025-12-12 17:52:08,0,172.59.187.109,100,484,1,2025-12-12 17:52:09,R_3fpJt9TU7rc2pzN,,,,,41.8835,-87.6305,anonymous,EN,1,1,I pay attention,,,821,4906,930,2120000,92576,9542958,,831,6807,938,3490000,0,,633,6515,910,2820000,90135,,,,,,,,1,0,1,1,0,79,,,,,,,,,,,,,,,,,,,,,,,1,1,1,1,0,29,,0,0,0,1,0,83,,,,,,,,,,,,,,,,,,,,,,,,,,,,,,,,,,,,,,,,,,,,,,,,,,,,,,,,,,,,,,,,,0,0,0,0,0,74,,,,,,,,,,,,,,,,,,,,,,,1,0,0,0,0,9,0,,11,662940dea9a111e5c424f984,FastSlow,20,40,"""390 + 431 =","""3719 + 1187 =","""128 + 86 + 716 =","""870000 + 1500000 =<br>","""89630 + 2739 + 18 + 188 =","""9372894 + 33 + 297 + 55 + 170027 =","""340 + 491 =","""3219 + 3588 = ","""324 + 99 + 515 =","""790000 + 2700000 =","""79820 + 2817 + 12 + 298 = ","""270 + 363 =","""4137 + 2378 =","""214 + 78 + 618 =","""920000 + 1900000 =","""88520 + 1648 + 29 +169 =",7.74,30.15,16.04,34.34,37.33,8.31,14.96,10.68,11.72,20.00,9.07,21.57,14.63,9.78,28.82,38.64,821,4906,930,2120000,92576,831,6807,938,3490000,0,633,6515,910,2820000,90135,9542958
2025-12-12 17:40:33,2025-12-12 17:53:48,0,166.199.170.24,100,794,1,2025-12-12 17:53:48,R_3iJwhdXSQyWS9bR,,,,,34.2876,-81.62,anonymous,EN,0.30000001192092896,1,I pay attention,,,521,4897,988,1030000,93555,1878998,,731,7999,934,3000000,82666,,0,7888,944,28000000,10500,,,,,,,,1,1,1,0,0,80,,,,,,,,,,,,,,,,,,,,,,,,,,,,,,,,,,,,,,,,,,,,1,1,0,0,0,35,,,,,,,,,1,1,1,0,0,25,,1,1,1,0,0,70,,,,,,,,,,,,,,,,,,,,,,,,,,,,,,,,,,,,,,,,,,,,,,,,,,,1,1,1,0,0,5,,,,,,,,0,,,65c10d00ae3f026034946adb,SlowFast,40,20,"""390 + 431 =","""3719 + 1187 =","""128 + 86 + 716 =","""870000 + 1500000 =<br>","""89630 + 2739 + 18 + 188 =","""9372894 + 33 + 297 + 55 + 170027 =","""340 + 491 =","""3219 + 3588 = ","""324 + 99 + 515 =","""790000 + 2700000 =","""79820 + 2817 + 12 + 298 = ","""270 + 363 =","""4137 + 2378 =","""214 + 78 + 618 =","""920000 + 1900000 =","""88520 + 1648 + 29 +169 =",31.50,23.67,28.48,30.18,37.44,26.07,23.66,19.48,22.51,23.23,20.00,13.99,14.44,17.87,15.75,28.21,521,4897,988,1030000,93555,731,7999,934,3000000,82666,0,7888,944,28000000,10500,1878998
2025-12-12 17:47:13,2025-12-12 17:56:41,0,172.56.15.8,100,567,1,2025-12-12 17:56:42,R_5ezPpiY7YfsALfK,,,,,38.5569,-121.3627,anonymous,EN,0.800000011920929,1,I pay attention,,,821,4906,930,2370000,92585,944076,,831,6807,938,3490000,0,,633,6515,910,2820000,89346,,,,,,,,,,,,,,,,,,,,,,1,1,1,1,0,50,,,,,,,,,,,,,,,,,,,,,,,,,,,,,,,,,,,,,,,,,,,,1,1,1,1,0,10,,1,1,1,1,0,61,,,,,,,,,,,,,,,,1,1,1,1,0,50,,,,,,,,,0,0,1,1,0,66,,,,,,,,,,,,,,,,,,,,,,,,,,,,,0,,12,663a5c27da2d5c4350225119,FastSlow,20,40,"""390 + 431 =","""3719 + 1187 =","""128 + 86 + 716 =","""870000 + 1500000 =<br>","""89630 + 2739 + 18 + 188 =","""9372894 + 33 + 297 + 55 + 170027 =","""340 + 491 =","""3219 + 3588 = ","""324 + 99 + 515 =","""790000 + 2700000 =","""79820 + 2817 + 12 + 298 = ","""270 + 363 =","""4137 + 2378 =","""214 + 78 + 618 =","""920000 + 1900000 =","""88520 + 1648 + 29 +169 =",8.10,12.98,17.93,10.02,36.74,12.54,12.50,13.21,10.87,20.00,7.47,20.06,12.12,11.53,34.52,39.26,821,4906,930,2370000,92585,831,6807,938,3490000,0,633,6515,910,2820000,89346,944076
2025-12-12 17:50:00,2025-12-12 17:57:19,0,68.36.193.239,100,438,1,2025-12-12 17:57:19,R_1zl5dE3cc1t3Mog,,,,,42.6442,-82.8985,anonymous,EN,1,1,I Pay attention,,,821,3905,930,2370000,93000,13000000,,831,6807,938,3490000,83217,,633,6515,910,2820000,0,,,,,,,,,,,,,,,,,,,,,,,,,,,,,,,,,,,,1,1,1,1,1,9,,,,,,,,,,,,,,,,,,,,,,,1,0,1,1,0,45,,,,,,,,,,,,,,,,1,1,0,1,0,26,,,,,,,,,1,1,0,1,0,52,,,,,,,,,,,,,,,,,,,,,,,1,1,1,1,0,35,,,,,,,,,,,,,,,0,,11,5c4f94452090bd0001c43b93,SlowFast,40,20,"""390 + 431 =","""3719 + 1187 =","""128 + 86 + 716 =","""870000 + 1500000 =<br>","""89630 + 2739 + 18 + 188 =","""9372894 + 33 + 297 + 55 + 170027 =","""340 + 491 =","""3219 + 3588 = ","""324 + 99 + 515 =","""790000 + 2700000 =","""79820 + 2817 + 12 + 298 = ","""270 + 363 =","""4137 + 2378 =","""214 + 78 + 618 =","""920000 + 1900000 =","""88520 + 1648 + 29 +169 =",9.78,18.94,10.85,11.56,33.29,6.51,17.24,9.86,24.08,16.66,7.92,14.33,12.48,12.76,20.00,14.08,821,3905,930,2370000,93000,831,6807,938,3490000,83217,633,6515,910,2820000,0,13000000
2025-12-12 17:12:14,2025-12-12 17:58:04,0,136.48.28.213,100,2750,1,2025-12-12 17:58:05,R_6P4Ycm7dOJ2ZE4N,,,,,41.5757,-93.7364,anonymous,EN,1,1,I pay attention,,,821,2532,805,2370000,0,0,,821,6807,938,0,0,,633,0,0,2820000,0,,,,,,,,,,,,,,,,,,,,,,,,,,,,,,,,,,,,1,1,1,1,1,32,,,,,,,,,,,,,,,,1,0,0,1,0,42,,,,,,,,,1,0,1,1,0,20,,,,,,,,,,,,,,,,,,,,,,,,,,,,,,1,1,1,1,1,8,,,,,,,,,,,,,,,,1,0,0,1,0,25,,,,,,,,,,,,,,,0,,6,67dc8ad530b342275638eaa6,SlowFast,40,20,"""390 + 431 =","""3719 + 1187 =","""128 + 86 + 716 =","""870000 + 1500000 =<br>","""89630 + 2739 + 18 + 188 =","""9372894 + 33 + 297 + 55 + 170027 =","""340 + 491 =","""3219 + 3588 = ","""324 + 99 + 515 =","""790000 + 2700000 =","""79820 + 2817 + 12 + 298 = ","""270 + 363 =","""4137 + 2378 =","""214 + 78 + 618 =","""920000 + 1900000 =","""88520 + 1648 + 29 +169 =",26.81,23.44,39.01,36.55,40.00,15.65,23.99,22.82,40.00,40.00,9.05,20.00,20.00,14.24,20.00,40.00,821,2532,805,2370000,0,821,6807,938,0,0,633,0,0,2820000,0,0
2025-12-12 17:46:33,2025-12-12 17:58:41,0,174.96.177.136,100,728,1,2025-12-12 17:58:41,R_6Vf2TrO6ljJ4aor,,,,,38.0373,-84.8966,anonymous,EN,1,1,I pay attention,,,0,0,0,0,0,0,,0,0,0,0,0,,633,6400,900,2901000,90000,,,,,,,,1,0,0,0,0,40,,,,,,,,,1,0,0,0,0,45,,,,,,,,,,,,,,,,,,,,,,,,,,,,,,,,,,,,,,,,,,,,,,,,,,,,,,,,,,,,,,,,,,,,,,,,,,,,,,,1,1,1,1,1,1,,,,,,,,,,,,,,,,,,,,,,,1,0,1,0,0,9,,1,0,0,1,0,5,0,,1,678fae0185832a6eb332af06,FastSlow,20,40,"""390 + 431 =","""3719 + 1187 =","""128 + 86 + 716 =","""870000 + 1500000 =<br>","""89630 + 2739 + 18 + 188 =","""9372894 + 33 + 297 + 55 + 170027 =","""340 + 491 =","""3219 + 3588 = ","""324 + 99 + 515 =","""790000 + 2700000 =","""79820 + 2817 + 12 + 298 = ","""270 + 363 =","""4137 + 2378 =","""214 + 78 + 618 =","""920000 + 1900000 =","""88520 + 1648 + 29 +169 =",40.00,40.00,40.00,40.00,40.00,20.00,20.00,20.00,20.00,20.00,14.04,6.18,9.09,33.10,15.28,40.00,0,0,0,0,0,0,0,0,0,0,633,6400,900,2901000,90000,0
2025-12-12 17:44:54,2025-12-12 17:59:32,0,73.221.29.254,100,877,1,2025-12-12 17:59:32,R_5Ppgn7dfBvcgg7l,,,,,48.0589,-122.1579,anonymous,EN,1,1,I pay attention,,,821,4906,930,1920000,0,0,,831,6807,938,3490000,82947,,633,0,910,0,0,,,,,,,,,,,,,,,,,,,,,,1,1,1,1,0,60,,,,,,,,,,,,,,,,,,,,,,,1,0,0,1,0,63,,,,,,,,,,,,,,,,1,1,0,1,0,39,,,,,,,,,,,,,,,,,,,,,,,,,,,,,,,,,,,,,1,1,1,1,0,73,,,,,,,,,1,1,0,0,0,49,,,,,,,,,,,,,,,0,,10,674cf37224bda3c152954bc3,SlowFast,40,20,"""390 + 431 =","""3719 + 1187 =","""128 + 86 + 716 =","""870000 + 1500000 =<br>","""89630 + 2739 + 18 + 188 =","""9372894 + 33 + 297 + 55 + 170027 =","""340 + 491 =","""3219 + 3588 = ","""324 + 99 + 515 =","""790000 + 2700000 =","""79820 + 2817 + 12 + 298 = ","""270 + 363 =","""4137 + 2378 =","""214 + 78 + 618 =","""920000 + 1900000 =","""88520 + 1648 + 29 +169 =",13.63,23.69,33.93,39.57,40.00,16.37,16.55,26.77,38.34,36.69,12.83,20.00,17.54,20.00,20.00,40.00,821,4906,930,1920000,0,831,6807,938,3490000,82947,633,0,910,0,0,0
2025-12-12 17:45:03,2025-12-12 17:59:52,0,24.113.136.179,100,889,1,2025-12-12 17:59:52,R_5hyYtn5huLMzNpr,,,,,47.5329,-122.5801,anonymous,EN,1,1,I pay attention,,,821,4906,910,2370000,0,0,,831,0,0,0,0,,633,0,920,0,0,,,,,,,,,,,,,,,,,,,,,,1,1,1,1,0,59,,,,,,,,,,,,,,,,,,,,,,,,,,,,,,,,,,,,,,,,,,,,,,,,,,,1,1,1,1,0,70,,1,1,1,1,1,34,,,,,,,,,1,1,1,1,1,27,,,,,,,,,,,,,,,,1,1,0,0,0,44,,,,,,,,,,,,,,,,,,,,,,0,,5,6660f30d9cab7604513cf59b,FastSlow,20,40,"""390 + 431 =","""3719 + 1187 =","""128 + 86 + 716 =","""870000 + 1500000 =<br>","""89630 + 2739 + 18 + 188 =","""9372894 + 33 + 297 + 55 + 170027 =","""340 + 491 =","""3219 + 3588 = ","""324 + 99 + 515 =","""790000 + 2700000 =","""79820 + 2817 + 12 + 298 = ","""270 + 363 =","""4137 + 2378 =","""214 + 78 + 618 =","""920000 + 1900000 =","""88520 + 1648 + 29 +169 =",23.61,24.23,29.59,34.91,40.00,17.36,20.00,20.00,20.00,20.00,19.75,40.00,26.10,40.00,40.00,40.00,821,4906,910,2370000,0,831,0,0,0,0,633,0,920,0,0,0
2025-12-12 17:45:55,2025-12-12 17:59:53,0,74.209.112.149,100,837,1,2025-12-12 17:59:53,R_3VVYDAM4lN5RdU5,,,,,34.2153,-83.4503,anonymous,EN,1,1,I pay attention,,,821,4906,1724,1200000,93790,0,,831,6798,1829,10600000,8470,,633,0,0,11100000,0,,,,,,,,,,,,,,,,,,,,,,,,,,,,,,,,,,,,,,,,,,,0,0,0,1,0,74,,,,,,,,,,,,,,,,,,,,,,,,,,,,,,1,1,1,1,0,70,,1,1,1,1,0,70,,,,,,,,,1,1,1,1,0,70,,,,,,,,,,,,,,,,,,,,,,,,,,,,,,1,1,1,0,0,70,,,,,,,,0,,4,6750e0068ca44f6ecff8b70d,SlowFast,40,20,"""390 + 431 =","""3719 + 1187 =","""128 + 86 + 716 =","""870000 + 1500000 =<br>","""89630 + 2739 + 18 + 188 =","""9372894 + 33 + 297 + 55 + 170027 =","""340 + 491 =","""3219 + 3588 = ","""324 + 99 + 515 =","""790000 + 2700000 =","""79820 + 2817 + 12 + 298 = ","""270 + 363 =","""4137 + 2378 =","""214 + 78 + 618 =","""920000 + 1900000 =","""88520 + 1648 + 29 +169 =",20.27,17.10,27.64,27.94,39.64,13.13,17.39,27.07,24.91,39.17,10.89,20.00,20.00,17.80,20.00,40.00,821,4906,1724,1200000,93790,831,6798,1829,10600000,8470,633,0,0,11100000,0,0
2025-12-12 17:52:30,2025-12-12 18:02:34,0,104.53.247.205,100,604,1,2025-12-12 18:02:34,R_3lFTUlhtGXB9meu,,,,,37.9593,-121.2619,anonymous,EN,1,1,I pay attention,,,821,4806,930,10870000,595,4954448,,831,6807,938,3490000,82832,,633,6515,910,118000,6846,,,,,,,,,,,,,,,,,,,,,,,,,,,,,1,1,0,1,0,30,,,,,,,,,,,,,,,,,,,,,,,1,0,0,0,0,41,,,,,,,,,,,,,,,,1,0,1,1,0,100,,,,,,,,,1,0,1,1,0,25,,,,,,,,,,,,,,,,,,,,,,,,,,,,,,,,,,,,,0,0,0,0,0,18,,,,,,,,0,,9,66744faaf566bdef7376dbe2,SlowFast,40,20,"""390 + 431 =","""3719 + 1187 =","""128 + 86 + 716 =","""870000 + 1500000 =<br>","""89630 + 2739 + 18 + 188 =","""9372894 + 33 + 297 + 55 + 170027 =","""340 + 491 =","""3219 + 3588 = ","""324 + 99 + 515 =","""790000 + 2700000 =","""79820 + 2817 + 12 + 298 = ","""270 + 363 =","""4137 + 2378 =","""214 + 78 + 618 =","""920000 + 1900000 =","""88520 + 1648 + 29 +169 =",11.70,17.83,25.41,9.25,38.18,9.26,12.47,18.60,39.36,38.77,10.80,10.02,16.75,19.69,18.38,40.00,821,4806,930,10870000,595,831,6807,938,3490000,82832,633,6515,910,118000,6846,4954448
2025-12-12 17:55:07,2025-12-12 18:04:31,0,24.250.24.169,100,563,1,2025-12-12 18:04:31,R_1JeHkXuSgCqICNN,,,,,41.8318,-71.5873,anonymous,EN,1,1,I pay attention,,,821,4900,930,237000,12400,1130250000,,831,6807,1038,330000,82500,,633,6450,910,260000,0,,,,,,,,1,0,1,0,0,75,,1,1,1,0,0,65,,,,,,,,,,,,,,,,,,,,,,,,,,,,,,1,0,1,0,0,50,,,,,,,,,,,,,,,,1,1,1,0,0,40,,,,,,,,,,,,,,,,,,,,,,,,,,,,,,,,,,,,,,,,,,,,,,,,,,,1,1,1,0,0,40,,,,,,,,,,,,,,,0,,6,5eac4d104476b027d56dab0f,SlowFast,40,20,"""390 + 431 =","""3719 + 1187 =","""128 + 86 + 716 =","""870000 + 1500000 =<br>","""89630 + 2739 + 18 + 188 =","""9372894 + 33 + 297 + 55 + 170027 =","""340 + 491 =","""3219 + 3588 = ","""324 + 99 + 515 =","""790000 + 2700000 =","""79820 + 2817 + 12 + 298 = ","""270 + 363 =","""4137 + 2378 =","""214 + 78 + 618 =","""920000 + 1900000 =","""88520 + 1648 + 29 +169 =",11.13,11.96,12.56,15.23,18.21,9.51,27.84,17.18,5.07,27.24,11.61,14.89,19.08,18.07,20.00,29.98,821,4900,930,237000,12400,831,6807,1038,330000,82500,633,6450,910,260000,0,"1,130,250,000"
2025-12-12 17:51:29,2025-12-12 18:05:50,0,47.215.78.57,100,860,1,2025-12-12 18:05:50,R_6OJW36pTblzUDse,,,,,39.7978,-94.8393,anonymous,EN,1,1,I pay attention,,,821,4906,1000,0,0,0,,0,0,0,0,0,,633,6515,908,0,0,,,,,,,,,,,,,,,,,,,,,,,,,,,,,,,,,,,,1,1,1,1,1,60,,,,,,,,,1,0,1,0,0,85,,,,,,,,,,,,,,,,,,,,,,,,,,,,,,,,,,,,,1,1,1,1,0,80,,1,1,1,1,1,20,,1,1,1,1,1,15,,,,,,,,,,,,,,,,,,,,,,,,,,,,,,,,,,,,0,,4,652809036a4ca0c161cda6e7,FastSlow,20,40,"""390 + 431 =","""3719 + 1187 =","""128 + 86 + 716 =","""870000 + 1500000 =<br>","""89630 + 2739 + 18 + 188 =","""9372894 + 33 + 297 + 55 + 170027 =","""340 + 491 =","""3219 + 3588 = ","""324 + 99 + 515 =","""790000 + 2700000 =","""79820 + 2817 + 12 + 298 = ","""270 + 363 =","""4137 + 2378 =","""214 + 78 + 618 =","""920000 + 1900000 =","""88520 + 1648 + 29 +169 =",28.10,33.85,31.04,37.62,38.55,20.00,20.00,20.00,20.00,20.00,20.05,18.30,32.05,40.00,40.00,40.00,821,4906,1000,0000,0,0,0,0,0,0,633,6515,908,0,0,0
2025-12-12 17:54:03,2025-12-12 18:05:52,0,68.109.10.2,100,709,1,2025-12-12 18:05:53,R_6d0HA6ALxEEwoGx,,,,,30.9657,-86.4597,anonymous,EN,1,1,I pay attention,,,821,4906,326,2370000,12000,9500000,,831,6807,938,3490000,11000,,633,6200,900,2820000,10000,,,,,,,,,,,,,,,0,1,1,1,0,44,,,,,,,,,,,,,,,,1,1,1,1,1,9,,,,,,,,,,,,,,,,,,,,,,,1,1,1,0,1,45,,,,,,,,,,,,,,,,,,,,,,,,,,,,,,,,,,,,,,,,,,,,0,1,1,1,0,35,,,,,,,,,,,,,,,,1,1,0,0,0,40,,,,,,,,0,,9,65cbb49693940ca0627dbc8d,SlowFast,40,20,"""390 + 431 =","""3719 + 1187 =","""128 + 86 + 716 =","""870000 + 1500000 =<br>","""89630 + 2739 + 18 + 188 =","""9372894 + 33 + 297 + 55 + 170027 =","""340 + 491 =","""3219 + 3588 = ","""324 + 99 + 515 =","""790000 + 2700000 =","""79820 + 2817 + 12 + 298 = ","""270 + 363 =","""4137 + 2378 =","""214 + 78 + 618 =","""920000 + 1900000 =","""88520 + 1648 + 29 +169 =",12.26,20.21,17.22,17.36,11.93,13.28,29.50,19.10,17.03,13.81,10.80,15.37,19.46,13.41,13.25,25.48,821,4906,326,2370000,12000,831,6807,938,3490000,11000,633,6200,900,2820000,10000,9500000
2025-12-12 17:53:15,2025-12-12 18:07:17,0,174.204.69.225,100,841,1,2025-12-12 18:07:17,R_11cBGMzq2EuRIWm,,,,,47.4448,-122.1194,anonymous,EN,1,1,I pay attention,,,821,4000,900,240000,93000,9600000,,829,8800,940,0,0,,700,6500,900,2700000,100000,,,,,,,,,,,,,,,,,,,,,,,,,,,,,1,1,1,1,0,37,,,,,,,,,,,,,,,,1,0,0,0,0,24,,,,,,,,,1,1,0,0,0,17,,,,,,,,,,,,,,,,,,,,,,,,,,,,,,,,,,,,,1,1,1,1,1,34,,,,,,,,,,,,,,,,,,,,,,,1,1,0,0,0,43,,,,,,,,0,,1,663c1925ab9d8b179a23180e,FastSlow,20,40,"""390 + 431 =","""3719 + 1187 =","""128 + 86 + 716 =","""870000 + 1500000 =<br>","""89630 + 2739 + 18 + 188 =","""9372894 + 33 + 297 + 55 + 170027 =","""340 + 491 =","""3219 + 3588 = ","""324 + 99 + 515 =","""790000 + 2700000 =","""79820 + 2817 + 12 + 298 = ","""270 + 363 =","""4137 + 2378 =","""214 + 78 + 618 =","""920000 + 1900000 =","""88520 + 1648 + 29 +169 =",9.63,22.57,36.61,16.81,27.65,14.39,9.51,13.85,20.00,20.00,12.45,11.05,16.34,30.16,34.46,31.82,821,4000,900,240000,93000,829,8800,940,0,0,700,6500,900,2700000,100000,9600000
2025-12-12 17:45:23,2025-12-12 18:07:41,0,73.21.237.12,100,1338,1,2025-12-12 18:07:41,R_5Af1Ui2VRsHtp0B,,,,,29.1254,-82.0076,anonymous,EN,1,1,I pay attention,,,0,0,0,0,0,0,,0,0,0,100000000000,0,,0,0,0,0,0,,,,,,,,,,,,,,,,,,,,,,,,,,,,,,,,,,,,,,,,,,,,,,,,,,0,0,0,0,0,2,,1,0,0,0,0,4,,0,0,0,0,0,21,,,,,,,,,0,0,0,0,0,12,,,,,,,,,,,,,,,,,,,,,,,,,,,,,,,,,,,,,,,,,,,,0,0,0,0,0,8,,,,,,,,,,,,,,,0,"Unfortunately I was under the impression that my answer would automatically be logged when it automatically pushed me through to the next question, I swore that was in the instructions so I would calculate until the last second. I apologize for my failure! I had a lot of fun calculating quickly but found it difficult, especially being timed so quickly. That is why I guessed less than 10 would get many correct out of 100 and the users shown would get the majority of them wrong.",,5e9e3474861e20000a318a01,SlowFast,40,20,"""390 + 431 =","""3719 + 1187 =","""128 + 86 + 716 =","""870000 + 1500000 =<br>","""89630 + 2739 + 18 + 188 =","""9372894 + 33 + 297 + 55 + 170027 =","""340 + 491 =","""3219 + 3588 = ","""324 + 99 + 515 =","""790000 + 2700000 =","""79820 + 2817 + 12 + 298 = ","""270 + 363 =","""4137 + 2378 =","""214 + 78 + 618 =","""920000 + 1900000 =","""88520 + 1648 + 29 +169 =",40.00,40.00,40.00,40.00,40.00,40.00,40.00,40.00,19.38,40.00,20.00,20.00,20.00,20.00,20.00,40.00,0,0,0,0,0,0,0,0,100000000000,0,0,0,0,0,0,0
2025-12-12 17:57:40,2025-12-12 18:10:29,0,68.53.188.7,100,768,1,2025-12-12 18:10:30,R_71RWIhTlycFv90J,,,,,41.1954,-85.1177,anonymous,EN,1,1,I pay attention,,,821,4900,2300,9730000,0,1264839,,831,0,0,0,0,,633,6525,900,2820000,0,,,,,,,,1,0,0,1,0,76,,,,,,,,,1,1,1,1,0,41,,1,0,0,1,0,50,,,,,,,,,1,0,0,0,0,69,,,,,,,,,,,,,,,,,,,,,,,,,,,,,,,,,,,,,,,,,,,,,,,,,,,,,,,,,,1,1,1,1,1,16,,,,,,,,,,,,,,,,,,,,,,,,,,,,,,,,,,,,0,,4,69260c4b906d9de7bf60ad13,FastSlow,20,40,"""390 + 431 =","""3719 + 1187 =","""128 + 86 + 716 =","""870000 + 1500000 =<br>","""89630 + 2739 + 18 + 188 =","""9372894 + 33 + 297 + 55 + 170027 =","""340 + 491 =","""3219 + 3588 = ","""324 + 99 + 515 =","""790000 + 2700000 =","""79820 + 2817 + 12 + 298 = ","""270 + 363 =","""4137 + 2378 =","""214 + 78 + 618 =","""920000 + 1900000 =","""88520 + 1648 + 29 +169 =",16.18,30.87,31.98,30.27,40.00,18.10,20.00,20.00,20.00,20.00,15.05,28.21,37.31,19.51,40.00,20.23,821,4900,2300,9730000,0,831,0,0,0,0,633,6525,900,2820000,0,1264839
2025-12-12 18:01:54,2025-12-12 18:15:49,0,107.122.241.122,100,835,1,2025-12-12 18:15:50,R_1uJJGj2AC4uKjye,,,,,42.3888,-83.1895,anonymous,EN,1,1,I pay attention,,,821,4906,0,2370000,0,0,,831,6827,938,3490000,0,,0,0,0,2820000,0,,,,,,,,1,0,0,0,0,90,,,,,,,,,,,,,,,,,,,,,,,,,,,,,,,,,,,,,1,0,1,1,0,68,,,,,,,,,,,,,,,,,,,,,,,,,,,,,,1,1,1,1,0,67,,,,,,,,,,,,,,,,,,,,,,,,,,,,,,0,0,0,1,0,69,,,,,,,,,1,1,1,1,0,62,,,,,,,,0,,7,60fce0fcf9abe7218c789734,SlowFast,40,20,"""390 + 431 =","""3719 + 1187 =","""128 + 86 + 716 =","""870000 + 1500000 =<br>","""89630 + 2739 + 18 + 188 =","""9372894 + 33 + 297 + 55 + 170027 =","""340 + 491 =","""3219 + 3588 = ","""324 + 99 + 515 =","""790000 + 2700000 =","""79820 + 2817 + 12 + 298 = ","""270 + 363 =","""4137 + 2378 =","""214 + 78 + 618 =","""920000 + 1900000 =","""88520 + 1648 + 29 +169 =",17.62,29.86,40.00,19.69,40.00,21.71,24.66,30.03,18.56,40.00,20.00,20.00,20.00,13.51,20.00,40.00,821,4906,0,2370000,0,831,6827,938,3490000,0,0,0,0,2820000,0,0
